# 3ds Max Wavefront OBJ Exporter v0.99 - (c)2007 guruware
# File Created: 13.07.2026 13:59:14

mtllib Castle.mtl

#
# object Castle_Exterior
#

v  -3.71 7.32 22.81
v  -3.71 7.15 22.81
v  -1.40 7.15 22.81
v  -0.36 7.32 22.81
v  -3.71 8.55 18.22
v  -3.71 8.55 22.81
v  -0.36 8.55 22.81
v  -0.36 8.55 18.22
v  -1.40 7.15 18.22
v  -3.71 7.15 18.22
v  -3.71 7.32 18.22
v  -0.36 7.32 18.22
v  -20.13 7.15 18.22
v  -20.13 7.32 18.22
v  -20.13 8.55 18.22
v  -20.13 8.55 22.81
v  -20.13 7.32 22.81
v  -20.13 7.15 22.81
v  -3.71 6.75 22.81
v  -2.30 6.75 22.81
v  -2.30 6.75 18.22
v  -3.71 6.75 18.22
v  -20.13 6.75 18.22
v  -20.13 6.75 22.81
v  -3.71 6.12 22.81
v  -3.03 6.12 22.81
v  -3.03 6.12 18.22
v  -3.71 6.12 18.22
v  -20.13 6.12 18.22
v  -20.13 6.12 22.81
v  -3.71 5.32 22.81
v  -3.49 5.32 22.81
v  -3.49 5.32 18.22
v  -3.71 5.32 18.22
v  -20.13 5.32 18.22
v  -20.13 5.32 22.81
v  -3.65 4.44 22.81
v  -3.71 4.44 22.81
v  -3.71 0.00 22.81
v  -3.66 0.00 22.81
v  -3.65 4.44 18.22
v  -3.66 0.00 18.22
v  -3.71 4.44 18.22
v  -3.71 0.00 18.22
v  -20.13 4.44 18.22
v  -20.13 0.00 18.22
v  -20.13 4.44 22.81
v  -20.13 0.00 22.81
v  0.65 7.15 22.81
v  2.96 7.15 22.81
v  2.96 7.32 22.81
v  2.96 8.55 22.81
v  2.96 8.55 18.22
v  0.65 7.15 18.22
v  2.96 7.32 18.22
v  2.96 7.15 18.22
v  19.34 7.15 18.22
v  19.34 7.32 18.22
v  19.34 8.55 18.22
v  19.34 8.55 22.81
v  19.34 7.32 22.81
v  19.34 7.15 22.81
v  1.55 6.75 22.81
v  2.96 6.75 22.81
v  1.55 6.75 18.22
v  2.96 6.75 18.22
v  19.34 6.75 18.22
v  19.34 6.75 22.81
v  2.28 6.12 22.81
v  2.96 6.12 22.81
v  2.28 6.12 18.22
v  2.96 6.12 18.22
v  19.34 6.12 18.22
v  19.34 6.12 22.81
v  2.74 5.32 22.81
v  2.96 5.32 22.81
v  2.74 5.32 18.22
v  2.96 5.32 18.22
v  19.34 5.32 18.22
v  19.34 5.32 22.81
v  2.90 4.44 22.81
v  2.91 0.00 22.81
v  2.96 0.00 22.81
v  2.96 4.44 22.81
v  2.90 4.44 18.22
v  2.91 0.00 18.22
v  2.96 4.44 18.22
v  2.96 0.00 18.22
v  19.34 4.44 18.22
v  19.34 0.00 18.22
v  19.34 0.00 22.81
v  19.34 4.44 22.81
v  -19.79 9.48 19.19
v  -19.79 0.12 19.19
v  -20.57 0.12 18.02
v  -20.57 9.48 18.02
v  -21.74 0.12 17.23
v  -21.74 9.48 17.23
v  -23.12 0.12 16.96
v  -23.12 9.48 16.96
v  -24.50 0.12 17.23
v  -24.50 9.48 17.23
v  -25.67 0.12 18.02
v  -25.67 9.48 18.02
v  -26.45 0.12 19.19
v  -26.45 9.48 19.19
v  -26.73 0.12 20.57
v  -26.73 9.48 20.57
v  -26.45 0.12 21.95
v  -26.45 9.48 21.95
v  -25.67 0.12 23.12
v  -25.67 9.48 23.12
v  -24.50 0.12 23.90
v  -24.50 9.48 23.90
v  -23.12 0.12 24.17
v  -23.12 9.48 24.17
v  -21.74 0.12 23.90
v  -21.74 9.48 23.90
v  -20.57 0.12 23.12
v  -20.57 9.48 23.12
v  -19.79 0.12 21.95
v  -19.79 9.48 21.95
v  -19.52 0.12 20.57
v  -19.52 9.48 20.57
v  -20.27 10.18 23.41
v  -19.40 10.18 22.11
v  -19.09 10.18 20.57
v  -19.40 10.18 19.03
v  -20.27 10.18 17.72
v  -21.58 10.18 16.85
v  -23.12 10.18 16.54
v  -24.66 10.18 16.85
v  -25.97 10.18 17.72
v  -26.84 10.18 19.03
v  -27.15 10.18 20.57
v  -26.84 10.18 22.11
v  -25.97 10.18 23.41
v  -24.66 10.18 24.29
v  -23.12 10.18 24.59
v  -21.58 10.18 24.29
v  -19.40 9.48 19.03
v  -20.27 9.48 17.72
v  -21.58 9.48 16.85
v  -23.12 9.48 16.54
v  -24.66 9.48 16.85
v  -25.97 9.48 17.72
v  -26.84 9.48 19.03
v  -27.15 9.48 20.57
v  -26.84 9.48 22.11
v  -25.97 9.48 23.41
v  -24.66 9.48 24.29
v  -23.12 9.48 24.59
v  -21.58 9.48 24.29
v  -20.27 9.48 23.41
v  -19.40 9.48 22.11
v  -19.09 9.48 20.57
v  -21.04 8.53 18.27
v  -21.04 0.00 18.27
v  -21.04 0.00 -32.17
v  -21.04 8.53 -32.17
v  -25.83 8.53 18.27
v  -25.83 8.53 -32.17
v  -25.83 0.00 18.27
v  -25.83 0.00 -32.17
v  24.66 8.53 18.27
v  24.66 0.00 18.27
v  24.66 0.00 -32.17
v  24.66 8.53 -32.17
v  19.87 8.53 18.27
v  19.87 8.53 -32.17
v  19.87 0.00 18.27
v  19.87 0.00 -32.17
v  25.53 9.48 19.19
v  25.53 0.12 19.19
v  24.74 0.12 18.02
v  24.74 9.48 18.02
v  23.57 0.12 17.23
v  23.57 9.48 17.23
v  22.19 0.12 16.96
v  22.19 9.48 16.96
v  20.81 0.12 17.23
v  20.81 9.48 17.23
v  19.64 0.12 18.02
v  19.64 9.48 18.02
v  18.86 0.12 19.19
v  18.86 9.48 19.19
v  18.59 0.12 20.57
v  18.59 9.48 20.57
v  18.86 0.12 21.95
v  18.86 9.48 21.95
v  19.64 0.12 23.12
v  19.64 9.48 23.12
v  20.81 0.12 23.90
v  20.81 9.48 23.90
v  22.19 0.12 24.17
v  22.19 9.48 24.17
v  23.57 0.12 23.90
v  23.57 9.48 23.90
v  24.74 0.12 23.12
v  24.74 9.48 23.12
v  25.53 0.12 21.95
v  25.53 9.48 21.95
v  25.80 0.12 20.57
v  25.80 9.48 20.57
v  25.04 10.18 23.41
v  25.91 10.18 22.11
v  26.22 10.18 20.57
v  25.91 10.18 19.03
v  25.04 10.18 17.72
v  23.73 10.18 16.85
v  22.19 10.18 16.54
v  20.65 10.18 16.85
v  19.35 10.18 17.72
v  18.47 10.18 19.03
v  18.17 10.18 20.57
v  18.47 10.18 22.11
v  19.35 10.18 23.41
v  20.65 10.18 24.29
v  22.19 10.18 24.59
v  23.73 10.18 24.29
v  25.91 9.48 19.03
v  25.04 9.48 17.72
v  23.73 9.48 16.85
v  22.19 9.48 16.54
v  20.65 9.48 16.85
v  19.35 9.48 17.72
v  18.47 9.48 19.03
v  18.17 9.48 20.57
v  18.47 9.48 22.11
v  19.35 9.48 23.41
v  20.65 9.48 24.29
v  22.19 9.48 24.59
v  23.73 9.48 24.29
v  25.04 9.48 23.41
v  25.91 9.48 22.11
v  26.22 9.48 20.57
v  25.53 9.48 -35.53
v  25.53 0.12 -35.53
v  24.74 0.12 -36.70
v  24.74 9.48 -36.70
v  23.57 0.12 -37.48
v  23.57 9.48 -37.48
v  22.19 0.12 -37.75
v  22.19 9.48 -37.75
v  20.81 0.12 -37.48
v  20.81 9.48 -37.48
v  19.64 0.12 -36.70
v  19.64 9.48 -36.70
v  18.86 0.12 -35.53
v  18.86 9.48 -35.53
v  18.59 0.12 -34.15
v  18.59 9.48 -34.15
v  18.86 0.12 -32.77
v  18.86 9.48 -32.77
v  19.64 0.12 -31.60
v  19.64 9.48 -31.60
v  20.81 0.12 -30.81
v  20.81 9.48 -30.81
v  22.19 0.12 -30.54
v  22.19 9.48 -30.54
v  23.57 0.12 -30.81
v  23.57 9.48 -30.81
v  24.74 0.12 -31.60
v  24.74 9.48 -31.60
v  25.53 0.12 -32.77
v  25.53 9.48 -32.77
v  25.80 0.12 -34.15
v  25.80 9.48 -34.15
v  25.04 10.18 -31.30
v  25.91 10.18 -32.60
v  26.22 10.18 -34.15
v  25.91 10.18 -35.69
v  25.04 10.18 -36.99
v  23.73 10.18 -37.87
v  22.19 10.18 -38.17
v  20.65 10.18 -37.87
v  19.35 10.18 -36.99
v  18.47 10.18 -35.69
v  18.17 10.18 -34.15
v  18.47 10.18 -32.60
v  19.35 10.18 -31.30
v  20.65 10.18 -30.43
v  22.19 10.18 -30.12
v  23.73 10.18 -30.43
v  25.91 9.48 -35.69
v  25.04 9.48 -36.99
v  23.73 9.48 -37.87
v  22.19 9.48 -38.17
v  20.65 9.48 -37.87
v  19.35 9.48 -36.99
v  18.47 9.48 -35.69
v  18.17 9.48 -34.15
v  18.47 9.48 -32.60
v  19.35 9.48 -31.30
v  20.65 9.48 -30.43
v  22.19 9.48 -30.12
v  23.73 9.48 -30.43
v  25.04 9.48 -31.30
v  25.91 9.48 -32.60
v  26.22 9.48 -34.15
v  -21.72 0.00 -36.95
v  -21.72 8.53 -36.95
v  20.54 8.53 -36.95
v  20.54 0.00 -36.95
v  -21.72 8.53 -32.16
v  20.54 8.53 -32.16
v  20.54 0.00 -32.16
v  -21.72 0.00 -32.16
v  -26.47 10.92 22.48
v  -26.47 10.11 22.48
v  -25.97 10.11 23.18
v  -25.97 10.92 23.18
v  -26.03 10.92 22.17
v  -25.53 10.92 22.87
v  -26.03 10.11 22.17
v  -25.53 10.11 22.87
v  -26.96 10.92 21.04
v  -26.96 10.11 21.04
v  -26.76 10.11 21.87
v  -26.76 10.92 21.87
v  -26.44 10.92 20.91
v  -26.23 10.92 21.75
v  -26.44 10.11 20.91
v  -26.23 10.11 21.75
v  -26.83 10.92 19.49
v  -26.83 10.11 19.49
v  -26.99 10.11 20.33
v  -26.99 10.92 20.33
v  -26.30 10.92 19.58
v  -26.46 10.92 20.43
v  -26.30 10.11 19.58
v  -26.46 10.11 20.43
v  -26.11 10.92 18.11
v  -26.11 10.11 18.11
v  -26.57 10.11 18.84
v  -26.57 10.92 18.84
v  -25.66 10.92 18.40
v  -26.12 10.92 19.13
v  -25.66 10.11 18.40
v  -26.12 10.11 19.13
v  -24.91 10.92 17.13
v  -24.91 10.11 17.13
v  -25.63 10.11 17.61
v  -25.63 10.92 17.61
v  -24.62 10.92 17.58
v  -25.33 10.92 18.06
v  -24.62 10.11 17.58
v  -25.33 10.11 18.06
v  -23.63 10.92 16.74
v  -23.63 10.11 16.74
v  -24.48 10.11 16.91
v  -24.48 10.92 16.91
v  -23.52 10.92 17.26
v  -24.36 10.92 17.44
v  -23.52 10.11 17.26
v  -24.36 10.11 17.44
v  -22.28 10.92 16.79
v  -22.28 10.11 16.79
v  -23.14 10.11 16.72
v  -23.14 10.92 16.72
v  -22.33 10.92 17.33
v  -23.19 10.92 17.26
v  -22.33 10.11 17.33
v  -23.19 10.11 17.26
v  -20.99 10.92 17.31
v  -20.99 10.11 17.31
v  -21.76 10.11 16.93
v  -21.76 10.92 16.93
v  -21.23 10.92 17.79
v  -22.00 10.92 17.41
v  -21.23 10.11 17.79
v  -22.00 10.11 17.41
v  -19.90 10.92 18.39
v  -19.90 10.11 18.39
v  -20.45 10.11 17.73
v  -20.45 10.92 17.73
v  -20.31 10.92 18.74
v  -20.86 10.92 18.08
v  -20.31 10.11 18.74
v  -20.86 10.11 18.08
v  -19.30 10.92 19.81
v  -19.30 10.11 19.81
v  -19.56 10.11 18.99
v  -19.56 10.92 18.99
v  -19.81 10.92 19.98
v  -20.07 10.92 19.15
v  -19.81 10.11 19.98
v  -20.07 10.11 19.15
v  -19.31 10.92 21.38
v  -19.31 10.11 21.38
v  -19.23 10.11 20.52
v  -19.23 10.92 20.52
v  -19.85 10.92 21.32
v  -19.76 10.92 20.46
v  -19.85 10.11 21.32
v  -19.76 10.11 20.46
v  -19.94 10.92 22.79
v  -19.94 10.11 22.79
v  -19.52 10.11 22.03
v  -19.52 10.92 22.03
v  -20.41 10.92 22.52
v  -19.99 10.92 21.77
v  -20.41 10.11 22.52
v  -19.99 10.11 21.77
v  -21.06 10.92 23.84
v  -21.06 10.11 23.84
v  -20.37 10.11 23.32
v  -20.37 10.92 23.32
v  -21.39 10.92 23.41
v  -20.70 10.92 22.89
v  -21.39 10.11 23.41
v  -20.70 10.11 22.89
v  -22.50 10.92 24.38
v  -22.50 10.11 24.38
v  -21.67 10.11 24.15
v  -21.67 10.92 24.15
v  -22.65 10.92 23.86
v  -21.82 10.92 23.63
v  -22.65 10.11 23.86
v  -21.82 10.11 23.63
v  -24.05 10.92 24.31
v  -24.05 10.11 24.31
v  -23.19 10.11 24.43
v  -23.19 10.92 24.43
v  -23.97 10.92 23.78
v  -23.12 10.92 23.90
v  -23.97 10.11 23.78
v  -23.12 10.11 23.90
v  -25.44 10.92 23.65
v  -25.44 10.11 23.65
v  -24.69 10.11 24.08
v  -24.69 10.92 24.08
v  -25.16 10.92 23.18
v  -24.42 10.92 23.62
v  -25.16 10.11 23.18
v  -24.42 10.11 23.62
v  22.81 10.92 24.38
v  22.81 10.11 24.38
v  23.64 10.11 24.15
v  23.64 10.92 24.15
v  22.67 10.92 23.86
v  23.50 10.92 23.63
v  22.67 10.11 23.86
v  23.50 10.11 23.63
v  21.27 10.92 24.31
v  21.27 10.11 24.31
v  22.12 10.11 24.43
v  22.12 10.92 24.43
v  21.34 10.92 23.78
v  22.20 10.92 23.90
v  21.34 10.11 23.78
v  22.20 10.11 23.90
v  19.88 10.92 23.65
v  19.88 10.11 23.65
v  20.62 10.11 24.08
v  20.62 10.92 24.08
v  20.15 10.92 23.18
v  20.90 10.92 23.62
v  20.15 10.11 23.18
v  20.90 10.11 23.62
v  18.84 10.92 22.48
v  18.84 10.11 22.48
v  19.34 10.11 23.18
v  19.34 10.92 23.18
v  19.28 10.92 22.17
v  19.78 10.92 22.87
v  19.28 10.11 22.17
v  19.78 10.11 22.87
v  18.36 10.92 21.04
v  18.36 10.11 21.04
v  18.56 10.11 21.87
v  18.56 10.92 21.87
v  18.88 10.92 20.91
v  19.08 10.92 21.75
v  18.88 10.11 20.91
v  19.08 10.11 21.75
v  18.48 10.92 19.49
v  18.48 10.11 19.49
v  18.33 10.11 20.33
v  18.33 10.92 20.33
v  19.01 10.92 19.58
v  18.86 10.92 20.43
v  19.01 10.11 19.58
v  18.86 10.11 20.43
v  19.20 10.92 18.11
v  19.20 10.11 18.11
v  18.74 10.11 18.84
v  18.74 10.92 18.84
v  19.66 10.92 18.40
v  19.20 10.92 19.13
v  19.66 10.11 18.40
v  19.20 10.11 19.13
v  20.40 10.92 17.13
v  20.40 10.11 17.13
v  19.68 10.11 17.61
v  19.68 10.92 17.61
v  20.70 10.92 17.58
v  19.98 10.92 18.06
v  20.70 10.11 17.58
v  19.98 10.11 18.06
v  21.68 10.92 16.74
v  21.68 10.11 16.74
v  20.84 10.11 16.91
v  20.84 10.92 16.91
v  21.79 10.92 17.26
v  20.95 10.92 17.44
v  21.79 10.11 17.26
v  20.95 10.11 17.44
v  23.03 10.92 16.79
v  23.03 10.11 16.79
v  22.17 10.11 16.72
v  22.17 10.92 16.72
v  22.99 10.92 17.33
v  22.13 10.92 17.26
v  22.99 10.11 17.33
v  22.13 10.11 17.26
v  24.33 10.92 17.31
v  24.33 10.11 17.31
v  23.55 10.11 16.93
v  23.55 10.92 16.93
v  24.09 10.92 17.79
v  23.32 10.92 17.41
v  24.09 10.11 17.79
v  23.32 10.11 17.41
v  25.42 10.92 18.39
v  25.42 10.11 18.39
v  24.87 10.11 17.73
v  24.87 10.92 17.73
v  25.01 10.92 18.74
v  24.45 10.92 18.08
v  25.01 10.11 18.74
v  24.45 10.11 18.08
v  26.02 10.92 19.81
v  26.02 10.11 19.81
v  25.76 10.11 18.99
v  25.76 10.92 18.99
v  25.51 10.92 19.98
v  25.25 10.92 19.15
v  25.51 10.11 19.98
v  25.25 10.11 19.15
v  26.00 10.92 21.38
v  26.00 10.11 21.38
v  26.09 10.11 20.52
v  26.09 10.92 20.52
v  25.46 10.92 21.32
v  25.55 10.92 20.46
v  25.46 10.11 21.32
v  25.55 10.11 20.46
v  25.37 10.92 22.79
v  25.37 10.11 22.79
v  25.79 10.11 22.03
v  25.79 10.92 22.03
v  24.90 10.92 22.52
v  25.32 10.92 21.77
v  24.90 10.11 22.52
v  25.32 10.11 21.77
v  24.26 10.92 23.84
v  24.26 10.11 23.84
v  24.94 10.11 23.32
v  24.94 10.92 23.32
v  23.93 10.92 23.41
v  24.62 10.92 22.89
v  23.93 10.11 23.41
v  24.62 10.11 22.89
v  -19.78 9.48 -35.49
v  -19.78 0.12 -35.49
v  -20.56 0.12 -36.66
v  -20.56 9.48 -36.66
v  -21.73 0.12 -37.44
v  -21.73 9.48 -37.44
v  -23.11 0.12 -37.72
v  -23.11 9.48 -37.72
v  -24.49 0.12 -37.44
v  -24.49 9.48 -37.44
v  -25.66 0.12 -36.66
v  -25.66 9.48 -36.66
v  -26.44 0.12 -35.49
v  -26.44 9.48 -35.49
v  -26.72 0.12 -34.11
v  -26.72 9.48 -34.11
v  -26.44 0.12 -32.73
v  -26.44 9.48 -32.73
v  -25.66 0.12 -31.56
v  -25.66 9.48 -31.56
v  -24.49 0.12 -30.78
v  -24.49 9.48 -30.78
v  -23.11 0.12 -30.50
v  -23.11 9.48 -30.50
v  -21.73 0.12 -30.78
v  -21.73 9.48 -30.78
v  -20.56 0.12 -31.56
v  -20.56 9.48 -31.56
v  -19.78 0.12 -32.73
v  -19.78 9.48 -32.73
v  -19.50 0.12 -34.11
v  -19.50 9.48 -34.11
v  -20.26 10.18 -31.26
v  -19.39 10.18 -32.57
v  -19.08 10.18 -34.11
v  -19.39 10.18 -35.65
v  -20.26 10.18 -36.96
v  -21.57 10.18 -37.83
v  -23.11 10.18 -38.14
v  -24.65 10.18 -37.83
v  -25.96 10.18 -36.96
v  -26.83 10.18 -35.65
v  -27.14 10.18 -34.11
v  -26.83 10.18 -32.57
v  -25.96 10.18 -31.26
v  -24.65 10.18 -30.39
v  -23.11 10.18 -30.08
v  -21.57 10.18 -30.39
v  -19.39 9.48 -35.65
v  -20.26 9.48 -36.96
v  -21.57 9.48 -37.83
v  -23.11 9.48 -38.14
v  -24.65 9.48 -37.83
v  -25.96 9.48 -36.96
v  -26.83 9.48 -35.65
v  -27.14 9.48 -34.11
v  -26.83 9.48 -32.57
v  -25.96 9.48 -31.26
v  -24.65 9.48 -30.39
v  -23.11 9.48 -30.08
v  -21.57 9.48 -30.39
v  -20.26 9.48 -31.26
v  -19.39 9.48 -32.57
v  -19.08 9.48 -34.11
v  -26.10 10.92 -36.56
v  -26.10 10.11 -36.56
v  -26.56 10.11 -35.83
v  -26.56 10.92 -35.83
v  -25.65 10.92 -36.28
v  -26.11 10.92 -35.55
v  -25.65 10.11 -36.28
v  -26.11 10.11 -35.55
v  -24.90 10.92 -37.54
v  -24.90 10.11 -37.54
v  -25.62 10.11 -37.06
v  -25.62 10.92 -37.06
v  -24.60 10.92 -37.09
v  -25.32 10.92 -36.62
v  -24.60 10.11 -37.09
v  -25.32 10.11 -36.62
v  -23.62 10.92 -37.94
v  -23.62 10.11 -37.94
v  -24.46 10.11 -37.76
v  -24.46 10.92 -37.76
v  -23.51 10.92 -37.41
v  -24.35 10.92 -37.24
v  -23.51 10.11 -37.41
v  -24.35 10.11 -37.24
v  -22.27 10.92 -37.88
v  -22.27 10.11 -37.88
v  -23.13 10.11 -37.95
v  -23.13 10.92 -37.95
v  -22.32 10.92 -37.35
v  -23.18 10.92 -37.42
v  -22.32 10.11 -37.35
v  -23.18 10.11 -37.42
v  -20.98 10.92 -37.37
v  -20.98 10.11 -37.37
v  -21.75 10.11 -37.75
v  -21.75 10.92 -37.75
v  -21.21 10.92 -36.88
v  -21.99 10.92 -37.27
v  -21.21 10.11 -36.88
v  -21.99 10.11 -37.27
v  -19.88 10.92 -36.28
v  -19.88 10.11 -36.28
v  -20.44 10.11 -36.94
v  -20.44 10.92 -36.94
v  -20.30 10.92 -35.93
v  -20.85 10.92 -36.59
v  -20.30 10.11 -35.93
v  -20.85 10.11 -36.59
v  -19.28 10.92 -34.86
v  -19.28 10.11 -34.86
v  -19.54 10.11 -35.68
v  -19.54 10.92 -35.68
v  -19.80 10.92 -34.70
v  -20.06 10.92 -35.52
v  -19.80 10.11 -34.70
v  -20.06 10.11 -35.52
v  -19.30 10.92 -33.30
v  -19.30 10.11 -33.30
v  -19.21 10.11 -34.15
v  -19.21 10.92 -34.15
v  -19.84 10.92 -33.35
v  -19.75 10.92 -34.21
v  -19.84 10.11 -33.35
v  -19.75 10.11 -34.21
v  -19.93 10.92 -31.89
v  -19.93 10.11 -31.89
v  -19.51 10.11 -32.64
v  -19.51 10.92 -32.64
v  -20.40 10.92 -32.15
v  -19.98 10.92 -32.90
v  -20.40 10.11 -32.15
v  -19.98 10.11 -32.90
v  -21.05 10.92 -30.83
v  -21.05 10.11 -30.83
v  -20.36 10.11 -31.36
v  -20.36 10.92 -31.36
v  -21.37 10.92 -31.26
v  -20.69 10.92 -31.78
v  -21.37 10.11 -31.26
v  -20.69 10.11 -31.78
v  -22.49 10.92 -30.29
v  -22.49 10.11 -30.29
v  -21.66 10.11 -30.52
v  -21.66 10.92 -30.52
v  -22.64 10.92 -30.81
v  -21.81 10.92 -31.04
v  -22.64 10.11 -30.81
v  -21.81 10.11 -31.04
v  -24.03 10.92 -30.36
v  -24.03 10.11 -30.36
v  -23.18 10.11 -30.24
v  -23.18 10.92 -30.24
v  -23.96 10.92 -30.90
v  -23.11 10.92 -30.78
v  -23.96 10.11 -30.90
v  -23.11 10.11 -30.78
v  -25.42 10.92 -31.03
v  -25.42 10.11 -31.03
v  -24.68 10.11 -30.59
v  -24.68 10.92 -30.59
v  -25.15 10.92 -31.49
v  -24.41 10.92 -31.06
v  -25.15 10.11 -31.49
v  -24.41 10.11 -31.06
v  -26.46 10.92 -32.20
v  -26.46 10.11 -32.20
v  -25.96 10.11 -31.49
v  -25.96 10.92 -31.49
v  -26.02 10.92 -32.51
v  -25.52 10.92 -31.80
v  -26.02 10.11 -32.51
v  -25.52 10.11 -31.80
v  -26.95 10.92 -33.64
v  -26.95 10.11 -33.64
v  -26.75 10.11 -32.80
v  -26.75 10.92 -32.80
v  -26.42 10.92 -33.77
v  -26.22 10.92 -32.93
v  -26.42 10.11 -33.77
v  -26.22 10.11 -32.93
v  -26.82 10.92 -35.19
v  -26.82 10.11 -35.19
v  -26.98 10.11 -34.34
v  -26.98 10.92 -34.34
v  -26.29 10.92 -35.09
v  -26.45 10.92 -34.25
v  -26.29 10.11 -35.09
v  -26.45 10.11 -34.25
v  -24.98 9.59 -29.45
v  -24.98 8.36 -29.45
v  -24.98 8.36 -30.58
v  -24.98 9.59 -30.58
v  -25.63 9.59 -29.45
v  -25.63 9.59 -30.58
v  -25.63 8.36 -29.45
v  -25.63 8.36 -30.58
v  -24.98 9.59 -27.61
v  -24.98 8.36 -27.61
v  -24.98 8.36 -28.74
v  -24.98 9.59 -28.74
v  -25.62 9.59 -27.61
v  -25.62 9.59 -28.74
v  -25.62 8.36 -27.61
v  -25.62 8.36 -28.74
v  -24.98 9.59 -25.75
v  -24.98 8.36 -25.75
v  -24.98 8.36 -26.88
v  -24.98 9.59 -26.88
v  -25.63 9.59 -25.75
v  -25.63 9.59 -26.88
v  -25.63 8.36 -25.75
v  -25.63 8.36 -26.88
v  -24.98 9.59 -23.81
v  -24.98 8.36 -23.81
v  -24.98 8.36 -24.94
v  -24.98 9.59 -24.94
v  -25.62 9.59 -23.81
v  -25.62 9.59 -24.94
v  -25.62 8.36 -23.81
v  -25.62 8.36 -24.94
v  -24.98 9.59 -21.95
v  -24.98 8.36 -21.95
v  -24.98 8.36 -23.08
v  -24.98 9.59 -23.08
v  -25.63 9.59 -21.95
v  -25.63 9.59 -23.08
v  -25.63 8.36 -21.95
v  -25.63 8.36 -23.08
v  -24.98 9.59 -20.02
v  -24.98 8.36 -20.02
v  -24.98 8.36 -21.15
v  -24.98 9.59 -21.15
v  -25.62 9.59 -20.02
v  -25.62 9.59 -21.15
v  -25.62 8.36 -20.02
v  -25.62 8.36 -21.15
v  -24.98 9.59 -18.15
v  -24.98 8.36 -18.15
v  -24.98 8.36 -19.29
v  -24.98 9.59 -19.29
v  -25.63 9.59 -18.15
v  -25.63 9.59 -19.29
v  -25.63 8.36 -18.15
v  -25.63 8.36 -19.29
v  -24.98 9.59 -16.22
v  -24.98 8.36 -16.22
v  -24.98 8.36 -17.35
v  -24.98 9.59 -17.35
v  -25.62 9.59 -16.22
v  -25.62 9.59 -17.35
v  -25.62 8.36 -16.22
v  -25.62 8.36 -17.35
v  -24.98 9.59 -14.36
v  -24.98 8.36 -14.36
v  -24.98 8.36 -15.49
v  -24.98 9.59 -15.49
v  -25.63 9.59 -14.36
v  -25.63 9.59 -15.49
v  -25.63 8.36 -14.36
v  -25.63 8.36 -15.49
v  -24.98 9.59 -12.42
v  -24.98 8.36 -12.42
v  -24.98 8.36 -13.55
v  -24.98 9.59 -13.55
v  -25.62 9.59 -12.42
v  -25.62 9.59 -13.55
v  -25.62 8.36 -12.42
v  -25.62 8.36 -13.55
v  -24.98 9.59 -10.56
v  -24.98 8.36 -10.56
v  -24.98 8.36 -11.69
v  -24.98 9.59 -11.69
v  -25.63 9.59 -10.56
v  -25.63 9.59 -11.69
v  -25.63 8.36 -10.56
v  -25.63 8.36 -11.69
v  -24.98 9.59 -8.63
v  -24.98 8.36 -8.63
v  -24.98 8.36 -9.76
v  -24.98 9.59 -9.76
v  -25.62 9.59 -8.63
v  -25.62 9.59 -9.76
v  -25.62 8.36 -8.63
v  -25.62 8.36 -9.76
v  -24.98 9.59 -6.76
v  -24.98 8.36 -6.76
v  -24.98 8.36 -7.90
v  -24.98 9.59 -7.90
v  -25.63 9.59 -6.76
v  -25.63 9.59 -7.90
v  -25.63 8.36 -6.76
v  -25.63 8.36 -7.90
v  -24.98 9.59 -4.83
v  -24.98 8.36 -4.83
v  -24.98 8.36 -5.96
v  -24.98 9.59 -5.96
v  -25.62 9.59 -4.83
v  -25.62 9.59 -5.96
v  -25.62 8.36 -4.83
v  -25.62 8.36 -5.96
v  -24.98 9.59 -2.97
v  -24.98 8.36 -2.97
v  -24.98 8.36 -4.10
v  -24.98 9.59 -4.10
v  -25.63 9.59 -2.97
v  -25.63 9.59 -4.10
v  -25.63 8.36 -2.97
v  -25.63 8.36 -4.10
v  -24.98 9.59 -1.03
v  -24.98 8.36 -1.03
v  -24.98 8.36 -2.16
v  -24.98 9.59 -2.16
v  -25.62 9.59 -1.03
v  -25.62 9.59 -2.16
v  -25.62 8.36 -1.03
v  -25.62 8.36 -2.16
v  -24.98 9.59 0.83
v  -24.98 8.36 0.83
v  -24.98 8.36 -0.30
v  -24.98 9.59 -0.30
v  -25.63 9.59 0.83
v  -25.63 9.59 -0.30
v  -25.63 8.36 0.83
v  -25.63 8.36 -0.30
v  -24.98 9.59 2.76
v  -24.98 8.36 2.76
v  -24.98 8.36 1.64
v  -24.98 9.59 1.64
v  -25.62 9.59 2.76
v  -25.62 9.59 1.64
v  -25.62 8.36 2.76
v  -25.62 8.36 1.64
v  -24.98 9.59 4.63
v  -24.98 8.36 4.63
v  -24.98 8.36 3.50
v  -24.98 9.59 3.50
v  -25.63 9.59 4.63
v  -25.63 9.59 3.50
v  -25.63 8.36 4.63
v  -25.63 8.36 3.50
v  -24.98 9.59 6.56
v  -24.98 8.36 6.56
v  -24.98 8.36 5.43
v  -24.98 9.59 5.43
v  -25.62 9.59 6.56
v  -25.62 9.59 5.43
v  -25.62 8.36 6.56
v  -25.62 8.36 5.43
v  -24.98 9.59 8.43
v  -24.98 8.36 8.43
v  -24.98 8.36 7.29
v  -24.98 9.59 7.29
v  -25.63 9.59 8.43
v  -25.63 9.59 7.29
v  -25.63 8.36 8.43
v  -25.63 8.36 7.29
v  -24.98 9.59 10.36
v  -24.98 8.36 10.36
v  -24.98 8.36 9.23
v  -24.98 9.59 9.23
v  -25.62 9.59 10.36
v  -25.62 9.59 9.23
v  -25.62 8.36 10.36
v  -25.62 8.36 9.23
v  -24.98 9.59 12.22
v  -24.98 8.36 12.22
v  -24.98 8.36 11.09
v  -24.98 9.59 11.09
v  -25.63 9.59 12.22
v  -25.63 9.59 11.09
v  -25.63 8.36 12.22
v  -25.63 8.36 11.09
v  -24.98 9.59 14.16
v  -24.98 8.36 14.16
v  -24.98 8.36 13.03
v  -24.98 9.59 13.03
v  -25.62 9.59 14.16
v  -25.62 9.59 13.03
v  -25.62 8.36 14.16
v  -25.62 8.36 13.03
v  -24.98 9.59 16.02
v  -24.98 8.36 16.02
v  -24.98 8.36 14.89
v  -24.98 9.59 14.89
v  -25.63 9.59 16.02
v  -25.63 9.59 14.89
v  -25.63 8.36 16.02
v  -25.63 8.36 14.89
v  -21.26 9.59 16.02
v  -21.26 8.36 16.02
v  -21.26 8.36 14.89
v  -21.26 9.59 14.89
v  -21.91 9.59 16.02
v  -21.91 9.59 14.89
v  -21.91 8.36 16.02
v  -21.91 8.36 14.89
v  -21.26 9.59 14.16
v  -21.26 8.36 14.16
v  -21.26 8.36 13.03
v  -21.26 9.59 13.03
v  -21.90 9.59 14.16
v  -21.90 9.59 13.03
v  -21.90 8.36 14.16
v  -21.90 8.36 13.03
v  -21.26 9.59 12.22
v  -21.26 8.36 12.22
v  -21.26 8.36 11.09
v  -21.26 9.59 11.09
v  -21.91 9.59 12.22
v  -21.91 9.59 11.09
v  -21.91 8.36 12.22
v  -21.91 8.36 11.09
v  -21.26 9.59 10.36
v  -21.26 8.36 10.36
v  -21.26 8.36 9.23
v  -21.26 9.59 9.23
v  -21.90 9.59 10.36
v  -21.90 9.59 9.23
v  -21.90 8.36 10.36
v  -21.90 8.36 9.23
v  -21.26 9.59 8.43
v  -21.26 8.36 8.43
v  -21.26 8.36 7.29
v  -21.26 9.59 7.29
v  -21.91 9.59 8.43
v  -21.91 9.59 7.29
v  -21.91 8.36 8.43
v  -21.91 8.36 7.29
v  -21.26 9.59 6.56
v  -21.26 8.36 6.56
v  -21.26 8.36 5.43
v  -21.26 9.59 5.43
v  -21.90 9.59 6.56
v  -21.90 9.59 5.43
v  -21.90 8.36 6.56
v  -21.90 8.36 5.43
v  -21.26 9.59 4.63
v  -21.26 8.36 4.63
v  -21.26 8.36 3.50
v  -21.26 9.59 3.50
v  -21.91 9.59 4.63
v  -21.91 9.59 3.50
v  -21.91 8.36 4.63
v  -21.91 8.36 3.50
v  -21.26 9.59 2.76
v  -21.26 8.36 2.76
v  -21.26 8.36 1.64
v  -21.26 9.59 1.64
v  -21.90 9.59 2.76
v  -21.90 9.59 1.64
v  -21.90 8.36 2.76
v  -21.90 8.36 1.64
v  -21.26 9.59 0.83
v  -21.26 8.36 0.83
v  -21.26 8.36 -0.30
v  -21.26 9.59 -0.30
v  -21.91 9.59 0.83
v  -21.91 9.59 -0.30
v  -21.91 8.36 0.83
v  -21.91 8.36 -0.30
v  -21.26 9.59 -1.03
v  -21.26 8.36 -1.03
v  -21.26 8.36 -2.16
v  -21.26 9.59 -2.16
v  -21.90 9.59 -1.03
v  -21.90 9.59 -2.16
v  -21.90 8.36 -1.03
v  -21.90 8.36 -2.16
v  -21.26 9.59 -2.97
v  -21.26 8.36 -2.97
v  -21.26 8.36 -4.10
v  -21.26 9.59 -4.10
v  -21.91 9.59 -2.97
v  -21.91 9.59 -4.10
v  -21.91 8.36 -2.97
v  -21.91 8.36 -4.10
v  -21.26 9.59 -4.83
v  -21.26 8.36 -4.83
v  -21.26 8.36 -5.96
v  -21.26 9.59 -5.96
v  -21.90 9.59 -4.83
v  -21.90 9.59 -5.96
v  -21.90 8.36 -4.83
v  -21.90 8.36 -5.96
v  -21.26 9.59 -6.76
v  -21.26 8.36 -6.76
v  -21.26 8.36 -7.90
v  -21.26 9.59 -7.90
v  -21.91 9.59 -6.76
v  -21.91 9.59 -7.90
v  -21.91 8.36 -6.76
v  -21.91 8.36 -7.90
v  -21.26 9.59 -8.63
v  -21.26 8.36 -8.63
v  -21.26 8.36 -9.76
v  -21.26 9.59 -9.76
v  -21.90 9.59 -8.63
v  -21.90 9.59 -9.76
v  -21.90 8.36 -8.63
v  -21.90 8.36 -9.76
v  -21.26 9.59 -10.56
v  -21.26 8.36 -10.56
v  -21.26 8.36 -11.69
v  -21.26 9.59 -11.69
v  -21.91 9.59 -10.56
v  -21.91 9.59 -11.69
v  -21.91 8.36 -10.56
v  -21.91 8.36 -11.69
v  -21.26 9.59 -12.42
v  -21.26 8.36 -12.42
v  -21.26 8.36 -13.55
v  -21.26 9.59 -13.55
v  -21.90 9.59 -12.42
v  -21.90 9.59 -13.55
v  -21.90 8.36 -12.42
v  -21.90 8.36 -13.55
v  -21.26 9.59 -14.36
v  -21.26 8.36 -14.36
v  -21.26 8.36 -15.49
v  -21.26 9.59 -15.49
v  -21.91 9.59 -14.36
v  -21.91 9.59 -15.49
v  -21.91 8.36 -14.36
v  -21.91 8.36 -15.49
v  -21.26 9.59 -16.22
v  -21.26 8.36 -16.22
v  -21.26 8.36 -17.35
v  -21.26 9.59 -17.35
v  -21.90 9.59 -16.22
v  -21.90 9.59 -17.35
v  -21.90 8.36 -16.22
v  -21.90 8.36 -17.35
v  -21.26 9.59 -18.15
v  -21.26 8.36 -18.15
v  -21.26 8.36 -19.29
v  -21.26 9.59 -19.29
v  -21.91 9.59 -18.15
v  -21.91 9.59 -19.29
v  -21.91 8.36 -18.15
v  -21.91 8.36 -19.29
v  -21.26 9.59 -20.02
v  -21.26 8.36 -20.02
v  -21.26 8.36 -21.15
v  -21.26 9.59 -21.15
v  -21.90 9.59 -20.02
v  -21.90 9.59 -21.15
v  -21.90 8.36 -20.02
v  -21.90 8.36 -21.15
v  -21.26 9.59 -21.95
v  -21.26 8.36 -21.95
v  -21.26 8.36 -23.08
v  -21.26 9.59 -23.08
v  -21.91 9.59 -21.95
v  -21.91 9.59 -23.08
v  -21.91 8.36 -21.95
v  -21.91 8.36 -23.08
v  -21.26 9.59 -23.63
v  -21.26 8.36 -23.63
v  -21.26 8.36 -24.76
v  -21.26 9.59 -24.76
v  -21.90 9.59 -23.63
v  -21.90 9.59 -24.76
v  -21.90 8.36 -23.63
v  -21.90 8.36 -24.76
v  -18.90 9.59 -36.06
v  -18.90 8.36 -36.06
v  -17.76 8.36 -36.06
v  -17.76 9.59 -36.06
v  -18.90 9.59 -36.72
v  -17.76 9.59 -36.72
v  -18.90 8.36 -36.72
v  -17.76 8.36 -36.72
v  -17.02 9.59 -36.06
v  -17.02 8.36 -36.06
v  -15.89 8.36 -36.06
v  -15.89 9.59 -36.06
v  -17.02 9.59 -36.72
v  -15.89 9.59 -36.72
v  -17.02 8.36 -36.72
v  -15.89 8.36 -36.72
v  -15.15 9.59 -36.06
v  -15.15 8.36 -36.06
v  -14.02 8.36 -36.06
v  -14.02 9.59 -36.06
v  -15.15 9.59 -36.72
v  -14.02 9.59 -36.72
v  -15.15 8.36 -36.72
v  -14.02 8.36 -36.72
v  -13.28 9.59 -36.06
v  -13.28 8.36 -36.06
v  -12.15 8.36 -36.06
v  -12.15 9.59 -36.06
v  -13.28 9.59 -36.72
v  -12.15 9.59 -36.72
v  -13.28 8.36 -36.72
v  -12.15 8.36 -36.72
v  -11.41 9.59 -36.06
v  -11.41 8.36 -36.06
v  -10.28 8.36 -36.06
v  -10.28 9.59 -36.06
v  -11.41 9.59 -36.72
v  -10.28 9.59 -36.72
v  -11.41 8.36 -36.72
v  -10.28 8.36 -36.72
v  -9.54 9.59 -36.06
v  -9.54 8.36 -36.06
v  -8.41 8.36 -36.06
v  -8.41 9.59 -36.06
v  -9.54 9.59 -36.72
v  -8.41 9.59 -36.72
v  -9.54 8.36 -36.72
v  -8.41 8.36 -36.72
v  -7.67 9.59 -36.06
v  -7.67 8.36 -36.06
v  -6.54 8.36 -36.06
v  -6.54 9.59 -36.06
v  -7.67 9.59 -36.72
v  -6.54 9.59 -36.72
v  -7.67 8.36 -36.72
v  -6.54 8.36 -36.72
v  -5.80 9.59 -36.06
v  -5.80 8.36 -36.06
v  -4.66 8.36 -36.06
v  -4.66 9.59 -36.06
v  -5.80 9.59 -36.72
v  -4.66 9.59 -36.72
v  -5.80 8.36 -36.72
v  -4.66 8.36 -36.72
v  -3.93 9.59 -36.06
v  -3.93 8.36 -36.06
v  -2.79 8.36 -36.06
v  -2.79 9.59 -36.06
v  -3.93 9.59 -36.72
v  -2.79 9.59 -36.72
v  -3.93 8.36 -36.72
v  -2.79 8.36 -36.72
v  -2.06 9.59 -36.06
v  -2.06 8.36 -36.06
v  -0.92 8.36 -36.06
v  -0.92 9.59 -36.06
v  -2.06 9.59 -36.72
v  -0.92 9.59 -36.72
v  -2.06 8.36 -36.72
v  -0.92 8.36 -36.72
v  -0.19 9.59 -36.06
v  -0.19 8.36 -36.06
v  0.95 8.36 -36.06
v  0.95 9.59 -36.06
v  -0.19 9.59 -36.72
v  0.95 9.59 -36.72
v  -0.19 8.36 -36.72
v  0.95 8.36 -36.72
v  1.69 9.59 -36.06
v  1.69 8.36 -36.06
v  2.82 8.36 -36.06
v  2.82 9.59 -36.06
v  1.69 9.59 -36.72
v  2.82 9.59 -36.72
v  1.69 8.36 -36.72
v  2.82 8.36 -36.72
v  3.56 9.59 -36.06
v  3.56 8.36 -36.06
v  4.69 8.36 -36.06
v  4.69 9.59 -36.06
v  3.56 9.59 -36.72
v  4.69 9.59 -36.72
v  3.56 8.36 -36.72
v  4.69 8.36 -36.72
v  5.43 9.59 -36.06
v  5.43 8.36 -36.06
v  6.56 8.36 -36.06
v  6.56 9.59 -36.06
v  5.43 9.59 -36.72
v  6.56 9.59 -36.72
v  5.43 8.36 -36.72
v  6.56 8.36 -36.72
v  7.30 9.59 -36.06
v  7.30 8.36 -36.06
v  8.43 8.36 -36.06
v  8.43 9.59 -36.06
v  7.30 9.59 -36.72
v  8.43 9.59 -36.72
v  7.30 8.36 -36.72
v  8.43 8.36 -36.72
v  9.17 9.59 -36.06
v  9.17 8.36 -36.06
v  10.30 8.36 -36.06
v  10.30 9.59 -36.06
v  9.17 9.59 -36.72
v  10.30 9.59 -36.72
v  9.17 8.36 -36.72
v  10.30 8.36 -36.72
v  11.04 9.59 -36.06
v  11.04 8.36 -36.06
v  12.17 8.36 -36.06
v  12.17 9.59 -36.06
v  11.04 9.59 -36.72
v  12.17 9.59 -36.72
v  11.04 8.36 -36.72
v  12.17 8.36 -36.72
v  12.91 9.59 -36.06
v  12.91 8.36 -36.06
v  14.05 8.36 -36.06
v  14.05 9.59 -36.06
v  12.91 9.59 -36.72
v  14.05 9.59 -36.72
v  12.91 8.36 -36.72
v  14.05 8.36 -36.72
v  14.78 9.59 -36.06
v  14.78 8.36 -36.06
v  15.92 8.36 -36.06
v  15.92 9.59 -36.06
v  14.78 9.59 -36.72
v  15.92 9.59 -36.72
v  14.78 8.36 -36.72
v  15.92 8.36 -36.72
v  16.65 9.59 -36.06
v  16.65 8.36 -36.06
v  17.79 8.36 -36.06
v  17.79 9.59 -36.06
v  16.65 9.59 -36.72
v  17.79 9.59 -36.72
v  16.65 8.36 -36.72
v  17.79 8.36 -36.72
v  16.65 9.59 -32.40
v  16.65 8.36 -32.40
v  17.79 8.36 -32.40
v  17.79 9.59 -32.40
v  16.65 9.59 -33.06
v  17.79 9.59 -33.06
v  16.65 8.36 -33.06
v  17.79 8.36 -33.06
v  14.78 9.59 -32.40
v  14.78 8.36 -32.40
v  15.92 8.36 -32.40
v  15.92 9.59 -32.40
v  14.78 9.59 -33.06
v  15.92 9.59 -33.06
v  14.78 8.36 -33.06
v  15.92 8.36 -33.06
v  12.91 9.59 -32.40
v  12.91 8.36 -32.40
v  14.05 8.36 -32.40
v  14.05 9.59 -32.40
v  12.91 9.59 -33.06
v  14.05 9.59 -33.06
v  12.91 8.36 -33.06
v  14.05 8.36 -33.06
v  11.04 9.59 -32.40
v  11.04 8.36 -32.40
v  12.17 8.36 -32.40
v  12.17 9.59 -32.40
v  11.04 9.59 -33.06
v  12.17 9.59 -33.06
v  11.04 8.36 -33.06
v  12.17 8.36 -33.06
v  9.17 9.59 -32.40
v  9.17 8.36 -32.40
v  10.30 8.36 -32.40
v  10.30 9.59 -32.40
v  9.17 9.59 -33.06
v  10.30 9.59 -33.06
v  9.17 8.36 -33.06
v  10.30 8.36 -33.06
v  7.30 9.59 -32.40
v  7.30 8.36 -32.40
v  8.43 8.36 -32.40
v  8.43 9.59 -32.40
v  7.30 9.59 -33.06
v  8.43 9.59 -33.06
v  7.30 8.36 -33.06
v  8.43 8.36 -33.06
v  5.43 9.59 -32.40
v  5.43 8.36 -32.40
v  6.56 8.36 -32.40
v  6.56 9.59 -32.40
v  5.43 9.59 -33.06
v  6.56 9.59 -33.06
v  5.43 8.36 -33.06
v  6.56 8.36 -33.06
v  3.56 9.59 -32.40
v  3.56 8.36 -32.40
v  4.69 8.36 -32.40
v  4.69 9.59 -32.40
v  3.56 9.59 -33.06
v  4.69 9.59 -33.06
v  3.56 8.36 -33.06
v  4.69 8.36 -33.06
v  1.69 9.59 -32.40
v  1.69 8.36 -32.40
v  2.82 8.36 -32.40
v  2.82 9.59 -32.40
v  1.69 9.59 -33.06
v  2.82 9.59 -33.06
v  1.69 8.36 -33.06
v  2.82 8.36 -33.06
v  -0.19 9.59 -32.40
v  -0.19 8.36 -32.40
v  0.95 8.36 -32.40
v  0.95 9.59 -32.40
v  -0.19 9.59 -33.06
v  0.95 9.59 -33.06
v  -0.19 8.36 -33.06
v  0.95 8.36 -33.06
v  -2.06 9.59 -32.40
v  -2.06 8.36 -32.40
v  -0.92 8.36 -32.40
v  -0.92 9.59 -32.40
v  -2.06 9.59 -33.06
v  -0.92 9.59 -33.06
v  -2.06 8.36 -33.06
v  -0.92 8.36 -33.06
v  -3.93 9.59 -32.40
v  -3.93 8.36 -32.40
v  -2.79 8.36 -32.40
v  -2.79 9.59 -32.40
v  -3.93 9.59 -33.06
v  -2.79 9.59 -33.06
v  -3.93 8.36 -33.06
v  -2.79 8.36 -33.06
v  -5.80 9.59 -32.40
v  -5.80 8.36 -32.40
v  -4.66 8.36 -32.40
v  -4.66 9.59 -32.40
v  -5.80 9.59 -33.06
v  -4.66 9.59 -33.06
v  -5.80 8.36 -33.06
v  -4.66 8.36 -33.06
v  -7.67 9.59 -32.40
v  -7.67 8.36 -32.40
v  -6.54 8.36 -32.40
v  -6.54 9.59 -32.40
v  -7.67 9.59 -33.06
v  -6.54 9.59 -33.06
v  -7.67 8.36 -33.06
v  -6.54 8.36 -33.06
v  -9.54 9.59 -32.40
v  -9.54 8.36 -32.40
v  -8.41 8.36 -32.40
v  -8.41 9.59 -32.40
v  -9.54 9.59 -33.06
v  -8.41 9.59 -33.06
v  -9.54 8.36 -33.06
v  -8.41 8.36 -33.06
v  -11.41 9.59 -32.40
v  -11.41 8.36 -32.40
v  -10.28 8.36 -32.40
v  -10.28 9.59 -32.40
v  -11.41 9.59 -33.06
v  -10.28 9.59 -33.06
v  -11.41 8.36 -33.06
v  -10.28 8.36 -33.06
v  -13.28 9.59 -32.40
v  -13.28 8.36 -32.40
v  -12.15 8.36 -32.40
v  -12.15 9.59 -32.40
v  -13.28 9.59 -33.06
v  -12.15 9.59 -33.06
v  -13.28 8.36 -33.06
v  -12.15 8.36 -33.06
v  -15.15 9.59 -32.40
v  -15.15 8.36 -32.40
v  -14.02 8.36 -32.40
v  -14.02 9.59 -32.40
v  -15.15 9.59 -33.06
v  -14.02 9.59 -33.06
v  -15.15 8.36 -33.06
v  -14.02 8.36 -33.06
v  -17.02 9.59 -32.40
v  -17.02 8.36 -32.40
v  -15.89 8.36 -32.40
v  -15.89 9.59 -32.40
v  -17.02 9.59 -33.06
v  -15.89 9.59 -33.06
v  -17.02 8.36 -33.06
v  -15.89 8.36 -33.06
v  -18.90 9.59 -32.40
v  -18.90 8.36 -32.40
v  -17.76 8.36 -32.40
v  -17.76 9.59 -32.40
v  -18.90 9.59 -33.06
v  -17.76 9.59 -33.06
v  -18.90 8.36 -33.06
v  -17.76 8.36 -33.06
v  20.75 9.59 -23.81
v  20.75 8.36 -23.81
v  20.75 8.36 -24.94
v  20.75 9.59 -24.94
v  20.11 9.59 -23.81
v  20.11 9.59 -24.94
v  20.11 8.36 -23.81
v  20.11 8.36 -24.94
v  20.75 9.59 -21.95
v  20.75 8.36 -21.95
v  20.75 8.36 -23.08
v  20.75 9.59 -23.08
v  20.10 9.59 -21.95
v  20.10 9.59 -23.08
v  20.10 8.36 -21.95
v  20.10 8.36 -23.08
v  20.75 9.59 -20.02
v  20.75 8.36 -20.02
v  20.75 8.36 -21.15
v  20.75 9.59 -21.15
v  20.11 9.59 -20.02
v  20.11 9.59 -21.15
v  20.11 8.36 -20.02
v  20.11 8.36 -21.15
v  20.75 9.59 -18.15
v  20.75 8.36 -18.15
v  20.75 8.36 -19.29
v  20.75 9.59 -19.29
v  20.10 9.59 -18.15
v  20.10 9.59 -19.29
v  20.10 8.36 -18.15
v  20.10 8.36 -19.29
v  20.75 9.59 -16.22
v  20.75 8.36 -16.22
v  20.75 8.36 -17.35
v  20.75 9.59 -17.35
v  20.11 9.59 -16.22
v  20.11 9.59 -17.35
v  20.11 8.36 -16.22
v  20.11 8.36 -17.35
v  20.75 9.59 -14.36
v  20.75 8.36 -14.36
v  20.75 8.36 -15.49
v  20.75 9.59 -15.49
v  20.10 9.59 -14.36
v  20.10 9.59 -15.49
v  20.10 8.36 -14.36
v  20.10 8.36 -15.49
v  20.75 9.59 -12.42
v  20.75 8.36 -12.42
v  20.75 8.36 -13.55
v  20.75 9.59 -13.55
v  20.11 9.59 -12.42
v  20.11 9.59 -13.55
v  20.11 8.36 -12.42
v  20.11 8.36 -13.55
v  20.75 9.59 -10.56
v  20.75 8.36 -10.56
v  20.75 8.36 -11.69
v  20.75 9.59 -11.69
v  20.10 9.59 -10.56
v  20.10 9.59 -11.69
v  20.10 8.36 -10.56
v  20.10 8.36 -11.69
v  20.75 9.59 -8.63
v  20.75 8.36 -8.63
v  20.75 8.36 -9.76
v  20.75 9.59 -9.76
v  20.11 9.59 -8.63
v  20.11 9.59 -9.76
v  20.11 8.36 -8.63
v  20.11 8.36 -9.76
v  20.75 9.59 -6.76
v  20.75 8.36 -6.76
v  20.75 8.36 -7.90
v  20.75 9.59 -7.90
v  20.10 9.59 -6.76
v  20.10 9.59 -7.90
v  20.10 8.36 -6.76
v  20.10 8.36 -7.90
v  20.75 9.59 -4.83
v  20.75 8.36 -4.83
v  20.75 8.36 -5.96
v  20.75 9.59 -5.96
v  20.11 9.59 -4.83
v  20.11 9.59 -5.96
v  20.11 8.36 -4.83
v  20.11 8.36 -5.96
v  20.75 9.59 -2.97
v  20.75 8.36 -2.97
v  20.75 8.36 -4.10
v  20.75 9.59 -4.10
v  20.10 9.59 -2.97
v  20.10 9.59 -4.10
v  20.10 8.36 -2.97
v  20.10 8.36 -4.10
v  20.75 9.59 -1.03
v  20.75 8.36 -1.03
v  20.75 8.36 -2.16
v  20.75 9.59 -2.16
v  20.11 9.59 -1.03
v  20.11 9.59 -2.16
v  20.11 8.36 -1.03
v  20.11 8.36 -2.16
v  20.75 9.59 0.83
v  20.75 8.36 0.83
v  20.75 8.36 -0.30
v  20.75 9.59 -0.30
v  20.10 9.59 0.83
v  20.10 9.59 -0.30
v  20.10 8.36 0.83
v  20.10 8.36 -0.30
v  20.75 9.59 2.76
v  20.75 8.36 2.76
v  20.75 8.36 1.64
v  20.75 9.59 1.64
v  20.11 9.59 2.76
v  20.11 9.59 1.64
v  20.11 8.36 2.76
v  20.11 8.36 1.64
v  20.75 9.59 4.63
v  20.75 8.36 4.63
v  20.75 8.36 3.50
v  20.75 9.59 3.50
v  20.10 9.59 4.63
v  20.10 9.59 3.50
v  20.10 8.36 4.63
v  20.10 8.36 3.50
v  20.75 9.59 6.56
v  20.75 8.36 6.56
v  20.75 8.36 5.43
v  20.75 9.59 5.43
v  20.11 9.59 6.56
v  20.11 9.59 5.43
v  20.11 8.36 6.56
v  20.11 8.36 5.43
v  20.75 9.59 8.43
v  20.75 8.36 8.43
v  20.75 8.36 7.29
v  20.75 9.59 7.29
v  20.10 9.59 8.43
v  20.10 9.59 7.29
v  20.10 8.36 8.43
v  20.10 8.36 7.29
v  20.75 9.59 10.36
v  20.75 8.36 10.36
v  20.75 8.36 9.23
v  20.75 9.59 9.23
v  20.11 9.59 10.36
v  20.11 9.59 9.23
v  20.11 8.36 10.36
v  20.11 8.36 9.23
v  20.75 9.59 12.22
v  20.75 8.36 12.22
v  20.75 8.36 11.09
v  20.75 9.59 11.09
v  20.10 9.59 12.22
v  20.10 9.59 11.09
v  20.10 8.36 12.22
v  20.10 8.36 11.09
v  20.75 9.59 14.16
v  20.75 8.36 14.16
v  20.75 8.36 13.03
v  20.75 9.59 13.03
v  20.11 9.59 14.16
v  20.11 9.59 13.03
v  20.11 8.36 14.16
v  20.11 8.36 13.03
v  20.75 9.59 16.02
v  20.75 8.36 16.02
v  20.75 8.36 14.89
v  20.75 9.59 14.89
v  20.10 9.59 16.02
v  20.10 9.59 14.89
v  20.10 8.36 16.02
v  20.10 8.36 14.89
v  24.47 9.59 16.02
v  24.47 8.36 16.02
v  24.47 8.36 14.89
v  24.47 9.59 14.89
v  23.82 9.59 16.02
v  23.82 9.59 14.89
v  23.82 8.36 16.02
v  23.82 8.36 14.89
v  24.47 9.59 14.16
v  24.47 8.36 14.16
v  24.47 8.36 13.03
v  24.47 9.59 13.03
v  23.83 9.59 14.16
v  23.83 9.59 13.03
v  23.83 8.36 14.16
v  23.83 8.36 13.03
v  24.47 9.59 12.22
v  24.47 8.36 12.22
v  24.47 8.36 11.09
v  24.47 9.59 11.09
v  23.82 9.59 12.22
v  23.82 9.59 11.09
v  23.82 8.36 12.22
v  23.82 8.36 11.09
v  24.47 9.59 10.36
v  24.47 8.36 10.36
v  24.47 8.36 9.23
v  24.47 9.59 9.23
v  23.83 9.59 10.36
v  23.83 9.59 9.23
v  23.83 8.36 10.36
v  23.83 8.36 9.23
v  24.47 9.59 8.43
v  24.47 8.36 8.43
v  24.47 8.36 7.29
v  24.47 9.59 7.29
v  23.82 9.59 8.43
v  23.82 9.59 7.29
v  23.82 8.36 8.43
v  23.82 8.36 7.29
v  24.47 9.59 6.56
v  24.47 8.36 6.56
v  24.47 8.36 5.43
v  24.47 9.59 5.43
v  23.83 9.59 6.56
v  23.83 9.59 5.43
v  23.83 8.36 6.56
v  23.83 8.36 5.43
v  24.47 9.59 4.63
v  24.47 8.36 4.63
v  24.47 8.36 3.50
v  24.47 9.59 3.50
v  23.82 9.59 4.63
v  23.82 9.59 3.50
v  23.82 8.36 4.63
v  23.82 8.36 3.50
v  24.47 9.59 2.76
v  24.47 8.36 2.76
v  24.47 8.36 1.64
v  24.47 9.59 1.64
v  23.83 9.59 2.76
v  23.83 9.59 1.64
v  23.83 8.36 2.76
v  23.83 8.36 1.64
v  24.47 9.59 0.83
v  24.47 8.36 0.83
v  24.47 8.36 -0.30
v  24.47 9.59 -0.30
v  23.82 9.59 0.83
v  23.82 9.59 -0.30
v  23.82 8.36 0.83
v  23.82 8.36 -0.30
v  24.47 9.59 -1.03
v  24.47 8.36 -1.03
v  24.47 8.36 -2.16
v  24.47 9.59 -2.16
v  23.83 9.59 -1.03
v  23.83 9.59 -2.16
v  23.83 8.36 -1.03
v  23.83 8.36 -2.16
v  24.47 9.59 -2.97
v  24.47 8.36 -2.97
v  24.47 8.36 -4.10
v  24.47 9.59 -4.10
v  23.82 9.59 -2.97
v  23.82 9.59 -4.10
v  23.82 8.36 -2.97
v  23.82 8.36 -4.10
v  24.47 9.59 -4.83
v  24.47 8.36 -4.83
v  24.47 8.36 -5.96
v  24.47 9.59 -5.96
v  23.83 9.59 -4.83
v  23.83 9.59 -5.96
v  23.83 8.36 -4.83
v  23.83 8.36 -5.96
v  24.47 9.59 -6.76
v  24.47 8.36 -6.76
v  24.47 8.36 -7.90
v  24.47 9.59 -7.90
v  23.82 9.59 -6.76
v  23.82 9.59 -7.90
v  23.82 8.36 -6.76
v  23.82 8.36 -7.90
v  24.47 9.59 -8.63
v  24.47 8.36 -8.63
v  24.47 8.36 -9.76
v  24.47 9.59 -9.76
v  23.83 9.59 -8.63
v  23.83 9.59 -9.76
v  23.83 8.36 -8.63
v  23.83 8.36 -9.76
v  24.47 9.59 -10.56
v  24.47 8.36 -10.56
v  24.47 8.36 -11.69
v  24.47 9.59 -11.69
v  23.82 9.59 -10.56
v  23.82 9.59 -11.69
v  23.82 8.36 -10.56
v  23.82 8.36 -11.69
v  24.47 9.59 -12.42
v  24.47 8.36 -12.42
v  24.47 8.36 -13.55
v  24.47 9.59 -13.55
v  23.83 9.59 -12.42
v  23.83 9.59 -13.55
v  23.83 8.36 -12.42
v  23.83 8.36 -13.55
v  24.47 9.59 -14.36
v  24.47 8.36 -14.36
v  24.47 8.36 -15.49
v  24.47 9.59 -15.49
v  23.82 9.59 -14.36
v  23.82 9.59 -15.49
v  23.82 8.36 -14.36
v  23.82 8.36 -15.49
v  24.47 9.59 -16.22
v  24.47 8.36 -16.22
v  24.47 8.36 -17.35
v  24.47 9.59 -17.35
v  23.83 9.59 -16.22
v  23.83 9.59 -17.35
v  23.83 8.36 -16.22
v  23.83 8.36 -17.35
v  24.47 9.59 -18.15
v  24.47 8.36 -18.15
v  24.47 8.36 -19.29
v  24.47 9.59 -19.29
v  23.82 9.59 -18.15
v  23.82 9.59 -19.29
v  23.82 8.36 -18.15
v  23.82 8.36 -19.29
v  24.47 9.59 -20.02
v  24.47 8.36 -20.02
v  24.47 8.36 -21.15
v  24.47 9.59 -21.15
v  23.83 9.59 -20.02
v  23.83 9.59 -21.15
v  23.83 8.36 -20.02
v  23.83 8.36 -21.15
v  24.47 9.59 -21.95
v  24.47 8.36 -21.95
v  24.47 8.36 -23.08
v  24.47 9.59 -23.08
v  23.82 9.59 -21.95
v  23.82 9.59 -23.08
v  23.82 8.36 -21.95
v  23.82 8.36 -23.08
v  24.47 9.59 -23.81
v  24.47 8.36 -23.81
v  24.47 8.36 -24.94
v  24.47 9.59 -24.94
v  23.83 9.59 -23.81
v  23.83 9.59 -24.94
v  23.83 8.36 -23.81
v  23.83 8.36 -24.94
v  24.47 9.59 -25.75
v  24.47 8.36 -25.75
v  24.47 8.36 -26.88
v  24.47 9.59 -26.88
v  23.82 9.59 -25.75
v  23.82 9.59 -26.88
v  23.82 8.36 -25.75
v  23.82 8.36 -26.88
v  24.49 9.59 -27.61
v  24.49 8.36 -27.61
v  24.49 8.36 -28.74
v  24.49 9.59 -28.74
v  23.84 9.59 -27.61
v  23.84 9.59 -28.74
v  23.84 8.36 -27.61
v  23.84 8.36 -28.74
v  24.48 9.59 -29.45
v  24.48 8.36 -29.45
v  24.48 8.36 -30.58
v  24.48 9.59 -30.58
v  23.83 9.59 -29.45
v  23.83 9.59 -30.58
v  23.83 8.36 -29.45
v  23.83 8.36 -30.58
v  16.65 9.59 22.67
v  16.65 8.36 22.67
v  17.79 8.36 22.67
v  17.79 9.59 22.67
v  16.65 9.59 22.02
v  17.79 9.59 22.02
v  16.65 8.36 22.02
v  17.79 8.36 22.02
v  16.65 9.59 19.02
v  16.65 8.36 19.02
v  17.79 8.36 19.02
v  17.79 9.59 19.02
v  16.65 9.59 18.36
v  17.79 9.59 18.36
v  16.65 8.36 18.36
v  17.79 8.36 18.36
v  14.78 9.59 19.02
v  14.78 8.36 19.02
v  15.92 8.36 19.02
v  15.92 9.59 19.02
v  14.78 9.59 18.36
v  15.92 9.59 18.36
v  14.78 8.36 18.36
v  15.92 8.36 18.36
v  14.78 9.59 22.67
v  14.78 8.36 22.67
v  15.92 8.36 22.67
v  15.92 9.59 22.67
v  14.78 9.59 22.02
v  15.92 9.59 22.02
v  14.78 8.36 22.02
v  15.92 8.36 22.02
v  12.91 9.59 22.67
v  12.91 8.36 22.67
v  14.05 8.36 22.67
v  14.05 9.59 22.67
v  12.91 9.59 22.02
v  14.05 9.59 22.02
v  12.91 8.36 22.02
v  14.05 8.36 22.02
v  12.91 9.59 19.02
v  12.91 8.36 19.02
v  14.05 8.36 19.02
v  14.05 9.59 19.02
v  12.91 9.59 18.36
v  14.05 9.59 18.36
v  12.91 8.36 18.36
v  14.05 8.36 18.36
v  11.04 9.59 19.02
v  11.04 8.36 19.02
v  12.17 8.36 19.02
v  12.17 9.59 19.02
v  11.04 9.59 18.36
v  12.17 9.59 18.36
v  11.04 8.36 18.36
v  12.17 8.36 18.36
v  11.04 9.59 22.67
v  11.04 8.36 22.67
v  12.17 8.36 22.67
v  12.17 9.59 22.67
v  11.04 9.59 22.02
v  12.17 9.59 22.02
v  11.04 8.36 22.02
v  12.17 8.36 22.02
v  9.17 9.59 22.67
v  9.17 8.36 22.67
v  10.30 8.36 22.67
v  10.30 9.59 22.67
v  9.17 9.59 22.02
v  10.30 9.59 22.02
v  9.17 8.36 22.02
v  10.30 8.36 22.02
v  9.17 9.59 19.02
v  9.17 8.36 19.02
v  10.30 8.36 19.02
v  10.30 9.59 19.02
v  9.17 9.59 18.36
v  10.30 9.59 18.36
v  9.17 8.36 18.36
v  10.30 8.36 18.36
v  7.30 9.59 19.02
v  7.30 8.36 19.02
v  8.43 8.36 19.02
v  8.43 9.59 19.02
v  7.30 9.59 18.36
v  8.43 9.59 18.36
v  7.30 8.36 18.36
v  8.43 8.36 18.36
v  7.30 9.59 22.67
v  7.30 8.36 22.67
v  8.43 8.36 22.67
v  8.43 9.59 22.67
v  7.30 9.59 22.02
v  8.43 9.59 22.02
v  7.30 8.36 22.02
v  8.43 8.36 22.02
v  5.43 9.59 22.67
v  5.43 8.36 22.67
v  6.56 8.36 22.67
v  6.56 9.59 22.67
v  5.43 9.59 22.02
v  6.56 9.59 22.02
v  5.43 8.36 22.02
v  6.56 8.36 22.02
v  5.43 9.59 19.02
v  5.43 8.36 19.02
v  6.56 8.36 19.02
v  6.56 9.59 19.02
v  5.43 9.59 18.36
v  6.56 9.59 18.36
v  5.43 8.36 18.36
v  6.56 8.36 18.36
v  3.56 9.59 19.02
v  3.56 8.36 19.02
v  4.69 8.36 19.02
v  4.69 9.59 19.02
v  3.56 9.59 18.36
v  4.69 9.59 18.36
v  3.56 8.36 18.36
v  4.69 8.36 18.36
v  3.56 9.59 22.67
v  3.56 8.36 22.67
v  4.69 8.36 22.67
v  4.69 9.59 22.67
v  3.56 9.59 22.02
v  4.69 9.59 22.02
v  3.56 8.36 22.02
v  4.69 8.36 22.02
v  1.69 9.59 22.67
v  1.69 8.36 22.67
v  2.82 8.36 22.67
v  2.82 9.59 22.67
v  1.69 9.59 22.02
v  2.82 9.59 22.02
v  1.69 8.36 22.02
v  2.82 8.36 22.02
v  1.69 9.59 19.02
v  1.69 8.36 19.02
v  2.82 8.36 19.02
v  2.82 9.59 19.02
v  1.69 9.59 18.36
v  2.82 9.59 18.36
v  1.69 8.36 18.36
v  2.82 8.36 18.36
v  -0.19 9.59 19.02
v  -0.19 8.36 19.02
v  0.95 8.36 19.02
v  0.95 9.59 19.02
v  -0.19 9.59 18.36
v  0.95 9.59 18.36
v  -0.19 8.36 18.36
v  0.95 8.36 18.36
v  -0.19 9.59 22.67
v  -0.19 8.36 22.67
v  0.95 8.36 22.67
v  0.95 9.59 22.67
v  -0.19 9.59 22.02
v  0.95 9.59 22.02
v  -0.19 8.36 22.02
v  0.95 8.36 22.02
v  -2.06 9.59 22.67
v  -2.06 8.36 22.67
v  -0.92 8.36 22.67
v  -0.92 9.59 22.67
v  -2.06 9.59 22.02
v  -0.92 9.59 22.02
v  -2.06 8.36 22.02
v  -0.92 8.36 22.02
v  -2.06 9.59 19.02
v  -2.06 8.36 19.02
v  -0.92 8.36 19.02
v  -0.92 9.59 19.02
v  -2.06 9.59 18.36
v  -0.92 9.59 18.36
v  -2.06 8.36 18.36
v  -0.92 8.36 18.36
v  -3.93 9.59 19.02
v  -3.93 8.36 19.02
v  -2.79 8.36 19.02
v  -2.79 9.59 19.02
v  -3.93 9.59 18.36
v  -2.79 9.59 18.36
v  -3.93 8.36 18.36
v  -2.79 8.36 18.36
v  -3.93 9.59 22.67
v  -3.93 8.36 22.67
v  -2.79 8.36 22.67
v  -2.79 9.59 22.67
v  -3.93 9.59 22.02
v  -2.79 9.59 22.02
v  -3.93 8.36 22.02
v  -2.79 8.36 22.02
v  -5.80 9.59 22.67
v  -5.80 8.36 22.67
v  -4.66 8.36 22.67
v  -4.66 9.59 22.67
v  -5.80 9.59 22.02
v  -4.66 9.59 22.02
v  -5.80 8.36 22.02
v  -4.66 8.36 22.02
v  -5.80 9.59 19.02
v  -5.80 8.36 19.02
v  -4.66 8.36 19.02
v  -4.66 9.59 19.02
v  -5.80 9.59 18.36
v  -4.66 9.59 18.36
v  -5.80 8.36 18.36
v  -4.66 8.36 18.36
v  -7.67 9.59 19.02
v  -7.67 8.36 19.02
v  -6.54 8.36 19.02
v  -6.54 9.59 19.02
v  -7.67 9.59 18.36
v  -6.54 9.59 18.36
v  -7.67 8.36 18.36
v  -6.54 8.36 18.36
v  -7.67 9.59 22.67
v  -7.67 8.36 22.67
v  -6.54 8.36 22.67
v  -6.54 9.59 22.67
v  -7.67 9.59 22.02
v  -6.54 9.59 22.02
v  -7.67 8.36 22.02
v  -6.54 8.36 22.02
v  -9.54 9.59 22.67
v  -9.54 8.36 22.67
v  -8.41 8.36 22.67
v  -8.41 9.59 22.67
v  -9.54 9.59 22.02
v  -8.41 9.59 22.02
v  -9.54 8.36 22.02
v  -8.41 8.36 22.02
v  -9.54 9.59 19.02
v  -9.54 8.36 19.02
v  -8.41 8.36 19.02
v  -8.41 9.59 19.02
v  -9.54 9.59 18.36
v  -8.41 9.59 18.36
v  -9.54 8.36 18.36
v  -8.41 8.36 18.36
v  -11.41 9.59 19.02
v  -11.41 8.36 19.02
v  -10.28 8.36 19.02
v  -10.28 9.59 19.02
v  -11.41 9.59 18.36
v  -10.28 9.59 18.36
v  -11.41 8.36 18.36
v  -10.28 8.36 18.36
v  -11.41 9.59 22.67
v  -11.41 8.36 22.67
v  -10.28 8.36 22.67
v  -10.28 9.59 22.67
v  -11.41 9.59 22.02
v  -10.28 9.59 22.02
v  -11.41 8.36 22.02
v  -10.28 8.36 22.02
v  -13.28 9.59 22.67
v  -13.28 8.36 22.67
v  -12.15 8.36 22.67
v  -12.15 9.59 22.67
v  -13.28 9.59 22.02
v  -12.15 9.59 22.02
v  -13.28 8.36 22.02
v  -12.15 8.36 22.02
v  -13.28 9.59 19.02
v  -13.28 8.36 19.02
v  -12.15 8.36 19.02
v  -12.15 9.59 19.02
v  -13.28 9.59 18.36
v  -12.15 9.59 18.36
v  -13.28 8.36 18.36
v  -12.15 8.36 18.36
v  -15.15 9.59 19.02
v  -15.15 8.36 19.02
v  -14.02 8.36 19.02
v  -14.02 9.59 19.02
v  -15.15 9.59 18.36
v  -14.02 9.59 18.36
v  -15.15 8.36 18.36
v  -14.02 8.36 18.36
v  -15.15 9.59 22.67
v  -15.15 8.36 22.67
v  -14.02 8.36 22.67
v  -14.02 9.59 22.67
v  -15.15 9.59 22.02
v  -14.02 9.59 22.02
v  -15.15 8.36 22.02
v  -14.02 8.36 22.02
v  -17.02 9.59 22.67
v  -17.02 8.36 22.67
v  -15.89 8.36 22.67
v  -15.89 9.59 22.67
v  -17.02 9.59 22.02
v  -15.89 9.59 22.02
v  -17.02 8.36 22.02
v  -15.89 8.36 22.02
v  -17.02 9.59 19.02
v  -17.02 8.36 19.02
v  -15.89 8.36 19.02
v  -15.89 9.59 19.02
v  -17.02 9.59 18.36
v  -15.89 9.59 18.36
v  -17.02 8.36 18.36
v  -15.89 8.36 18.36
v  -18.90 9.59 19.02
v  -18.90 8.36 19.02
v  -17.76 8.36 19.02
v  -17.76 9.59 19.02
v  -18.90 9.59 18.36
v  -17.76 9.59 18.36
v  -18.90 8.36 18.36
v  -17.76 8.36 18.36
v  -18.90 9.59 22.67
v  -18.90 8.36 22.67
v  -17.76 8.36 22.67
v  -17.76 9.59 22.67
v  -18.90 9.59 22.02
v  -17.76 9.59 22.02
v  -18.90 8.36 22.02
v  -17.76 8.36 22.02
v  26.02 10.92 -34.90
v  26.02 10.11 -34.90
v  25.76 10.11 -35.72
v  25.76 10.92 -35.72
v  25.51 10.92 -34.74
v  25.25 10.92 -35.56
v  25.51 10.11 -34.74
v  25.25 10.11 -35.56
v  25.42 10.92 -36.32
v  25.42 10.11 -36.32
v  24.87 10.11 -36.98
v  24.87 10.92 -36.98
v  25.01 10.92 -35.97
v  24.45 10.92 -36.63
v  25.01 10.11 -35.97
v  24.45 10.11 -36.63
v  24.33 10.92 -37.40
v  24.33 10.11 -37.40
v  23.55 10.11 -37.79
v  23.55 10.92 -37.79
v  24.09 10.92 -36.92
v  23.32 10.92 -37.30
v  24.09 10.11 -36.92
v  23.32 10.11 -37.30
v  23.03 10.92 -37.92
v  23.03 10.11 -37.92
v  22.17 10.11 -37.99
v  22.17 10.92 -37.99
v  22.99 10.92 -37.38
v  22.13 10.92 -37.45
v  22.99 10.11 -37.38
v  22.13 10.11 -37.45
v  21.68 10.92 -37.98
v  21.68 10.11 -37.98
v  20.84 10.11 -37.80
v  20.84 10.92 -37.80
v  21.79 10.92 -37.45
v  20.95 10.92 -37.27
v  21.79 10.11 -37.45
v  20.95 10.11 -37.27
v  20.40 10.92 -37.58
v  20.40 10.11 -37.58
v  19.68 10.11 -37.10
v  19.68 10.92 -37.10
v  20.70 10.92 -37.13
v  19.98 10.92 -36.65
v  20.70 10.11 -37.13
v  19.98 10.11 -36.65
v  19.20 10.92 -36.60
v  19.20 10.11 -36.60
v  18.74 10.11 -35.87
v  18.74 10.92 -35.87
v  19.66 10.92 -36.31
v  19.20 10.92 -35.58
v  19.66 10.11 -36.31
v  19.20 10.11 -35.58
v  18.48 10.92 -35.23
v  18.48 10.11 -35.23
v  18.33 10.11 -34.38
v  18.33 10.92 -34.38
v  19.01 10.92 -35.13
v  18.86 10.92 -34.28
v  19.01 10.11 -35.13
v  18.86 10.11 -34.28
v  18.36 10.92 -33.68
v  18.36 10.11 -33.68
v  18.56 10.11 -32.84
v  18.56 10.92 -32.84
v  18.88 10.92 -33.80
v  19.08 10.92 -32.97
v  18.88 10.11 -33.80
v  19.08 10.11 -32.97
v  18.84 10.92 -32.23
v  18.84 10.11 -32.23
v  19.34 10.11 -31.53
v  19.34 10.92 -31.53
v  19.28 10.92 -32.54
v  19.78 10.92 -31.84
v  19.28 10.11 -32.54
v  19.78 10.11 -31.84
v  19.88 10.92 -31.07
v  19.88 10.11 -31.07
v  20.62 10.11 -30.63
v  20.62 10.92 -30.63
v  20.15 10.92 -31.53
v  20.90 10.92 -31.09
v  20.15 10.11 -31.53
v  20.90 10.11 -31.09
v  21.27 10.92 -30.40
v  21.27 10.11 -30.40
v  22.12 10.11 -30.28
v  22.12 10.92 -30.28
v  21.34 10.92 -30.93
v  22.20 10.92 -30.81
v  21.34 10.11 -30.93
v  22.20 10.11 -30.81
v  22.81 10.92 -30.33
v  22.81 10.11 -30.33
v  23.64 10.11 -30.56
v  23.64 10.92 -30.56
v  22.67 10.92 -30.85
v  23.50 10.92 -31.08
v  22.67 10.11 -30.85
v  23.50 10.11 -31.08
v  24.26 10.92 -30.87
v  24.26 10.11 -30.87
v  24.94 10.11 -31.39
v  24.94 10.92 -31.39
v  23.93 10.92 -31.30
v  24.62 10.92 -31.82
v  23.93 10.11 -31.30
v  24.62 10.11 -31.82
v  25.37 10.92 -31.93
v  25.37 10.11 -31.93
v  25.79 10.11 -32.68
v  25.79 10.92 -32.68
v  24.90 10.92 -32.19
v  25.32 10.92 -32.94
v  24.90 10.11 -32.19
v  25.32 10.11 -32.94
v  26.00 10.92 -33.33
v  26.00 10.11 -33.33
v  26.09 10.11 -34.19
v  26.09 10.92 -34.19
v  25.46 10.92 -33.39
v  25.55 10.92 -34.25
v  25.46 10.11 -33.39
v  25.55 10.11 -34.25
# 2276 vertices

vn 0.00 0.00 1.00
vn 0.00 1.00 -0.00
vn 0.00 0.00 -1.00
vn 0.28 -0.96 -0.00
vn 0.16 -0.99 -0.00
vn 0.54 -0.84 -0.00
vn 0.77 -0.63 -0.00
vn 0.96 -0.27 -0.00
vn 1.00 -0.03 -0.00
vn -0.16 -0.99 -0.00
vn -0.29 -0.96 -0.00
vn -0.54 -0.84 -0.00
vn -0.77 -0.63 -0.00
vn -0.00 0.00 1.00
vn -0.96 -0.27 -0.00
vn -1.00 -0.03 -0.00
vn 0.92 0.00 -0.38
vn 0.71 0.00 -0.71
vn 0.38 0.00 -0.92
vn -0.38 0.00 -0.92
vn -0.71 0.00 -0.71
vn -0.92 0.00 -0.38
vn -1.00 0.00 -0.00
vn -0.92 0.00 0.38
vn -0.71 0.00 0.71
vn -0.38 0.00 0.92
vn 0.38 0.00 0.92
vn 0.71 0.00 0.71
vn 0.92 0.00 0.38
vn 1.00 0.00 -0.00
vn 0.00 -1.00 -0.00
vn 0.00 -1.00 0.00
vn -0.82 0.00 0.58
vn 0.82 0.00 -0.58
vn 0.58 0.00 0.82
vn -0.58 0.00 -0.82
vn -0.97 0.00 0.23
vn 0.97 0.00 -0.23
vn 0.23 0.00 0.97
vn -0.23 0.00 -0.97
vn -0.98 0.00 -0.18
vn 0.98 0.00 0.18
vn -0.18 0.00 0.98
vn 0.18 0.00 -0.98
vn -0.85 0.00 -0.53
vn 0.85 0.00 0.53
vn -0.53 0.00 0.85
vn 0.53 0.00 -0.85
vn -0.56 0.00 -0.83
vn 0.56 0.00 0.83
vn -0.83 0.00 0.56
vn 0.83 0.00 -0.56
vn -0.21 0.00 -0.98
vn 0.00 1.00 0.00
vn 0.21 0.00 0.98
vn -0.98 0.00 0.21
vn 0.98 0.00 -0.21
vn 0.08 0.00 -1.00
vn -0.08 0.00 1.00
vn -1.00 0.00 -0.08
vn 1.00 0.00 0.08
vn 0.44 0.00 -0.90
vn -0.44 0.00 0.90
vn -0.90 0.00 -0.44
vn 0.90 0.00 0.44
vn 0.77 0.00 -0.64
vn -0.77 0.00 0.64
vn -0.64 0.00 -0.77
vn 0.64 0.00 0.77
vn 0.95 0.00 -0.30
vn -0.95 0.00 0.30
vn -0.30 0.00 -0.95
vn 0.30 0.00 0.95
vn 0.99 0.00 0.10
vn -0.99 0.00 -0.10
vn 0.10 0.00 -0.99
vn -0.10 0.00 0.99
vn 0.87 0.00 0.49
vn -0.87 0.00 -0.49
vn 0.49 0.00 -0.87
vn -0.49 0.00 0.87
vn 0.61 0.00 0.80
vn -0.61 0.00 -0.80
vn 0.80 0.00 -0.61
vn -0.80 0.00 0.61
vn 0.27 0.00 0.96
vn -0.27 0.00 -0.96
vn 0.96 0.00 -0.27
vn -0.96 0.00 0.27
vn -0.14 0.00 0.99
vn 0.14 0.00 -0.99
vn 0.99 0.00 0.14
vn -0.99 0.00 -0.14
vn -0.51 0.00 0.86
vn 0.51 0.00 -0.86
vn 0.86 0.00 0.51
vn -0.86 0.00 -0.51
vn -1.00 0.00 0.00
# 98 vertex normals

vt 0.29 0.13 0.00
vt 0.32 0.13 0.00
vt 0.34 0.13 0.00
vt 0.29 0.23 0.00
vt 0.29 0.16 0.00
vt 0.34 0.16 0.00
vt 0.34 0.23 0.00
vt 0.81 0.21 0.00
vt 0.81 0.23 0.00
vt 0.68 0.23 0.00
vt 0.68 0.21 0.00
vt 0.29 0.15 0.00
vt 0.34 0.15 0.00
vt 0.01 0.13 0.00
vt 0.01 0.15 0.00
vt 0.01 0.23 0.00
vt 0.01 0.16 0.00
vt 0.29 0.12 0.00
vt 0.31 0.12 0.00
vt 0.68 0.19 0.00
vt 0.81 0.19 0.00
vt 0.01 0.12 0.00
vt 0.29 0.11 0.00
vt 0.30 0.11 0.00
vt 0.68 0.16 0.00
vt 0.81 0.16 0.00
vt 0.01 0.11 0.00
vt 0.29 0.10 0.00
vt 0.68 0.14 0.00
vt 0.81 0.14 0.00
vt 0.29 0.09 0.00
vt 0.01 0.09 0.00
vt 0.01 0.10 0.00
vt 0.29 0.08 0.00
vt 0.29 0.01 0.00
vt 0.81 0.11 0.00
vt 0.68 0.11 0.00
vt 0.68 0.01 0.00
vt 0.81 0.01 0.00
vt 0.01 0.08 0.00
vt 0.01 0.01 0.00
vt 0.36 0.13 0.00
vt 0.40 0.13 0.00
vt 0.40 0.16 0.00
vt 0.40 0.23 0.00
vt 0.95 0.23 0.00
vt 0.82 0.23 0.00
vt 0.82 0.21 0.00
vt 0.95 0.21 0.00
vt 0.40 0.15 0.00
vt 0.67 0.13 0.00
vt 0.67 0.15 0.00
vt 0.67 0.23 0.00
vt 0.67 0.16 0.00
vt 0.37 0.12 0.00
vt 0.40 0.12 0.00
vt 0.82 0.18 0.00
vt 0.96 0.18 0.00
vt 0.67 0.12 0.00
vt 0.39 0.11 0.00
vt 0.40 0.11 0.00
vt 0.82 0.15 0.00
vt 0.96 0.16 0.00
vt 0.67 0.11 0.00
vt 0.39 0.10 0.00
vt 0.40 0.10 0.00
vt 0.82 0.13 0.00
vt 0.96 0.13 0.00
vt 0.39 0.09 0.00
vt 0.40 0.09 0.00
vt 0.67 0.09 0.00
vt 0.67 0.10 0.00
vt 0.40 0.08 0.00
vt 0.40 0.01 0.00
vt 0.82 0.11 0.00
vt 0.82 0.01 0.00
vt 0.96 0.01 0.00
vt 0.96 0.11 0.00
vt 0.67 0.08 0.00
vt 0.67 0.01 0.00
vt 0.47 0.97 0.00
vt 0.47 0.71 0.00
vt 0.51 0.71 0.00
vt 0.51 0.97 0.00
vt 0.54 0.71 0.00
vt 0.54 0.97 0.00
vt 0.58 0.71 0.00
vt 0.58 0.97 0.00
vt 0.01 0.97 0.00
vt 0.01 0.71 0.00
vt 0.05 0.71 0.00
vt 0.05 0.97 0.00
vt 0.08 0.71 0.00
vt 0.08 0.97 0.00
vt 0.12 0.71 0.00
vt 0.12 0.97 0.00
vt 0.15 0.71 0.00
vt 0.15 0.97 0.00
vt 0.19 0.71 0.00
vt 0.19 0.97 0.00
vt 0.22 0.71 0.00
vt 0.22 0.97 0.00
vt 0.26 0.71 0.00
vt 0.26 0.97 0.00
vt 0.30 0.71 0.00
vt 0.30 0.97 0.00
vt 0.33 0.71 0.00
vt 0.33 0.97 0.00
vt 0.37 0.71 0.00
vt 0.37 0.97 0.00
vt 0.40 0.71 0.00
vt 0.40 0.97 0.00
vt 0.44 0.71 0.00
vt 0.44 0.97 0.00
vt 0.75 0.73 0.00
vt 0.77 0.76 0.00
vt 0.78 0.80 0.00
vt 0.77 0.84 0.00
vt 0.75 0.87 0.00
vt 0.72 0.89 0.00
vt 0.69 0.90 0.00
vt 0.65 0.89 0.00
vt 0.62 0.87 0.00
vt 0.60 0.84 0.00
vt 0.59 0.80 0.00
vt 0.60 0.76 0.00
vt 0.62 0.73 0.00
vt 0.65 0.71 0.00
vt 0.69 0.70 0.00
vt 0.72 0.71 0.00
vt 0.78 0.84 0.00
vt 0.75 0.86 0.00
vt 0.77 0.83 0.00
vt 0.72 0.88 0.00
vt 0.69 0.89 0.00
vt 0.65 0.88 0.00
vt 0.63 0.86 0.00
vt 0.61 0.83 0.00
vt 0.60 0.80 0.00
vt 0.61 0.77 0.00
vt 0.63 0.74 0.00
vt 0.65 0.72 0.00
vt 0.69 0.71 0.00
vt 0.72 0.72 0.00
vt 0.75 0.74 0.00
vt 0.77 0.77 0.00
vt 0.78 0.76 0.00
vt 0.77 0.80 0.00
vt 0.51 0.99 0.00
vt 0.47 0.99 0.00
vt 0.54 0.99 0.00
vt 0.58 0.99 0.00
vt 0.05 0.99 0.00
vt 0.01 0.99 0.00
vt 0.08 0.99 0.00
vt 0.12 0.99 0.00
vt 0.15 0.99 0.00
vt 0.19 0.99 0.00
vt 0.22 0.99 0.00
vt 0.26 0.99 0.00
vt 0.30 0.99 0.00
vt 0.33 0.99 0.00
vt 0.37 0.99 0.00
vt 0.40 0.99 0.00
vt 0.44 0.99 0.00
vt 0.01 0.62 0.00
vt 0.01 0.49 0.00
vt 0.76 0.49 0.00
vt 0.76 0.62 0.00
vt 0.76 0.63 0.00
vt 0.76 0.70 0.00
vt 0.01 0.70 0.00
vt 0.01 0.24 0.00
vt 0.01 0.39 0.00
vt 0.76 0.39 0.00
vt 0.76 0.24 0.00
vt 0.01 0.48 0.00
vt 0.01 0.40 0.00
vt 0.76 0.40 0.00
vt 0.76 0.48 0.00
vt 0.82 0.72 0.00
vt 0.77 0.72 0.00
vt 0.77 0.67 0.00
vt 0.82 0.67 0.00
vt 0.84 0.73 0.00
vt 0.84 0.76 0.00
vt 0.79 0.76 0.00
vt 0.79 0.73 0.00
vt 0.86 0.67 0.00
vt 0.86 0.72 0.00
vt 0.98 0.72 0.00
vt 0.93 0.72 0.00
vt 0.93 0.66 0.00
vt 0.98 0.66 0.00
vt 0.97 0.72 0.00
vt 0.97 0.75 0.00
vt 0.92 0.75 0.00
vt 0.92 0.72 0.00
vt 0.89 0.72 0.00
vt 0.89 0.66 0.00
vt 0.64 0.95 0.00
vt 0.59 0.95 0.00
vt 0.59 0.90 0.00
vt 0.64 0.90 0.00
vt 0.66 0.96 0.00
vt 0.66 0.99 0.00
vt 0.61 0.99 0.00
vt 0.61 0.96 0.00
vt 0.65 0.95 0.00
vt 0.65 0.90 0.00
vt 0.68 0.90 0.00
vt 0.68 0.95 0.00
vt 0.80 0.96 0.00
vt 0.74 0.96 0.00
vt 0.74 0.90 0.00
vt 0.80 0.90 0.00
vt 0.78 0.96 0.00
vt 0.78 1.00 0.00
vt 0.73 1.00 0.00
vt 0.73 0.96 0.00
vt 0.70 0.96 0.00
vt 0.70 0.90 0.00
vt 0.79 0.62 0.00
vt 0.79 0.56 0.00
vt 0.84 0.56 0.00
vt 0.84 0.62 0.00
vt 0.86 0.63 0.00
vt 0.86 0.66 0.00
vt 0.81 0.66 0.00
vt 0.81 0.63 0.00
vt 0.85 0.62 0.00
vt 0.88 0.62 0.00
vt 0.88 0.56 0.00
vt 0.85 0.56 0.00
vt 0.89 0.62 0.00
vt 0.89 0.57 0.00
vt 0.94 0.57 0.00
vt 0.94 0.62 0.00
vt 0.95 0.63 0.00
vt 0.95 0.66 0.00
vt 0.90 0.66 0.00
vt 0.90 0.63 0.00
vt 0.95 0.62 0.00
vt 0.95 0.57 0.00
vt 0.98 0.57 0.00
vt 0.98 0.62 0.00
vt 0.87 0.82 0.00
vt 0.87 0.76 0.00
vt 0.93 0.76 0.00
vt 0.93 0.82 0.00
vt 0.91 0.89 0.00
vt 0.87 0.89 0.00
vt 0.87 0.83 0.00
vt 0.91 0.83 0.00
vt 0.99 0.76 0.00
vt 0.99 0.82 0.00
vt 0.96 0.90 0.00
vt 0.96 0.83 0.00
vt 0.99 0.83 0.00
vt 0.99 0.90 0.00
vt 0.92 0.90 0.00
vt 0.95 0.90 0.00
vt 0.95 0.83 0.00
vt 0.92 0.83 0.00
vt 0.81 0.32 0.00
vt 0.81 0.25 0.00
vt 0.88 0.25 0.00
vt 0.88 0.32 0.00
vt 0.86 0.40 0.00
vt 0.82 0.40 0.00
vt 0.82 0.33 0.00
vt 0.86 0.33 0.00
vt 0.95 0.25 0.00
vt 0.95 0.32 0.00
vt 0.91 0.41 0.00
vt 0.91 0.33 0.00
vt 0.95 0.33 0.00
vt 0.95 0.41 0.00
vt 0.86 0.41 0.00
vt 0.90 0.33 0.00
vt 0.90 0.41 0.00
vt 0.91 0.95 0.00
vt 0.91 0.90 0.00
vt 0.96 0.95 0.00
vt 0.97 0.96 0.00
vt 0.97 0.99 0.00
vt 0.92 0.99 0.00
vt 0.92 0.96 0.00
vt 0.97 0.95 0.00
vt 0.97 0.90 0.00
vt 0.99 0.95 0.00
vt 0.81 0.95 0.00
vt 0.81 0.90 0.00
vt 0.86 0.90 0.00
vt 0.86 0.95 0.00
vt 0.87 0.96 0.00
vt 0.87 0.99 0.00
vt 0.83 0.99 0.00
vt 0.83 0.96 0.00
vt 0.87 0.95 0.00
vt 0.87 0.90 0.00
vt 0.89 0.90 0.00
vt 0.89 0.95 0.00
vt 0.82 0.48 0.00
vt 0.82 0.41 0.00
vt 0.88 0.41 0.00
vt 0.88 0.48 0.00
vt 0.86 0.55 0.00
vt 0.83 0.55 0.00
vt 0.83 0.49 0.00
vt 0.86 0.49 0.00
vt 0.89 0.48 0.00
vt 0.89 0.41 0.00
vt 0.95 0.48 0.00
vt 0.91 0.56 0.00
vt 0.91 0.49 0.00
vt 0.95 0.49 0.00
vt 0.95 0.56 0.00
vt 0.87 0.56 0.00
vt 0.87 0.49 0.00
# 320 texture coords

o Castle_Exterior
g Castle_Exterior
usemtl MAT_Castle_Exterior
f 1/1/1 2/1/1 3/2/1 
f 3/2/1 4/3/1 1/1/1 
f 5/4/2 6/5/2 7/6/2 
f 7/6/2 8/7/2 5/4/2 
f 9/2/3 10/1/3 11/1/3 
f 11/1/3 12/3/3 9/2/3 
f 9/8/4 12/9/5 4/10/5 
f 4/10/5 3/11/4 9/8/4 
f 6/12/1 1/1/1 4/3/1 
f 4/3/1 7/13/1 6/12/1 
f 11/1/3 8/13/3 12/3/3 
f 8/13/3 11/1/3 5/12/3 
f 11/1/3 10/1/3 13/14/3 
f 13/14/3 14/14/3 11/1/3 
f 5/12/3 11/1/3 14/14/3 
f 14/14/3 15/15/3 5/12/3 
f 6/5/2 5/4/2 15/16/2 
f 15/16/2 16/17/2 6/5/2 
f 16/15/1 17/14/1 1/1/1 
f 1/1/1 6/12/1 16/15/1 
f 17/14/1 18/14/1 2/1/1 
f 2/1/1 1/1/1 17/14/1 
f 2/1/1 19/18/1 20/19/1 
f 20/19/1 3/2/1 2/1/1 
f 3/11/4 20/20/6 21/21/6 
f 21/21/6 9/8/4 3/11/4 
f 10/1/3 21/19/3 22/18/3 
f 21/19/3 10/1/3 9/2/3 
f 10/1/3 22/18/3 23/22/3 
f 23/22/3 13/14/3 10/1/3 
f 18/14/1 24/22/1 19/18/1 
f 19/18/1 2/1/1 18/14/1 
f 19/18/1 25/23/1 26/24/1 
f 26/24/1 20/19/1 19/18/1 
f 20/20/6 26/25/7 27/26/7 
f 27/26/7 21/21/6 20/20/6 
f 22/18/3 27/24/3 28/23/3 
f 27/24/3 22/18/3 21/19/3 
f 22/18/3 28/23/3 29/27/3 
f 29/27/3 23/22/3 22/18/3 
f 24/22/1 30/27/1 25/23/1 
f 25/23/1 19/18/1 24/22/1 
f 25/23/1 31/28/1 32/28/1 
f 32/28/1 26/24/1 25/23/1 
f 26/25/7 32/29/8 33/30/8 
f 33/30/8 27/26/7 26/25/7 
f 28/23/3 33/31/3 34/31/3 
f 33/31/3 28/23/3 27/24/3 
f 28/23/3 34/31/3 35/32/3 
f 35/32/3 29/27/3 28/23/3 
f 30/27/1 36/33/1 31/28/1 
f 31/28/1 25/23/1 30/27/1 
f 37/34/1 32/28/1 31/28/1 
f 37/34/1 31/28/1 38/34/1 
f 37/34/1 38/34/1 39/35/1 
f 37/34/1 39/35/1 40/35/1 
f 41/36/9 33/30/8 32/29/8 
f 41/36/9 32/29/8 37/37/9 
f 41/36/9 37/37/9 40/38/9 
f 41/36/9 40/38/9 42/39/9 
f 43/34/3 42/35/3 44/35/3 
f 43/34/3 41/34/3 42/35/3 
f 43/34/3 33/31/3 41/34/3 
f 43/34/3 34/31/3 33/31/3 
f 45/40/3 35/32/3 34/31/3 
f 45/40/3 34/31/3 43/34/3 
f 45/40/3 43/34/3 44/35/3 
f 45/40/3 44/35/3 46/41/3 
f 38/34/1 31/28/1 36/33/1 
f 38/34/1 36/33/1 47/40/1 
f 38/34/1 47/40/1 48/41/1 
f 38/34/1 48/41/1 39/35/1 
f 49/42/1 50/43/1 51/43/1 
f 51/43/1 4/3/1 49/42/1 
f 7/6/2 52/44/2 53/45/2 
f 53/45/2 8/7/2 7/6/2 
f 54/42/3 12/3/3 55/43/3 
f 55/43/3 56/43/3 54/42/3 
f 4/46/10 12/47/10 54/48/11 
f 54/48/11 49/49/11 4/46/10 
f 4/3/1 51/43/1 52/50/1 
f 52/50/1 7/13/1 4/3/1 
f 8/13/3 55/43/3 12/3/3 
f 55/43/3 8/13/3 53/50/3 
f 57/51/3 56/43/3 55/43/3 
f 55/43/3 58/51/3 57/51/3 
f 58/51/3 55/43/3 53/50/3 
f 53/50/3 59/52/3 58/51/3 
f 59/53/2 53/45/2 52/44/2 
f 52/44/2 60/54/2 59/53/2 
f 51/43/1 61/51/1 60/52/1 
f 60/52/1 52/50/1 51/43/1 
f 50/43/1 62/51/1 61/51/1 
f 61/51/1 51/43/1 50/43/1 
f 63/55/1 64/56/1 50/43/1 
f 50/43/1 49/42/1 63/55/1 
f 65/57/12 63/58/12 49/49/11 
f 49/49/11 54/48/11 65/57/12 
f 56/43/3 65/55/3 54/42/3 
f 65/55/3 56/43/3 66/56/3 
f 67/59/3 66/56/3 56/43/3 
f 56/43/3 57/51/3 67/59/3 
f 64/56/1 68/59/1 62/51/1 
f 62/51/1 50/43/1 64/56/1 
f 69/60/1 70/61/1 64/56/1 
f 64/56/1 63/55/1 69/60/1 
f 71/62/13 69/63/13 63/58/12 
f 63/58/12 65/57/12 71/62/13 
f 66/56/3 71/60/3 65/55/3 
f 71/60/3 66/56/3 72/61/3 
f 73/64/3 72/61/3 66/56/3 
f 66/56/3 67/59/3 73/64/3 
f 70/61/1 74/64/1 68/59/1 
f 68/59/1 64/56/1 70/61/1 
f 75/65/14 76/66/14 70/61/1 
f 70/61/1 69/60/1 75/65/14 
f 77/67/15 75/68/15 69/63/13 
f 69/63/13 71/62/13 77/67/15 
f 72/61/3 77/69/3 71/60/3 
f 77/69/3 72/61/3 78/70/3 
f 79/71/3 78/70/3 72/61/3 
f 72/61/3 73/64/3 79/71/3 
f 76/66/14 80/72/1 74/64/1 
f 74/64/1 70/61/1 76/66/14 
f 81/73/14 82/74/14 83/74/14 
f 81/73/14 83/74/14 84/73/14 
f 81/73/14 84/73/14 76/66/14 
f 81/73/14 76/66/14 75/65/14 
f 85/75/16 86/76/16 82/77/16 
f 85/75/16 82/77/16 81/78/16 
f 85/75/16 81/78/16 75/68/15 
f 85/75/16 75/68/15 77/67/15 
f 87/73/3 77/69/3 78/70/3 
f 87/73/3 85/73/3 77/69/3 
f 87/73/3 86/74/3 85/73/3 
f 87/73/3 88/74/3 86/74/3 
f 89/79/3 90/80/3 88/74/3 
f 89/79/3 88/74/3 87/73/3 
f 89/79/3 87/73/3 78/70/3 
f 89/79/3 78/70/3 79/71/3 
f 84/73/14 83/74/14 91/80/1 
f 84/73/14 91/80/1 92/79/1 
f 84/73/14 92/79/1 80/72/1 
f 84/73/14 80/72/1 76/66/14 
f 93/81/17 94/82/17 95/83/18 
f 95/83/18 96/84/18 93/81/17 
f 96/84/18 95/83/18 97/85/19 
f 97/85/19 98/86/19 96/84/18 
f 98/86/19 97/85/19 99/87/3 
f 99/87/3 100/88/3 98/86/19 
f 100/89/3 99/90/3 101/91/20 
f 101/91/20 102/92/20 100/89/3 
f 102/92/20 101/91/20 103/93/21 
f 103/93/21 104/94/21 102/92/20 
f 104/94/21 103/93/21 105/95/22 
f 105/95/22 106/96/22 104/94/21 
f 106/96/22 105/95/22 107/97/23 
f 107/97/23 108/98/23 106/96/22 
f 108/98/23 107/97/23 109/99/24 
f 109/99/24 110/100/24 108/98/23 
f 110/100/24 109/99/24 111/101/25 
f 111/101/25 112/102/25 110/100/24 
f 112/102/25 111/101/25 113/103/26 
f 113/103/26 114/104/26 112/102/25 
f 114/104/26 113/103/26 115/105/1 
f 115/105/1 116/106/1 114/104/26 
f 116/106/1 115/105/1 117/107/27 
f 117/107/27 118/108/27 116/106/1 
f 118/108/27 117/107/27 119/109/28 
f 119/109/28 120/110/28 118/108/27 
f 120/110/28 119/109/28 121/111/29 
f 121/111/29 122/112/29 120/110/28 
f 122/112/29 121/111/29 123/113/30 
f 123/113/30 124/114/30 122/112/29 
f 124/114/30 123/113/30 94/82/17 
f 94/82/17 93/81/17 124/114/30 
f 125/115/2 126/116/2 127/117/2 
f 127/117/2 128/118/2 129/119/2 
f 129/119/2 130/120/2 131/121/2 
f 127/117/2 129/119/2 131/121/2 
f 131/121/2 132/122/2 133/123/2 
f 133/123/2 134/124/2 135/125/2 
f 131/121/2 133/123/2 135/125/2 
f 127/117/2 131/121/2 135/125/2 
f 135/125/2 136/126/2 137/127/2 
f 137/127/2 138/128/2 139/129/2 
f 135/125/2 137/127/2 139/129/2 
f 127/117/2 135/125/2 139/129/2 
f 125/115/2 127/117/2 139/129/2 
f 125/115/2 139/129/2 140/130/2 
f 141/131/31 96/132/31 142/119/31 
f 96/132/31 141/131/31 93/133/31 
f 142/119/31 98/134/31 143/120/31 
f 98/134/31 142/119/31 96/132/31 
f 143/120/31 100/135/31 144/121/31 
f 100/135/31 143/120/31 98/134/31 
f 144/121/31 102/136/31 145/122/31 
f 102/136/31 144/121/31 100/135/31 
f 145/122/31 104/137/31 146/123/31 
f 104/137/31 145/122/31 102/136/31 
f 146/123/31 106/138/31 147/124/31 
f 106/138/31 146/123/31 104/137/31 
f 147/124/31 108/139/31 148/125/31 
f 108/139/31 147/124/31 106/138/31 
f 148/125/31 110/140/31 149/126/31 
f 110/140/31 148/125/31 108/139/31 
f 149/126/31 112/141/31 150/127/31 
f 112/141/31 149/126/31 110/140/31 
f 150/127/31 114/142/31 151/128/31 
f 114/142/31 150/127/31 112/141/31 
f 151/128/31 116/143/31 152/129/31 
f 116/143/31 151/128/31 114/142/31 
f 152/129/31 118/144/32 153/130/32 
f 118/144/32 152/129/31 116/143/31 
f 153/130/32 120/145/31 154/115/31 
f 120/145/31 153/130/32 118/144/32 
f 154/115/31 122/146/31 155/147/31 
f 122/146/31 154/115/31 120/145/31 
f 155/147/31 124/148/31 156/117/31 
f 124/148/31 155/147/31 122/146/31 
f 156/117/31 93/133/31 141/131/31 
f 93/133/31 156/117/31 124/148/31 
f 142/84/18 129/149/18 128/150/17 
f 128/150/17 141/81/17 142/84/18 
f 143/86/19 130/151/19 129/149/18 
f 129/149/18 142/84/18 143/86/19 
f 144/88/3 131/152/3 130/151/19 
f 130/151/19 143/86/19 144/88/3 
f 145/92/20 132/153/20 131/154/3 
f 131/154/3 144/89/3 145/92/20 
f 146/94/21 133/155/21 132/153/20 
f 132/153/20 145/92/20 146/94/21 
f 147/96/22 134/156/22 133/155/21 
f 133/155/21 146/94/21 147/96/22 
f 148/98/23 135/157/23 134/156/22 
f 134/156/22 147/96/22 148/98/23 
f 149/100/24 136/158/24 135/157/23 
f 135/157/23 148/98/23 149/100/24 
f 150/102/25 137/159/25 136/158/24 
f 136/158/24 149/100/24 150/102/25 
f 151/104/26 138/160/26 137/159/25 
f 137/159/25 150/102/25 151/104/26 
f 152/106/1 139/161/1 138/160/26 
f 138/160/26 151/104/26 152/106/1 
f 153/108/27 140/162/27 139/161/1 
f 139/161/1 152/106/1 153/108/27 
f 154/110/28 125/163/28 140/162/27 
f 140/162/27 153/108/27 154/110/28 
f 155/112/29 126/164/29 125/163/28 
f 125/163/28 154/110/28 155/112/29 
f 156/114/30 127/165/30 126/164/29 
f 126/164/29 155/112/29 156/114/30 
f 141/81/17 128/150/17 127/165/30 
f 127/165/30 156/114/30 141/81/17 
f 157/166/30 158/167/30 159/168/30 
f 159/168/30 160/169/30 157/166/30 
f 161/170/2 157/171/2 160/172/2 
f 160/172/2 162/166/2 161/170/2 
f 163/167/23 162/169/23 164/168/23 
f 162/169/23 163/167/23 161/166/23 
f 165/166/30 166/167/30 167/168/30 
f 167/168/30 168/169/30 165/166/30 
f 169/170/2 165/171/2 168/172/2 
f 168/172/2 170/166/2 169/170/2 
f 171/167/23 170/169/23 172/168/23 
f 170/169/23 171/167/23 169/166/23 
f 173/81/17 174/82/17 175/83/18 
f 175/83/18 176/84/18 173/81/17 
f 176/84/18 175/83/18 177/85/19 
f 177/85/19 178/86/19 176/84/18 
f 178/86/19 177/85/19 179/87/3 
f 179/87/3 180/88/3 178/86/19 
f 180/89/3 179/90/3 181/91/20 
f 181/91/20 182/92/20 180/89/3 
f 182/92/20 181/91/20 183/93/21 
f 183/93/21 184/94/21 182/92/20 
f 184/94/21 183/93/21 185/95/22 
f 185/95/22 186/96/22 184/94/21 
f 186/96/22 185/95/22 187/97/23 
f 187/97/23 188/98/23 186/96/22 
f 188/98/23 187/97/23 189/99/24 
f 189/99/24 190/100/24 188/98/23 
f 190/100/24 189/99/24 191/101/25 
f 191/101/25 192/102/25 190/100/24 
f 192/102/25 191/101/25 193/103/26 
f 193/103/26 194/104/26 192/102/25 
f 194/104/26 193/103/26 195/105/1 
f 195/105/1 196/106/1 194/104/26 
f 196/106/1 195/105/1 197/107/27 
f 197/107/27 198/108/27 196/106/1 
f 198/108/27 197/107/27 199/109/28 
f 199/109/28 200/110/28 198/108/27 
f 200/110/28 199/109/28 201/111/29 
f 201/111/29 202/112/29 200/110/28 
f 202/112/29 201/111/29 203/113/30 
f 203/113/30 204/114/30 202/112/29 
f 204/114/30 203/113/30 174/82/17 
f 174/82/17 173/81/17 204/114/30 
f 205/115/2 206/116/2 207/117/2 
f 207/117/2 208/118/2 209/119/2 
f 209/119/2 210/120/2 211/121/2 
f 207/117/2 209/119/2 211/121/2 
f 211/121/2 212/122/2 213/123/2 
f 213/123/2 214/124/2 215/125/2 
f 211/121/2 213/123/2 215/125/2 
f 207/117/2 211/121/2 215/125/2 
f 215/125/2 216/126/2 217/127/2 
f 217/127/2 218/128/2 219/129/2 
f 215/125/2 217/127/2 219/129/2 
f 207/117/2 215/125/2 219/129/2 
f 205/115/2 207/117/2 219/129/2 
f 205/115/2 219/129/2 220/130/2 
f 221/131/31 176/132/31 222/119/31 
f 176/132/31 221/131/31 173/133/31 
f 222/119/31 178/134/31 223/120/31 
f 178/134/31 222/119/31 176/132/31 
f 223/120/31 180/135/31 224/121/31 
f 180/135/31 223/120/31 178/134/31 
f 224/121/31 182/136/31 225/122/31 
f 182/136/31 224/121/31 180/135/31 
f 225/122/31 184/137/31 226/123/31 
f 184/137/31 225/122/31 182/136/31 
f 226/123/31 186/138/31 227/124/31 
f 186/138/31 226/123/31 184/137/31 
f 227/124/31 188/139/31 228/125/31 
f 188/139/31 227/124/31 186/138/31 
f 228/125/31 190/140/31 229/126/31 
f 190/140/31 228/125/31 188/139/31 
f 229/126/31 192/141/31 230/127/31 
f 192/141/31 229/126/31 190/140/31 
f 230/127/31 194/142/31 231/128/31 
f 194/142/31 230/127/31 192/141/31 
f 231/128/31 196/143/31 232/129/31 
f 196/143/31 231/128/31 194/142/31 
f 232/129/31 198/144/32 233/130/32 
f 198/144/32 232/129/31 196/143/31 
f 233/130/32 200/145/31 234/115/31 
f 200/145/31 233/130/32 198/144/32 
f 234/115/31 202/146/31 235/147/31 
f 202/146/31 234/115/31 200/145/31 
f 235/147/31 204/148/31 236/117/31 
f 204/148/31 235/147/31 202/146/31 
f 236/117/31 173/133/31 221/131/31 
f 173/133/31 236/117/31 204/148/31 
f 222/84/18 209/149/18 208/150/17 
f 208/150/17 221/81/17 222/84/18 
f 223/86/19 210/151/19 209/149/18 
f 209/149/18 222/84/18 223/86/19 
f 224/88/3 211/152/3 210/151/19 
f 210/151/19 223/86/19 224/88/3 
f 225/92/20 212/153/20 211/154/3 
f 211/154/3 224/89/3 225/92/20 
f 226/94/21 213/155/21 212/153/20 
f 212/153/20 225/92/20 226/94/21 
f 227/96/22 214/156/22 213/155/21 
f 213/155/21 226/94/21 227/96/22 
f 228/98/23 215/157/23 214/156/22 
f 214/156/22 227/96/22 228/98/23 
f 229/100/24 216/158/24 215/157/23 
f 215/157/23 228/98/23 229/100/24 
f 230/102/25 217/159/25 216/158/24 
f 216/158/24 229/100/24 230/102/25 
f 231/104/26 218/160/26 217/159/25 
f 217/159/25 230/102/25 231/104/26 
f 232/106/1 219/161/1 218/160/26 
f 218/160/26 231/104/26 232/106/1 
f 233/108/27 220/162/27 219/161/1 
f 219/161/1 232/106/1 233/108/27 
f 234/110/28 205/163/28 220/162/27 
f 220/162/27 233/108/27 234/110/28 
f 235/112/29 206/164/29 205/163/28 
f 205/163/28 234/110/28 235/112/29 
f 236/114/30 207/165/30 206/164/29 
f 206/164/29 235/112/29 236/114/30 
f 221/81/17 208/150/17 207/165/30 
f 207/165/30 236/114/30 221/81/17 
f 237/81/17 238/82/17 239/83/18 
f 239/83/18 240/84/18 237/81/17 
f 240/84/18 239/83/18 241/85/19 
f 241/85/19 242/86/19 240/84/18 
f 242/86/19 241/85/19 243/87/3 
f 243/87/3 244/88/3 242/86/19 
f 244/89/3 243/90/3 245/91/20 
f 245/91/20 246/92/20 244/89/3 
f 246/92/20 245/91/20 247/93/21 
f 247/93/21 248/94/21 246/92/20 
f 248/94/21 247/93/21 249/95/22 
f 249/95/22 250/96/22 248/94/21 
f 250/96/22 249/95/22 251/97/23 
f 251/97/23 252/98/23 250/96/22 
f 252/98/23 251/97/23 253/99/24 
f 253/99/24 254/100/24 252/98/23 
f 254/100/24 253/99/24 255/101/25 
f 255/101/25 256/102/25 254/100/24 
f 256/102/25 255/101/25 257/103/26 
f 257/103/26 258/104/26 256/102/25 
f 258/104/26 257/103/26 259/105/1 
f 259/105/1 260/106/1 258/104/26 
f 260/106/1 259/105/1 261/107/27 
f 261/107/27 262/108/27 260/106/1 
f 262/108/27 261/107/27 263/109/28 
f 263/109/28 264/110/28 262/108/27 
f 264/110/28 263/109/28 265/111/29 
f 265/111/29 266/112/29 264/110/28 
f 266/112/29 265/111/29 267/113/30 
f 267/113/30 268/114/30 266/112/29 
f 268/114/30 267/113/30 238/82/17 
f 238/82/17 237/81/17 268/114/30 
f 269/115/2 270/116/2 271/117/2 
f 271/117/2 272/118/2 273/119/2 
f 273/119/2 274/120/2 275/121/2 
f 271/117/2 273/119/2 275/121/2 
f 275/121/2 276/122/2 277/123/2 
f 277/123/2 278/124/2 279/125/2 
f 275/121/2 277/123/2 279/125/2 
f 271/117/2 275/121/2 279/125/2 
f 279/125/2 280/126/2 281/127/2 
f 281/127/2 282/128/2 283/129/2 
f 279/125/2 281/127/2 283/129/2 
f 271/117/2 279/125/2 283/129/2 
f 269/115/2 271/117/2 283/129/2 
f 269/115/2 283/129/2 284/130/2 
f 285/131/31 240/132/31 286/119/31 
f 240/132/31 285/131/31 237/133/31 
f 286/119/31 242/134/31 287/120/31 
f 242/134/31 286/119/31 240/132/31 
f 287/120/31 244/135/31 288/121/31 
f 244/135/31 287/120/31 242/134/31 
f 288/121/31 246/136/31 289/122/31 
f 246/136/31 288/121/31 244/135/31 
f 289/122/31 248/137/31 290/123/31 
f 248/137/31 289/122/31 246/136/31 
f 290/123/31 250/138/31 291/124/31 
f 250/138/31 290/123/31 248/137/31 
f 291/124/31 252/139/31 292/125/31 
f 252/139/31 291/124/31 250/138/31 
f 292/125/31 254/140/31 293/126/31 
f 254/140/31 292/125/31 252/139/31 
f 293/126/31 256/141/31 294/127/31 
f 256/141/31 293/126/31 254/140/31 
f 294/127/31 258/142/31 295/128/31 
f 258/142/31 294/127/31 256/141/31 
f 295/128/31 260/143/31 296/129/31 
f 260/143/31 295/128/31 258/142/31 
f 296/129/31 262/144/32 297/130/32 
f 262/144/32 296/129/31 260/143/31 
f 297/130/32 264/145/31 298/115/31 
f 264/145/31 297/130/32 262/144/32 
f 298/115/31 266/146/31 299/147/31 
f 266/146/31 298/115/31 264/145/31 
f 299/147/31 268/148/31 300/117/31 
f 268/148/31 299/147/31 266/146/31 
f 300/117/31 237/133/31 285/131/31 
f 237/133/31 300/117/31 268/148/31 
f 286/84/18 273/149/18 272/150/17 
f 272/150/17 285/81/17 286/84/18 
f 287/86/19 274/151/19 273/149/18 
f 273/149/18 286/84/18 287/86/19 
f 288/88/3 275/152/3 274/151/19 
f 274/151/19 287/86/19 288/88/3 
f 289/92/20 276/153/20 275/154/3 
f 275/154/3 288/89/3 289/92/20 
f 290/94/21 277/155/21 276/153/20 
f 276/153/20 289/92/20 290/94/21 
f 291/96/22 278/156/22 277/155/21 
f 277/155/21 290/94/21 291/96/22 
f 292/98/23 279/157/23 278/156/22 
f 278/156/22 291/96/22 292/98/23 
f 293/100/24 280/158/24 279/157/23 
f 279/157/23 292/98/23 293/100/24 
f 294/102/25 281/159/25 280/158/24 
f 280/158/24 293/100/24 294/102/25 
f 295/104/26 282/160/26 281/159/25 
f 281/159/25 294/102/25 295/104/26 
f 296/106/1 283/161/1 282/160/26 
f 282/160/26 295/104/26 296/106/1 
f 297/108/27 284/162/27 283/161/1 
f 283/161/1 296/106/1 297/108/27 
f 298/110/28 269/163/28 284/162/27 
f 284/162/27 297/108/27 298/110/28 
f 299/112/29 270/164/29 269/163/28 
f 269/163/28 298/110/28 299/112/29 
f 300/114/30 271/165/30 270/164/29 
f 270/164/29 299/112/29 300/114/30 
f 285/81/17 272/150/17 271/165/30 
f 271/165/30 300/114/30 285/81/17 
f 301/173/3 302/174/3 303/175/3 
f 303/175/3 304/176/3 301/173/3 
f 302/177/2 305/178/2 306/179/2 
f 306/179/2 303/180/2 302/177/2 
f 307/176/1 306/175/1 305/174/1 
f 305/174/1 308/173/1 307/176/1 
f 309/181/33 310/182/33 311/183/33 
f 311/183/33 312/184/33 309/181/33 
f 313/185/2 309/186/2 312/187/2 
f 312/187/2 314/188/2 313/185/2 
f 315/181/34 313/182/34 314/183/34 
f 314/183/34 316/184/34 315/181/34 
f 312/181/35 311/184/35 316/189/35 
f 316/189/35 314/190/35 312/181/35 
f 313/181/36 315/184/36 310/189/36 
f 310/189/36 309/190/36 313/181/36 
f 317/191/37 318/192/37 319/193/37 
f 319/193/37 320/194/37 317/191/37 
f 321/195/2 317/196/2 320/197/2 
f 320/197/2 322/198/2 321/195/2 
f 323/191/38 321/192/38 322/193/38 
f 322/193/38 324/194/38 323/191/38 
f 320/199/39 319/200/39 324/193/39 
f 324/193/39 322/192/39 320/199/39 
f 321/199/40 323/200/40 318/193/40 
f 318/193/40 317/192/40 321/199/40 
f 325/181/41 326/182/41 327/183/41 
f 327/183/41 328/184/41 325/181/41 
f 329/185/2 325/186/2 328/187/2 
f 328/187/2 330/188/2 329/185/2 
f 331/181/42 329/182/42 330/183/42 
f 330/183/42 332/184/42 331/181/42 
f 328/181/43 327/184/43 332/189/43 
f 332/189/43 330/190/43 328/181/43 
f 329/181/44 331/184/44 326/189/44 
f 326/189/44 325/190/44 329/181/44 
f 333/191/45 334/192/45 335/193/45 
f 335/193/45 336/194/45 333/191/45 
f 337/195/2 333/196/2 336/197/2 
f 336/197/2 338/198/2 337/195/2 
f 339/191/46 337/192/46 338/193/46 
f 338/193/46 340/194/46 339/191/46 
f 336/199/47 335/200/47 340/193/47 
f 340/193/47 338/192/47 336/199/47 
f 337/199/48 339/200/48 334/193/48 
f 334/193/48 333/192/48 337/199/48 
f 341/201/49 342/202/49 343/203/49 
f 343/203/49 344/204/49 341/201/49 
f 345/205/2 341/206/2 344/207/2 
f 344/207/2 346/208/2 345/205/2 
f 347/201/50 345/202/50 346/203/50 
f 346/203/50 348/204/50 347/201/50 
f 344/209/51 343/210/51 348/211/51 
f 348/211/51 346/212/51 344/209/51 
f 345/209/52 347/210/52 342/211/52 
f 342/211/52 341/212/52 345/209/52 
f 349/213/53 350/214/53 351/215/53 
f 351/215/53 352/216/53 349/213/53 
f 353/217/54 349/218/54 352/219/54 
f 352/219/54 354/220/54 353/217/54 
f 355/213/55 353/214/55 354/215/55 
f 354/215/55 356/216/55 355/213/55 
f 352/221/56 351/222/56 356/215/56 
f 356/215/56 354/214/56 352/221/56 
f 353/221/57 355/222/57 350/215/57 
f 350/215/57 349/214/57 353/221/57 
f 357/201/58 358/202/58 359/203/58 
f 359/203/58 360/204/58 357/201/58 
f 361/205/54 357/206/54 360/207/54 
f 360/207/54 362/208/54 361/205/54 
f 363/201/59 361/202/59 362/203/59 
f 362/203/59 364/204/59 363/201/59 
f 360/209/60 359/210/60 364/211/60 
f 364/211/60 362/212/60 360/209/60 
f 361/209/61 363/210/61 358/211/61 
f 358/211/61 357/212/61 361/209/61 
f 365/213/62 366/214/62 367/215/62 
f 367/215/62 368/216/62 365/213/62 
f 369/217/54 365/218/54 368/219/54 
f 368/219/54 370/220/54 369/217/54 
f 371/213/63 369/214/63 370/215/63 
f 370/215/63 372/216/63 371/213/63 
f 368/221/64 367/222/64 372/215/64 
f 372/215/64 370/214/64 368/221/64 
f 369/221/65 371/222/65 366/215/65 
f 366/215/65 365/214/65 369/221/65 
f 373/201/66 374/202/66 375/203/66 
f 375/203/66 376/204/66 373/201/66 
f 377/205/54 373/206/54 376/207/54 
f 376/207/54 378/208/54 377/205/54 
f 379/201/67 377/202/67 378/203/67 
f 378/203/67 380/204/67 379/201/67 
f 376/209/68 375/210/68 380/211/68 
f 380/211/68 378/212/68 376/209/68 
f 377/209/69 379/210/69 374/211/69 
f 374/211/69 373/212/69 377/209/69 
f 381/213/70 382/214/70 383/215/70 
f 383/215/70 384/216/70 381/213/70 
f 385/217/2 381/218/2 384/219/2 
f 384/219/2 386/220/2 385/217/2 
f 387/213/71 385/214/71 386/215/71 
f 386/215/71 388/216/71 387/213/71 
f 384/221/72 383/222/72 388/215/72 
f 388/215/72 386/214/72 384/221/72 
f 385/221/73 387/222/73 382/215/73 
f 382/215/73 381/214/73 385/221/73 
f 389/201/74 390/202/74 391/203/74 
f 391/203/74 392/204/74 389/201/74 
f 393/205/2 389/206/2 392/207/2 
f 392/207/2 394/208/2 393/205/2 
f 395/201/75 393/202/75 394/203/75 
f 394/203/75 396/204/75 395/201/75 
f 392/209/76 391/210/76 396/211/76 
f 396/211/76 394/212/76 392/209/76 
f 393/209/77 395/210/77 390/211/77 
f 390/211/77 389/212/77 393/209/77 
f 397/213/78 398/214/78 399/215/78 
f 399/215/78 400/216/78 397/213/78 
f 401/217/2 397/218/2 400/219/2 
f 400/219/2 402/220/2 401/217/2 
f 403/213/79 401/214/79 402/215/79 
f 402/215/79 404/216/79 403/213/79 
f 400/221/80 399/222/80 404/215/80 
f 404/215/80 402/214/80 400/221/80 
f 401/221/81 403/222/81 398/215/81 
f 398/215/81 397/214/81 401/221/81 
f 405/181/82 406/182/82 407/183/82 
f 407/183/82 408/184/82 405/181/82 
f 409/185/2 405/186/2 408/187/2 
f 408/187/2 410/188/2 409/185/2 
f 411/181/83 409/182/83 410/183/83 
f 410/183/83 412/184/83 411/181/83 
f 408/181/84 407/184/84 412/189/84 
f 412/189/84 410/190/84 408/181/84 
f 409/181/85 411/184/85 406/189/85 
f 406/189/85 405/190/85 409/181/85 
f 413/191/86 414/192/86 415/193/86 
f 415/193/86 416/194/86 413/191/86 
f 417/195/2 413/196/2 416/197/2 
f 416/197/2 418/198/2 417/195/2 
f 419/191/87 417/192/87 418/193/87 
f 418/193/87 420/194/87 419/191/87 
f 416/199/88 415/200/88 420/193/88 
f 420/193/88 418/192/88 416/199/88 
f 417/199/89 419/200/89 414/193/89 
f 414/193/89 413/192/89 417/199/89 
f 421/181/90 422/182/90 423/183/90 
f 423/183/90 424/184/90 421/181/90 
f 425/185/54 421/186/54 424/187/54 
f 424/187/54 426/188/54 425/185/54 
f 427/181/91 425/182/91 426/183/91 
f 426/183/91 428/184/91 427/181/91 
f 424/181/92 423/184/92 428/189/92 
f 428/189/92 426/190/92 424/181/92 
f 425/181/93 427/184/93 422/189/93 
f 422/189/93 421/190/93 425/181/93 
f 429/191/94 430/192/94 431/193/94 
f 431/193/94 432/194/94 429/191/94 
f 433/195/2 429/196/2 432/197/2 
f 432/197/2 434/198/2 433/195/2 
f 435/191/95 433/192/95 434/193/95 
f 434/193/95 436/194/95 435/191/95 
f 432/199/96 431/200/96 436/193/96 
f 436/193/96 434/192/96 432/199/96 
f 433/199/97 435/200/97 430/193/97 
f 430/193/97 429/192/97 433/199/97 
f 437/213/86 438/214/86 439/215/86 
f 439/215/86 440/216/86 437/213/86 
f 441/217/2 437/218/2 440/219/2 
f 440/219/2 442/220/2 441/217/2 
f 443/213/87 441/214/87 442/215/87 
f 442/215/87 444/216/87 443/213/87 
f 440/221/88 439/222/88 444/215/88 
f 444/215/88 442/214/88 440/221/88 
f 441/221/89 443/222/89 438/215/89 
f 438/215/89 437/214/89 441/221/89 
f 445/201/90 446/202/90 447/203/90 
f 447/203/90 448/204/90 445/201/90 
f 449/205/54 445/206/54 448/207/54 
f 448/207/54 450/208/54 449/205/54 
f 451/201/91 449/202/91 450/203/91 
f 450/203/91 452/204/91 451/201/91 
f 448/209/92 447/210/92 452/211/92 
f 452/211/92 450/212/92 448/209/92 
f 449/209/93 451/210/93 446/211/93 
f 446/211/93 445/212/93 449/209/93 
f 453/213/94 454/214/94 455/215/94 
f 455/215/94 456/216/94 453/213/94 
f 457/217/2 453/218/2 456/219/2 
f 456/219/2 458/220/2 457/217/2 
f 459/213/95 457/214/95 458/215/95 
f 458/215/95 460/216/95 459/213/95 
f 456/221/96 455/222/96 460/215/96 
f 460/215/96 458/214/96 456/221/96 
f 457/221/97 459/222/97 454/215/97 
f 454/215/97 453/214/97 457/221/97 
f 461/201/33 462/202/33 463/203/33 
f 463/203/33 464/204/33 461/201/33 
f 465/205/2 461/206/2 464/207/2 
f 464/207/2 466/208/2 465/205/2 
f 467/201/34 465/202/34 466/203/34 
f 466/203/34 468/204/34 467/201/34 
f 464/209/35 463/210/35 468/211/35 
f 468/211/35 466/212/35 464/209/35 
f 465/209/36 467/210/36 462/211/36 
f 462/211/36 461/212/36 465/209/36 
f 469/213/37 470/214/37 471/215/37 
f 471/215/37 472/216/37 469/213/37 
f 473/217/2 469/218/2 472/219/2 
f 472/219/2 474/220/2 473/217/2 
f 475/213/38 473/214/38 474/215/38 
f 474/215/38 476/216/38 475/213/38 
f 472/221/39 471/222/39 476/215/39 
f 476/215/39 474/214/39 472/221/39 
f 473/221/40 475/222/40 470/215/40 
f 470/215/40 469/214/40 473/221/40 
f 477/201/41 478/202/41 479/203/41 
f 479/203/41 480/204/41 477/201/41 
f 481/205/2 477/206/2 480/207/2 
f 480/207/2 482/208/2 481/205/2 
f 483/201/42 481/202/42 482/203/42 
f 482/203/42 484/204/42 483/201/42 
f 480/209/43 479/210/43 484/211/43 
f 484/211/43 482/212/43 480/209/43 
f 481/209/44 483/210/44 478/211/44 
f 478/211/44 477/212/44 481/209/44 
f 485/213/45 486/214/45 487/215/45 
f 487/215/45 488/216/45 485/213/45 
f 489/217/2 485/218/2 488/219/2 
f 488/219/2 490/220/2 489/217/2 
f 491/213/46 489/214/46 490/215/46 
f 490/215/46 492/216/46 491/213/46 
f 488/221/47 487/222/47 492/215/47 
f 492/215/47 490/214/47 488/221/47 
f 489/221/48 491/222/48 486/215/48 
f 486/215/48 485/214/48 489/221/48 
f 493/201/49 494/202/49 495/203/49 
f 495/203/49 496/204/49 493/201/49 
f 497/205/2 493/206/2 496/207/2 
f 496/207/2 498/208/2 497/205/2 
f 499/201/50 497/202/50 498/203/50 
f 498/203/50 500/204/50 499/201/50 
f 496/209/51 495/210/51 500/211/51 
f 500/211/51 498/212/51 496/209/51 
f 497/209/52 499/210/52 494/211/52 
f 494/211/52 493/212/52 497/209/52 
f 501/213/53 502/214/53 503/215/53 
f 503/215/53 504/216/53 501/213/53 
f 505/217/54 501/218/54 504/219/54 
f 504/219/54 506/220/54 505/217/54 
f 507/213/55 505/214/55 506/215/55 
f 506/215/55 508/216/55 507/213/55 
f 504/221/56 503/222/56 508/215/56 
f 508/215/56 506/214/56 504/221/56 
f 505/221/57 507/222/57 502/215/57 
f 502/215/57 501/214/57 505/221/57 
f 509/201/58 510/202/58 511/203/58 
f 511/203/58 512/204/58 509/201/58 
f 513/205/54 509/206/54 512/207/54 
f 512/207/54 514/208/54 513/205/54 
f 515/201/59 513/202/59 514/203/59 
f 514/203/59 516/204/59 515/201/59 
f 512/209/60 511/210/60 516/211/60 
f 516/211/60 514/212/60 512/209/60 
f 513/209/61 515/210/61 510/211/61 
f 510/211/61 509/212/61 513/209/61 
f 517/213/62 518/214/62 519/215/62 
f 519/215/62 520/216/62 517/213/62 
f 521/217/54 517/218/54 520/219/54 
f 520/219/54 522/220/54 521/217/54 
f 523/213/63 521/214/63 522/215/63 
f 522/215/63 524/216/63 523/213/63 
f 520/221/64 519/222/64 524/215/64 
f 524/215/64 522/214/64 520/221/64 
f 521/221/65 523/222/65 518/215/65 
f 518/215/65 517/214/65 521/221/65 
f 525/201/66 526/202/66 527/203/66 
f 527/203/66 528/204/66 525/201/66 
f 529/205/54 525/206/54 528/207/54 
f 528/207/54 530/208/54 529/205/54 
f 531/201/67 529/202/67 530/203/67 
f 530/203/67 532/204/67 531/201/67 
f 528/209/68 527/210/68 532/211/68 
f 532/211/68 530/212/68 528/209/68 
f 529/209/69 531/210/69 526/211/69 
f 526/211/69 525/212/69 529/209/69 
f 533/213/70 534/214/70 535/215/70 
f 535/215/70 536/216/70 533/213/70 
f 537/217/2 533/218/2 536/219/2 
f 536/219/2 538/220/2 537/217/2 
f 539/213/71 537/214/71 538/215/71 
f 538/215/71 540/216/71 539/213/71 
f 536/221/72 535/222/72 540/215/72 
f 540/215/72 538/214/72 536/221/72 
f 537/221/73 539/222/73 534/215/73 
f 534/215/73 533/214/73 537/221/73 
f 541/201/74 542/202/74 543/203/74 
f 543/203/74 544/204/74 541/201/74 
f 545/205/2 541/206/2 544/207/2 
f 544/207/2 546/208/2 545/205/2 
f 547/201/75 545/202/75 546/203/75 
f 546/203/75 548/204/75 547/201/75 
f 544/209/76 543/210/76 548/211/76 
f 548/211/76 546/212/76 544/209/76 
f 545/209/77 547/210/77 542/211/77 
f 542/211/77 541/212/77 545/209/77 
f 549/213/78 550/214/78 551/215/78 
f 551/215/78 552/216/78 549/213/78 
f 553/217/2 549/218/2 552/219/2 
f 552/219/2 554/220/2 553/217/2 
f 555/213/79 553/214/79 554/215/79 
f 554/215/79 556/216/79 555/213/79 
f 552/221/80 551/222/80 556/215/80 
f 556/215/80 554/214/80 552/221/80 
f 553/221/81 555/222/81 550/215/81 
f 550/215/81 549/214/81 553/221/81 
f 557/201/82 558/202/82 559/203/82 
f 559/203/82 560/204/82 557/201/82 
f 561/205/2 557/206/2 560/207/2 
f 560/207/2 562/208/2 561/205/2 
f 563/201/83 561/202/83 562/203/83 
f 562/203/83 564/204/83 563/201/83 
f 560/209/84 559/210/84 564/211/84 
f 564/211/84 562/212/84 560/209/84 
f 561/209/85 563/210/85 558/211/85 
f 558/211/85 557/212/85 561/209/85 
f 565/81/17 566/82/17 567/83/18 
f 567/83/18 568/84/18 565/81/17 
f 568/84/18 567/83/18 569/85/19 
f 569/85/19 570/86/19 568/84/18 
f 570/86/19 569/85/19 571/87/3 
f 571/87/3 572/88/3 570/86/19 
f 572/89/3 571/90/3 573/91/20 
f 573/91/20 574/92/20 572/89/3 
f 574/92/20 573/91/20 575/93/21 
f 575/93/21 576/94/21 574/92/20 
f 576/94/21 575/93/21 577/95/22 
f 577/95/22 578/96/22 576/94/21 
f 578/96/22 577/95/22 579/97/23 
f 579/97/23 580/98/23 578/96/22 
f 580/98/23 579/97/23 581/99/24 
f 581/99/24 582/100/24 580/98/23 
f 582/100/24 581/99/24 583/101/25 
f 583/101/25 584/102/25 582/100/24 
f 584/102/25 583/101/25 585/103/26 
f 585/103/26 586/104/26 584/102/25 
f 586/104/26 585/103/26 587/105/1 
f 587/105/1 588/106/1 586/104/26 
f 588/106/1 587/105/1 589/107/27 
f 589/107/27 590/108/27 588/106/1 
f 590/108/27 589/107/27 591/109/28 
f 591/109/28 592/110/28 590/108/27 
f 592/110/28 591/109/28 593/111/29 
f 593/111/29 594/112/29 592/110/28 
f 594/112/29 593/111/29 595/113/30 
f 595/113/30 596/114/30 594/112/29 
f 596/114/30 595/113/30 566/82/17 
f 566/82/17 565/81/17 596/114/30 
f 597/115/2 598/116/2 599/117/2 
f 599/117/2 600/118/2 601/119/2 
f 601/119/2 602/120/2 603/121/2 
f 599/117/2 601/119/2 603/121/2 
f 603/121/2 604/122/2 605/123/2 
f 605/123/2 606/124/2 607/125/2 
f 603/121/2 605/123/2 607/125/2 
f 599/117/2 603/121/2 607/125/2 
f 607/125/2 608/126/2 609/127/2 
f 609/127/2 610/128/2 611/129/2 
f 607/125/2 609/127/2 611/129/2 
f 599/117/2 607/125/2 611/129/2 
f 597/115/2 599/117/2 611/129/2 
f 597/115/2 611/129/2 612/130/2 
f 613/131/31 568/132/31 614/119/31 
f 568/132/31 613/131/31 565/133/31 
f 614/119/31 570/134/31 615/120/31 
f 570/134/31 614/119/31 568/132/31 
f 615/120/31 572/135/31 616/121/31 
f 572/135/31 615/120/31 570/134/31 
f 616/121/31 574/136/31 617/122/31 
f 574/136/31 616/121/31 572/135/31 
f 617/122/31 576/137/31 618/123/31 
f 576/137/31 617/122/31 574/136/31 
f 618/123/31 578/138/31 619/124/31 
f 578/138/31 618/123/31 576/137/31 
f 619/124/31 580/139/31 620/125/31 
f 580/139/31 619/124/31 578/138/31 
f 620/125/31 582/140/31 621/126/31 
f 582/140/31 620/125/31 580/139/31 
f 621/126/31 584/141/31 622/127/31 
f 584/141/31 621/126/31 582/140/31 
f 622/127/31 586/142/31 623/128/31 
f 586/142/31 622/127/31 584/141/31 
f 623/128/31 588/143/31 624/129/31 
f 588/143/31 623/128/31 586/142/31 
f 624/129/31 590/144/32 625/130/32 
f 590/144/32 624/129/31 588/143/31 
f 625/130/32 592/145/31 626/115/31 
f 592/145/31 625/130/32 590/144/32 
f 626/115/31 594/146/31 627/147/31 
f 594/146/31 626/115/31 592/145/31 
f 627/147/31 596/148/31 628/117/31 
f 596/148/31 627/147/31 594/146/31 
f 628/117/31 565/133/31 613/131/31 
f 565/133/31 628/117/31 596/148/31 
f 614/84/18 601/149/18 600/150/17 
f 600/150/17 613/81/17 614/84/18 
f 615/86/19 602/151/19 601/149/18 
f 601/149/18 614/84/18 615/86/19 
f 616/88/3 603/152/3 602/151/19 
f 602/151/19 615/86/19 616/88/3 
f 617/92/20 604/153/20 603/154/3 
f 603/154/3 616/89/3 617/92/20 
f 618/94/21 605/155/21 604/153/20 
f 604/153/20 617/92/20 618/94/21 
f 619/96/22 606/156/22 605/155/21 
f 605/155/21 618/94/21 619/96/22 
f 620/98/23 607/157/23 606/156/22 
f 606/156/22 619/96/22 620/98/23 
f 621/100/24 608/158/24 607/157/23 
f 607/157/23 620/98/23 621/100/24 
f 622/102/25 609/159/25 608/158/24 
f 608/158/24 621/100/24 622/102/25 
f 623/104/26 610/160/26 609/159/25 
f 609/159/25 622/102/25 623/104/26 
f 624/106/1 611/161/1 610/160/26 
f 610/160/26 623/104/26 624/106/1 
f 625/108/27 612/162/27 611/161/1 
f 611/161/1 624/106/1 625/108/27 
f 626/110/28 597/163/28 612/162/27 
f 612/162/27 625/108/27 626/110/28 
f 627/112/29 598/164/29 597/163/28 
f 597/163/28 626/110/28 627/112/29 
f 628/114/30 599/165/30 598/164/29 
f 598/164/29 627/112/29 628/114/30 
f 613/81/17 600/150/17 599/165/30 
f 599/165/30 628/114/30 613/81/17 
f 629/213/45 630/214/45 631/215/45 
f 631/215/45 632/216/45 629/213/45 
f 633/217/2 629/218/2 632/219/2 
f 632/219/2 634/220/2 633/217/2 
f 635/213/46 633/214/46 634/215/46 
f 634/215/46 636/216/46 635/213/46 
f 632/221/47 631/222/47 636/215/47 
f 636/215/47 634/214/47 632/221/47 
f 633/221/48 635/222/48 630/215/48 
f 630/215/48 629/214/48 633/221/48 
f 637/201/49 638/202/49 639/203/49 
f 639/203/49 640/204/49 637/201/49 
f 641/205/2 637/206/2 640/207/2 
f 640/207/2 642/208/2 641/205/2 
f 643/201/50 641/202/50 642/203/50 
f 642/203/50 644/204/50 643/201/50 
f 640/209/51 639/210/51 644/211/51 
f 644/211/51 642/212/51 640/209/51 
f 641/209/52 643/210/52 638/211/52 
f 638/211/52 637/212/52 641/209/52 
f 645/213/53 646/214/53 647/215/53 
f 647/215/53 648/216/53 645/213/53 
f 649/217/54 645/218/54 648/219/54 
f 648/219/54 650/220/54 649/217/54 
f 651/213/55 649/214/55 650/215/55 
f 650/215/55 652/216/55 651/213/55 
f 648/221/56 647/222/56 652/215/56 
f 652/215/56 650/214/56 648/221/56 
f 649/221/57 651/222/57 646/215/57 
f 646/215/57 645/214/57 649/221/57 
f 653/201/58 654/202/58 655/203/58 
f 655/203/58 656/204/58 653/201/58 
f 657/205/2 653/206/2 656/207/2 
f 656/207/2 658/208/2 657/205/2 
f 659/201/59 657/202/59 658/203/59 
f 658/203/59 660/204/59 659/201/59 
f 656/209/60 655/210/60 660/211/60 
f 660/211/60 658/212/60 656/209/60 
f 657/209/61 659/210/61 654/211/61 
f 654/211/61 653/212/61 657/209/61 
f 661/213/62 662/214/62 663/215/62 
f 663/215/62 664/216/62 661/213/62 
f 665/217/54 661/218/54 664/219/54 
f 664/219/54 666/220/54 665/217/54 
f 667/213/63 665/214/63 666/215/63 
f 666/215/63 668/216/63 667/213/63 
f 664/221/64 663/222/64 668/215/64 
f 668/215/64 666/214/64 664/221/64 
f 665/221/65 667/222/65 662/215/65 
f 662/215/65 661/214/65 665/221/65 
f 669/201/66 670/202/66 671/203/66 
f 671/203/66 672/204/66 669/201/66 
f 673/205/54 669/206/54 672/207/54 
f 672/207/54 674/208/54 673/205/54 
f 675/201/67 673/202/67 674/203/67 
f 674/203/67 676/204/67 675/201/67 
f 672/209/68 671/210/68 676/211/68 
f 676/211/68 674/212/68 672/209/68 
f 673/209/69 675/210/69 670/211/69 
f 670/211/69 669/212/69 673/209/69 
f 677/213/70 678/214/70 679/215/70 
f 679/215/70 680/216/70 677/213/70 
f 681/217/2 677/218/2 680/219/2 
f 680/219/2 682/220/2 681/217/2 
f 683/213/71 681/214/71 682/215/71 
f 682/215/71 684/216/71 683/213/71 
f 680/221/72 679/222/72 684/215/72 
f 684/215/72 682/214/72 680/221/72 
f 681/221/73 683/222/73 678/215/73 
f 678/215/73 677/214/73 681/221/73 
f 685/201/74 686/202/74 687/203/74 
f 687/203/74 688/204/74 685/201/74 
f 689/205/2 685/206/2 688/207/2 
f 688/207/2 690/208/2 689/205/2 
f 691/201/75 689/202/75 690/203/75 
f 690/203/75 692/204/75 691/201/75 
f 688/209/76 687/210/76 692/211/76 
f 692/211/76 690/212/76 688/209/76 
f 689/209/77 691/210/77 686/211/77 
f 686/211/77 685/212/77 689/209/77 
f 693/213/78 694/214/78 695/215/78 
f 695/215/78 696/216/78 693/213/78 
f 697/217/2 693/218/2 696/219/2 
f 696/219/2 698/220/2 697/217/2 
f 699/213/79 697/214/79 698/215/79 
f 698/215/79 700/216/79 699/213/79 
f 696/221/80 695/222/80 700/215/80 
f 700/215/80 698/214/80 696/221/80 
f 697/221/81 699/222/81 694/215/81 
f 694/215/81 693/214/81 697/221/81 
f 701/201/82 702/202/82 703/203/82 
f 703/203/82 704/204/82 701/201/82 
f 705/205/2 701/206/2 704/207/2 
f 704/207/2 706/208/2 705/205/2 
f 707/201/83 705/202/83 706/203/83 
f 706/203/83 708/204/83 707/201/83 
f 704/209/84 703/210/84 708/211/84 
f 708/211/84 706/212/84 704/209/84 
f 705/209/85 707/210/85 702/211/85 
f 702/211/85 701/212/85 705/209/85 
f 709/213/86 710/214/86 711/215/86 
f 711/215/86 712/216/86 709/213/86 
f 713/217/2 709/218/2 712/219/2 
f 712/219/2 714/220/2 713/217/2 
f 715/213/87 713/214/87 714/215/87 
f 714/215/87 716/216/87 715/213/87 
f 712/221/88 711/222/88 716/215/88 
f 716/215/88 714/214/88 712/221/88 
f 713/221/89 715/222/89 710/215/89 
f 710/215/89 709/214/89 713/221/89 
f 717/201/90 718/202/90 719/203/90 
f 719/203/90 720/204/90 717/201/90 
f 721/205/54 717/206/54 720/207/54 
f 720/207/54 722/208/54 721/205/54 
f 723/201/91 721/202/91 722/203/91 
f 722/203/91 724/204/91 723/201/91 
f 720/209/92 719/210/92 724/211/92 
f 724/211/92 722/212/92 720/209/92 
f 721/209/93 723/210/93 718/211/93 
f 718/211/93 717/212/93 721/209/93 
f 725/213/94 726/214/94 727/215/94 
f 727/215/94 728/216/94 725/213/94 
f 729/217/2 725/218/2 728/219/2 
f 728/219/2 730/220/2 729/217/2 
f 731/213/95 729/214/95 730/215/95 
f 730/215/95 732/216/95 731/213/95 
f 728/221/96 727/222/96 732/215/96 
f 732/215/96 730/214/96 728/221/96 
f 729/221/97 731/222/97 726/215/97 
f 726/215/97 725/214/97 729/221/97 
f 733/201/33 734/202/33 735/203/33 
f 735/203/33 736/204/33 733/201/33 
f 737/205/2 733/206/2 736/207/2 
f 736/207/2 738/208/2 737/205/2 
f 739/201/34 737/202/34 738/203/34 
f 738/203/34 740/204/34 739/201/34 
f 736/209/35 735/210/35 740/211/35 
f 740/211/35 738/212/35 736/209/35 
f 737/209/36 739/210/36 734/211/36 
f 734/211/36 733/212/36 737/209/36 
f 741/213/37 742/214/37 743/215/37 
f 743/215/37 744/216/37 741/213/37 
f 745/217/2 741/218/2 744/219/2 
f 744/219/2 746/220/2 745/217/2 
f 747/213/38 745/214/38 746/215/38 
f 746/215/38 748/216/38 747/213/38 
f 744/221/39 743/222/39 748/215/39 
f 748/215/39 746/214/39 744/221/39 
f 745/221/40 747/222/40 742/215/40 
f 742/215/40 741/214/40 745/221/40 
f 749/201/41 750/202/41 751/203/41 
f 751/203/41 752/204/41 749/201/41 
f 753/205/2 749/206/2 752/207/2 
f 752/207/2 754/208/2 753/205/2 
f 755/201/42 753/202/42 754/203/42 
f 754/203/42 756/204/42 755/201/42 
f 752/209/43 751/210/43 756/211/43 
f 756/211/43 754/212/43 752/209/43 
f 753/209/44 755/210/44 750/211/44 
f 750/211/44 749/212/44 753/209/44 
f 757/223/30 758/224/30 759/225/30 
f 759/225/30 760/226/30 757/223/30 
f 761/227/2 757/228/2 760/229/2 
f 760/229/2 762/230/2 761/227/2 
f 763/223/23 761/224/23 762/225/23 
f 762/225/23 764/226/23 763/223/23 
f 760/231/1 762/232/1 764/233/1 
f 764/233/1 759/234/1 760/231/1 
f 761/231/1 763/234/1 758/233/1 
f 758/233/1 757/232/1 761/231/1 
f 765/235/30 766/236/30 767/237/30 
f 767/237/30 768/238/30 765/235/30 
f 769/239/2 765/240/2 768/241/2 
f 768/241/2 770/242/2 769/239/2 
f 771/235/23 769/236/23 770/237/23 
f 770/237/23 772/238/23 771/235/23 
f 768/243/3 767/244/3 772/245/3 
f 772/245/3 770/246/3 768/243/3 
f 769/243/1 771/244/1 766/245/1 
f 766/245/1 765/246/1 769/243/1 
f 773/223/30 774/224/30 775/225/30 
f 775/225/30 776/226/30 773/223/30 
f 777/227/2 773/228/2 776/229/2 
f 776/229/2 778/230/2 777/227/2 
f 779/223/23 777/224/23 778/225/23 
f 778/225/23 780/226/23 779/223/23 
f 776/231/3 775/234/3 780/233/3 
f 780/233/3 778/232/3 776/231/3 
f 777/231/1 779/234/1 774/233/1 
f 774/233/1 773/232/1 777/231/1 
f 781/235/30 782/236/30 783/237/30 
f 783/237/30 784/238/30 781/235/30 
f 785/239/2 781/240/2 784/241/2 
f 784/241/2 786/242/2 785/239/2 
f 787/235/23 785/236/23 786/237/23 
f 786/237/23 788/238/23 787/235/23 
f 784/243/3 783/244/3 788/245/3 
f 788/245/3 786/246/3 784/243/3 
f 785/243/1 787/244/1 782/245/1 
f 782/245/1 781/246/1 785/243/1 
f 789/223/30 790/224/30 791/225/30 
f 791/225/30 792/226/30 789/223/30 
f 793/227/2 789/228/2 792/229/2 
f 792/229/2 794/230/2 793/227/2 
f 795/223/23 793/224/23 794/225/23 
f 794/225/23 796/226/23 795/223/23 
f 792/231/3 791/234/3 796/233/3 
f 796/233/3 794/232/3 792/231/3 
f 793/231/1 795/234/1 790/233/1 
f 790/233/1 789/232/1 793/231/1 
f 797/235/30 798/236/30 799/237/30 
f 799/237/30 800/238/30 797/235/30 
f 801/239/2 797/240/2 800/241/2 
f 800/241/2 802/242/2 801/239/2 
f 803/235/23 801/236/23 802/237/23 
f 802/237/23 804/238/23 803/235/23 
f 800/243/3 799/244/3 804/245/3 
f 804/245/3 802/246/3 800/243/3 
f 801/243/1 803/244/1 798/245/1 
f 798/245/1 797/246/1 801/243/1 
f 805/223/30 806/224/30 807/225/30 
f 807/225/30 808/226/30 805/223/30 
f 809/227/2 805/228/2 808/229/2 
f 808/229/2 810/230/2 809/227/2 
f 811/223/23 809/224/23 810/225/23 
f 810/225/23 812/226/23 811/223/23 
f 808/231/3 807/234/3 812/233/3 
f 812/233/3 810/232/3 808/231/3 
f 809/231/1 811/234/1 806/233/1 
f 806/233/1 805/232/1 809/231/1 
f 813/235/30 814/236/30 815/237/30 
f 815/237/30 816/238/30 813/235/30 
f 817/239/2 813/240/2 816/241/2 
f 816/241/2 818/242/2 817/239/2 
f 819/235/23 817/236/23 818/237/23 
f 818/237/23 820/238/23 819/235/23 
f 816/243/3 815/244/3 820/245/3 
f 820/245/3 818/246/3 816/243/3 
f 817/243/1 819/244/1 814/245/1 
f 814/245/1 813/246/1 817/243/1 
f 821/223/30 822/224/30 823/225/30 
f 823/225/30 824/226/30 821/223/30 
f 825/227/2 821/228/2 824/229/2 
f 824/229/2 826/230/2 825/227/2 
f 827/223/23 825/224/23 826/225/23 
f 826/225/23 828/226/23 827/223/23 
f 824/231/3 823/234/3 828/233/3 
f 828/233/3 826/232/3 824/231/3 
f 825/231/1 827/234/1 822/233/1 
f 822/233/1 821/232/1 825/231/1 
f 829/235/30 830/236/30 831/237/30 
f 831/237/30 832/238/30 829/235/30 
f 833/239/2 829/240/2 832/241/2 
f 832/241/2 834/242/2 833/239/2 
f 835/235/23 833/236/23 834/237/23 
f 834/237/23 836/238/23 835/235/23 
f 832/243/3 831/244/3 836/245/3 
f 836/245/3 834/246/3 832/243/3 
f 833/243/1 835/244/1 830/245/1 
f 830/245/1 829/246/1 833/243/1 
f 837/223/30 838/224/30 839/225/30 
f 839/225/30 840/226/30 837/223/30 
f 841/227/2 837/228/2 840/229/2 
f 840/229/2 842/230/2 841/227/2 
f 843/223/23 841/224/23 842/225/23 
f 842/225/23 844/226/23 843/223/23 
f 840/231/3 839/234/3 844/233/3 
f 844/233/3 842/232/3 840/231/3 
f 841/231/1 843/234/1 838/233/1 
f 838/233/1 837/232/1 841/231/1 
f 845/235/30 846/236/30 847/237/30 
f 847/237/30 848/238/30 845/235/30 
f 849/239/2 845/240/2 848/241/2 
f 848/241/2 850/242/2 849/239/2 
f 851/235/23 849/236/23 850/237/23 
f 850/237/23 852/238/23 851/235/23 
f 848/243/3 847/244/3 852/245/3 
f 852/245/3 850/246/3 848/243/3 
f 849/243/1 851/244/1 846/245/1 
f 846/245/1 845/246/1 849/243/1 
f 853/223/30 854/224/30 855/225/30 
f 855/225/30 856/226/30 853/223/30 
f 857/227/2 853/228/2 856/229/2 
f 856/229/2 858/230/2 857/227/2 
f 859/223/23 857/224/23 858/225/23 
f 858/225/23 860/226/23 859/223/23 
f 856/231/3 855/234/3 860/233/3 
f 860/233/3 858/232/3 856/231/3 
f 857/231/1 859/234/1 854/233/1 
f 854/233/1 853/232/1 857/231/1 
f 861/235/30 862/236/30 863/237/30 
f 863/237/30 864/238/30 861/235/30 
f 865/239/2 861/240/2 864/241/2 
f 864/241/2 866/242/2 865/239/2 
f 867/235/23 865/236/23 866/237/23 
f 866/237/23 868/238/23 867/235/23 
f 864/243/3 863/244/3 868/245/3 
f 868/245/3 866/246/3 864/243/3 
f 865/243/1 867/244/1 862/245/1 
f 862/245/1 861/246/1 865/243/1 
f 869/223/30 870/224/30 871/225/30 
f 871/225/30 872/226/30 869/223/30 
f 873/227/2 869/228/2 872/229/2 
f 872/229/2 874/230/2 873/227/2 
f 875/223/23 873/224/23 874/225/23 
f 874/225/23 876/226/23 875/223/23 
f 872/231/3 871/234/3 876/233/3 
f 876/233/3 874/232/3 872/231/3 
f 873/231/1 875/234/1 870/233/1 
f 870/233/1 869/232/1 873/231/1 
f 877/235/30 878/236/30 879/237/30 
f 879/237/30 880/238/30 877/235/30 
f 881/239/2 877/240/2 880/241/2 
f 880/241/2 882/242/2 881/239/2 
f 883/235/23 881/236/23 882/237/23 
f 882/237/23 884/238/23 883/235/23 
f 880/243/3 879/244/3 884/245/3 
f 884/245/3 882/246/3 880/243/3 
f 881/243/1 883/244/1 878/245/1 
f 878/245/1 877/246/1 881/243/1 
f 885/223/30 886/224/30 887/225/30 
f 887/225/30 888/226/30 885/223/30 
f 889/227/2 885/228/2 888/229/2 
f 888/229/2 890/230/2 889/227/2 
f 891/223/23 889/224/23 890/225/23 
f 890/225/23 892/226/23 891/223/23 
f 888/231/3 887/234/3 892/233/3 
f 892/233/3 890/232/3 888/231/3 
f 889/231/1 891/234/1 886/233/1 
f 886/233/1 885/232/1 889/231/1 
f 893/235/30 894/236/30 895/237/30 
f 895/237/30 896/238/30 893/235/30 
f 897/239/2 893/240/2 896/241/2 
f 896/241/2 898/242/2 897/239/2 
f 899/235/23 897/236/23 898/237/23 
f 898/237/23 900/238/23 899/235/23 
f 896/243/3 895/244/3 900/245/3 
f 900/245/3 898/246/3 896/243/3 
f 897/243/1 899/244/1 894/245/1 
f 894/245/1 893/246/1 897/243/1 
f 901/223/30 902/224/30 903/225/30 
f 903/225/30 904/226/30 901/223/30 
f 905/227/2 901/228/2 904/229/2 
f 904/229/2 906/230/2 905/227/2 
f 907/223/23 905/224/23 906/225/23 
f 906/225/23 908/226/23 907/223/23 
f 904/231/3 903/234/3 908/233/3 
f 908/233/3 906/232/3 904/231/3 
f 905/231/1 907/234/1 902/233/1 
f 902/233/1 901/232/1 905/231/1 
f 909/235/30 910/236/30 911/237/30 
f 911/237/30 912/238/30 909/235/30 
f 913/239/2 909/240/2 912/241/2 
f 912/241/2 914/242/2 913/239/2 
f 915/235/23 913/236/23 914/237/23 
f 914/237/23 916/238/23 915/235/23 
f 912/243/3 911/244/3 916/245/3 
f 916/245/3 914/246/3 912/243/3 
f 913/243/1 915/244/1 910/245/1 
f 910/245/1 909/246/1 913/243/1 
f 917/223/30 918/224/30 919/225/30 
f 919/225/30 920/226/30 917/223/30 
f 921/227/2 917/228/2 920/229/2 
f 920/229/2 922/230/2 921/227/2 
f 923/223/23 921/224/23 922/225/23 
f 922/225/23 924/226/23 923/223/23 
f 920/231/3 919/234/3 924/233/3 
f 924/233/3 922/232/3 920/231/3 
f 921/231/1 923/234/1 918/233/1 
f 918/233/1 917/232/1 921/231/1 
f 925/235/30 926/236/30 927/237/30 
f 927/237/30 928/238/30 925/235/30 
f 929/239/2 925/240/2 928/241/2 
f 928/241/2 930/242/2 929/239/2 
f 931/235/23 929/236/23 930/237/23 
f 930/237/23 932/238/23 931/235/23 
f 928/243/3 927/244/3 932/245/3 
f 932/245/3 930/246/3 928/243/3 
f 929/243/1 931/244/1 926/245/1 
f 926/245/1 925/246/1 929/243/1 
f 933/223/30 934/224/30 935/225/30 
f 935/225/30 936/226/30 933/223/30 
f 937/227/2 933/228/2 936/229/2 
f 936/229/2 938/230/2 937/227/2 
f 939/223/23 937/224/23 938/225/23 
f 938/225/23 940/226/23 939/223/23 
f 936/231/3 935/234/3 940/233/3 
f 940/233/3 938/232/3 936/231/3 
f 937/231/1 939/234/1 934/233/1 
f 934/233/1 933/232/1 937/231/1 
f 941/235/30 942/236/30 943/237/30 
f 943/237/30 944/238/30 941/235/30 
f 945/239/2 941/240/2 944/241/2 
f 944/241/2 946/242/2 945/239/2 
f 947/235/23 945/236/23 946/237/23 
f 946/237/23 948/238/23 947/235/23 
f 944/243/3 943/244/3 948/245/3 
f 948/245/3 946/246/3 944/243/3 
f 945/243/1 947/244/1 942/245/1 
f 942/245/1 941/246/1 945/243/1 
f 949/223/30 950/224/30 951/225/30 
f 951/225/30 952/226/30 949/223/30 
f 953/227/2 949/228/2 952/229/2 
f 952/229/2 954/230/2 953/227/2 
f 955/223/23 953/224/23 954/225/23 
f 954/225/23 956/226/23 955/223/23 
f 952/231/3 951/234/3 956/233/3 
f 956/233/3 954/232/3 952/231/3 
f 953/231/3 949/232/3 950/233/3 
f 950/233/3 955/234/3 953/231/3 
f 957/223/30 958/224/30 959/225/30 
f 959/225/30 960/226/30 957/223/30 
f 961/227/2 957/228/2 960/229/2 
f 960/229/2 962/230/2 961/227/2 
f 963/223/23 961/224/23 962/225/23 
f 962/225/23 964/226/23 963/223/23 
f 960/231/3 959/234/3 964/233/3 
f 964/233/3 962/232/3 960/231/3 
f 961/231/3 957/232/3 958/233/3 
f 958/233/3 963/234/3 961/231/3 
f 965/235/30 966/236/30 967/237/30 
f 967/237/30 968/238/30 965/235/30 
f 969/239/2 965/240/2 968/241/2 
f 968/241/2 970/242/2 969/239/2 
f 971/235/23 969/236/23 970/237/23 
f 970/237/23 972/238/23 971/235/23 
f 968/243/3 967/244/3 972/245/3 
f 972/245/3 970/246/3 968/243/3 
f 969/243/1 971/244/1 966/245/1 
f 966/245/1 965/246/1 969/243/1 
f 973/223/30 974/224/30 975/225/30 
f 975/225/30 976/226/30 973/223/30 
f 977/227/2 973/228/2 976/229/2 
f 976/229/2 978/230/2 977/227/2 
f 979/223/23 977/224/23 978/225/23 
f 978/225/23 980/226/23 979/223/23 
f 976/231/3 975/234/3 980/233/3 
f 980/233/3 978/232/3 976/231/3 
f 977/231/1 979/234/1 974/233/1 
f 974/233/1 973/232/1 977/231/1 
f 981/235/30 982/236/30 983/237/30 
f 983/237/30 984/238/30 981/235/30 
f 985/239/2 981/240/2 984/241/2 
f 984/241/2 986/242/2 985/239/2 
f 987/235/23 985/236/23 986/237/23 
f 986/237/23 988/238/23 987/235/23 
f 984/243/3 983/244/3 988/245/3 
f 988/245/3 986/246/3 984/243/3 
f 985/243/1 987/244/1 982/245/1 
f 982/245/1 981/246/1 985/243/1 
f 989/223/30 990/224/30 991/225/30 
f 991/225/30 992/226/30 989/223/30 
f 993/227/2 989/228/2 992/229/2 
f 992/229/2 994/230/2 993/227/2 
f 995/223/23 993/224/23 994/225/23 
f 994/225/23 996/226/23 995/223/23 
f 992/231/3 991/234/3 996/233/3 
f 996/233/3 994/232/3 992/231/3 
f 993/231/1 995/234/1 990/233/1 
f 990/233/1 989/232/1 993/231/1 
f 997/235/30 998/236/30 999/237/30 
f 999/237/30 1000/238/30 997/235/30 
f 1001/239/2 997/240/2 1000/241/2 
f 1000/241/2 1002/242/2 1001/239/2 
f 1003/235/23 1001/236/23 1002/237/23 
f 1002/237/23 1004/238/23 1003/235/23 
f 1000/243/3 999/244/3 1004/245/3 
f 1004/245/3 1002/246/3 1000/243/3 
f 1001/243/1 1003/244/1 998/245/1 
f 998/245/1 997/246/1 1001/243/1 
f 1005/223/30 1006/224/30 1007/225/30 
f 1007/225/30 1008/226/30 1005/223/30 
f 1009/227/2 1005/228/2 1008/229/2 
f 1008/229/2 1010/230/2 1009/227/2 
f 1011/223/23 1009/224/23 1010/225/23 
f 1010/225/23 1012/226/23 1011/223/23 
f 1008/231/3 1007/234/3 1012/233/3 
f 1012/233/3 1010/232/3 1008/231/3 
f 1009/231/1 1011/234/1 1006/233/1 
f 1006/233/1 1005/232/1 1009/231/1 
f 1013/235/30 1014/236/30 1015/237/30 
f 1015/237/30 1016/238/30 1013/235/30 
f 1017/239/2 1013/240/2 1016/241/2 
f 1016/241/2 1018/242/2 1017/239/2 
f 1019/235/23 1017/236/23 1018/237/23 
f 1018/237/23 1020/238/23 1019/235/23 
f 1016/243/3 1015/244/3 1020/245/3 
f 1020/245/3 1018/246/3 1016/243/3 
f 1017/243/1 1019/244/1 1014/245/1 
f 1014/245/1 1013/246/1 1017/243/1 
f 1021/223/30 1022/224/30 1023/225/30 
f 1023/225/30 1024/226/30 1021/223/30 
f 1025/227/2 1021/228/2 1024/229/2 
f 1024/229/2 1026/230/2 1025/227/2 
f 1027/223/23 1025/224/23 1026/225/23 
f 1026/225/23 1028/226/23 1027/223/23 
f 1024/231/3 1023/234/3 1028/233/3 
f 1028/233/3 1026/232/3 1024/231/3 
f 1025/231/1 1027/234/1 1022/233/1 
f 1022/233/1 1021/232/1 1025/231/1 
f 1029/235/30 1030/236/30 1031/237/30 
f 1031/237/30 1032/238/30 1029/235/30 
f 1033/239/2 1029/240/2 1032/241/2 
f 1032/241/2 1034/242/2 1033/239/2 
f 1035/235/23 1033/236/23 1034/237/23 
f 1034/237/23 1036/238/23 1035/235/23 
f 1032/243/3 1031/244/3 1036/245/3 
f 1036/245/3 1034/246/3 1032/243/3 
f 1033/243/1 1035/244/1 1030/245/1 
f 1030/245/1 1029/246/1 1033/243/1 
f 1037/223/30 1038/224/30 1039/225/30 
f 1039/225/30 1040/226/30 1037/223/30 
f 1041/227/2 1037/228/2 1040/229/2 
f 1040/229/2 1042/230/2 1041/227/2 
f 1043/223/23 1041/224/23 1042/225/23 
f 1042/225/23 1044/226/23 1043/223/23 
f 1040/231/3 1039/234/3 1044/233/3 
f 1044/233/3 1042/232/3 1040/231/3 
f 1041/231/1 1043/234/1 1038/233/1 
f 1038/233/1 1037/232/1 1041/231/1 
f 1045/235/30 1046/236/30 1047/237/30 
f 1047/237/30 1048/238/30 1045/235/30 
f 1049/239/2 1045/240/2 1048/241/2 
f 1048/241/2 1050/242/2 1049/239/2 
f 1051/235/23 1049/236/23 1050/237/23 
f 1050/237/23 1052/238/23 1051/235/23 
f 1048/243/3 1047/244/3 1052/245/3 
f 1052/245/3 1050/246/3 1048/243/3 
f 1049/243/1 1051/244/1 1046/245/1 
f 1046/245/1 1045/246/1 1049/243/1 
f 1053/223/30 1054/224/30 1055/225/30 
f 1055/225/30 1056/226/30 1053/223/30 
f 1057/227/2 1053/228/2 1056/229/2 
f 1056/229/2 1058/230/2 1057/227/2 
f 1059/223/23 1057/224/23 1058/225/23 
f 1058/225/23 1060/226/23 1059/223/23 
f 1056/231/3 1055/234/3 1060/233/3 
f 1060/233/3 1058/232/3 1056/231/3 
f 1057/231/1 1059/234/1 1054/233/1 
f 1054/233/1 1053/232/1 1057/231/1 
f 1061/235/30 1062/236/30 1063/237/30 
f 1063/237/30 1064/238/30 1061/235/30 
f 1065/239/2 1061/240/2 1064/241/2 
f 1064/241/2 1066/242/2 1065/239/2 
f 1067/235/23 1065/236/23 1066/237/23 
f 1066/237/23 1068/238/23 1067/235/23 
f 1064/243/3 1063/244/3 1068/245/3 
f 1068/245/3 1066/246/3 1064/243/3 
f 1065/243/1 1067/244/1 1062/245/1 
f 1062/245/1 1061/246/1 1065/243/1 
f 1069/223/30 1070/224/30 1071/225/30 
f 1071/225/30 1072/226/30 1069/223/30 
f 1073/227/2 1069/228/2 1072/229/2 
f 1072/229/2 1074/230/2 1073/227/2 
f 1075/223/23 1073/224/23 1074/225/23 
f 1074/225/23 1076/226/23 1075/223/23 
f 1072/231/3 1071/234/3 1076/233/3 
f 1076/233/3 1074/232/3 1072/231/3 
f 1073/231/1 1075/234/1 1070/233/1 
f 1070/233/1 1069/232/1 1073/231/1 
f 1077/235/30 1078/236/30 1079/237/30 
f 1079/237/30 1080/238/30 1077/235/30 
f 1081/239/2 1077/240/2 1080/241/2 
f 1080/241/2 1082/242/2 1081/239/2 
f 1083/235/23 1081/236/23 1082/237/23 
f 1082/237/23 1084/238/23 1083/235/23 
f 1080/243/3 1079/244/3 1084/245/3 
f 1084/245/3 1082/246/3 1080/243/3 
f 1081/243/1 1083/244/1 1078/245/1 
f 1078/245/1 1077/246/1 1081/243/1 
f 1085/223/30 1086/224/30 1087/225/30 
f 1087/225/30 1088/226/30 1085/223/30 
f 1089/227/2 1085/228/2 1088/229/2 
f 1088/229/2 1090/230/2 1089/227/2 
f 1091/223/23 1089/224/23 1090/225/23 
f 1090/225/23 1092/226/23 1091/223/23 
f 1088/231/3 1087/234/3 1092/233/3 
f 1092/233/3 1090/232/3 1088/231/3 
f 1089/231/1 1091/234/1 1086/233/1 
f 1086/233/1 1085/232/1 1089/231/1 
f 1093/235/30 1094/236/30 1095/237/30 
f 1095/237/30 1096/238/30 1093/235/30 
f 1097/239/2 1093/240/2 1096/241/2 
f 1096/241/2 1098/242/2 1097/239/2 
f 1099/235/23 1097/236/23 1098/237/23 
f 1098/237/23 1100/238/23 1099/235/23 
f 1096/243/3 1095/244/3 1100/245/3 
f 1100/245/3 1098/246/3 1096/243/3 
f 1097/243/1 1099/244/1 1094/245/1 
f 1094/245/1 1093/246/1 1097/243/1 
f 1101/223/30 1102/224/30 1103/225/30 
f 1103/225/30 1104/226/30 1101/223/30 
f 1105/227/2 1101/228/2 1104/229/2 
f 1104/229/2 1106/230/2 1105/227/2 
f 1107/223/23 1105/224/23 1106/225/23 
f 1106/225/23 1108/226/23 1107/223/23 
f 1104/231/3 1103/234/3 1108/233/3 
f 1108/233/3 1106/232/3 1104/231/3 
f 1105/231/1 1107/234/1 1102/233/1 
f 1102/233/1 1101/232/1 1105/231/1 
f 1109/235/30 1110/236/30 1111/237/30 
f 1111/237/30 1112/238/30 1109/235/30 
f 1113/239/2 1109/240/2 1112/241/2 
f 1112/241/2 1114/242/2 1113/239/2 
f 1115/235/23 1113/236/23 1114/237/23 
f 1114/237/23 1116/238/23 1115/235/23 
f 1112/243/3 1111/244/3 1116/245/3 
f 1116/245/3 1114/246/3 1112/243/3 
f 1113/243/1 1115/244/1 1110/245/1 
f 1110/245/1 1109/246/1 1113/243/1 
f 1117/223/30 1118/224/30 1119/225/30 
f 1119/225/30 1120/226/30 1117/223/30 
f 1121/227/2 1117/228/2 1120/229/2 
f 1120/229/2 1122/230/2 1121/227/2 
f 1123/223/23 1121/224/23 1122/225/23 
f 1122/225/23 1124/226/23 1123/223/23 
f 1120/231/3 1119/234/3 1124/233/3 
f 1124/233/3 1122/232/3 1120/231/3 
f 1121/231/1 1123/234/1 1118/233/1 
f 1118/233/1 1117/232/1 1121/231/1 
f 1125/235/30 1126/236/30 1127/237/30 
f 1127/237/30 1128/238/30 1125/235/30 
f 1129/239/2 1125/240/2 1128/241/2 
f 1128/241/2 1130/242/2 1129/239/2 
f 1131/235/23 1129/236/23 1130/237/23 
f 1130/237/23 1132/238/23 1131/235/23 
f 1128/243/3 1127/244/3 1132/245/3 
f 1132/245/3 1130/246/3 1128/243/3 
f 1129/243/1 1131/244/1 1126/245/1 
f 1126/245/1 1125/246/1 1129/243/1 
f 1133/247/1 1134/248/1 1135/249/1 
f 1135/249/1 1136/250/1 1133/247/1 
f 1137/251/2 1133/252/2 1136/253/2 
f 1136/253/2 1138/254/2 1137/251/2 
f 1139/250/3 1137/249/3 1138/255/3 
f 1138/255/3 1140/256/3 1139/250/3 
f 1136/257/30 1135/258/30 1140/259/30 
f 1140/259/30 1138/260/30 1136/257/30 
f 1137/261/30 1133/262/30 1134/263/30 
f 1134/263/30 1139/264/30 1137/261/30 
f 1141/247/1 1142/248/1 1143/249/1 
f 1143/249/1 1144/250/1 1141/247/1 
f 1145/251/2 1141/252/2 1144/253/2 
f 1144/253/2 1146/254/2 1145/251/2 
f 1147/250/3 1145/249/3 1146/255/3 
f 1146/255/3 1148/256/3 1147/250/3 
f 1144/257/30 1143/258/30 1148/259/30 
f 1148/259/30 1146/260/30 1144/257/30 
f 1145/261/23 1147/264/23 1142/263/23 
f 1142/263/23 1141/262/23 1145/261/23 
f 1149/247/1 1150/248/1 1151/249/1 
f 1151/249/1 1152/250/1 1149/247/1 
f 1153/251/2 1149/252/2 1152/253/2 
f 1152/253/2 1154/254/2 1153/251/2 
f 1155/250/3 1153/249/3 1154/255/3 
f 1154/255/3 1156/256/3 1155/250/3 
f 1152/257/30 1151/258/30 1156/259/30 
f 1156/259/30 1154/260/30 1152/257/30 
f 1153/261/23 1155/264/23 1150/263/23 
f 1150/263/23 1149/262/23 1153/261/23 
f 1157/247/1 1158/248/1 1159/249/1 
f 1159/249/1 1160/250/1 1157/247/1 
f 1161/251/2 1157/252/2 1160/253/2 
f 1160/253/2 1162/254/2 1161/251/2 
f 1163/250/3 1161/249/3 1162/255/3 
f 1162/255/3 1164/256/3 1163/250/3 
f 1160/257/30 1159/258/30 1164/259/30 
f 1164/259/30 1162/260/30 1160/257/30 
f 1161/261/23 1163/264/23 1158/263/23 
f 1158/263/23 1157/262/23 1161/261/23 
f 1165/247/1 1166/248/1 1167/249/1 
f 1167/249/1 1168/250/1 1165/247/1 
f 1169/251/2 1165/252/2 1168/253/2 
f 1168/253/2 1170/254/2 1169/251/2 
f 1171/250/3 1169/249/3 1170/255/3 
f 1170/255/3 1172/256/3 1171/250/3 
f 1168/257/30 1167/258/30 1172/259/30 
f 1172/259/30 1170/260/30 1168/257/30 
f 1169/261/23 1171/264/23 1166/263/23 
f 1166/263/23 1165/262/23 1169/261/23 
f 1173/247/1 1174/248/1 1175/249/1 
f 1175/249/1 1176/250/1 1173/247/1 
f 1177/251/2 1173/252/2 1176/253/2 
f 1176/253/2 1178/254/2 1177/251/2 
f 1179/250/3 1177/249/3 1178/255/3 
f 1178/255/3 1180/256/3 1179/250/3 
f 1176/257/30 1175/258/30 1180/259/30 
f 1180/259/30 1178/260/30 1176/257/30 
f 1177/261/23 1179/264/23 1174/263/23 
f 1174/263/23 1173/262/23 1177/261/23 
f 1181/247/1 1182/248/1 1183/249/1 
f 1183/249/1 1184/250/1 1181/247/1 
f 1185/251/2 1181/252/2 1184/253/2 
f 1184/253/2 1186/254/2 1185/251/2 
f 1187/250/3 1185/249/3 1186/255/3 
f 1186/255/3 1188/256/3 1187/250/3 
f 1184/257/30 1183/258/30 1188/259/30 
f 1188/259/30 1186/260/30 1184/257/30 
f 1185/261/23 1187/264/23 1182/263/23 
f 1182/263/23 1181/262/23 1185/261/23 
f 1189/247/1 1190/248/1 1191/249/1 
f 1191/249/1 1192/250/1 1189/247/1 
f 1193/251/2 1189/252/2 1192/253/2 
f 1192/253/2 1194/254/2 1193/251/2 
f 1195/250/3 1193/249/3 1194/255/3 
f 1194/255/3 1196/256/3 1195/250/3 
f 1192/257/30 1191/258/30 1196/259/30 
f 1196/259/30 1194/260/30 1192/257/30 
f 1193/261/23 1195/264/23 1190/263/23 
f 1190/263/23 1189/262/23 1193/261/23 
f 1197/247/1 1198/248/1 1199/249/1 
f 1199/249/1 1200/250/1 1197/247/1 
f 1201/251/2 1197/252/2 1200/253/2 
f 1200/253/2 1202/254/2 1201/251/2 
f 1203/250/3 1201/249/3 1202/255/3 
f 1202/255/3 1204/256/3 1203/250/3 
f 1200/257/30 1199/258/30 1204/259/30 
f 1204/259/30 1202/260/30 1200/257/30 
f 1201/261/23 1203/264/23 1198/263/23 
f 1198/263/23 1197/262/23 1201/261/23 
f 1205/247/1 1206/248/1 1207/249/1 
f 1207/249/1 1208/250/1 1205/247/1 
f 1209/251/2 1205/252/2 1208/253/2 
f 1208/253/2 1210/254/2 1209/251/2 
f 1211/250/3 1209/249/3 1210/255/3 
f 1210/255/3 1212/256/3 1211/250/3 
f 1208/257/30 1207/258/30 1212/259/30 
f 1212/259/30 1210/260/30 1208/257/30 
f 1209/261/23 1211/264/23 1206/263/23 
f 1206/263/23 1205/262/23 1209/261/23 
f 1213/247/1 1214/248/1 1215/249/1 
f 1215/249/1 1216/250/1 1213/247/1 
f 1217/251/2 1213/252/2 1216/253/2 
f 1216/253/2 1218/254/2 1217/251/2 
f 1219/250/3 1217/249/3 1218/255/3 
f 1218/255/3 1220/256/3 1219/250/3 
f 1216/257/30 1215/258/30 1220/259/30 
f 1220/259/30 1218/260/30 1216/257/30 
f 1217/261/23 1219/264/23 1214/263/23 
f 1214/263/23 1213/262/23 1217/261/23 
f 1221/247/1 1222/248/1 1223/249/1 
f 1223/249/1 1224/250/1 1221/247/1 
f 1225/251/2 1221/252/2 1224/253/2 
f 1224/253/2 1226/254/2 1225/251/2 
f 1227/250/3 1225/249/3 1226/255/3 
f 1226/255/3 1228/256/3 1227/250/3 
f 1224/257/30 1223/258/30 1228/259/30 
f 1228/259/30 1226/260/30 1224/257/30 
f 1225/261/23 1227/264/23 1222/263/23 
f 1222/263/23 1221/262/23 1225/261/23 
f 1229/265/1 1230/266/1 1231/267/1 
f 1231/267/1 1232/268/1 1229/265/1 
f 1233/269/2 1229/270/2 1232/271/2 
f 1232/271/2 1234/272/2 1233/269/2 
f 1235/268/3 1233/267/3 1234/273/3 
f 1234/273/3 1236/274/3 1235/268/3 
f 1232/275/30 1231/276/30 1236/277/30 
f 1236/277/30 1234/278/30 1232/275/30 
f 1233/279/23 1235/272/23 1230/280/23 
f 1230/280/23 1229/281/23 1233/279/23 
f 1237/265/1 1238/266/1 1239/267/1 
f 1239/267/1 1240/268/1 1237/265/1 
f 1241/269/2 1237/270/2 1240/271/2 
f 1240/271/2 1242/272/2 1241/269/2 
f 1243/268/3 1241/267/3 1242/273/3 
f 1242/273/3 1244/274/3 1243/268/3 
f 1240/275/30 1239/276/30 1244/277/30 
f 1244/277/30 1242/278/30 1240/275/30 
f 1241/279/23 1243/272/23 1238/280/23 
f 1238/280/23 1237/281/23 1241/279/23 
f 1245/265/1 1246/266/1 1247/267/1 
f 1247/267/1 1248/268/1 1245/265/1 
f 1249/269/2 1245/270/2 1248/271/2 
f 1248/271/2 1250/272/2 1249/269/2 
f 1251/268/3 1249/267/3 1250/273/3 
f 1250/273/3 1252/274/3 1251/268/3 
f 1248/275/30 1247/276/30 1252/277/30 
f 1252/277/30 1250/278/30 1248/275/30 
f 1249/279/23 1251/272/23 1246/280/23 
f 1246/280/23 1245/281/23 1249/279/23 
f 1253/265/1 1254/266/1 1255/267/1 
f 1255/267/1 1256/268/1 1253/265/1 
f 1257/269/2 1253/270/2 1256/271/2 
f 1256/271/2 1258/272/2 1257/269/2 
f 1259/268/3 1257/267/3 1258/273/3 
f 1258/273/3 1260/274/3 1259/268/3 
f 1256/275/30 1255/276/30 1260/277/30 
f 1260/277/30 1258/278/30 1256/275/30 
f 1257/279/23 1259/272/23 1254/280/23 
f 1254/280/23 1253/281/23 1257/279/23 
f 1261/247/1 1262/248/1 1263/249/1 
f 1263/249/1 1264/250/1 1261/247/1 
f 1265/251/2 1261/252/2 1264/253/2 
f 1264/253/2 1266/254/2 1265/251/2 
f 1267/250/3 1265/249/3 1266/255/3 
f 1266/255/3 1268/256/3 1267/250/3 
f 1264/257/30 1263/258/30 1268/259/30 
f 1268/259/30 1266/260/30 1264/257/30 
f 1265/261/23 1267/264/23 1262/263/23 
f 1262/263/23 1261/262/23 1265/261/23 
f 1269/247/1 1270/248/1 1271/249/1 
f 1271/249/1 1272/250/1 1269/247/1 
f 1273/251/2 1269/252/2 1272/253/2 
f 1272/253/2 1274/254/2 1273/251/2 
f 1275/250/3 1273/249/3 1274/255/3 
f 1274/255/3 1276/256/3 1275/250/3 
f 1272/257/30 1271/258/30 1276/259/30 
f 1276/259/30 1274/260/30 1272/257/30 
f 1273/261/23 1275/264/23 1270/263/23 
f 1270/263/23 1269/262/23 1273/261/23 
f 1277/247/1 1278/248/1 1279/249/1 
f 1279/249/1 1280/250/1 1277/247/1 
f 1281/251/2 1277/252/2 1280/253/2 
f 1280/253/2 1282/254/2 1281/251/2 
f 1283/250/3 1281/249/3 1282/255/3 
f 1282/255/3 1284/256/3 1283/250/3 
f 1280/257/30 1279/258/30 1284/259/30 
f 1284/259/30 1282/260/30 1280/257/30 
f 1281/261/23 1283/264/23 1278/263/23 
f 1278/263/23 1277/262/23 1281/261/23 
f 1285/247/1 1286/248/1 1287/249/1 
f 1287/249/1 1288/250/1 1285/247/1 
f 1289/251/2 1285/252/2 1288/253/2 
f 1288/253/2 1290/254/2 1289/251/2 
f 1291/250/3 1289/249/3 1290/255/3 
f 1290/255/3 1292/256/3 1291/250/3 
f 1288/257/23 1290/260/23 1292/259/23 
f 1292/259/23 1287/258/23 1288/257/23 
f 1289/261/23 1291/264/23 1286/263/23 
f 1286/263/23 1285/262/23 1289/261/23 
f 1293/247/1 1294/248/1 1295/249/1 
f 1295/249/1 1296/250/1 1293/247/1 
f 1297/251/2 1293/252/2 1296/253/2 
f 1296/253/2 1298/254/2 1297/251/2 
f 1299/250/3 1297/249/3 1298/255/3 
f 1298/255/3 1300/256/3 1299/250/3 
f 1296/257/23 1298/260/23 1300/259/23 
f 1300/259/23 1295/258/23 1296/257/23 
f 1297/261/23 1299/264/23 1294/263/23 
f 1294/263/23 1293/262/23 1297/261/23 
f 1301/247/1 1302/248/1 1303/249/1 
f 1303/249/1 1304/250/1 1301/247/1 
f 1305/251/2 1301/252/2 1304/253/2 
f 1304/253/2 1306/254/2 1305/251/2 
f 1307/250/3 1305/249/3 1306/255/3 
f 1306/255/3 1308/256/3 1307/250/3 
f 1304/257/30 1303/258/30 1308/259/30 
f 1308/259/30 1306/260/30 1304/257/30 
f 1305/261/23 1307/264/23 1302/263/23 
f 1302/263/23 1301/262/23 1305/261/23 
f 1309/247/1 1310/248/1 1311/249/1 
f 1311/249/1 1312/250/1 1309/247/1 
f 1313/251/2 1309/252/2 1312/253/2 
f 1312/253/2 1314/254/2 1313/251/2 
f 1315/250/3 1313/249/3 1314/255/3 
f 1314/255/3 1316/256/3 1315/250/3 
f 1312/257/30 1311/258/30 1316/259/30 
f 1316/259/30 1314/260/30 1312/257/30 
f 1313/261/23 1315/264/23 1310/263/23 
f 1310/263/23 1309/262/23 1313/261/23 
f 1317/247/1 1318/248/1 1319/249/1 
f 1319/249/1 1320/250/1 1317/247/1 
f 1321/251/2 1317/252/2 1320/253/2 
f 1320/253/2 1322/254/2 1321/251/2 
f 1323/250/3 1321/249/3 1322/255/3 
f 1322/255/3 1324/256/3 1323/250/3 
f 1320/257/30 1319/258/30 1324/259/30 
f 1324/259/30 1322/260/30 1320/257/30 
f 1321/261/23 1323/264/23 1318/263/23 
f 1318/263/23 1317/262/23 1321/261/23 
f 1325/247/1 1326/248/1 1327/249/1 
f 1327/249/1 1328/250/1 1325/247/1 
f 1329/251/2 1325/252/2 1328/253/2 
f 1328/253/2 1330/254/2 1329/251/2 
f 1331/250/3 1329/249/3 1330/255/3 
f 1330/255/3 1332/256/3 1331/250/3 
f 1328/257/30 1327/258/30 1332/259/30 
f 1332/259/30 1330/260/30 1328/257/30 
f 1329/261/23 1331/264/23 1326/263/23 
f 1326/263/23 1325/262/23 1329/261/23 
f 1333/247/1 1334/248/1 1335/249/1 
f 1335/249/1 1336/250/1 1333/247/1 
f 1337/251/2 1333/252/2 1336/253/2 
f 1336/253/2 1338/254/2 1337/251/2 
f 1339/250/3 1337/249/3 1338/255/3 
f 1338/255/3 1340/256/3 1339/250/3 
f 1336/257/30 1335/258/30 1340/259/30 
f 1340/259/30 1338/260/30 1336/257/30 
f 1337/261/23 1339/264/23 1334/263/23 
f 1334/263/23 1333/262/23 1337/261/23 
f 1341/247/1 1342/248/1 1343/249/1 
f 1343/249/1 1344/250/1 1341/247/1 
f 1345/251/2 1341/252/2 1344/253/2 
f 1344/253/2 1346/254/2 1345/251/2 
f 1347/250/3 1345/249/3 1346/255/3 
f 1346/255/3 1348/256/3 1347/250/3 
f 1344/257/30 1343/258/30 1348/259/30 
f 1348/259/30 1346/260/30 1344/257/30 
f 1345/261/23 1347/264/23 1342/263/23 
f 1342/263/23 1341/262/23 1345/261/23 
f 1349/247/1 1350/248/1 1351/249/1 
f 1351/249/1 1352/250/1 1349/247/1 
f 1353/251/2 1349/252/2 1352/253/2 
f 1352/253/2 1354/254/2 1353/251/2 
f 1355/250/3 1353/249/3 1354/255/3 
f 1354/255/3 1356/256/3 1355/250/3 
f 1352/257/30 1351/258/30 1356/259/30 
f 1356/259/30 1354/260/30 1352/257/30 
f 1353/261/23 1355/264/23 1350/263/23 
f 1350/263/23 1349/262/23 1353/261/23 
f 1357/247/1 1358/248/1 1359/249/1 
f 1359/249/1 1360/250/1 1357/247/1 
f 1361/251/2 1357/252/2 1360/253/2 
f 1360/253/2 1362/254/2 1361/251/2 
f 1363/250/3 1361/249/3 1362/255/3 
f 1362/255/3 1364/256/3 1363/250/3 
f 1360/257/30 1359/258/30 1364/259/30 
f 1364/259/30 1362/260/30 1360/257/30 
f 1361/261/23 1363/264/23 1358/263/23 
f 1358/263/23 1357/262/23 1361/261/23 
f 1365/247/1 1366/248/1 1367/249/1 
f 1367/249/1 1368/250/1 1365/247/1 
f 1369/251/2 1365/252/2 1368/253/2 
f 1368/253/2 1370/254/2 1369/251/2 
f 1371/250/3 1369/249/3 1370/255/3 
f 1370/255/3 1372/256/3 1371/250/3 
f 1368/257/30 1367/258/30 1372/259/30 
f 1372/259/30 1370/260/30 1368/257/30 
f 1369/261/23 1371/264/23 1366/263/23 
f 1366/263/23 1365/262/23 1369/261/23 
f 1373/247/1 1374/248/1 1375/249/1 
f 1375/249/1 1376/250/1 1373/247/1 
f 1377/251/2 1373/252/2 1376/253/2 
f 1376/253/2 1378/254/2 1377/251/2 
f 1379/250/3 1377/249/3 1378/255/3 
f 1378/255/3 1380/256/3 1379/250/3 
f 1376/257/30 1375/258/30 1380/259/30 
f 1380/259/30 1378/260/30 1376/257/30 
f 1377/261/23 1379/264/23 1374/263/23 
f 1374/263/23 1373/262/23 1377/261/23 
f 1381/247/1 1382/248/1 1383/249/1 
f 1383/249/1 1384/250/1 1381/247/1 
f 1385/251/2 1381/252/2 1384/253/2 
f 1384/253/2 1386/254/2 1385/251/2 
f 1387/250/3 1385/249/3 1386/255/3 
f 1386/255/3 1388/256/3 1387/250/3 
f 1384/257/30 1383/258/30 1388/259/30 
f 1388/259/30 1386/260/30 1384/257/30 
f 1385/261/23 1387/264/23 1382/263/23 
f 1382/263/23 1381/262/23 1385/261/23 
f 1389/247/1 1390/248/1 1391/249/1 
f 1391/249/1 1392/250/1 1389/247/1 
f 1393/251/2 1389/252/2 1392/253/2 
f 1392/253/2 1394/254/2 1393/251/2 
f 1395/250/3 1393/249/3 1394/255/3 
f 1394/255/3 1396/256/3 1395/250/3 
f 1392/257/30 1391/258/30 1396/259/30 
f 1396/259/30 1394/260/30 1392/257/30 
f 1393/261/23 1395/264/23 1390/263/23 
f 1390/263/23 1389/262/23 1393/261/23 
f 1397/247/1 1398/248/1 1399/249/1 
f 1399/249/1 1400/250/1 1397/247/1 
f 1401/251/2 1397/252/2 1400/253/2 
f 1400/253/2 1402/254/2 1401/251/2 
f 1403/250/3 1401/249/3 1402/255/3 
f 1402/255/3 1404/256/3 1403/250/3 
f 1400/257/30 1399/258/30 1404/259/30 
f 1404/259/30 1402/260/30 1400/257/30 
f 1401/261/23 1403/264/23 1398/263/23 
f 1398/263/23 1397/262/23 1401/261/23 
f 1405/247/1 1406/248/1 1407/249/1 
f 1407/249/1 1408/250/1 1405/247/1 
f 1409/251/2 1405/252/2 1408/253/2 
f 1408/253/2 1410/254/2 1409/251/2 
f 1411/250/3 1409/249/3 1410/255/3 
f 1410/255/3 1412/256/3 1411/250/3 
f 1408/257/30 1407/258/30 1412/259/30 
f 1412/259/30 1410/260/30 1408/257/30 
f 1409/261/23 1411/264/23 1406/263/23 
f 1406/263/23 1405/262/23 1409/261/23 
f 1413/247/1 1414/248/1 1415/249/1 
f 1415/249/1 1416/250/1 1413/247/1 
f 1417/251/2 1413/252/2 1416/253/2 
f 1416/253/2 1418/254/2 1417/251/2 
f 1419/250/3 1417/249/3 1418/255/3 
f 1418/255/3 1420/256/3 1419/250/3 
f 1416/257/30 1415/258/30 1420/259/30 
f 1420/259/30 1418/260/30 1416/257/30 
f 1417/261/23 1419/264/23 1414/263/23 
f 1414/263/23 1413/262/23 1417/261/23 
f 1421/247/1 1422/248/1 1423/249/1 
f 1423/249/1 1424/250/1 1421/247/1 
f 1425/251/2 1421/252/2 1424/253/2 
f 1424/253/2 1426/254/2 1425/251/2 
f 1427/250/3 1425/249/3 1426/255/3 
f 1426/255/3 1428/256/3 1427/250/3 
f 1424/257/30 1423/258/30 1428/259/30 
f 1428/259/30 1426/260/30 1424/257/30 
f 1425/261/23 1427/264/23 1422/263/23 
f 1422/263/23 1421/262/23 1425/261/23 
f 1429/247/1 1430/248/1 1431/249/1 
f 1431/249/1 1432/250/1 1429/247/1 
f 1433/251/2 1429/252/2 1432/253/2 
f 1432/253/2 1434/254/2 1433/251/2 
f 1435/250/3 1433/249/3 1434/255/3 
f 1434/255/3 1436/256/3 1435/250/3 
f 1432/257/30 1431/258/30 1436/259/30 
f 1436/259/30 1434/260/30 1432/257/30 
f 1433/261/23 1435/264/23 1430/263/23 
f 1430/263/23 1429/262/23 1433/261/23 
f 1437/247/1 1438/248/1 1439/249/1 
f 1439/249/1 1440/250/1 1437/247/1 
f 1441/251/2 1437/252/2 1440/253/2 
f 1440/253/2 1442/254/2 1441/251/2 
f 1443/250/3 1441/249/3 1442/255/3 
f 1442/255/3 1444/256/3 1443/250/3 
f 1440/257/30 1439/258/30 1444/259/30 
f 1444/259/30 1442/260/30 1440/257/30 
f 1441/261/23 1443/264/23 1438/263/23 
f 1438/263/23 1437/262/23 1441/261/23 
f 1445/247/1 1446/248/1 1447/249/1 
f 1447/249/1 1448/250/1 1445/247/1 
f 1449/251/2 1445/252/2 1448/253/2 
f 1448/253/2 1450/254/2 1449/251/2 
f 1451/250/3 1449/249/3 1450/255/3 
f 1450/255/3 1452/256/3 1451/250/3 
f 1448/257/30 1447/258/30 1452/259/30 
f 1452/259/30 1450/260/30 1448/257/30 
f 1449/261/30 1445/262/30 1446/263/30 
f 1446/263/30 1451/264/30 1449/261/30 
f 1453/235/30 1454/236/30 1455/237/30 
f 1455/237/30 1456/238/30 1453/235/30 
f 1457/239/2 1453/240/2 1456/241/2 
f 1456/241/2 1458/242/2 1457/239/2 
f 1459/235/23 1457/236/23 1458/237/23 
f 1458/237/23 1460/238/23 1459/235/23 
f 1456/243/3 1455/244/3 1460/245/3 
f 1460/245/3 1458/246/3 1456/243/3 
f 1457/243/1 1459/244/1 1454/245/1 
f 1454/245/1 1453/246/1 1457/243/1 
f 1461/223/30 1462/224/30 1463/225/30 
f 1463/225/30 1464/226/30 1461/223/30 
f 1465/227/2 1461/228/2 1464/229/2 
f 1464/229/2 1466/230/2 1465/227/2 
f 1467/223/23 1465/224/23 1466/225/23 
f 1466/225/23 1468/226/23 1467/223/23 
f 1464/231/3 1463/234/3 1468/233/3 
f 1468/233/3 1466/232/3 1464/231/3 
f 1465/231/1 1467/234/1 1462/233/1 
f 1462/233/1 1461/232/1 1465/231/1 
f 1469/235/30 1470/236/30 1471/237/30 
f 1471/237/30 1472/238/30 1469/235/30 
f 1473/239/2 1469/240/2 1472/241/2 
f 1472/241/2 1474/242/2 1473/239/2 
f 1475/235/23 1473/236/23 1474/237/23 
f 1474/237/23 1476/238/23 1475/235/23 
f 1472/243/3 1471/244/3 1476/245/3 
f 1476/245/3 1474/246/3 1472/243/3 
f 1473/243/1 1475/244/1 1470/245/1 
f 1470/245/1 1469/246/1 1473/243/1 
f 1477/223/30 1478/224/30 1479/225/30 
f 1479/225/30 1480/226/30 1477/223/30 
f 1481/227/2 1477/228/2 1480/229/2 
f 1480/229/2 1482/230/2 1481/227/2 
f 1483/223/23 1481/224/23 1482/225/23 
f 1482/225/23 1484/226/23 1483/223/23 
f 1480/231/3 1479/234/3 1484/233/3 
f 1484/233/3 1482/232/3 1480/231/3 
f 1481/231/1 1483/234/1 1478/233/1 
f 1478/233/1 1477/232/1 1481/231/1 
f 1485/235/30 1486/236/30 1487/237/30 
f 1487/237/30 1488/238/30 1485/235/30 
f 1489/239/2 1485/240/2 1488/241/2 
f 1488/241/2 1490/242/2 1489/239/2 
f 1491/235/23 1489/236/23 1490/237/23 
f 1490/237/23 1492/238/23 1491/235/23 
f 1488/243/3 1487/244/3 1492/245/3 
f 1492/245/3 1490/246/3 1488/243/3 
f 1489/243/1 1491/244/1 1486/245/1 
f 1486/245/1 1485/246/1 1489/243/1 
f 1493/223/30 1494/224/30 1495/225/30 
f 1495/225/30 1496/226/30 1493/223/30 
f 1497/227/2 1493/228/2 1496/229/2 
f 1496/229/2 1498/230/2 1497/227/2 
f 1499/223/23 1497/224/23 1498/225/23 
f 1498/225/23 1500/226/23 1499/223/23 
f 1496/231/3 1495/234/3 1500/233/3 
f 1500/233/3 1498/232/3 1496/231/3 
f 1497/231/1 1499/234/1 1494/233/1 
f 1494/233/1 1493/232/1 1497/231/1 
f 1501/235/30 1502/236/30 1503/237/30 
f 1503/237/30 1504/238/30 1501/235/30 
f 1505/239/2 1501/240/2 1504/241/2 
f 1504/241/2 1506/242/2 1505/239/2 
f 1507/235/23 1505/236/23 1506/237/23 
f 1506/237/23 1508/238/23 1507/235/23 
f 1504/243/3 1503/244/3 1508/245/3 
f 1508/245/3 1506/246/3 1504/243/3 
f 1505/243/1 1507/244/1 1502/245/1 
f 1502/245/1 1501/246/1 1505/243/1 
f 1509/223/30 1510/224/30 1511/225/30 
f 1511/225/30 1512/226/30 1509/223/30 
f 1513/227/2 1509/228/2 1512/229/2 
f 1512/229/2 1514/230/2 1513/227/2 
f 1515/223/23 1513/224/23 1514/225/23 
f 1514/225/23 1516/226/23 1515/223/23 
f 1512/231/3 1511/234/3 1516/233/3 
f 1516/233/3 1514/232/3 1512/231/3 
f 1513/231/1 1515/234/1 1510/233/1 
f 1510/233/1 1509/232/1 1513/231/1 
f 1517/235/30 1518/236/30 1519/237/30 
f 1519/237/30 1520/238/30 1517/235/30 
f 1521/239/2 1517/240/2 1520/241/2 
f 1520/241/2 1522/242/2 1521/239/2 
f 1523/235/23 1521/236/23 1522/237/23 
f 1522/237/23 1524/238/23 1523/235/23 
f 1520/243/3 1519/244/3 1524/245/3 
f 1524/245/3 1522/246/3 1520/243/3 
f 1521/243/1 1523/244/1 1518/245/1 
f 1518/245/1 1517/246/1 1521/243/1 
f 1525/223/30 1526/224/30 1527/225/30 
f 1527/225/30 1528/226/30 1525/223/30 
f 1529/227/2 1525/228/2 1528/229/2 
f 1528/229/2 1530/230/2 1529/227/2 
f 1531/223/23 1529/224/23 1530/225/23 
f 1530/225/23 1532/226/23 1531/223/23 
f 1528/231/3 1527/234/3 1532/233/3 
f 1532/233/3 1530/232/3 1528/231/3 
f 1529/231/1 1531/234/1 1526/233/1 
f 1526/233/1 1525/232/1 1529/231/1 
f 1533/235/30 1534/236/30 1535/237/30 
f 1535/237/30 1536/238/30 1533/235/30 
f 1537/239/2 1533/240/2 1536/241/2 
f 1536/241/2 1538/242/2 1537/239/2 
f 1539/235/23 1537/236/23 1538/237/23 
f 1538/237/23 1540/238/23 1539/235/23 
f 1536/243/3 1535/244/3 1540/245/3 
f 1540/245/3 1538/246/3 1536/243/3 
f 1537/243/1 1539/244/1 1534/245/1 
f 1534/245/1 1533/246/1 1537/243/1 
f 1541/223/30 1542/224/30 1543/225/30 
f 1543/225/30 1544/226/30 1541/223/30 
f 1545/227/2 1541/228/2 1544/229/2 
f 1544/229/2 1546/230/2 1545/227/2 
f 1547/223/23 1545/224/23 1546/225/23 
f 1546/225/23 1548/226/23 1547/223/23 
f 1544/231/3 1543/234/3 1548/233/3 
f 1548/233/3 1546/232/3 1544/231/3 
f 1545/231/1 1547/234/1 1542/233/1 
f 1542/233/1 1541/232/1 1545/231/1 
f 1549/235/30 1550/236/30 1551/237/30 
f 1551/237/30 1552/238/30 1549/235/30 
f 1553/239/2 1549/240/2 1552/241/2 
f 1552/241/2 1554/242/2 1553/239/2 
f 1555/235/23 1553/236/23 1554/237/23 
f 1554/237/23 1556/238/23 1555/235/23 
f 1552/243/3 1551/244/3 1556/245/3 
f 1556/245/3 1554/246/3 1552/243/3 
f 1553/243/1 1555/244/1 1550/245/1 
f 1550/245/1 1549/246/1 1553/243/1 
f 1557/223/30 1558/224/30 1559/225/30 
f 1559/225/30 1560/226/30 1557/223/30 
f 1561/227/2 1557/228/2 1560/229/2 
f 1560/229/2 1562/230/2 1561/227/2 
f 1563/223/23 1561/224/23 1562/225/23 
f 1562/225/23 1564/226/23 1563/223/23 
f 1560/231/3 1559/234/3 1564/233/3 
f 1564/233/3 1562/232/3 1560/231/3 
f 1561/231/1 1563/234/1 1558/233/1 
f 1558/233/1 1557/232/1 1561/231/1 
f 1565/235/30 1566/236/30 1567/237/30 
f 1567/237/30 1568/238/30 1565/235/30 
f 1569/239/2 1565/240/2 1568/241/2 
f 1568/241/2 1570/242/2 1569/239/2 
f 1571/235/23 1569/236/23 1570/237/23 
f 1570/237/23 1572/238/23 1571/235/23 
f 1568/243/3 1567/244/3 1572/245/3 
f 1572/245/3 1570/246/3 1568/243/3 
f 1569/243/1 1571/244/1 1566/245/1 
f 1566/245/1 1565/246/1 1569/243/1 
f 1573/223/30 1574/224/30 1575/225/30 
f 1575/225/30 1576/226/30 1573/223/30 
f 1577/227/2 1573/228/2 1576/229/2 
f 1576/229/2 1578/230/2 1577/227/2 
f 1579/223/23 1577/224/23 1578/225/23 
f 1578/225/23 1580/226/23 1579/223/23 
f 1576/231/3 1575/234/3 1580/233/3 
f 1580/233/3 1578/232/3 1576/231/3 
f 1577/231/1 1579/234/1 1574/233/1 
f 1574/233/1 1573/232/1 1577/231/1 
f 1581/235/30 1582/236/30 1583/237/30 
f 1583/237/30 1584/238/30 1581/235/30 
f 1585/239/2 1581/240/2 1584/241/2 
f 1584/241/2 1586/242/2 1585/239/2 
f 1587/235/23 1585/236/23 1586/237/23 
f 1586/237/23 1588/238/23 1587/235/23 
f 1584/243/3 1583/244/3 1588/245/3 
f 1588/245/3 1586/246/3 1584/243/3 
f 1585/243/1 1587/244/1 1582/245/1 
f 1582/245/1 1581/246/1 1585/243/1 
f 1589/223/30 1590/224/30 1591/225/30 
f 1591/225/30 1592/226/30 1589/223/30 
f 1593/227/2 1589/228/2 1592/229/2 
f 1592/229/2 1594/230/2 1593/227/2 
f 1595/223/23 1593/224/23 1594/225/23 
f 1594/225/23 1596/226/23 1595/223/23 
f 1592/231/3 1591/234/3 1596/233/3 
f 1596/233/3 1594/232/3 1592/231/3 
f 1593/231/1 1595/234/1 1590/233/1 
f 1590/233/1 1589/232/1 1593/231/1 
f 1597/235/30 1598/236/30 1599/237/30 
f 1599/237/30 1600/238/30 1597/235/30 
f 1601/239/2 1597/240/2 1600/241/2 
f 1600/241/2 1602/242/2 1601/239/2 
f 1603/235/23 1601/236/23 1602/237/23 
f 1602/237/23 1604/238/23 1603/235/23 
f 1600/243/3 1599/244/3 1604/245/3 
f 1604/245/3 1602/246/3 1600/243/3 
f 1601/243/1 1603/244/1 1598/245/1 
f 1598/245/1 1597/246/1 1601/243/1 
f 1605/223/30 1606/224/30 1607/225/30 
f 1607/225/30 1608/226/30 1605/223/30 
f 1609/227/2 1605/228/2 1608/229/2 
f 1608/229/2 1610/230/2 1609/227/2 
f 1611/223/23 1609/224/23 1610/225/23 
f 1610/225/23 1612/226/23 1611/223/23 
f 1608/231/3 1607/234/3 1612/233/3 
f 1612/233/3 1610/232/3 1608/231/3 
f 1609/231/1 1611/234/1 1606/233/1 
f 1606/233/1 1605/232/1 1609/231/1 
f 1613/235/30 1614/236/30 1615/237/30 
f 1615/237/30 1616/238/30 1613/235/30 
f 1617/239/2 1613/240/2 1616/241/2 
f 1616/241/2 1618/242/2 1617/239/2 
f 1619/235/23 1617/236/23 1618/237/23 
f 1618/237/23 1620/238/23 1619/235/23 
f 1616/243/3 1615/244/3 1620/245/3 
f 1620/245/3 1618/246/3 1616/243/3 
f 1617/243/1 1619/244/1 1614/245/1 
f 1614/245/1 1613/246/1 1617/243/1 
f 1621/223/30 1622/224/30 1623/225/30 
f 1623/225/30 1624/226/30 1621/223/30 
f 1625/227/2 1621/228/2 1624/229/2 
f 1624/229/2 1626/230/2 1625/227/2 
f 1627/223/23 1625/224/23 1626/225/23 
f 1626/225/23 1628/226/23 1627/223/23 
f 1624/231/3 1623/234/3 1628/233/3 
f 1628/233/3 1626/232/3 1624/231/3 
f 1625/231/3 1621/232/3 1622/233/3 
f 1622/233/3 1627/234/3 1625/231/3 
f 1629/223/30 1630/224/30 1631/225/30 
f 1631/225/30 1632/226/30 1629/223/30 
f 1633/227/2 1629/228/2 1632/229/2 
f 1632/229/2 1634/230/2 1633/227/2 
f 1635/223/23 1633/224/23 1634/225/23 
f 1634/225/23 1636/226/23 1635/223/23 
f 1632/231/3 1631/234/3 1636/233/3 
f 1636/233/3 1634/232/3 1632/231/3 
f 1633/231/3 1629/232/3 1630/233/3 
f 1630/233/3 1635/234/3 1633/231/3 
f 1637/235/30 1638/236/30 1639/237/30 
f 1639/237/30 1640/238/30 1637/235/30 
f 1641/239/2 1637/240/2 1640/241/2 
f 1640/241/2 1642/242/2 1641/239/2 
f 1643/235/23 1641/236/23 1642/237/23 
f 1642/237/23 1644/238/23 1643/235/23 
f 1640/243/3 1639/244/3 1644/245/3 
f 1644/245/3 1642/246/3 1640/243/3 
f 1641/243/1 1643/244/1 1638/245/1 
f 1638/245/1 1637/246/1 1641/243/1 
f 1645/223/30 1646/224/30 1647/225/30 
f 1647/225/30 1648/226/30 1645/223/30 
f 1649/227/2 1645/228/2 1648/229/2 
f 1648/229/2 1650/230/2 1649/227/2 
f 1651/223/23 1649/224/23 1650/225/23 
f 1650/225/23 1652/226/23 1651/223/23 
f 1648/231/3 1647/234/3 1652/233/3 
f 1652/233/3 1650/232/3 1648/231/3 
f 1649/231/1 1651/234/1 1646/233/1 
f 1646/233/1 1645/232/1 1649/231/1 
f 1653/282/30 1654/283/30 1655/257/30 
f 1655/257/30 1656/284/30 1653/282/30 
f 1657/285/2 1653/286/2 1656/287/2 
f 1656/287/2 1658/288/2 1657/285/2 
f 1659/282/23 1657/283/23 1658/257/23 
f 1658/257/23 1660/284/23 1659/282/23 
f 1656/289/3 1655/290/3 1660/260/3 
f 1660/260/3 1658/291/3 1656/289/3 
f 1657/289/1 1659/290/1 1654/260/1 
f 1654/260/1 1653/291/1 1657/289/1 
f 1661/292/30 1662/293/30 1663/294/30 
f 1663/294/30 1664/295/30 1661/292/30 
f 1665/296/2 1661/297/2 1664/298/2 
f 1664/298/2 1666/299/2 1665/296/2 
f 1667/292/23 1665/293/23 1666/294/23 
f 1666/294/23 1668/295/23 1667/292/23 
f 1664/300/3 1663/301/3 1668/302/3 
f 1668/302/3 1666/303/3 1664/300/3 
f 1665/300/1 1667/301/1 1662/302/1 
f 1662/302/1 1661/303/1 1665/300/1 
f 1669/235/30 1670/236/30 1671/237/30 
f 1671/237/30 1672/238/30 1669/235/30 
f 1673/239/2 1669/240/2 1672/241/2 
f 1672/241/2 1674/242/2 1673/239/2 
f 1675/235/23 1673/236/23 1674/237/23 
f 1674/237/23 1676/238/23 1675/235/23 
f 1672/243/3 1671/244/3 1676/245/3 
f 1676/245/3 1674/246/3 1672/243/3 
f 1673/243/1 1675/244/1 1670/245/1 
f 1670/245/1 1669/246/1 1673/243/1 
f 1677/223/30 1678/224/30 1679/225/30 
f 1679/225/30 1680/226/30 1677/223/30 
f 1681/227/2 1677/228/2 1680/229/2 
f 1680/229/2 1682/230/2 1681/227/2 
f 1683/223/23 1681/224/23 1682/225/23 
f 1682/225/23 1684/226/23 1683/223/23 
f 1680/231/3 1679/234/3 1684/233/3 
f 1684/233/3 1682/232/3 1680/231/3 
f 1681/231/1 1683/234/1 1678/233/1 
f 1678/233/1 1677/232/1 1681/231/1 
f 1685/235/30 1686/236/30 1687/237/30 
f 1687/237/30 1688/238/30 1685/235/30 
f 1689/239/2 1685/240/2 1688/241/2 
f 1688/241/2 1690/242/2 1689/239/2 
f 1691/235/23 1689/236/23 1690/237/23 
f 1690/237/23 1692/238/23 1691/235/23 
f 1688/243/3 1687/244/3 1692/245/3 
f 1692/245/3 1690/246/3 1688/243/3 
f 1689/243/1 1691/244/1 1686/245/1 
f 1686/245/1 1685/246/1 1689/243/1 
f 1693/223/30 1694/224/30 1695/225/30 
f 1695/225/30 1696/226/30 1693/223/30 
f 1697/227/2 1693/228/2 1696/229/2 
f 1696/229/2 1698/230/2 1697/227/2 
f 1699/223/23 1697/224/23 1698/225/23 
f 1698/225/23 1700/226/23 1699/223/23 
f 1696/231/3 1695/234/3 1700/233/3 
f 1700/233/3 1698/232/3 1696/231/3 
f 1697/231/1 1699/234/1 1694/233/1 
f 1694/233/1 1693/232/1 1697/231/1 
f 1701/235/30 1702/236/30 1703/237/30 
f 1703/237/30 1704/238/30 1701/235/30 
f 1705/239/2 1701/240/2 1704/241/2 
f 1704/241/2 1706/242/2 1705/239/2 
f 1707/235/23 1705/236/23 1706/237/23 
f 1706/237/23 1708/238/23 1707/235/23 
f 1704/243/3 1703/244/3 1708/245/3 
f 1708/245/3 1706/246/3 1704/243/3 
f 1705/243/1 1707/244/1 1702/245/1 
f 1702/245/1 1701/246/1 1705/243/1 
f 1709/223/30 1710/224/30 1711/225/30 
f 1711/225/30 1712/226/30 1709/223/30 
f 1713/227/2 1709/228/2 1712/229/2 
f 1712/229/2 1714/230/2 1713/227/2 
f 1715/223/23 1713/224/23 1714/225/23 
f 1714/225/23 1716/226/23 1715/223/23 
f 1712/231/3 1711/234/3 1716/233/3 
f 1716/233/3 1714/232/3 1712/231/3 
f 1713/231/1 1715/234/1 1710/233/1 
f 1710/233/1 1709/232/1 1713/231/1 
f 1717/235/30 1718/236/30 1719/237/30 
f 1719/237/30 1720/238/30 1717/235/30 
f 1721/239/2 1717/240/2 1720/241/2 
f 1720/241/2 1722/242/2 1721/239/2 
f 1723/235/23 1721/236/23 1722/237/23 
f 1722/237/23 1724/238/23 1723/235/23 
f 1720/243/3 1719/244/3 1724/245/3 
f 1724/245/3 1722/246/3 1720/243/3 
f 1721/243/1 1723/244/1 1718/245/1 
f 1718/245/1 1717/246/1 1721/243/1 
f 1725/223/30 1726/224/30 1727/225/30 
f 1727/225/30 1728/226/30 1725/223/30 
f 1729/227/2 1725/228/2 1728/229/2 
f 1728/229/2 1730/230/2 1729/227/2 
f 1731/223/23 1729/224/23 1730/225/23 
f 1730/225/23 1732/226/23 1731/223/23 
f 1728/231/3 1727/234/3 1732/233/3 
f 1732/233/3 1730/232/3 1728/231/3 
f 1729/231/1 1731/234/1 1726/233/1 
f 1726/233/1 1725/232/1 1729/231/1 
f 1733/235/30 1734/236/30 1735/237/30 
f 1735/237/30 1736/238/30 1733/235/30 
f 1737/239/2 1733/240/2 1736/241/2 
f 1736/241/2 1738/242/2 1737/239/2 
f 1739/235/23 1737/236/23 1738/237/23 
f 1738/237/23 1740/238/23 1739/235/23 
f 1736/243/3 1735/244/3 1740/245/3 
f 1740/245/3 1738/246/3 1736/243/3 
f 1737/243/1 1739/244/1 1734/245/1 
f 1734/245/1 1733/246/1 1737/243/1 
f 1741/223/30 1742/224/30 1743/225/30 
f 1743/225/30 1744/226/30 1741/223/30 
f 1745/227/2 1741/228/2 1744/229/2 
f 1744/229/2 1746/230/2 1745/227/2 
f 1747/223/23 1745/224/23 1746/225/23 
f 1746/225/23 1748/226/23 1747/223/23 
f 1744/231/3 1743/234/3 1748/233/3 
f 1748/233/3 1746/232/3 1744/231/3 
f 1745/231/1 1747/234/1 1742/233/1 
f 1742/233/1 1741/232/1 1745/231/1 
f 1749/235/30 1750/236/30 1751/237/30 
f 1751/237/30 1752/238/30 1749/235/30 
f 1753/239/2 1749/240/2 1752/241/2 
f 1752/241/2 1754/242/2 1753/239/2 
f 1755/235/23 1753/236/23 1754/237/23 
f 1754/237/23 1756/238/23 1755/235/23 
f 1752/243/3 1751/244/3 1756/245/3 
f 1756/245/3 1754/246/3 1752/243/3 
f 1753/243/1 1755/244/1 1750/245/1 
f 1750/245/1 1749/246/1 1753/243/1 
f 1757/223/30 1758/224/30 1759/225/30 
f 1759/225/30 1760/226/30 1757/223/30 
f 1761/227/2 1757/228/2 1760/229/2 
f 1760/229/2 1762/230/2 1761/227/2 
f 1763/223/23 1761/224/23 1762/225/23 
f 1762/225/23 1764/226/23 1763/223/23 
f 1760/231/3 1759/234/3 1764/233/3 
f 1764/233/3 1762/232/3 1760/231/3 
f 1761/231/1 1763/234/1 1758/233/1 
f 1758/233/1 1757/232/1 1761/231/1 
f 1765/235/30 1766/236/30 1767/237/30 
f 1767/237/30 1768/238/30 1765/235/30 
f 1769/239/2 1765/240/2 1768/241/2 
f 1768/241/2 1770/242/2 1769/239/2 
f 1771/235/23 1769/236/23 1770/237/23 
f 1770/237/23 1772/238/23 1771/235/23 
f 1768/243/3 1767/244/3 1772/245/3 
f 1772/245/3 1770/246/3 1768/243/3 
f 1769/243/1 1771/244/1 1766/245/1 
f 1766/245/1 1765/246/1 1769/243/1 
f 1773/223/30 1774/224/30 1775/225/30 
f 1775/225/30 1776/226/30 1773/223/30 
f 1777/227/2 1773/228/2 1776/229/2 
f 1776/229/2 1778/230/2 1777/227/2 
f 1779/223/23 1777/224/23 1778/225/23 
f 1778/225/23 1780/226/23 1779/223/23 
f 1776/231/3 1775/234/3 1780/233/3 
f 1780/233/3 1778/232/3 1776/231/3 
f 1777/231/1 1779/234/1 1774/233/1 
f 1774/233/1 1773/232/1 1777/231/1 
f 1781/235/30 1782/236/30 1783/237/30 
f 1783/237/30 1784/238/30 1781/235/30 
f 1785/239/2 1781/240/2 1784/241/2 
f 1784/241/2 1786/242/2 1785/239/2 
f 1787/235/23 1785/236/23 1786/237/23 
f 1786/237/23 1788/238/23 1787/235/23 
f 1784/243/3 1783/244/3 1788/245/3 
f 1788/245/3 1786/246/3 1784/243/3 
f 1785/243/1 1787/244/1 1782/245/1 
f 1782/245/1 1781/246/1 1785/243/1 
f 1789/223/30 1790/224/30 1791/225/30 
f 1791/225/30 1792/226/30 1789/223/30 
f 1793/227/2 1789/228/2 1792/229/2 
f 1792/229/2 1794/230/2 1793/227/2 
f 1795/223/23 1793/224/23 1794/225/23 
f 1794/225/23 1796/226/23 1795/223/23 
f 1792/231/3 1791/234/3 1796/233/3 
f 1796/233/3 1794/232/3 1792/231/3 
f 1793/231/1 1795/234/1 1790/233/1 
f 1790/233/1 1789/232/1 1793/231/1 
f 1797/235/30 1798/236/30 1799/237/30 
f 1799/237/30 1800/238/30 1797/235/30 
f 1801/239/2 1797/240/2 1800/241/2 
f 1800/241/2 1802/242/2 1801/239/2 
f 1803/235/23 1801/236/23 1802/237/23 
f 1802/237/23 1804/238/23 1803/235/23 
f 1800/243/3 1799/244/3 1804/245/3 
f 1804/245/3 1802/246/3 1800/243/3 
f 1801/243/1 1803/244/1 1798/245/1 
f 1798/245/1 1797/246/1 1801/243/1 
f 1805/223/30 1806/224/30 1807/225/30 
f 1807/225/30 1808/226/30 1805/223/30 
f 1809/227/2 1805/228/2 1808/229/2 
f 1808/229/2 1810/230/2 1809/227/2 
f 1811/223/23 1809/224/23 1810/225/23 
f 1810/225/23 1812/226/23 1811/223/23 
f 1808/231/3 1807/234/3 1812/233/3 
f 1812/233/3 1810/232/3 1808/231/3 
f 1809/231/1 1811/234/1 1806/233/1 
f 1806/233/1 1805/232/1 1809/231/1 
f 1813/235/30 1814/236/30 1815/237/30 
f 1815/237/30 1816/238/30 1813/235/30 
f 1817/239/2 1813/240/2 1816/241/2 
f 1816/241/2 1818/242/2 1817/239/2 
f 1819/235/98 1817/236/98 1818/237/98 
f 1818/237/98 1820/238/98 1819/235/98 
f 1816/243/3 1815/244/3 1820/245/3 
f 1820/245/3 1818/246/3 1816/243/3 
f 1817/243/1 1819/244/1 1814/245/1 
f 1814/245/1 1813/246/1 1817/243/1 
f 1821/223/30 1822/224/30 1823/225/30 
f 1823/225/30 1824/226/30 1821/223/30 
f 1825/227/2 1821/228/2 1824/229/2 
f 1824/229/2 1826/230/2 1825/227/2 
f 1827/223/23 1825/224/23 1826/225/23 
f 1826/225/23 1828/226/23 1827/223/23 
f 1824/231/1 1826/232/1 1828/233/1 
f 1828/233/1 1823/234/1 1824/231/1 
f 1825/231/1 1827/234/1 1822/233/1 
f 1822/233/1 1821/232/1 1825/231/1 
f 1829/247/1 1830/248/1 1831/249/1 
f 1831/249/1 1832/250/1 1829/247/1 
f 1833/251/2 1829/252/2 1832/253/2 
f 1832/253/2 1834/254/2 1833/251/2 
f 1835/250/3 1833/249/3 1834/255/3 
f 1834/255/3 1836/256/3 1835/250/3 
f 1832/257/23 1834/260/23 1836/259/23 
f 1836/259/23 1831/258/23 1832/257/23 
f 1833/261/23 1835/264/23 1830/263/23 
f 1830/263/23 1829/262/23 1833/261/23 
f 1837/247/1 1838/248/1 1839/249/1 
f 1839/249/1 1840/250/1 1837/247/1 
f 1841/251/2 1837/252/2 1840/253/2 
f 1840/253/2 1842/254/2 1841/251/2 
f 1843/250/3 1841/249/3 1842/255/3 
f 1842/255/3 1844/256/3 1843/250/3 
f 1840/257/23 1842/260/23 1844/259/23 
f 1844/259/23 1839/258/23 1840/257/23 
f 1841/261/23 1843/264/23 1838/263/23 
f 1838/263/23 1837/262/23 1841/261/23 
f 1845/247/1 1846/248/1 1847/249/1 
f 1847/249/1 1848/250/1 1845/247/1 
f 1849/251/2 1845/252/2 1848/253/2 
f 1848/253/2 1850/254/2 1849/251/2 
f 1851/250/3 1849/249/3 1850/255/3 
f 1850/255/3 1852/256/3 1851/250/3 
f 1848/257/30 1847/258/30 1852/259/30 
f 1852/259/30 1850/260/30 1848/257/30 
f 1849/261/23 1851/264/23 1846/263/23 
f 1846/263/23 1845/262/23 1849/261/23 
f 1853/247/1 1854/248/1 1855/249/1 
f 1855/249/1 1856/250/1 1853/247/1 
f 1857/251/2 1853/252/2 1856/253/2 
f 1856/253/2 1858/254/2 1857/251/2 
f 1859/250/3 1857/249/3 1858/255/3 
f 1858/255/3 1860/256/3 1859/250/3 
f 1856/257/30 1855/258/30 1860/259/30 
f 1860/259/30 1858/260/30 1856/257/30 
f 1857/261/23 1859/264/23 1854/263/23 
f 1854/263/23 1853/262/23 1857/261/23 
f 1861/247/1 1862/248/1 1863/249/1 
f 1863/249/1 1864/250/1 1861/247/1 
f 1865/251/2 1861/252/2 1864/253/2 
f 1864/253/2 1866/254/2 1865/251/2 
f 1867/250/3 1865/249/3 1866/255/3 
f 1866/255/3 1868/256/3 1867/250/3 
f 1864/257/30 1863/258/30 1868/259/30 
f 1868/259/30 1866/260/30 1864/257/30 
f 1865/261/23 1867/264/23 1862/263/23 
f 1862/263/23 1861/262/23 1865/261/23 
f 1869/247/1 1870/248/1 1871/249/1 
f 1871/249/1 1872/250/1 1869/247/1 
f 1873/251/2 1869/252/2 1872/253/2 
f 1872/253/2 1874/254/2 1873/251/2 
f 1875/250/3 1873/249/3 1874/255/3 
f 1874/255/3 1876/256/3 1875/250/3 
f 1872/257/30 1871/258/30 1876/259/30 
f 1876/259/30 1874/260/30 1872/257/30 
f 1873/261/23 1875/264/23 1870/263/23 
f 1870/263/23 1869/262/23 1873/261/23 
f 1877/247/1 1878/248/1 1879/249/1 
f 1879/249/1 1880/250/1 1877/247/1 
f 1881/251/2 1877/252/2 1880/253/2 
f 1880/253/2 1882/254/2 1881/251/2 
f 1883/250/3 1881/249/3 1882/255/3 
f 1882/255/3 1884/256/3 1883/250/3 
f 1880/257/30 1879/258/30 1884/259/30 
f 1884/259/30 1882/260/30 1880/257/30 
f 1881/261/23 1883/264/23 1878/263/23 
f 1878/263/23 1877/262/23 1881/261/23 
f 1885/247/1 1886/248/1 1887/249/1 
f 1887/249/1 1888/250/1 1885/247/1 
f 1889/251/2 1885/252/2 1888/253/2 
f 1888/253/2 1890/254/2 1889/251/2 
f 1891/250/3 1889/249/3 1890/255/3 
f 1890/255/3 1892/256/3 1891/250/3 
f 1888/257/30 1887/258/30 1892/259/30 
f 1892/259/30 1890/260/30 1888/257/30 
f 1889/261/23 1891/264/23 1886/263/23 
f 1886/263/23 1885/262/23 1889/261/23 
f 1893/247/1 1894/248/1 1895/249/1 
f 1895/249/1 1896/250/1 1893/247/1 
f 1897/251/2 1893/252/2 1896/253/2 
f 1896/253/2 1898/254/2 1897/251/2 
f 1899/250/3 1897/249/3 1898/255/3 
f 1898/255/3 1900/256/3 1899/250/3 
f 1896/257/30 1895/258/30 1900/259/30 
f 1900/259/30 1898/260/30 1896/257/30 
f 1897/261/23 1899/264/23 1894/263/23 
f 1894/263/23 1893/262/23 1897/261/23 
f 1901/247/1 1902/248/1 1903/249/1 
f 1903/249/1 1904/250/1 1901/247/1 
f 1905/251/2 1901/252/2 1904/253/2 
f 1904/253/2 1906/254/2 1905/251/2 
f 1907/250/3 1905/249/3 1906/255/3 
f 1906/255/3 1908/256/3 1907/250/3 
f 1904/257/30 1903/258/30 1908/259/30 
f 1908/259/30 1906/260/30 1904/257/30 
f 1905/261/23 1907/264/23 1902/263/23 
f 1902/263/23 1901/262/23 1905/261/23 
f 1909/247/1 1910/248/1 1911/249/1 
f 1911/249/1 1912/250/1 1909/247/1 
f 1913/251/2 1909/252/2 1912/253/2 
f 1912/253/2 1914/254/2 1913/251/2 
f 1915/250/3 1913/249/3 1914/255/3 
f 1914/255/3 1916/256/3 1915/250/3 
f 1912/257/30 1911/258/30 1916/259/30 
f 1916/259/30 1914/260/30 1912/257/30 
f 1913/261/23 1915/264/23 1910/263/23 
f 1910/263/23 1909/262/23 1913/261/23 
f 1917/247/1 1918/248/1 1919/249/1 
f 1919/249/1 1920/250/1 1917/247/1 
f 1921/251/2 1917/252/2 1920/253/2 
f 1920/253/2 1922/254/2 1921/251/2 
f 1923/250/3 1921/249/3 1922/255/3 
f 1922/255/3 1924/256/3 1923/250/3 
f 1920/257/30 1919/258/30 1924/259/30 
f 1924/259/30 1922/260/30 1920/257/30 
f 1921/261/23 1923/264/23 1918/263/23 
f 1918/263/23 1917/262/23 1921/261/23 
f 1925/247/1 1926/248/1 1927/249/1 
f 1927/249/1 1928/250/1 1925/247/1 
f 1929/251/2 1925/252/2 1928/253/2 
f 1928/253/2 1930/254/2 1929/251/2 
f 1931/250/3 1929/249/3 1930/255/3 
f 1930/255/3 1932/256/3 1931/250/3 
f 1928/257/30 1927/258/30 1932/259/30 
f 1932/259/30 1930/260/30 1928/257/30 
f 1929/261/23 1931/264/23 1926/263/23 
f 1926/263/23 1925/262/23 1929/261/23 
f 1933/247/1 1934/248/1 1935/249/1 
f 1935/249/1 1936/250/1 1933/247/1 
f 1937/251/2 1933/252/2 1936/253/2 
f 1936/253/2 1938/254/2 1937/251/2 
f 1939/250/3 1937/249/3 1938/255/3 
f 1938/255/3 1940/256/3 1939/250/3 
f 1936/257/30 1935/258/30 1940/259/30 
f 1940/259/30 1938/260/30 1936/257/30 
f 1937/261/23 1939/264/23 1934/263/23 
f 1934/263/23 1933/262/23 1937/261/23 
f 1941/247/1 1942/248/1 1943/249/1 
f 1943/249/1 1944/250/1 1941/247/1 
f 1945/251/2 1941/252/2 1944/253/2 
f 1944/253/2 1946/254/2 1945/251/2 
f 1947/250/3 1945/249/3 1946/255/3 
f 1946/255/3 1948/256/3 1947/250/3 
f 1944/257/30 1943/258/30 1948/259/30 
f 1948/259/30 1946/260/30 1944/257/30 
f 1945/261/23 1947/264/23 1942/263/23 
f 1942/263/23 1941/262/23 1945/261/23 
f 1949/247/1 1950/248/1 1951/249/1 
f 1951/249/1 1952/250/1 1949/247/1 
f 1953/251/2 1949/252/2 1952/253/2 
f 1952/253/2 1954/254/2 1953/251/2 
f 1955/250/3 1953/249/3 1954/255/3 
f 1954/255/3 1956/256/3 1955/250/3 
f 1952/257/30 1951/258/30 1956/259/30 
f 1956/259/30 1954/260/30 1952/257/30 
f 1953/261/23 1955/264/23 1950/263/23 
f 1950/263/23 1949/262/23 1953/261/23 
f 1957/247/1 1958/248/1 1959/249/1 
f 1959/249/1 1960/250/1 1957/247/1 
f 1961/251/2 1957/252/2 1960/253/2 
f 1960/253/2 1962/254/2 1961/251/2 
f 1963/250/3 1961/249/3 1962/255/3 
f 1962/255/3 1964/256/3 1963/250/3 
f 1960/257/30 1959/258/30 1964/259/30 
f 1964/259/30 1962/260/30 1960/257/30 
f 1961/261/23 1963/264/23 1958/263/23 
f 1958/263/23 1957/262/23 1961/261/23 
f 1965/247/1 1966/248/1 1967/249/1 
f 1967/249/1 1968/250/1 1965/247/1 
f 1969/251/2 1965/252/2 1968/253/2 
f 1968/253/2 1970/254/2 1969/251/2 
f 1971/250/3 1969/249/3 1970/255/3 
f 1970/255/3 1972/256/3 1971/250/3 
f 1968/257/30 1967/258/30 1972/259/30 
f 1972/259/30 1970/260/30 1968/257/30 
f 1969/261/23 1971/264/23 1966/263/23 
f 1966/263/23 1965/262/23 1969/261/23 
f 1973/247/1 1974/248/1 1975/249/1 
f 1975/249/1 1976/250/1 1973/247/1 
f 1977/251/2 1973/252/2 1976/253/2 
f 1976/253/2 1978/254/2 1977/251/2 
f 1979/250/3 1977/249/3 1978/255/3 
f 1978/255/3 1980/256/3 1979/250/3 
f 1976/257/30 1975/258/30 1980/259/30 
f 1980/259/30 1978/260/30 1976/257/30 
f 1977/261/23 1979/264/23 1974/263/23 
f 1974/263/23 1973/262/23 1977/261/23 
f 1981/247/1 1982/248/1 1983/249/1 
f 1983/249/1 1984/250/1 1981/247/1 
f 1985/251/2 1981/252/2 1984/253/2 
f 1984/253/2 1986/254/2 1985/251/2 
f 1987/250/3 1985/249/3 1986/255/3 
f 1986/255/3 1988/256/3 1987/250/3 
f 1984/257/30 1983/258/30 1988/259/30 
f 1988/259/30 1986/260/30 1984/257/30 
f 1985/261/23 1987/264/23 1982/263/23 
f 1982/263/23 1981/262/23 1985/261/23 
f 1989/247/1 1990/248/1 1991/249/1 
f 1991/249/1 1992/250/1 1989/247/1 
f 1993/251/2 1989/252/2 1992/253/2 
f 1992/253/2 1994/254/2 1993/251/2 
f 1995/250/3 1993/249/3 1994/255/3 
f 1994/255/3 1996/256/3 1995/250/3 
f 1992/257/30 1991/258/30 1996/259/30 
f 1996/259/30 1994/260/30 1992/257/30 
f 1993/261/23 1995/264/23 1990/263/23 
f 1990/263/23 1989/262/23 1993/261/23 
f 1997/247/1 1998/248/1 1999/249/1 
f 1999/249/1 2000/250/1 1997/247/1 
f 2001/251/2 1997/252/2 2000/253/2 
f 2000/253/2 2002/254/2 2001/251/2 
f 2003/250/3 2001/249/3 2002/255/3 
f 2002/255/3 2004/256/3 2003/250/3 
f 2000/257/30 1999/258/30 2004/259/30 
f 2004/259/30 2002/260/30 2000/257/30 
f 2001/261/23 2003/264/23 1998/263/23 
f 1998/263/23 1997/262/23 2001/261/23 
f 2005/247/1 2006/248/1 2007/249/1 
f 2007/249/1 2008/250/1 2005/247/1 
f 2009/251/2 2005/252/2 2008/253/2 
f 2008/253/2 2010/254/2 2009/251/2 
f 2011/250/3 2009/249/3 2010/255/3 
f 2010/255/3 2012/256/3 2011/250/3 
f 2008/257/30 2007/258/30 2012/259/30 
f 2012/259/30 2010/260/30 2008/257/30 
f 2009/261/23 2011/264/23 2006/263/23 
f 2006/263/23 2005/262/23 2009/261/23 
f 2013/247/1 2014/248/1 2015/249/1 
f 2015/249/1 2016/250/1 2013/247/1 
f 2017/251/2 2013/252/2 2016/253/2 
f 2016/253/2 2018/254/2 2017/251/2 
f 2019/250/3 2017/249/3 2018/255/3 
f 2018/255/3 2020/256/3 2019/250/3 
f 2016/257/30 2015/258/30 2020/259/30 
f 2020/259/30 2018/260/30 2016/257/30 
f 2017/261/23 2019/264/23 2014/263/23 
f 2014/263/23 2013/262/23 2017/261/23 
f 2021/247/1 2022/248/1 2023/249/1 
f 2023/249/1 2024/250/1 2021/247/1 
f 2025/251/2 2021/252/2 2024/253/2 
f 2024/253/2 2026/254/2 2025/251/2 
f 2027/250/3 2025/249/3 2026/255/3 
f 2026/255/3 2028/256/3 2027/250/3 
f 2024/257/30 2023/258/30 2028/259/30 
f 2028/259/30 2026/260/30 2024/257/30 
f 2025/261/23 2027/264/23 2022/263/23 
f 2022/263/23 2021/262/23 2025/261/23 
f 2029/247/1 2030/248/1 2031/249/1 
f 2031/249/1 2032/250/1 2029/247/1 
f 2033/251/2 2029/252/2 2032/253/2 
f 2032/253/2 2034/254/2 2033/251/2 
f 2035/250/3 2033/249/3 2034/255/3 
f 2034/255/3 2036/256/3 2035/250/3 
f 2032/257/30 2031/258/30 2036/259/30 
f 2036/259/30 2034/260/30 2032/257/30 
f 2033/261/23 2035/264/23 2030/263/23 
f 2030/263/23 2029/262/23 2033/261/23 
f 2037/247/1 2038/248/1 2039/249/1 
f 2039/249/1 2040/250/1 2037/247/1 
f 2041/251/2 2037/252/2 2040/253/2 
f 2040/253/2 2042/254/2 2041/251/2 
f 2043/250/3 2041/249/3 2042/255/3 
f 2042/255/3 2044/256/3 2043/250/3 
f 2040/257/30 2039/258/30 2044/259/30 
f 2044/259/30 2042/260/30 2040/257/30 
f 2041/261/23 2043/264/23 2038/263/23 
f 2038/263/23 2037/262/23 2041/261/23 
f 2045/247/1 2046/248/1 2047/249/1 
f 2047/249/1 2048/250/1 2045/247/1 
f 2049/251/2 2045/252/2 2048/253/2 
f 2048/253/2 2050/254/2 2049/251/2 
f 2051/250/3 2049/249/3 2050/255/3 
f 2050/255/3 2052/256/3 2051/250/3 
f 2048/257/30 2047/258/30 2052/259/30 
f 2052/259/30 2050/260/30 2048/257/30 
f 2049/261/23 2051/264/23 2046/263/23 
f 2046/263/23 2045/262/23 2049/261/23 
f 2053/247/1 2054/248/1 2055/249/1 
f 2055/249/1 2056/250/1 2053/247/1 
f 2057/251/2 2053/252/2 2056/253/2 
f 2056/253/2 2058/254/2 2057/251/2 
f 2059/250/3 2057/249/3 2058/255/3 
f 2058/255/3 2060/256/3 2059/250/3 
f 2056/257/30 2055/258/30 2060/259/30 
f 2060/259/30 2058/260/30 2056/257/30 
f 2057/261/23 2059/264/23 2054/263/23 
f 2054/263/23 2053/262/23 2057/261/23 
f 2061/247/1 2062/248/1 2063/249/1 
f 2063/249/1 2064/250/1 2061/247/1 
f 2065/251/2 2061/252/2 2064/253/2 
f 2064/253/2 2066/254/2 2065/251/2 
f 2067/250/3 2065/249/3 2066/255/3 
f 2066/255/3 2068/256/3 2067/250/3 
f 2064/257/30 2063/258/30 2068/259/30 
f 2068/259/30 2066/260/30 2064/257/30 
f 2065/261/23 2067/264/23 2062/263/23 
f 2062/263/23 2061/262/23 2065/261/23 
f 2069/247/1 2070/248/1 2071/249/1 
f 2071/249/1 2072/250/1 2069/247/1 
f 2073/251/2 2069/252/2 2072/253/2 
f 2072/253/2 2074/254/2 2073/251/2 
f 2075/250/3 2073/249/3 2074/255/3 
f 2074/255/3 2076/256/3 2075/250/3 
f 2072/257/30 2071/258/30 2076/259/30 
f 2076/259/30 2074/260/30 2072/257/30 
f 2073/261/23 2075/264/23 2070/263/23 
f 2070/263/23 2069/262/23 2073/261/23 
f 2077/304/1 2078/305/1 2079/306/1 
f 2079/306/1 2080/307/1 2077/304/1 
f 2081/308/2 2077/309/2 2080/310/2 
f 2080/310/2 2082/311/2 2081/308/2 
f 2083/312/3 2081/313/3 2082/278/3 
f 2082/278/3 2084/314/3 2083/312/3 
f 2080/315/30 2079/316/30 2084/317/30 
f 2084/317/30 2082/318/30 2080/315/30 
f 2081/319/23 2083/320/23 2078/316/23 
f 2078/316/23 2077/315/23 2081/319/23 
f 2085/304/1 2086/305/1 2087/306/1 
f 2087/306/1 2088/307/1 2085/304/1 
f 2089/308/2 2085/309/2 2088/310/2 
f 2088/310/2 2090/311/2 2089/308/2 
f 2091/312/3 2089/313/3 2090/278/3 
f 2090/278/3 2092/314/3 2091/312/3 
f 2088/315/30 2087/316/30 2092/317/30 
f 2092/317/30 2090/318/30 2088/315/30 
f 2089/319/23 2091/320/23 2086/316/23 
f 2086/316/23 2085/315/23 2089/319/23 
f 2093/247/1 2094/248/1 2095/249/1 
f 2095/249/1 2096/250/1 2093/247/1 
f 2097/251/2 2093/252/2 2096/253/2 
f 2096/253/2 2098/254/2 2097/251/2 
f 2099/250/3 2097/249/3 2098/255/3 
f 2098/255/3 2100/256/3 2099/250/3 
f 2096/257/30 2095/258/30 2100/259/30 
f 2100/259/30 2098/260/30 2096/257/30 
f 2097/261/23 2099/264/23 2094/263/23 
f 2094/263/23 2093/262/23 2097/261/23 
f 2101/247/1 2102/248/1 2103/249/1 
f 2103/249/1 2104/250/1 2101/247/1 
f 2105/251/2 2101/252/2 2104/253/2 
f 2104/253/2 2106/254/2 2105/251/2 
f 2107/250/3 2105/249/3 2106/255/3 
f 2106/255/3 2108/256/3 2107/250/3 
f 2104/257/30 2103/258/30 2108/259/30 
f 2108/259/30 2106/260/30 2104/257/30 
f 2105/261/23 2107/264/23 2102/263/23 
f 2102/263/23 2101/262/23 2105/261/23 
f 2109/304/1 2110/305/1 2111/306/1 
f 2111/306/1 2112/307/1 2109/304/1 
f 2113/308/2 2109/309/2 2112/310/2 
f 2112/310/2 2114/311/2 2113/308/2 
f 2115/312/3 2113/313/3 2114/278/3 
f 2114/278/3 2116/314/3 2115/312/3 
f 2112/315/30 2111/316/30 2116/317/30 
f 2116/317/30 2114/318/30 2112/315/30 
f 2113/319/23 2115/320/23 2110/316/23 
f 2110/316/23 2109/315/23 2113/319/23 
f 2117/304/1 2118/305/1 2119/306/1 
f 2119/306/1 2120/307/1 2117/304/1 
f 2121/308/2 2117/309/2 2120/310/2 
f 2120/310/2 2122/311/2 2121/308/2 
f 2123/312/3 2121/313/3 2122/278/3 
f 2122/278/3 2124/314/3 2123/312/3 
f 2120/315/30 2119/316/30 2124/317/30 
f 2124/317/30 2122/318/30 2120/315/30 
f 2121/319/23 2123/320/23 2118/316/23 
f 2118/316/23 2117/315/23 2121/319/23 
f 2125/247/1 2126/248/1 2127/249/1 
f 2127/249/1 2128/250/1 2125/247/1 
f 2129/251/2 2125/252/2 2128/253/2 
f 2128/253/2 2130/254/2 2129/251/2 
f 2131/250/3 2129/249/3 2130/255/3 
f 2130/255/3 2132/256/3 2131/250/3 
f 2128/257/30 2127/258/30 2132/259/30 
f 2132/259/30 2130/260/30 2128/257/30 
f 2129/261/23 2131/264/23 2126/263/23 
f 2126/263/23 2125/262/23 2129/261/23 
f 2133/247/1 2134/248/1 2135/249/1 
f 2135/249/1 2136/250/1 2133/247/1 
f 2137/251/2 2133/252/2 2136/253/2 
f 2136/253/2 2138/254/2 2137/251/2 
f 2139/250/3 2137/249/3 2138/255/3 
f 2138/255/3 2140/256/3 2139/250/3 
f 2136/257/30 2135/258/30 2140/259/30 
f 2140/259/30 2138/260/30 2136/257/30 
f 2137/261/30 2133/262/30 2134/263/30 
f 2134/263/30 2139/264/30 2137/261/30 
f 2141/304/1 2142/305/1 2143/306/1 
f 2143/306/1 2144/307/1 2141/304/1 
f 2145/308/2 2141/309/2 2144/310/2 
f 2144/310/2 2146/311/2 2145/308/2 
f 2147/312/3 2145/313/3 2146/278/3 
f 2146/278/3 2148/314/3 2147/312/3 
f 2144/315/30 2143/316/30 2148/317/30 
f 2148/317/30 2146/318/30 2144/315/30 
f 2145/319/30 2141/315/30 2142/316/30 
f 2142/316/30 2147/320/30 2145/319/30 
f 2149/213/70 2150/214/70 2151/215/70 
f 2151/215/70 2152/216/70 2149/213/70 
f 2153/217/2 2149/218/2 2152/219/2 
f 2152/219/2 2154/220/2 2153/217/2 
f 2155/213/71 2153/214/71 2154/215/71 
f 2154/215/71 2156/216/71 2155/213/71 
f 2152/221/72 2151/222/72 2156/215/72 
f 2156/215/72 2154/214/72 2152/221/72 
f 2153/221/73 2155/222/73 2150/215/73 
f 2150/215/73 2149/214/73 2153/221/73 
f 2157/201/66 2158/202/66 2159/203/66 
f 2159/203/66 2160/204/66 2157/201/66 
f 2161/205/54 2157/206/54 2160/207/54 
f 2160/207/54 2162/208/54 2161/205/54 
f 2163/201/67 2161/202/67 2162/203/67 
f 2162/203/67 2164/204/67 2163/201/67 
f 2160/209/68 2159/210/68 2164/211/68 
f 2164/211/68 2162/212/68 2160/209/68 
f 2161/209/69 2163/210/69 2158/211/69 
f 2158/211/69 2157/212/69 2161/209/69 
f 2165/213/62 2166/214/62 2167/215/62 
f 2167/215/62 2168/216/62 2165/213/62 
f 2169/217/54 2165/218/54 2168/219/54 
f 2168/219/54 2170/220/54 2169/217/54 
f 2171/213/63 2169/214/63 2170/215/63 
f 2170/215/63 2172/216/63 2171/213/63 
f 2168/221/64 2167/222/64 2172/215/64 
f 2172/215/64 2170/214/64 2168/221/64 
f 2169/221/65 2171/222/65 2166/215/65 
f 2166/215/65 2165/214/65 2169/221/65 
f 2173/201/58 2174/202/58 2175/203/58 
f 2175/203/58 2176/204/58 2173/201/58 
f 2177/205/54 2173/206/54 2176/207/54 
f 2176/207/54 2178/208/54 2177/205/54 
f 2179/201/59 2177/202/59 2178/203/59 
f 2178/203/59 2180/204/59 2179/201/59 
f 2176/209/60 2175/210/60 2180/211/60 
f 2180/211/60 2178/212/60 2176/209/60 
f 2177/209/61 2179/210/61 2174/211/61 
f 2174/211/61 2173/212/61 2177/209/61 
f 2181/213/53 2182/214/53 2183/215/53 
f 2183/215/53 2184/216/53 2181/213/53 
f 2185/217/54 2181/218/54 2184/219/54 
f 2184/219/54 2186/220/54 2185/217/54 
f 2187/213/55 2185/214/55 2186/215/55 
f 2186/215/55 2188/216/55 2187/213/55 
f 2184/221/56 2183/222/56 2188/215/56 
f 2188/215/56 2186/214/56 2184/221/56 
f 2185/221/57 2187/222/57 2182/215/57 
f 2182/215/57 2181/214/57 2185/221/57 
f 2189/201/49 2190/202/49 2191/203/49 
f 2191/203/49 2192/204/49 2189/201/49 
f 2193/205/2 2189/206/2 2192/207/2 
f 2192/207/2 2194/208/2 2193/205/2 
f 2195/201/50 2193/202/50 2194/203/50 
f 2194/203/50 2196/204/50 2195/201/50 
f 2192/209/51 2191/210/51 2196/211/51 
f 2196/211/51 2194/212/51 2192/209/51 
f 2193/209/52 2195/210/52 2190/211/52 
f 2190/211/52 2189/212/52 2193/209/52 
f 2197/213/45 2198/214/45 2199/215/45 
f 2199/215/45 2200/216/45 2197/213/45 
f 2201/217/2 2197/218/2 2200/219/2 
f 2200/219/2 2202/220/2 2201/217/2 
f 2203/213/46 2201/214/46 2202/215/46 
f 2202/215/46 2204/216/46 2203/213/46 
f 2200/221/47 2199/222/47 2204/215/47 
f 2204/215/47 2202/214/47 2200/221/47 
f 2201/221/48 2203/222/48 2198/215/48 
f 2198/215/48 2197/214/48 2201/221/48 
f 2205/201/41 2206/202/41 2207/203/41 
f 2207/203/41 2208/204/41 2205/201/41 
f 2209/205/2 2205/206/2 2208/207/2 
f 2208/207/2 2210/208/2 2209/205/2 
f 2211/201/42 2209/202/42 2210/203/42 
f 2210/203/42 2212/204/42 2211/201/42 
f 2208/209/43 2207/210/43 2212/211/43 
f 2212/211/43 2210/212/43 2208/209/43 
f 2209/209/44 2211/210/44 2206/211/44 
f 2206/211/44 2205/212/44 2209/209/44 
f 2213/213/37 2214/214/37 2215/215/37 
f 2215/215/37 2216/216/37 2213/213/37 
f 2217/217/2 2213/218/2 2216/219/2 
f 2216/219/2 2218/220/2 2217/217/2 
f 2219/213/38 2217/214/38 2218/215/38 
f 2218/215/38 2220/216/38 2219/213/38 
f 2216/221/39 2215/222/39 2220/215/39 
f 2220/215/39 2218/214/39 2216/221/39 
f 2217/221/40 2219/222/40 2214/215/40 
f 2214/215/40 2213/214/40 2217/221/40 
f 2221/201/33 2222/202/33 2223/203/33 
f 2223/203/33 2224/204/33 2221/201/33 
f 2225/205/2 2221/206/2 2224/207/2 
f 2224/207/2 2226/208/2 2225/205/2 
f 2227/201/34 2225/202/34 2226/203/34 
f 2226/203/34 2228/204/34 2227/201/34 
f 2224/209/35 2223/210/35 2228/211/35 
f 2228/211/35 2226/212/35 2224/209/35 
f 2225/209/36 2227/210/36 2222/211/36 
f 2222/211/36 2221/212/36 2225/209/36 
f 2229/213/94 2230/214/94 2231/215/94 
f 2231/215/94 2232/216/94 2229/213/94 
f 2233/217/2 2229/218/2 2232/219/2 
f 2232/219/2 2234/220/2 2233/217/2 
f 2235/213/95 2233/214/95 2234/215/95 
f 2234/215/95 2236/216/95 2235/213/95 
f 2232/221/96 2231/222/96 2236/215/96 
f 2236/215/96 2234/214/96 2232/221/96 
f 2233/221/97 2235/222/97 2230/215/97 
f 2230/215/97 2229/214/97 2233/221/97 
f 2237/201/90 2238/202/90 2239/203/90 
f 2239/203/90 2240/204/90 2237/201/90 
f 2241/205/54 2237/206/54 2240/207/54 
f 2240/207/54 2242/208/54 2241/205/54 
f 2243/201/91 2241/202/91 2242/203/91 
f 2242/203/91 2244/204/91 2243/201/91 
f 2240/209/92 2239/210/92 2244/211/92 
f 2244/211/92 2242/212/92 2240/209/92 
f 2241/209/93 2243/210/93 2238/211/93 
f 2238/211/93 2237/212/93 2241/209/93 
f 2245/213/86 2246/214/86 2247/215/86 
f 2247/215/86 2248/216/86 2245/213/86 
f 2249/217/2 2245/218/2 2248/219/2 
f 2248/219/2 2250/220/2 2249/217/2 
f 2251/213/87 2249/214/87 2250/215/87 
f 2250/215/87 2252/216/87 2251/213/87 
f 2248/221/88 2247/222/88 2252/215/88 
f 2252/215/88 2250/214/88 2248/221/88 
f 2249/221/89 2251/222/89 2246/215/89 
f 2246/215/89 2245/214/89 2249/221/89 
f 2253/201/82 2254/202/82 2255/203/82 
f 2255/203/82 2256/204/82 2253/201/82 
f 2257/205/2 2253/206/2 2256/207/2 
f 2256/207/2 2258/208/2 2257/205/2 
f 2259/201/83 2257/202/83 2258/203/83 
f 2258/203/83 2260/204/83 2259/201/83 
f 2256/209/84 2255/210/84 2260/211/84 
f 2260/211/84 2258/212/84 2256/209/84 
f 2257/209/85 2259/210/85 2254/211/85 
f 2254/211/85 2253/212/85 2257/209/85 
f 2261/213/78 2262/214/78 2263/215/78 
f 2263/215/78 2264/216/78 2261/213/78 
f 2265/217/2 2261/218/2 2264/219/2 
f 2264/219/2 2266/220/2 2265/217/2 
f 2267/213/79 2265/214/79 2266/215/79 
f 2266/215/79 2268/216/79 2267/213/79 
f 2264/221/80 2263/222/80 2268/215/80 
f 2268/215/80 2266/214/80 2264/221/80 
f 2265/221/81 2267/222/81 2262/215/81 
f 2262/215/81 2261/214/81 2265/221/81 
f 2269/201/74 2270/202/74 2271/203/74 
f 2271/203/74 2272/204/74 2269/201/74 
f 2273/205/2 2269/206/2 2272/207/2 
f 2272/207/2 2274/208/2 2273/205/2 
f 2275/201/75 2273/202/75 2274/203/75 
f 2274/203/75 2276/204/75 2275/201/75 
f 2272/209/76 2271/210/76 2276/211/76 
f 2276/211/76 2274/212/76 2272/209/76 
f 2273/209/77 2275/210/77 2270/211/77 
f 2270/211/77 2269/212/77 2273/209/77 
# 2982 faces

#
# object Towers_Doors_and_Windows
#

v  -15.71 8.24 -13.99
v  -15.71 18.27 -13.99
v  -15.46 18.27 -13.16
v  -15.46 8.24 -13.16
v  -16.20 8.24 -14.69
v  -16.20 18.27 -14.69
v  -16.89 18.27 -15.21
v  -16.89 8.24 -15.21
v  -17.70 8.24 -15.49
v  -17.70 18.27 -15.49
v  -18.56 8.24 -15.50
v  -18.56 18.27 -15.50
v  -19.38 8.24 -15.25
v  -19.38 18.27 -15.25
v  -20.08 8.24 -14.76
v  -20.08 18.27 -14.76
v  -20.60 8.24 -14.07
v  -20.60 18.27 -14.07
v  -20.88 8.24 -13.26
v  -20.88 18.27 -13.26
v  -20.89 8.24 -12.40
v  -20.89 18.27 -12.40
v  -20.64 8.24 -11.58
v  -20.64 18.27 -11.58
v  -20.15 8.24 -10.88
v  -20.15 18.27 -10.88
v  -19.46 8.24 -10.36
v  -19.46 18.27 -10.36
v  -18.65 8.24 -10.08
v  -18.65 18.27 -10.08
v  -17.79 8.24 -10.06
v  -17.79 18.27 -10.06
v  -16.97 8.24 -10.31
v  -16.97 18.27 -10.31
v  -16.27 8.24 -10.81
v  -16.27 18.27 -10.81
v  -15.75 8.24 -11.49
v  -15.75 18.27 -11.49
v  -15.47 8.24 -12.31
v  -15.47 18.27 -12.31
v  -15.18 18.27 -13.20
v  -15.46 18.27 -14.11
v  -16.00 18.27 -14.88
v  -16.76 18.27 -15.45
v  -17.65 18.27 -15.76
v  -18.60 18.27 -15.77
v  -19.50 18.27 -15.50
v  -20.27 18.27 -14.96
v  -20.84 18.27 -14.20
v  -21.15 18.27 -13.31
v  -21.17 18.27 -12.36
v  -20.89 18.27 -11.46
v  -20.35 18.27 -10.68
v  -19.59 18.27 -10.12
v  -18.70 18.27 -9.81
v  -17.76 18.27 -9.79
v  -16.85 18.27 -10.07
v  -16.08 18.27 -10.61
v  -15.51 18.27 -11.36
v  -15.20 18.27 -12.26
v  -15.46 18.53 -14.11
v  -15.18 18.53 -13.20
v  -16.00 18.53 -14.88
v  -16.76 18.53 -15.45
v  -17.65 18.53 -15.76
v  -18.60 18.53 -15.77
v  -19.50 18.53 -15.50
v  -20.27 18.53 -14.96
v  -20.84 18.53 -14.20
v  -21.15 18.53 -13.31
v  -21.17 18.53 -12.36
v  -20.89 18.53 -11.46
v  -20.35 18.53 -10.68
v  -19.59 18.53 -10.12
v  -18.70 18.53 -9.81
v  -17.76 18.53 -9.79
v  -16.85 18.53 -10.07
v  -16.08 18.53 -10.61
v  -15.51 18.53 -11.36
v  -15.20 18.53 -12.26
v  -15.63 18.53 -13.14
v  -15.87 18.53 -13.91
v  -16.33 18.53 -14.57
v  -16.97 18.53 -15.05
v  -17.73 18.53 -15.31
v  -18.53 18.53 -15.32
v  -19.30 18.53 -15.09
v  -19.96 18.53 -14.63
v  -20.44 18.53 -13.99
v  -20.70 18.53 -13.23
v  -20.72 18.53 -12.43
v  -20.48 18.53 -11.66
v  -20.02 18.53 -11.00
v  -19.38 18.53 -10.52
v  -18.62 18.53 -10.25
v  -17.82 18.53 -10.24
v  -17.05 18.53 -10.47
v  -16.39 18.53 -10.94
v  -15.91 18.53 -11.58
v  -15.65 18.53 -12.34
v  -15.63 20.20 -13.14
v  -15.87 20.20 -13.91
v  -16.33 20.20 -14.57
v  -16.97 20.20 -15.05
v  -17.73 20.20 -15.31
v  -18.53 20.20 -15.32
v  -19.30 20.20 -15.09
v  -19.96 20.20 -14.63
v  -20.44 20.20 -13.99
v  -20.70 20.20 -13.23
v  -20.72 20.20 -12.43
v  -20.48 20.20 -11.66
v  -20.02 20.20 -11.00
v  -19.38 20.20 -10.52
v  -18.62 20.20 -10.25
v  -17.82 20.20 -10.24
v  -17.05 20.20 -10.47
v  -16.39 20.20 -10.94
v  -15.91 20.20 -11.58
v  -15.65 20.20 -12.34
v  -15.87 25.40 -13.91
v  -15.33 25.40 -14.17
v  -15.04 25.40 -13.22
v  -15.63 25.40 -13.14
v  -16.33 25.40 -14.57
v  -15.90 25.40 -14.98
v  -16.97 25.40 -15.05
v  -16.69 25.40 -15.58
v  -17.73 25.40 -15.31
v  -17.63 25.40 -15.90
v  -18.53 25.40 -15.32
v  -18.62 25.40 -15.92
v  -19.30 25.40 -15.09
v  -19.56 25.40 -15.63
v  -19.96 25.40 -14.63
v  -20.38 25.40 -15.06
v  -20.44 25.40 -13.99
v  -20.97 25.40 -14.27
v  -21.29 25.40 -13.33
v  -20.70 25.40 -13.23
v  -21.31 25.40 -12.34
v  -20.72 25.40 -12.43
v  -21.02 25.40 -11.39
v  -20.48 25.40 -11.66
v  -20.45 25.40 -10.58
v  -20.02 25.40 -11.00
v  -19.66 25.40 -9.99
v  -19.38 25.40 -10.52
v  -18.73 25.40 -9.66
v  -18.62 25.40 -10.25
v  -17.73 25.40 -9.65
v  -17.82 25.40 -10.24
v  -16.79 25.40 -9.94
v  -17.05 25.40 -10.47
v  -15.98 25.40 -10.50
v  -16.39 25.40 -10.94
v  -15.38 25.40 -11.30
v  -15.91 25.40 -11.58
v  -15.06 25.40 -12.23
v  -15.65 25.40 -12.34
v  -15.33 25.76 -14.17
v  -15.04 25.76 -13.22
v  -15.90 25.76 -14.98
v  -16.69 25.76 -15.58
v  -17.63 25.76 -15.90
v  -18.62 25.76 -15.92
v  -19.56 25.76 -15.63
v  -20.38 25.76 -15.06
v  -20.97 25.76 -14.27
v  -21.29 25.76 -13.33
v  -21.31 25.76 -12.34
v  -21.02 25.76 -11.39
v  -20.45 25.76 -10.58
v  -19.66 25.76 -9.99
v  -18.73 25.76 -9.66
v  -17.73 25.76 -9.65
v  -16.79 25.76 -9.94
v  -15.98 25.76 -10.50
v  -15.38 25.76 -11.30
v  -15.06 25.76 -12.23
v  -18.62 23.98 -10.25
v  -17.82 23.98 -10.24
v  -19.38 23.98 -10.52
v  -20.02 23.98 -11.00
v  -20.48 23.98 -11.66
v  -20.72 23.98 -12.43
v  -20.70 23.98 -13.23
v  -20.44 23.98 -13.99
v  -19.96 23.98 -14.63
v  -19.30 23.98 -15.09
v  -18.53 23.98 -15.32
v  -17.73 23.98 -15.31
v  -16.97 23.98 -15.05
v  -16.33 23.98 -14.57
v  -15.87 23.98 -13.91
v  -15.63 23.98 -13.14
v  -15.65 23.98 -12.34
v  -15.91 23.98 -11.58
v  -16.39 23.98 -10.94
v  -17.05 23.98 -10.47
v  -18.55 23.98 -10.68
v  -17.88 23.98 -10.67
v  -19.18 23.98 -10.90
v  -18.47 23.98 -14.90
v  -19.11 23.98 -14.70
v  -17.80 23.98 -14.89
v  -17.17 23.98 -14.67
v  -17.24 23.98 -10.86
v  -18.55 20.20 -10.68
v  -17.88 20.20 -10.67
v  -19.18 20.20 -10.90
v  -19.11 20.20 -14.70
v  -18.47 20.20 -14.90
v  -17.80 20.20 -14.89
v  -17.17 20.20 -14.67
v  -17.24 20.20 -10.86
v  -15.43 25.73 -10.82
v  -16.18 25.73 -10.06
v  -17.13 25.73 -9.58
v  -18.18 25.73 -9.41
v  -19.23 25.73 -9.58
v  -20.18 25.73 -10.06
v  -20.93 25.73 -10.82
v  -21.41 25.73 -11.77
v  -21.58 25.73 -12.82
v  -21.41 25.73 -13.87
v  -20.93 25.73 -14.82
v  -20.18 25.73 -15.57
v  -19.23 25.73 -16.05
v  -18.18 25.73 -16.22
v  -17.13 25.73 -16.05
v  -16.18 25.73 -15.57
v  -15.43 25.73 -14.82
v  -14.94 25.73 -13.87
v  -14.78 25.73 -12.82
v  -14.94 25.73 -11.77
v  -18.18 30.86 -12.82
v  -18.18 24.01 -10.66
v  -18.18 22.13 -10.66
v  -17.02 22.13 -10.66
v  -17.02 24.01 -10.66
v  -19.40 22.13 -10.66
v  -18.30 22.13 -10.66
v  -18.30 24.01 -10.66
v  -19.40 24.01 -10.66
v  -18.30 24.01 -10.56
v  -18.30 22.13 -10.56
v  -18.18 22.13 -10.56
v  -18.18 24.01 -10.56
v  -19.40 22.00 -10.56
v  -18.30 22.00 -10.56
v  -19.40 22.13 -10.56
v  -18.18 22.00 -10.56
v  -17.02 22.13 -10.56
v  -17.02 22.00 -10.56
v  -18.30 20.15 -10.66
v  -18.30 22.00 -10.66
v  -19.40 22.00 -10.66
v  -19.40 20.15 -10.66
v  -18.30 20.15 -10.56
v  -18.18 20.15 -10.56
v  -18.18 22.00 -10.66
v  -18.18 20.15 -10.66
v  -17.02 20.15 -10.66
v  -17.02 22.00 -10.66
v  -19.30 22.13 -14.91
v  -19.30 24.01 -14.91
v  -18.16 24.01 -14.91
v  -18.16 22.13 -14.91
v  -18.04 24.01 -14.91
v  -16.95 24.01 -14.91
v  -16.95 22.13 -14.91
v  -18.04 22.13 -14.91
v  -18.16 24.01 -15.01
v  -18.04 24.01 -15.01
v  -18.04 22.13 -15.01
v  -18.16 22.13 -15.01
v  -16.95 22.13 -15.01
v  -16.95 22.00 -15.01
v  -18.04 22.00 -15.01
v  -18.16 22.00 -15.01
v  -19.30 22.13 -15.01
v  -19.30 22.00 -15.01
v  -16.95 20.15 -14.91
v  -18.04 20.15 -14.91
v  -18.04 22.00 -14.91
v  -16.95 22.00 -14.91
v  -18.04 20.15 -15.01
v  -18.16 20.15 -15.01
v  -19.30 20.15 -14.91
v  -19.30 22.00 -14.91
v  -18.16 22.00 -14.91
v  -18.16 20.15 -14.91
v  -10.54 10.86 -14.21
v  -7.79 10.86 -14.21
v  -7.79 14.15 -14.21
v  -10.54 14.15 -14.21
v  -7.09 17.91 -17.16
v  -7.09 20.35 -17.16
v  -9.30 20.35 -17.16
v  -9.30 17.91 -17.16
v  6.02 20.35 -17.16
v  6.02 17.91 -17.16
v  8.24 17.91 -17.16
v  8.24 20.35 -17.16
v  -2.12 16.16 -17.00
v  1.21 16.16 -17.00
v  1.21 20.35 -17.00
v  -2.12 20.35 -17.00
v  7.21 14.15 -14.21
v  7.21 10.86 -14.21
v  9.96 10.86 -14.21
v  9.96 14.15 -14.21
v  0.21 13.21 -14.08
v  -0.33 13.30 -14.08
v  -0.33 11.61 -14.08
v  0.70 12.97 -14.08
v  1.09 12.60 -14.08
v  1.34 12.13 -14.08
v  1.43 11.61 -14.08
v  1.43 8.69 -14.08
v  -0.33 8.69 -14.08
v  -0.35 13.30 -14.08
v  -0.90 13.21 -14.08
v  -0.35 11.61 -14.08
v  -1.39 12.97 -14.08
v  -1.78 12.60 -14.08
v  -2.03 12.13 -14.08
v  -2.12 11.61 -14.08
v  -2.12 8.69 -14.08
v  -0.35 8.69 -14.08
v  -15.96 5.62 -9.45
v  -15.47 4.28 -9.45
v  -15.47 5.69 -9.45
v  -16.40 5.42 -9.45
v  -16.74 5.11 -9.45
v  -16.96 4.71 -9.45
v  -17.04 4.28 -9.45
v  -17.04 1.82 -9.45
v  -15.47 1.82 -9.45
v  -14.99 5.62 -9.45
v  -14.56 5.42 -9.45
v  -14.21 5.11 -9.45
v  -13.99 4.71 -9.45
v  -13.92 4.28 -9.45
v  -13.92 1.82 -9.45
v  0.22 5.46 -9.26
v  -0.33 5.54 -9.26
v  -0.33 3.86 -9.26
v  0.73 5.22 -9.26
v  1.13 4.85 -9.26
v  1.39 4.38 -9.26
v  1.48 3.86 -9.26
v  1.48 0.94 -9.26
v  -0.33 0.94 -9.26
v  1.53 0.00 -7.19
v  1.53 0.53 -7.19
v  -2.23 0.53 -7.19
v  -2.23 0.00 -7.19
v  -2.23 0.53 -7.56
v  1.53 0.53 -7.56
v  1.53 0.00 -7.56
v  -2.23 0.00 -7.56
v  -2.23 0.00 -7.94
v  -2.23 0.53 -7.94
v  1.53 0.53 -7.94
v  1.53 0.00 -7.94
v  1.53 0.72 -7.94
v  -2.23 0.72 -7.94
v  -2.23 0.72 -7.56
v  1.53 0.72 -7.56
v  -2.23 0.00 -8.27
v  -2.23 0.53 -8.27
v  1.53 0.00 -8.27
v  1.53 0.53 -8.27
v  1.53 0.93 -8.27
v  -2.23 0.93 -8.27
v  -2.23 0.93 -7.94
v  1.53 0.93 -7.94
v  -2.23 0.00 -9.04
v  -2.23 0.53 -9.04
v  1.53 0.53 -9.04
v  1.53 0.00 -9.04
v  1.53 0.93 -9.37
v  -2.23 0.93 -9.37
v  1.53 0.72 -8.27
v  -2.23 0.72 -8.27
v  1.53 0.72 -9.37
v  -2.23 0.72 -9.37
v  -0.35 5.54 -9.26
v  -0.91 5.46 -9.26
v  -0.35 3.86 -9.26
v  -1.42 5.22 -9.26
v  -1.82 4.85 -9.26
v  -2.08 4.38 -9.26
v  -2.16 3.86 -9.26
v  -2.16 0.94 -9.26
v  -0.35 0.94 -9.26
v  13.98 5.62 -9.45
v  14.47 4.28 -9.45
v  14.47 5.69 -9.45
v  13.55 5.42 -9.45
v  13.20 5.11 -9.45
v  12.98 4.71 -9.45
v  12.91 4.28 -9.45
v  12.91 1.82 -9.45
v  14.47 1.82 -9.45
v  14.95 5.62 -9.45
v  15.39 5.42 -9.45
v  15.73 5.11 -9.45
v  15.95 4.71 -9.45
v  16.03 4.28 -9.45
v  16.03 1.82 -9.45
v  -0.40 7.21 21.01
v  -0.40 7.21 20.50
v  -1.37 7.07 20.50
v  -1.37 7.07 21.01
v  -2.24 6.68 21.01
v  -2.24 6.68 20.50
v  -2.93 6.08 20.50
v  -2.93 6.08 21.01
v  -3.38 5.31 21.01
v  -3.38 5.31 20.50
v  -3.53 4.46 20.50
v  -3.53 4.46 21.01
v  -0.40 4.46 20.50
v  -0.40 4.46 21.01
v  -3.53 0.58 20.50
v  -3.53 0.58 21.01
v  -0.40 0.58 21.01
v  -0.40 0.58 20.50
v  0.61 7.07 20.50
v  -0.36 7.21 20.50
v  -0.36 7.21 21.01
v  0.61 7.07 21.01
v  1.48 6.68 21.01
v  1.48 6.68 20.50
v  2.18 6.08 20.50
v  2.18 6.08 21.01
v  2.62 5.31 21.01
v  2.62 5.31 20.50
v  2.78 4.46 21.01
v  2.78 4.46 20.50
v  -0.36 4.46 21.01
v  -0.36 4.46 20.50
v  -0.36 0.58 21.01
v  2.78 0.58 21.01
v  2.78 0.58 20.50
v  -0.36 0.58 20.50
v  -3.64 1.91 20.80
v  -3.64 1.91 20.84
v  -3.59 1.91 20.84
v  -3.61 1.91 20.80
v  -3.55 1.91 20.81
v  -3.58 1.91 20.78
v  -3.53 1.91 20.75
v  -3.57 1.91 20.75
v  -3.54 1.91 20.70
v  -3.58 1.91 20.72
v  -3.60 1.91 20.70
v  -3.59 1.91 20.66
v  -3.63 1.91 20.66
v  -3.64 1.91 20.70
v  -3.64 1.23 20.84
v  -3.60 1.23 20.84
v  -3.55 1.23 20.81
v  -3.53 1.23 20.75
v  -3.55 1.23 20.70
v  -3.59 1.23 20.66
v  -3.64 1.23 20.66
v  -3.61 1.23 20.80
v  -3.64 1.23 20.80
v  -3.58 1.23 20.78
v  -3.57 1.23 20.75
v  -3.58 1.23 20.72
v  -3.61 1.23 20.70
v  -3.64 1.23 20.70
v  -3.61 4.23 20.80
v  -3.64 4.23 20.80
v  -3.64 4.23 20.84
v  -3.59 4.23 20.84
v  -3.55 4.23 20.81
v  -3.58 4.23 20.78
v  -3.53 4.23 20.75
v  -3.57 4.23 20.75
v  -3.54 4.23 20.70
v  -3.58 4.23 20.72
v  -3.59 4.23 20.66
v  -3.60 4.23 20.70
v  -3.63 4.24 20.66
v  -3.64 4.24 20.70
v  -3.60 3.55 20.84
v  -3.64 3.55 20.84
v  -3.55 3.55 20.81
v  -3.53 3.55 20.75
v  -3.55 3.55 20.70
v  -3.59 3.55 20.66
v  -3.64 3.55 20.66
v  -3.61 3.55 20.80
v  -3.64 3.55 20.80
v  -3.58 3.55 20.78
v  -3.57 3.55 20.75
v  -3.58 3.55 20.72
v  -3.61 3.55 20.70
v  -3.64 3.55 20.70
v  2.90 4.23 20.70
v  2.90 4.23 20.66
v  2.85 4.23 20.66
v  2.86 4.23 20.70
v  2.80 4.23 20.70
v  2.84 4.23 20.72
v  2.79 4.23 20.75
v  2.83 4.23 20.75
v  2.80 4.23 20.81
v  2.84 4.23 20.78
v  2.86 4.23 20.80
v  2.85 4.23 20.84
v  2.90 4.23 20.84
v  2.90 4.23 20.80
v  2.90 3.55 20.66
v  2.85 3.55 20.66
v  2.80 3.55 20.70
v  2.79 3.55 20.75
v  2.80 3.55 20.81
v  2.85 3.55 20.84
v  2.90 3.55 20.84
v  2.86 3.55 20.70
v  2.90 3.55 20.70
v  2.84 3.55 20.72
v  2.83 3.55 20.75
v  2.84 3.55 20.78
v  2.86 3.55 20.80
v  2.90 3.55 20.80
v  2.86 1.91 20.70
v  2.90 1.91 20.70
v  2.90 1.91 20.66
v  2.85 1.91 20.66
v  2.80 1.91 20.70
v  2.84 1.91 20.72
v  2.79 1.91 20.75
v  2.83 1.91 20.75
v  2.80 1.91 20.81
v  2.84 1.91 20.78
v  2.85 1.91 20.84
v  2.86 1.91 20.80
v  2.90 1.91 20.84
v  2.90 1.91 20.80
v  2.85 1.23 20.66
v  2.90 1.23 20.66
v  2.80 1.23 20.70
v  2.79 1.23 20.75
v  2.80 1.23 20.81
v  2.85 1.23 20.84
v  2.90 1.23 20.84
v  2.86 1.23 20.70
v  2.90 1.23 20.70
v  2.84 1.23 20.72
v  2.83 1.23 20.75
v  2.84 1.23 20.78
v  2.86 1.23 20.80
v  2.90 1.23 20.80
v  19.60 18.27 -13.16
v  19.60 8.24 -13.16
v  19.35 8.24 -13.99
v  19.35 18.27 -13.99
v  18.86 8.24 -14.69
v  18.86 18.27 -14.69
v  18.17 8.24 -15.21
v  18.17 18.27 -15.21
v  17.36 8.24 -15.49
v  17.36 18.27 -15.49
v  16.50 8.24 -15.50
v  16.50 18.27 -15.50
v  15.68 8.24 -15.25
v  15.68 18.27 -15.25
v  14.97 8.24 -14.76
v  14.97 18.27 -14.76
v  14.46 8.24 -14.07
v  14.46 18.27 -14.07
v  14.18 8.24 -13.26
v  14.18 18.27 -13.26
v  14.16 8.24 -12.40
v  14.16 18.27 -12.40
v  14.41 8.24 -11.58
v  14.41 18.27 -11.58
v  14.91 8.24 -10.88
v  14.91 18.27 -10.88
v  15.59 8.24 -10.36
v  15.59 18.27 -10.36
v  16.40 8.24 -10.08
v  16.40 18.27 -10.08
v  17.26 8.24 -10.06
v  17.26 18.27 -10.06
v  18.09 8.24 -10.31
v  18.09 18.27 -10.31
v  18.79 8.24 -10.81
v  18.79 18.27 -10.81
v  19.31 8.24 -11.49
v  19.31 18.27 -11.49
v  19.59 8.24 -12.31
v  19.59 18.27 -12.31
v  19.60 18.27 -14.11
v  19.87 18.27 -13.20
v  19.05 18.27 -14.88
v  18.30 18.27 -15.45
v  17.41 18.27 -15.76
v  16.46 18.27 -15.77
v  15.56 18.27 -15.50
v  14.78 18.27 -14.96
v  14.21 18.27 -14.20
v  13.91 18.27 -13.31
v  13.89 18.27 -12.36
v  14.17 18.27 -11.46
v  14.71 18.27 -10.68
v  15.46 18.27 -10.12
v  16.36 18.27 -9.81
v  17.30 18.27 -9.79
v  18.21 18.27 -10.07
v  18.98 18.27 -10.61
v  19.55 18.27 -11.36
v  19.86 18.27 -12.26
v  19.60 18.53 -14.11
v  19.87 18.53 -13.20
v  19.05 18.53 -14.88
v  18.30 18.53 -15.45
v  17.41 18.53 -15.76
v  16.46 18.53 -15.77
v  15.56 18.53 -15.50
v  14.78 18.53 -14.96
v  14.21 18.53 -14.20
v  13.91 18.53 -13.31
v  13.89 18.53 -12.36
v  14.17 18.53 -11.46
v  14.71 18.53 -10.68
v  15.46 18.53 -10.12
v  16.36 18.53 -9.81
v  17.30 18.53 -9.79
v  18.21 18.53 -10.07
v  18.98 18.53 -10.61
v  19.55 18.53 -11.36
v  19.86 18.53 -12.26
v  19.19 18.53 -13.91
v  19.42 18.53 -13.14
v  18.73 18.53 -14.57
v  18.09 18.53 -15.05
v  17.33 18.53 -15.31
v  16.52 18.53 -15.32
v  15.76 18.53 -15.09
v  15.10 18.53 -14.63
v  14.61 18.53 -13.99
v  14.35 18.53 -13.23
v  14.34 18.53 -12.43
v  14.57 18.53 -11.66
v  15.03 18.53 -11.00
v  15.68 18.53 -10.52
v  16.44 18.53 -10.25
v  17.24 18.53 -10.24
v  18.01 18.53 -10.47
v  18.66 18.53 -10.94
v  19.15 18.53 -11.58
v  19.41 18.53 -12.34
v  19.19 20.20 -13.91
v  19.42 20.20 -13.14
v  18.73 20.20 -14.57
v  18.09 20.20 -15.05
v  17.33 20.20 -15.31
v  16.52 20.20 -15.32
v  15.76 20.20 -15.09
v  15.10 20.20 -14.63
v  14.61 20.20 -13.99
v  14.35 20.20 -13.23
v  14.34 20.20 -12.43
v  14.57 20.20 -11.66
v  15.03 20.20 -11.00
v  15.68 20.20 -10.52
v  16.44 20.20 -10.25
v  17.24 20.20 -10.24
v  18.01 20.20 -10.47
v  18.66 20.20 -10.94
v  19.15 20.20 -11.58
v  19.41 20.20 -12.34
v  19.42 25.40 -13.14
v  19.19 25.40 -13.91
v  19.73 25.40 -14.17
v  20.02 25.40 -13.22
v  19.16 25.40 -14.98
v  18.73 25.40 -14.57
v  18.09 25.40 -15.05
v  18.37 25.40 -15.58
v  17.43 25.40 -15.90
v  17.33 25.40 -15.31
v  16.44 25.40 -15.92
v  16.52 25.40 -15.32
v  15.49 25.40 -15.63
v  15.76 25.40 -15.09
v  15.10 25.40 -14.63
v  14.68 25.40 -15.06
v  14.09 25.40 -14.27
v  14.61 25.40 -13.99
v  14.35 25.40 -13.23
v  13.76 25.40 -13.33
v  13.75 25.40 -12.34
v  14.34 25.40 -12.43
v  14.57 25.40 -11.66
v  14.04 25.40 -11.39
v  14.60 25.40 -10.58
v  15.03 25.40 -11.00
v  15.39 25.40 -9.99
v  15.68 25.40 -10.52
v  16.33 25.40 -9.66
v  16.44 25.40 -10.25
v  17.24 25.40 -10.24
v  17.32 25.40 -9.65
v  18.27 25.40 -9.94
v  18.01 25.40 -10.47
v  18.66 25.40 -10.94
v  19.08 25.40 -10.50
v  19.68 25.40 -11.30
v  19.15 25.40 -11.58
v  19.41 25.40 -12.34
v  20.00 25.40 -12.23
v  19.73 25.76 -14.17
v  20.02 25.76 -13.22
v  19.16 25.76 -14.98
v  18.37 25.76 -15.58
v  17.43 25.76 -15.90
v  16.44 25.76 -15.92
v  15.49 25.76 -15.63
v  14.68 25.76 -15.06
v  14.09 25.76 -14.27
v  13.76 25.76 -13.33
v  13.75 25.76 -12.34
v  14.04 25.76 -11.39
v  14.60 25.76 -10.58
v  15.39 25.76 -9.99
v  16.33 25.76 -9.66
v  17.32 25.76 -9.65
v  18.27 25.76 -9.94
v  19.08 25.76 -10.50
v  19.68 25.76 -11.30
v  20.00 25.76 -12.23
v  16.44 23.98 -10.25
v  17.24 23.98 -10.24
v  15.68 23.98 -10.52
v  15.03 23.98 -11.00
v  14.57 23.98 -11.66
v  14.34 23.98 -12.43
v  14.35 23.98 -13.23
v  14.61 23.98 -13.99
v  15.10 23.98 -14.63
v  15.76 23.98 -15.09
v  16.52 23.98 -15.32
v  17.33 23.98 -15.31
v  18.09 23.98 -15.05
v  18.73 23.98 -14.57
v  19.19 23.98 -13.91
v  19.42 23.98 -13.14
v  19.41 23.98 -12.34
v  19.15 23.98 -11.58
v  18.66 23.98 -10.94
v  18.01 23.98 -10.47
v  17.18 23.98 -10.67
v  16.51 23.98 -10.68
v  15.88 23.98 -10.90
v  16.58 23.98 -14.90
v  15.95 23.98 -14.70
v  17.25 23.98 -14.89
v  17.88 23.98 -14.67
v  17.82 23.98 -10.86
v  17.18 20.20 -10.67
v  16.51 20.20 -10.68
v  15.88 20.20 -10.90
v  15.95 20.20 -14.70
v  16.58 20.20 -14.90
v  17.25 20.20 -14.89
v  17.88 20.20 -14.67
v  17.82 20.20 -10.86
v  16.88 25.73 -9.41
v  15.83 25.73 -9.58
v  14.88 25.73 -10.06
v  14.13 25.73 -10.82
v  13.64 25.73 -11.77
v  13.48 25.73 -12.82
v  13.64 25.73 -13.87
v  14.13 25.73 -14.82
v  14.88 25.73 -15.57
v  15.83 25.73 -16.05
v  16.88 25.73 -16.22
v  17.93 25.73 -16.05
v  18.88 25.73 -15.57
v  19.63 25.73 -14.82
v  20.11 25.73 -13.87
v  20.28 25.73 -12.82
v  20.11 25.73 -11.77
v  19.63 25.73 -10.82
v  18.88 25.73 -10.06
v  17.93 25.73 -9.58
v  16.88 30.86 -12.82
v  16.88 24.01 -10.66
v  16.88 22.13 -10.66
v  18.04 22.13 -10.66
v  18.04 24.01 -10.66
v  16.76 22.13 -10.66
v  16.76 24.01 -10.66
v  15.66 24.01 -10.66
v  15.66 22.13 -10.66
v  16.76 22.13 -10.56
v  16.88 22.13 -10.56
v  16.88 24.01 -10.56
v  16.76 24.01 -10.56
v  15.66 22.13 -10.56
v  15.66 22.00 -10.56
v  16.76 22.00 -10.56
v  16.88 22.00 -10.56
v  18.04 22.00 -10.56
v  18.04 22.13 -10.56
v  16.76 22.00 -10.66
v  15.66 22.00 -10.66
v  15.66 20.15 -10.66
v  16.76 20.15 -10.66
v  16.76 20.15 -10.56
v  16.88 20.15 -10.56
v  16.88 20.15 -10.66
v  18.04 20.15 -10.66
v  18.04 22.00 -10.66
v  16.88 22.00 -10.66
v  15.75 22.13 -14.91
v  15.75 24.01 -14.91
v  16.90 24.01 -14.91
v  16.90 22.13 -14.91
v  17.02 22.13 -14.91
v  17.02 24.01 -14.91
v  18.11 24.01 -14.91
v  18.11 22.13 -14.91
v  17.02 22.13 -15.01
v  16.90 22.13 -15.01
v  16.90 24.01 -15.01
v  17.02 24.01 -15.01
v  17.02 22.00 -15.01
v  18.11 22.13 -15.01
v  18.11 22.00 -15.01
v  16.90 22.00 -15.01
v  15.75 22.00 -15.01
v  15.75 22.13 -15.01
v  18.11 20.15 -14.91
v  17.02 20.15 -14.91
v  17.02 22.00 -14.91
v  18.11 22.00 -14.91
v  16.90 20.15 -15.01
v  17.02 20.15 -15.01
v  16.90 20.15 -14.91
v  15.75 20.15 -14.91
v  15.75 22.00 -14.91
v  16.90 22.00 -14.91
v  20.15 22.14 -30.00
v  20.48 22.14 -28.92
v  20.48 7.71 -28.92
v  20.15 7.71 -30.00
v  19.50 7.71 -30.93
v  19.50 22.14 -30.93
v  18.59 22.14 -31.62
v  18.59 7.71 -31.62
v  17.52 7.71 -31.99
v  17.52 22.14 -31.99
v  16.38 22.14 -32.01
v  16.38 7.71 -32.01
v  15.29 7.71 -31.68
v  15.29 22.14 -31.68
v  14.36 22.14 -31.02
v  14.36 7.71 -31.02
v  13.67 7.71 -30.12
v  13.67 22.14 -30.12
v  13.30 22.14 -29.04
v  13.30 7.71 -29.04
v  13.28 7.71 -27.90
v  13.28 22.14 -27.90
v  13.62 22.14 -26.82
v  13.62 7.71 -26.82
v  14.27 7.71 -25.88
v  14.27 22.14 -25.88
v  15.18 22.14 -25.20
v  15.18 7.71 -25.20
v  16.25 7.71 -24.83
v  16.25 22.14 -24.83
v  17.39 22.14 -24.81
v  17.39 7.71 -24.81
v  18.48 7.71 -25.14
v  18.48 22.14 -25.14
v  19.41 22.14 -25.79
v  19.41 7.71 -25.79
v  20.09 7.71 -26.70
v  20.09 22.14 -26.70
v  20.46 22.14 -27.78
v  20.46 7.71 -27.78
v  20.48 22.14 -30.16
v  20.84 22.14 -28.97
v  19.76 22.14 -31.19
v  18.76 22.14 -31.94
v  17.58 22.14 -32.35
v  16.33 22.14 -32.37
v  15.13 22.14 -32.00
v  14.11 22.14 -31.29
v  13.35 22.14 -30.29
v  12.95 22.14 -29.10
v  12.92 22.14 -27.85
v  13.29 22.14 -26.66
v  14.01 22.14 -25.63
v  15.01 22.14 -24.88
v  16.19 22.14 -24.47
v  17.44 22.14 -24.45
v  18.64 22.14 -24.82
v  19.66 22.14 -25.53
v  20.42 22.14 -26.53
v  20.82 22.14 -27.72
v  20.48 22.52 -30.16
v  20.84 22.52 -28.97
v  19.76 22.52 -31.19
v  18.76 22.52 -31.94
v  17.58 22.52 -32.35
v  16.33 22.52 -32.37
v  15.13 22.52 -32.00
v  14.11 22.52 -31.29
v  13.35 22.52 -30.29
v  12.95 22.52 -29.10
v  12.92 22.52 -27.85
v  13.29 22.52 -26.66
v  14.01 22.52 -25.63
v  15.01 22.52 -24.88
v  16.19 22.52 -24.47
v  17.44 22.52 -24.45
v  18.64 22.52 -24.82
v  19.66 22.52 -25.53
v  20.42 22.52 -26.53
v  20.82 22.52 -27.72
v  19.94 22.52 -29.90
v  20.25 22.52 -28.88
v  19.33 22.52 -30.77
v  18.48 22.52 -31.41
v  17.47 22.52 -31.76
v  16.41 22.52 -31.78
v  15.39 22.52 -31.46
v  14.52 22.52 -30.85
v  13.88 22.52 -30.01
v  13.54 22.52 -29.00
v  13.52 22.52 -27.94
v  13.83 22.52 -26.92
v  14.44 22.52 -26.05
v  15.29 22.52 -25.41
v  16.29 22.52 -25.06
v  17.36 22.52 -25.04
v  18.37 22.52 -25.35
v  19.25 22.52 -25.96
v  19.89 22.52 -26.81
v  20.23 22.52 -27.82
v  19.94 24.91 -29.90
v  20.25 24.91 -28.88
v  19.33 24.91 -30.77
v  18.48 24.91 -31.41
v  17.47 24.91 -31.76
v  16.41 24.91 -31.78
v  15.39 24.91 -31.46
v  14.52 24.91 -30.85
v  13.88 24.91 -30.01
v  13.54 24.91 -29.00
v  13.52 24.91 -27.94
v  13.83 24.91 -26.92
v  14.44 24.91 -26.05
v  15.29 24.91 -25.41
v  16.29 24.91 -25.06
v  17.36 24.91 -25.04
v  18.37 24.91 -25.35
v  19.25 24.91 -25.96
v  19.89 24.91 -26.81
v  20.23 24.91 -27.82
v  19.94 32.40 -29.90
v  20.65 32.40 -30.25
v  21.04 32.40 -28.99
v  20.25 32.40 -28.88
v  19.33 32.40 -30.77
v  19.90 32.40 -31.32
v  18.48 32.40 -31.41
v  18.85 32.40 -32.11
v  17.61 32.40 -32.54
v  17.47 32.40 -31.76
v  16.41 32.40 -31.78
v  16.30 32.40 -32.56
v  15.39 32.40 -31.46
v  15.05 32.40 -32.18
v  14.52 32.40 -30.85
v  13.97 32.40 -31.43
v  13.18 32.40 -30.38
v  13.88 32.40 -30.01
v  13.54 32.40 -29.00
v  12.76 32.40 -29.14
v  12.73 32.40 -27.83
v  13.52 32.40 -27.94
v  13.83 32.40 -26.92
v  13.12 32.40 -26.57
v  13.87 32.40 -25.50
v  14.44 32.40 -26.05
v  15.29 32.40 -25.41
v  14.92 32.40 -24.71
v  16.29 32.40 -25.06
v  16.16 32.40 -24.28
v  17.36 32.40 -25.04
v  17.47 32.40 -24.26
v  18.72 32.40 -24.64
v  18.37 32.40 -25.35
v  19.25 32.40 -25.96
v  19.80 32.40 -25.39
v  20.59 32.40 -26.44
v  19.89 32.40 -26.81
v  20.23 32.40 -27.82
v  21.01 32.40 -27.68
v  20.65 32.92 -30.25
v  21.04 32.92 -28.99
v  19.90 32.92 -31.32
v  18.85 32.92 -32.11
v  17.61 32.92 -32.54
v  16.30 32.92 -32.56
v  15.05 32.92 -32.18
v  13.97 32.92 -31.43
v  13.18 32.92 -30.38
v  12.76 32.92 -29.14
v  12.73 32.92 -27.83
v  13.12 32.92 -26.57
v  13.87 32.92 -25.50
v  14.92 32.92 -24.71
v  16.16 32.92 -24.28
v  17.47 32.92 -24.26
v  18.72 32.92 -24.64
v  19.80 32.92 -25.39
v  20.59 32.92 -26.44
v  21.01 32.92 -27.68
v  16.29 30.36 -25.06
v  17.36 30.36 -25.04
v  15.29 30.36 -25.41
v  14.44 30.36 -26.05
v  13.83 30.36 -26.92
v  13.52 30.36 -27.94
v  13.54 30.36 -29.00
v  13.88 30.36 -30.01
v  14.52 30.36 -30.85
v  15.39 30.36 -31.46
v  16.41 30.36 -31.78
v  17.47 30.36 -31.76
v  18.48 30.36 -31.41
v  19.33 30.36 -30.77
v  19.94 30.36 -29.90
v  20.25 30.36 -28.88
v  20.23 30.36 -27.82
v  19.89 30.36 -26.81
v  19.25 30.36 -25.96
v  18.37 30.36 -25.35
v  17.28 30.36 -25.61
v  16.39 30.36 -25.62
v  15.56 30.36 -25.91
v  16.49 30.36 -31.21
v  15.64 30.36 -30.95
v  17.38 30.36 -31.19
v  18.21 30.36 -30.91
v  18.12 30.36 -25.87
v  17.28 24.91 -25.61
v  16.39 24.91 -25.62
v  15.56 24.91 -25.91
v  15.64 24.91 -30.95
v  16.49 24.91 -31.21
v  17.38 24.91 -31.19
v  18.21 24.91 -30.91
v  18.12 24.91 -25.87
v  18.27 32.88 -24.17
v  16.88 32.88 -23.95
v  15.49 32.88 -24.17
v  14.23 32.88 -24.81
v  13.24 32.88 -25.81
v  12.60 32.88 -27.06
v  12.38 32.88 -28.45
v  12.60 32.88 -29.85
v  13.24 32.88 -31.10
v  15.49 32.88 -32.74
v  16.88 32.88 -32.96
v  18.27 32.88 -32.74
v  14.23 32.88 -32.10
v  19.53 32.88 -32.10
v  20.53 32.88 -31.10
v  21.16 32.88 -29.85
v  21.39 32.88 -28.45
v  21.16 32.88 -27.06
v  19.53 32.88 -24.81
v  20.53 32.88 -25.81
v  16.88 40.26 -28.45
v  16.88 30.40 -25.60
v  16.88 27.69 -25.60
v  18.42 27.69 -25.60
v  18.42 30.40 -25.60
v  16.72 27.69 -25.60
v  16.72 30.40 -25.60
v  15.27 30.40 -25.60
v  15.27 27.69 -25.60
v  16.88 27.69 -25.46
v  16.88 30.40 -25.46
v  16.72 30.40 -25.46
v  16.72 27.69 -25.46
v  15.27 27.69 -25.46
v  15.27 27.51 -25.46
v  16.72 27.51 -25.46
v  16.88 27.51 -25.46
v  18.42 27.51 -25.46
v  18.42 27.69 -25.46
v  16.72 27.51 -25.60
v  15.27 27.51 -25.60
v  15.27 24.85 -25.60
v  16.72 24.85 -25.60
v  16.88 24.85 -25.46
v  16.72 24.85 -25.46
v  18.42 27.51 -25.60
v  16.88 27.51 -25.60
v  16.88 24.85 -25.60
v  18.42 24.85 -25.60
v  16.91 30.40 -31.22
v  16.91 27.69 -31.22
v  15.39 27.69 -31.22
v  15.39 30.40 -31.22
v  18.50 30.40 -31.22
v  18.50 27.69 -31.22
v  17.07 27.69 -31.22
v  17.07 30.40 -31.22
v  17.07 27.69 -31.36
v  16.91 27.69 -31.36
v  16.91 30.40 -31.36
v  17.07 30.40 -31.36
v  18.50 27.69 -31.36
v  18.50 27.51 -31.36
v  17.07 27.51 -31.36
v  16.91 27.51 -31.36
v  15.39 27.69 -31.36
v  15.39 27.51 -31.36
v  17.07 24.85 -31.22
v  17.07 27.51 -31.22
v  18.50 27.51 -31.22
v  18.50 24.85 -31.22
v  17.07 24.85 -31.36
v  16.91 24.85 -31.36
v  15.39 27.51 -31.22
v  16.91 27.51 -31.22
v  16.91 24.85 -31.22
v  15.39 24.85 -31.22
v  -14.57 7.71 -28.92
v  -14.91 7.71 -30.00
v  -14.91 22.14 -30.00
v  -14.57 22.14 -28.92
v  -15.56 7.71 -30.93
v  -15.56 22.14 -30.93
v  -16.47 22.14 -31.62
v  -16.47 7.71 -31.62
v  -17.54 7.71 -31.99
v  -17.54 22.14 -31.99
v  -18.68 7.71 -32.01
v  -18.68 22.14 -32.01
v  -19.77 7.71 -31.68
v  -19.77 22.14 -31.68
v  -20.70 22.14 -31.02
v  -20.70 7.71 -31.02
v  -21.38 7.71 -30.12
v  -21.38 22.14 -30.12
v  -21.76 7.71 -29.04
v  -21.76 22.14 -29.04
v  -21.78 7.71 -27.90
v  -21.78 22.14 -27.90
v  -21.44 22.14 -26.82
v  -21.44 7.71 -26.82
v  -20.79 7.71 -25.88
v  -20.79 22.14 -25.88
v  -19.88 7.71 -25.20
v  -19.88 22.14 -25.20
v  -18.81 7.71 -24.83
v  -18.81 22.14 -24.83
v  -17.67 22.14 -24.81
v  -17.67 7.71 -24.81
v  -16.58 7.71 -25.14
v  -16.58 22.14 -25.14
v  -15.65 7.71 -25.79
v  -15.65 22.14 -25.79
v  -14.96 7.71 -26.70
v  -14.96 22.14 -26.70
v  -14.59 22.14 -27.78
v  -14.59 7.71 -27.78
v  -14.58 22.14 -30.16
v  -14.21 22.14 -28.97
v  -15.30 22.14 -31.19
v  -16.30 22.14 -31.94
v  -17.48 22.14 -32.35
v  -18.73 22.14 -32.37
v  -19.93 22.14 -32.00
v  -20.95 22.14 -31.29
v  -21.71 22.14 -30.29
v  -22.11 22.14 -29.10
v  -22.14 22.14 -27.85
v  -21.77 22.14 -26.66
v  -21.05 22.14 -25.63
v  -20.05 22.14 -24.88
v  -18.87 22.14 -24.47
v  -17.62 22.14 -24.45
v  -16.42 22.14 -24.82
v  -15.40 22.14 -25.53
v  -14.64 22.14 -26.53
v  -14.24 22.14 -27.72
v  -14.58 22.52 -30.16
v  -14.21 22.52 -28.97
v  -15.30 22.52 -31.19
v  -16.30 22.52 -31.94
v  -17.48 22.52 -32.35
v  -18.73 22.52 -32.37
v  -19.93 22.52 -32.00
v  -20.95 22.52 -31.29
v  -21.71 22.52 -30.29
v  -22.11 22.52 -29.10
v  -22.14 22.52 -27.85
v  -21.77 22.52 -26.66
v  -21.05 22.52 -25.63
v  -20.05 22.52 -24.88
v  -18.87 22.52 -24.47
v  -17.62 22.52 -24.45
v  -16.42 22.52 -24.82
v  -15.40 22.52 -25.53
v  -14.64 22.52 -26.53
v  -14.24 22.52 -27.72
v  -15.12 22.52 -29.90
v  -14.81 22.52 -28.88
v  -15.73 22.52 -30.77
v  -16.58 22.52 -31.41
v  -17.58 22.52 -31.76
v  -18.65 22.52 -31.78
v  -19.66 22.52 -31.46
v  -20.54 22.52 -30.85
v  -21.18 22.52 -30.01
v  -21.52 22.52 -29.00
v  -21.54 22.52 -27.94
v  -21.23 22.52 -26.92
v  -20.62 22.52 -26.05
v  -19.77 22.52 -25.41
v  -18.77 22.52 -25.06
v  -17.70 22.52 -25.04
v  -16.68 22.52 -25.35
v  -15.81 22.52 -25.96
v  -15.17 22.52 -26.81
v  -14.83 22.52 -27.82
v  -14.81 24.91 -28.88
v  -15.12 24.91 -29.90
v  -15.73 24.91 -30.77
v  -16.58 24.91 -31.41
v  -17.58 24.91 -31.76
v  -18.65 24.91 -31.78
v  -19.66 24.91 -31.46
v  -20.54 24.91 -30.85
v  -21.18 24.91 -30.01
v  -21.52 24.91 -29.00
v  -21.54 24.91 -27.94
v  -21.23 24.91 -26.92
v  -20.62 24.91 -26.05
v  -19.77 24.91 -25.41
v  -18.77 24.91 -25.06
v  -17.70 24.91 -25.04
v  -16.68 24.91 -25.35
v  -15.81 24.91 -25.96
v  -15.17 24.91 -26.81
v  -14.83 24.91 -27.82
v  -14.81 32.40 -28.88
v  -15.12 32.40 -29.90
v  -14.41 32.40 -30.25
v  -14.02 32.40 -28.99
v  -15.73 32.40 -30.77
v  -15.16 32.40 -31.32
v  -16.21 32.40 -32.11
v  -16.58 32.40 -31.41
v  -17.58 32.40 -31.76
v  -17.45 32.40 -32.54
v  -18.76 32.40 -32.56
v  -18.65 32.40 -31.78
v  -19.66 32.40 -31.46
v  -20.01 32.40 -32.18
v  -21.09 32.40 -31.43
v  -20.54 32.40 -30.85
v  -21.18 32.40 -30.01
v  -21.88 32.40 -30.38
v  -21.52 32.40 -29.00
v  -22.30 32.40 -29.14
v  -21.54 32.40 -27.94
v  -22.33 32.40 -27.83
v  -21.94 32.40 -26.57
v  -21.23 32.40 -26.92
v  -20.62 32.40 -26.05
v  -21.19 32.40 -25.50
v  -20.14 32.40 -24.71
v  -19.77 32.40 -25.41
v  -18.77 32.40 -25.06
v  -18.90 32.40 -24.28
v  -17.59 32.40 -24.26
v  -17.70 32.40 -25.04
v  -16.68 32.40 -25.35
v  -16.34 32.40 -24.64
v  -15.81 32.40 -25.96
v  -15.26 32.40 -25.39
v  -15.17 32.40 -26.81
v  -14.47 32.40 -26.44
v  -14.05 32.40 -27.68
v  -14.83 32.40 -27.82
v  -14.41 32.92 -30.25
v  -14.02 32.92 -28.99
v  -15.16 32.92 -31.32
v  -16.21 32.92 -32.11
v  -17.45 32.92 -32.54
v  -18.76 32.92 -32.56
v  -20.01 32.92 -32.18
v  -21.09 32.92 -31.43
v  -21.88 32.92 -30.38
v  -22.30 32.92 -29.14
v  -22.33 32.92 -27.83
v  -21.94 32.92 -26.57
v  -21.19 32.92 -25.50
v  -20.14 32.92 -24.71
v  -18.90 32.92 -24.28
v  -17.59 32.92 -24.26
v  -16.34 32.92 -24.64
v  -15.26 32.92 -25.39
v  -14.47 32.92 -26.44
v  -14.05 32.92 -27.68
v  -18.77 30.36 -25.06
v  -17.70 30.36 -25.04
v  -19.77 30.36 -25.41
v  -20.62 30.36 -26.05
v  -21.23 30.36 -26.92
v  -21.54 30.36 -27.94
v  -21.52 30.36 -29.00
v  -21.18 30.36 -30.01
v  -20.54 30.36 -30.85
v  -19.66 30.36 -31.46
v  -18.65 30.36 -31.78
v  -17.58 30.36 -31.76
v  -16.58 30.36 -31.41
v  -15.73 30.36 -30.77
v  -15.12 30.36 -29.90
v  -14.81 30.36 -28.88
v  -14.83 30.36 -27.82
v  -15.17 30.36 -26.81
v  -15.81 30.36 -25.96
v  -16.68 30.36 -25.35
v  -17.78 30.36 -25.61
v  -18.67 30.36 -25.62
v  -19.50 30.36 -25.91
v  -18.57 30.36 -31.21
v  -19.41 30.36 -30.95
v  -17.68 30.36 -31.19
v  -16.85 30.36 -30.91
v  -16.94 30.36 -25.87
v  -17.78 24.91 -25.61
v  -18.67 24.91 -25.62
v  -19.50 24.91 -25.91
v  -19.41 24.91 -30.95
v  -18.57 24.91 -31.21
v  -17.68 24.91 -31.19
v  -16.85 24.91 -30.91
v  -16.94 24.91 -25.87
v  -18.18 32.88 -23.95
v  -19.57 32.88 -24.17
v  -20.83 32.88 -24.81
v  -21.82 32.88 -25.81
v  -22.46 32.88 -27.06
v  -22.68 32.88 -28.45
v  -22.46 32.88 -29.85
v  -21.82 32.88 -31.10
v  -20.83 32.88 -32.10
v  -19.57 32.88 -32.74
v  -18.18 32.88 -32.96
v  -16.79 32.88 -32.74
v  -15.53 32.88 -32.10
v  -14.53 32.88 -31.10
v  -13.89 32.88 -29.85
v  -13.67 32.88 -28.45
v  -13.89 32.88 -27.06
v  -14.53 32.88 -25.81
v  -16.79 32.88 -24.17
v  -15.53 32.88 -24.81
v  -18.18 40.26 -28.45
v  -16.64 27.69 -25.60
v  -16.64 30.40 -25.60
v  -18.18 30.40 -25.60
v  -18.18 27.69 -25.60
v  -19.79 27.69 -25.60
v  -18.34 27.69 -25.60
v  -18.34 30.40 -25.60
v  -19.79 30.40 -25.60
v  -18.34 27.69 -25.46
v  -18.18 27.69 -25.46
v  -18.18 30.40 -25.46
v  -18.34 30.40 -25.46
v  -19.79 27.69 -25.46
v  -19.79 27.51 -25.46
v  -18.34 27.51 -25.46
v  -18.18 27.51 -25.46
v  -16.64 27.51 -25.46
v  -16.64 27.69 -25.46
v  -19.79 24.85 -25.60
v  -18.34 24.85 -25.60
v  -18.34 27.51 -25.60
v  -19.79 27.51 -25.60
v  -18.34 24.85 -25.46
v  -18.18 24.85 -25.46
v  -16.64 27.51 -25.60
v  -18.18 27.51 -25.60
v  -18.18 24.85 -25.60
v  -16.64 24.85 -25.60
v  -18.15 30.40 -31.22
v  -18.15 27.69 -31.22
v  -19.67 27.69 -31.22
v  -19.67 30.40 -31.22
v  -17.99 27.69 -31.22
v  -17.99 30.40 -31.22
v  -16.55 30.40 -31.22
v  -16.55 27.69 -31.22
v  -17.99 27.69 -31.36
v  -18.15 27.69 -31.36
v  -18.15 30.40 -31.36
v  -17.99 30.40 -31.36
v  -16.55 27.69 -31.36
v  -16.55 27.51 -31.36
v  -17.99 27.51 -31.36
v  -18.15 27.51 -31.36
v  -19.67 27.51 -31.36
v  -19.67 27.69 -31.36
v  -16.55 24.85 -31.22
v  -17.99 24.85 -31.22
v  -17.99 27.51 -31.22
v  -16.55 27.51 -31.22
v  -17.99 24.85 -31.36
v  -18.15 24.85 -31.36
v  -18.15 24.85 -31.22
v  -19.67 24.85 -31.22
v  -19.67 27.51 -31.22
v  -18.15 27.51 -31.22
# 1440 vertices

vn 0.90 0.00 -0.44
vn 0.99 0.00 -0.14
vn 0.72 0.00 -0.69
vn 0.47 0.00 -0.88
vn 0.17 0.00 -0.98
vn -0.14 0.00 -0.99
vn -0.44 0.00 -0.90
vn -0.69 0.00 -0.72
vn -0.88 0.00 -0.47
vn -0.98 0.00 -0.17
vn -0.99 0.00 0.14
vn -0.90 0.00 0.44
vn -0.72 0.00 0.69
vn -0.47 0.00 0.88
vn -0.17 0.00 0.98
vn 0.14 0.00 0.99
vn 0.44 0.00 0.90
vn 0.69 0.00 0.72
vn 0.88 0.00 0.47
vn 0.98 0.00 0.17
vn 0.00 -1.00 -0.00
vn 0.00 -1.00 0.00
vn 0.00 1.00 -0.00
vn 0.00 1.00 0.00
vn 0.52 0.00 -0.86
vn -0.49 0.00 -0.87
vn -0.88 -0.00 -0.47
vn -0.90 -0.00 0.44
vn -0.72 -0.00 0.69
vn -0.52 -0.00 0.86
vn 0.49 0.00 0.87
vn 0.69 -0.00 0.72
vn 0.88 -0.00 0.47
vn 0.98 -0.00 0.17
vn -0.52 0.00 0.86
vn -0.99 -0.00 0.14
vn -0.98 -0.00 -0.17
vn 0.79 0.55 -0.26
vn 0.67 0.55 -0.49
vn 0.49 0.55 -0.67
vn 0.26 0.55 -0.79
vn -0.00 0.55 -0.83
vn -0.26 0.55 -0.79
vn -0.49 0.55 -0.67
vn -0.67 0.55 -0.49
vn -0.79 0.55 -0.26
vn -0.83 0.55 -0.00
vn -0.79 0.55 0.26
vn -0.67 0.55 0.49
vn -0.49 0.55 0.67
vn -0.26 0.55 0.79
vn 0.00 0.55 0.83
vn 0.26 0.55 0.79
vn 0.49 0.55 0.67
vn 0.67 0.55 0.49
vn 0.79 0.55 0.26
vn 0.83 0.55 0.00
vn 0.00 0.00 1.00
vn 1.00 0.00 -0.00
vn -1.00 0.00 -0.00
vn 0.00 0.00 -1.00
vn -0.00 0.00 1.00
vn -0.14 0.99 -0.00
vn -0.27 0.96 -0.00
vn -0.54 0.84 -0.00
vn -0.77 0.64 -0.00
vn -0.94 0.35 -0.00
vn -1.00 0.09 -0.00
vn -0.00 0.00 -1.00
vn 0.27 0.96 -0.00
vn 0.14 0.99 -0.00
vn 0.54 0.84 -0.00
vn 0.77 0.64 -0.00
vn 0.94 0.35 -0.00
vn 1.00 0.09 -0.00
vn 0.01 1.00 0.00
vn 0.03 0.00 -1.00
vn -0.56 0.01 -0.83
vn -0.94 0.01 -0.34
vn -0.96 0.01 0.28
vn -0.61 0.00 0.79
vn -0.03 -0.00 1.00
vn 0.59 0.00 0.81
vn 0.95 0.00 0.31
vn 0.95 0.00 -0.31
vn 0.59 0.00 -0.81
vn 0.00 -0.00 1.00
vn 0.59 -0.00 0.81
vn 0.81 0.52 -0.26
vn 0.69 0.52 -0.50
vn 0.50 0.52 -0.69
vn 0.26 0.52 -0.81
vn -0.00 0.52 -0.85
vn -0.26 0.52 -0.81
vn -0.50 0.52 -0.69
vn -0.69 0.52 -0.50
vn -0.81 0.52 -0.26
vn -0.85 0.52 -0.00
vn -0.81 0.52 0.26
vn -0.69 0.52 0.50
vn -0.50 0.52 0.69
vn -0.26 0.52 0.81
vn 0.00 0.52 0.85
vn 0.26 0.52 0.81
vn 0.50 0.52 0.69
vn 0.69 0.52 0.50
vn 0.81 0.52 0.26
vn 0.85 0.52 0.00
vn -0.69 -0.00 -0.72
# 109 vertex normals

vt 0.90 0.03 0.00
vt 0.90 0.25 0.00
vt 0.88 0.25 0.00
vt 0.88 0.03 0.00
vt 0.92 0.03 0.00
vt 0.92 0.25 0.00
vt 0.94 0.25 0.00
vt 0.94 0.03 0.00
vt 0.96 0.03 0.00
vt 0.96 0.25 0.00
vt 0.99 0.03 0.00
vt 0.99 0.25 0.00
vt 0.57 0.03 0.00
vt 0.59 0.03 0.00
vt 0.59 0.25 0.00
vt 0.57 0.25 0.00
vt 0.61 0.03 0.00
vt 0.61 0.25 0.00
vt 0.63 0.03 0.00
vt 0.63 0.25 0.00
vt 0.65 0.03 0.00
vt 0.65 0.25 0.00
vt 0.67 0.03 0.00
vt 0.67 0.25 0.00
vt 0.69 0.03 0.00
vt 0.69 0.25 0.00
vt 0.72 0.03 0.00
vt 0.72 0.25 0.00
vt 0.74 0.03 0.00
vt 0.74 0.25 0.00
vt 0.76 0.03 0.00
vt 0.76 0.25 0.00
vt 0.78 0.03 0.00
vt 0.78 0.25 0.00
vt 0.80 0.03 0.00
vt 0.80 0.25 0.00
vt 0.82 0.03 0.00
vt 0.82 0.25 0.00
vt 0.84 0.03 0.00
vt 0.84 0.25 0.00
vt 0.86 0.03 0.00
vt 0.86 0.25 0.00
vt 0.31 0.94 0.00
vt 0.32 0.92 0.00
vt 0.32 0.94 0.00
vt 0.31 0.96 0.00
vt 0.30 0.95 0.00
vt 0.29 0.96 0.00
vt 0.29 0.97 0.00
vt 0.27 0.97 0.00
vt 0.25 0.97 0.00
vt 0.24 0.96 0.00
vt 0.24 0.97 0.00
vt 0.22 0.95 0.00
vt 0.22 0.96 0.00
vt 0.21 0.94 0.00
vt 0.20 0.92 0.00
vt 0.21 0.92 0.00
vt 0.21 0.90 0.00
vt 0.20 0.90 0.00
vt 0.21 0.89 0.00
vt 0.21 0.88 0.00
vt 0.22 0.87 0.00
vt 0.23 0.86 0.00
vt 0.24 0.86 0.00
vt 0.25 0.85 0.00
vt 0.25 0.86 0.00
vt 0.27 0.85 0.00
vt 0.27 0.86 0.00
vt 0.29 0.86 0.00
vt 0.30 0.87 0.00
vt 0.31 0.87 0.00
vt 0.31 0.89 0.00
vt 0.32 0.88 0.00
vt 0.32 0.90 0.00
vt 0.90 0.01 0.00
vt 0.90 0.02 0.00
vt 0.88 0.02 0.00
vt 0.88 0.01 0.00
vt 0.92 0.01 0.00
vt 0.92 0.02 0.00
vt 0.94 0.02 0.00
vt 0.94 0.01 0.00
vt 0.96 0.01 0.00
vt 0.96 0.02 0.00
vt 0.98 0.02 0.00
vt 0.98 0.01 0.00
vt 0.57 0.02 0.00
vt 0.57 0.01 0.00
vt 0.59 0.01 0.00
vt 0.59 0.02 0.00
vt 0.61 0.01 0.00
vt 0.61 0.02 0.00
vt 0.63 0.01 0.00
vt 0.63 0.02 0.00
vt 0.66 0.01 0.00
vt 0.66 0.02 0.00
vt 0.68 0.01 0.00
vt 0.68 0.02 0.00
vt 0.70 0.01 0.00
vt 0.70 0.02 0.00
vt 0.72 0.02 0.00
vt 0.72 0.01 0.00
vt 0.74 0.01 0.00
vt 0.74 0.02 0.00
vt 0.76 0.01 0.00
vt 0.76 0.02 0.00
vt 0.78 0.01 0.00
vt 0.78 0.02 0.00
vt 0.80 0.01 0.00
vt 0.80 0.02 0.00
vt 0.82 0.02 0.00
vt 0.82 0.01 0.00
vt 0.84 0.02 0.00
vt 0.84 0.01 0.00
vt 0.86 0.01 0.00
vt 0.86 0.02 0.00
vt 0.33 0.92 0.00
vt 0.34 0.92 0.00
vt 0.34 0.95 0.00
vt 0.33 0.94 0.00
vt 0.32 0.97 0.00
vt 0.30 0.98 0.00
vt 0.30 0.97 0.00
vt 0.28 0.99 0.00
vt 0.28 0.98 0.00
vt 0.25 0.99 0.00
vt 0.25 0.98 0.00
vt 0.23 0.99 0.00
vt 0.23 0.97 0.00
vt 0.21 0.97 0.00
vt 0.21 0.96 0.00
vt 0.19 0.95 0.00
vt 0.20 0.94 0.00
vt 0.18 0.93 0.00
vt 0.19 0.92 0.00
vt 0.18 0.90 0.00
vt 0.19 0.90 0.00
vt 0.19 0.88 0.00
vt 0.20 0.88 0.00
vt 0.20 0.86 0.00
vt 0.21 0.86 0.00
vt 0.22 0.84 0.00
vt 0.23 0.85 0.00
vt 0.25 0.83 0.00
vt 0.25 0.84 0.00
vt 0.27 0.83 0.00
vt 0.27 0.84 0.00
vt 0.30 0.84 0.00
vt 0.29 0.85 0.00
vt 0.32 0.85 0.00
vt 0.31 0.86 0.00
vt 0.34 0.87 0.00
vt 0.34 0.90 0.00
vt 0.33 0.90 0.00
vt 0.88 0.29 0.00
vt 0.88 0.26 0.00
vt 0.90 0.26 0.00
vt 0.90 0.29 0.00
vt 0.92 0.26 0.00
vt 0.92 0.29 0.00
vt 0.94 0.26 0.00
vt 0.94 0.29 0.00
vt 0.96 0.26 0.00
vt 0.96 0.29 0.00
vt 0.99 0.29 0.00
vt 0.99 0.26 0.00
vt 0.59 0.26 0.00
vt 0.59 0.29 0.00
vt 0.57 0.29 0.00
vt 0.57 0.26 0.00
vt 0.61 0.26 0.00
vt 0.61 0.29 0.00
vt 0.63 0.26 0.00
vt 0.63 0.29 0.00
vt 0.65 0.26 0.00
vt 0.65 0.29 0.00
vt 0.67 0.26 0.00
vt 0.67 0.29 0.00
vt 0.69 0.26 0.00
vt 0.69 0.29 0.00
vt 0.72 0.29 0.00
vt 0.72 0.26 0.00
vt 0.74 0.29 0.00
vt 0.74 0.26 0.00
vt 0.76 0.29 0.00
vt 0.76 0.26 0.00
vt 0.78 0.29 0.00
vt 0.78 0.26 0.00
vt 0.80 0.26 0.00
vt 0.80 0.29 0.00
vt 0.82 0.29 0.00
vt 0.82 0.26 0.00
vt 0.84 0.26 0.00
vt 0.84 0.29 0.00
vt 0.86 0.26 0.00
vt 0.86 0.29 0.00
vt 0.58 0.68 0.00
vt 0.59 0.68 0.00
vt 0.60 0.67 0.00
vt 0.59 0.66 0.00
vt 0.58 0.69 0.00
vt 0.58 0.70 0.00
vt 0.56 0.70 0.00
vt 0.57 0.71 0.00
vt 0.55 0.70 0.00
vt 0.55 0.71 0.00
vt 0.54 0.70 0.00
vt 0.54 0.71 0.00
vt 0.52 0.70 0.00
vt 0.52 0.71 0.00
vt 0.51 0.69 0.00
vt 0.50 0.70 0.00
vt 0.50 0.68 0.00
vt 0.49 0.68 0.00
vt 0.49 0.67 0.00
vt 0.50 0.67 0.00
vt 0.49 0.65 0.00
vt 0.50 0.65 0.00
vt 0.49 0.63 0.00
vt 0.50 0.64 0.00
vt 0.50 0.62 0.00
vt 0.51 0.63 0.00
vt 0.52 0.61 0.00
vt 0.52 0.62 0.00
vt 0.53 0.60 0.00
vt 0.54 0.61 0.00
vt 0.55 0.60 0.00
vt 0.55 0.61 0.00
vt 0.57 0.61 0.00
vt 0.56 0.62 0.00
vt 0.58 0.62 0.00
vt 0.57 0.62 0.00
vt 0.59 0.63 0.00
vt 0.58 0.64 0.00
vt 0.60 0.65 0.00
vt 0.59 0.65 0.00
vt 0.90 0.43 0.00
vt 0.88 0.43 0.00
vt 0.88 0.42 0.00
vt 0.90 0.42 0.00
vt 0.92 0.43 0.00
vt 0.92 0.42 0.00
vt 0.94 0.43 0.00
vt 0.94 0.42 0.00
vt 0.96 0.42 0.00
vt 0.96 0.43 0.00
vt 0.98 0.42 0.00
vt 0.98 0.43 0.00
vt 0.60 0.42 0.00
vt 0.60 0.43 0.00
vt 0.57 0.43 0.00
vt 0.57 0.42 0.00
vt 0.62 0.42 0.00
vt 0.62 0.43 0.00
vt 0.64 0.42 0.00
vt 0.64 0.43 0.00
vt 0.66 0.42 0.00
vt 0.66 0.43 0.00
vt 0.68 0.42 0.00
vt 0.68 0.43 0.00
vt 0.70 0.42 0.00
vt 0.70 0.43 0.00
vt 0.72 0.42 0.00
vt 0.72 0.43 0.00
vt 0.74 0.42 0.00
vt 0.74 0.43 0.00
vt 0.76 0.42 0.00
vt 0.76 0.43 0.00
vt 0.78 0.42 0.00
vt 0.78 0.43 0.00
vt 0.80 0.43 0.00
vt 0.80 0.42 0.00
vt 0.82 0.42 0.00
vt 0.82 0.43 0.00
vt 0.84 0.43 0.00
vt 0.84 0.42 0.00
vt 0.86 0.42 0.00
vt 0.86 0.43 0.00
vt 0.76 0.41 0.00
vt 0.76 0.38 0.00
vt 0.78 0.38 0.00
vt 0.78 0.41 0.00
vt 0.74 0.41 0.00
vt 0.74 0.38 0.00
vt 0.72 0.41 0.00
vt 0.72 0.38 0.00
vt 0.69 0.41 0.00
vt 0.69 0.38 0.00
vt 0.67 0.41 0.00
vt 0.67 0.38 0.00
vt 0.65 0.38 0.00
vt 0.65 0.41 0.00
vt 0.63 0.41 0.00
vt 0.63 0.38 0.00
vt 0.61 0.38 0.00
vt 0.61 0.41 0.00
vt 0.59 0.41 0.00
vt 0.59 0.38 0.00
vt 0.57 0.38 0.00
vt 0.57 0.41 0.00
vt 0.99 0.41 0.00
vt 0.96 0.41 0.00
vt 0.96 0.38 0.00
vt 0.99 0.38 0.00
vt 0.94 0.41 0.00
vt 0.94 0.38 0.00
vt 0.92 0.38 0.00
vt 0.92 0.41 0.00
vt 0.90 0.38 0.00
vt 0.90 0.41 0.00
vt 0.88 0.38 0.00
vt 0.88 0.41 0.00
vt 0.86 0.41 0.00
vt 0.86 0.38 0.00
vt 0.84 0.38 0.00
vt 0.84 0.41 0.00
vt 0.82 0.41 0.00
vt 0.82 0.38 0.00
vt 0.80 0.41 0.00
vt 0.80 0.38 0.00
vt 0.52 0.28 0.00
vt 0.49 0.30 0.00
vt 0.52 0.30 0.00
vt 0.48 0.28 0.00
vt 0.46 0.31 0.00
vt 0.45 0.30 0.00
vt 0.56 0.29 0.00
vt 0.55 0.31 0.00
vt 0.50 0.16 0.00
vt 0.51 0.16 0.00
vt 0.51 0.27 0.00
vt 0.50 0.27 0.00
vt 0.46 0.71 0.00
vt 0.44 0.69 0.00
vt 0.41 0.68 0.00
vt 0.38 0.67 0.00
vt 0.36 0.68 0.00
vt 0.33 0.69 0.00
vt 0.31 0.71 0.00
vt 0.30 0.73 0.00
vt 0.30 0.76 0.00
vt 0.30 0.79 0.00
vt 0.31 0.81 0.00
vt 0.33 0.83 0.00
vt 0.36 0.84 0.00
vt 0.38 0.85 0.00
vt 0.41 0.84 0.00
vt 0.44 0.83 0.00
vt 0.46 0.81 0.00
vt 0.47 0.79 0.00
vt 0.47 0.76 0.00
vt 0.47 0.73 0.00
vt 0.48 0.79 0.00
vt 0.47 0.82 0.00
vt 0.38 0.76 0.00
vt 0.44 0.84 0.00
vt 0.42 0.86 0.00
vt 0.38 0.86 0.00
vt 0.35 0.86 0.00
vt 0.32 0.84 0.00
vt 0.30 0.82 0.00
vt 0.29 0.79 0.00
vt 0.28 0.76 0.00
vt 0.29 0.73 0.00
vt 0.30 0.70 0.00
vt 0.32 0.68 0.00
vt 0.35 0.66 0.00
vt 0.38 0.66 0.00
vt 0.42 0.66 0.00
vt 0.44 0.68 0.00
vt 0.47 0.70 0.00
vt 0.48 0.73 0.00
vt 0.49 0.76 0.00
vt 0.88 0.98 0.00
vt 0.88 0.92 0.00
vt 0.92 0.92 0.00
vt 0.92 0.98 0.00
vt 0.84 0.92 0.00
vt 0.84 0.98 0.00
vt 0.88 0.86 0.00
vt 0.84 0.86 0.00
vt 0.92 0.86 0.00
vt 0.96 0.98 0.00
vt 0.96 0.92 0.00
vt 0.99 0.98 0.00
vt 0.99 0.92 0.00
vt 0.99 0.86 0.00
vt 0.96 0.86 0.00
vt 0.60 0.68 0.00
vt 0.71 0.68 0.00
vt 0.71 0.81 0.00
vt 0.60 0.81 0.00
vt 0.56 0.32 0.00
vt 0.56 0.45 0.00
vt 0.45 0.45 0.00
vt 0.45 0.32 0.00
vt 0.61 0.44 0.00
vt 0.79 0.44 0.00
vt 0.79 0.67 0.00
vt 0.61 0.67 0.00
vt 0.93 0.67 0.00
vt 0.90 0.68 0.00
vt 0.90 0.59 0.00
vt 0.95 0.66 0.00
vt 0.97 0.64 0.00
vt 0.99 0.62 0.00
vt 0.99 0.59 0.00
vt 0.99 0.44 0.00
vt 0.90 0.44 0.00
vt 0.87 0.67 0.00
vt 0.84 0.66 0.00
vt 0.82 0.64 0.00
vt 0.81 0.62 0.00
vt 0.80 0.59 0.00
vt 0.80 0.44 0.00
vt 0.76 0.84 0.00
vt 0.79 0.79 0.00
vt 0.79 0.85 0.00
vt 0.75 0.84 0.00
vt 0.73 0.82 0.00
vt 0.72 0.80 0.00
vt 0.72 0.79 0.00
vt 0.72 0.68 0.00
vt 0.79 0.68 0.00
vt 0.81 0.84 0.00
vt 0.82 0.84 0.00
vt 0.84 0.82 0.00
vt 0.85 0.80 0.00
vt 0.85 0.79 0.00
vt 0.85 0.68 0.00
vt 0.95 0.84 0.00
vt 0.93 0.85 0.00
vt 0.93 0.79 0.00
vt 0.96 0.83 0.00
vt 0.98 0.82 0.00
vt 0.99 0.80 0.00
vt 0.99 0.79 0.00
vt 0.99 0.68 0.00
vt 0.93 0.68 0.00
vt 0.45 0.51 0.00
vt 0.45 0.53 0.00
vt 0.29 0.53 0.00
vt 0.29 0.51 0.00
vt 0.28 0.47 0.00
vt 0.28 0.45 0.00
vt 0.45 0.47 0.00
vt 0.28 0.61 0.00
vt 0.28 0.56 0.00
vt 0.32 0.56 0.00
vt 0.32 0.61 0.00
vt 0.35 0.56 0.00
vt 0.35 0.61 0.00
vt 0.45 0.49 0.00
vt 0.28 0.49 0.00
vt 0.38 0.56 0.00
vt 0.38 0.61 0.00
vt 0.45 0.50 0.00
vt 0.28 0.50 0.00
vt 0.45 0.56 0.00
vt 0.45 0.61 0.00
vt 0.45 0.55 0.00
vt 0.28 0.55 0.00
vt 0.29 0.54 0.00
vt 0.45 0.54 0.00
vt 0.35 0.62 0.00
vt 0.32 0.62 0.00
vt 0.38 0.62 0.00
vt 0.48 0.63 0.00
vt 0.29 0.55 0.00
vt 0.38 0.64 0.00
vt 0.35 0.64 0.00
vt 0.48 0.64 0.00
vt 0.91 0.84 0.00
vt 0.89 0.83 0.00
vt 0.87 0.82 0.00
vt 0.86 0.80 0.00
vt 0.86 0.79 0.00
vt 0.86 0.68 0.00
vt 0.08 0.88 0.00
vt 0.05 0.88 0.00
vt 0.05 0.84 0.00
vt 0.08 0.84 0.00
vt 0.08 0.80 0.00
vt 0.05 0.80 0.00
vt 0.05 0.75 0.00
vt 0.08 0.75 0.00
vt 0.08 0.70 0.00
vt 0.05 0.70 0.00
vt 0.05 0.66 0.00
vt 0.08 0.66 0.00
vt 0.15 0.87 0.00
vt 0.09 0.88 0.00
vt 0.09 0.72 0.00
vt 0.20 0.85 0.00
vt 0.24 0.81 0.00
vt 0.26 0.77 0.00
vt 0.27 0.72 0.00
vt 0.27 0.44 0.00
vt 0.27 0.48 0.00
vt 0.01 0.48 0.00
vt 0.01 0.44 0.00
vt 0.27 0.49 0.00
vt 0.09 0.49 0.00
vt 0.05 0.49 0.00
vt 0.08 0.49 0.00
vt 0.04 0.88 0.00
vt 0.01 0.88 0.00
vt 0.01 0.72 0.00
vt 0.04 0.72 0.00
vt 0.01 0.49 0.00
vt 0.04 0.49 0.00
vt 0.57 0.79 0.00
vt 0.59 0.79 0.00
vt 0.59 0.81 0.00
vt 0.57 0.81 0.00
vt 0.57 0.83 0.00
vt 0.56 0.82 0.00
vt 0.55 0.84 0.00
vt 0.55 0.82 0.00
vt 0.52 0.83 0.00
vt 0.53 0.82 0.00
vt 0.52 0.81 0.00
vt 0.50 0.81 0.00
vt 0.50 0.79 0.00
vt 0.52 0.79 0.00
vt 0.56 0.72 0.00
vt 0.56 0.81 0.00
vt 0.55 0.81 0.00
vt 0.55 0.72 0.00
vt 0.54 0.81 0.00
vt 0.54 0.72 0.00
vt 0.53 0.81 0.00
vt 0.53 0.72 0.00
vt 0.32 0.25 0.00
vt 0.32 0.03 0.00
vt 0.34 0.03 0.00
vt 0.34 0.25 0.00
vt 0.36 0.03 0.00
vt 0.36 0.25 0.00
vt 0.38 0.03 0.00
vt 0.38 0.25 0.00
vt 0.40 0.03 0.00
vt 0.40 0.25 0.00
vt 0.42 0.03 0.00
vt 0.42 0.25 0.00
vt 0.01 0.25 0.00
vt 0.01 0.03 0.00
vt 0.03 0.03 0.00
vt 0.03 0.25 0.00
vt 0.05 0.03 0.00
vt 0.05 0.25 0.00
vt 0.07 0.03 0.00
vt 0.07 0.25 0.00
vt 0.09 0.03 0.00
vt 0.09 0.25 0.00
vt 0.11 0.03 0.00
vt 0.11 0.25 0.00
vt 0.13 0.03 0.00
vt 0.13 0.25 0.00
vt 0.15 0.03 0.00
vt 0.15 0.25 0.00
vt 0.17 0.03 0.00
vt 0.17 0.25 0.00
vt 0.19 0.03 0.00
vt 0.19 0.25 0.00
vt 0.22 0.03 0.00
vt 0.22 0.25 0.00
vt 0.24 0.03 0.00
vt 0.24 0.25 0.00
vt 0.26 0.03 0.00
vt 0.26 0.25 0.00
vt 0.28 0.03 0.00
vt 0.28 0.25 0.00
vt 0.30 0.03 0.00
vt 0.30 0.25 0.00
vt 0.58 0.53 0.00
vt 0.58 0.55 0.00
vt 0.57 0.54 0.00
vt 0.57 0.56 0.00
vt 0.56 0.56 0.00
vt 0.55 0.57 0.00
vt 0.54 0.57 0.00
vt 0.52 0.57 0.00
vt 0.51 0.57 0.00
vt 0.49 0.56 0.00
vt 0.50 0.56 0.00
vt 0.48 0.55 0.00
vt 0.49 0.55 0.00
vt 0.48 0.53 0.00
vt 0.48 0.52 0.00
vt 0.48 0.50 0.00
vt 0.49 0.50 0.00
vt 0.49 0.49 0.00
vt 0.50 0.49 0.00
vt 0.51 0.48 0.00
vt 0.52 0.47 0.00
vt 0.52 0.48 0.00
vt 0.54 0.47 0.00
vt 0.54 0.48 0.00
vt 0.55 0.48 0.00
vt 0.56 0.49 0.00
vt 0.57 0.49 0.00
vt 0.57 0.50 0.00
vt 0.58 0.50 0.00
vt 0.58 0.51 0.00
vt 0.34 0.01 0.00
vt 0.34 0.02 0.00
vt 0.32 0.02 0.00
vt 0.32 0.01 0.00
vt 0.36 0.01 0.00
vt 0.36 0.02 0.00
vt 0.38 0.01 0.00
vt 0.38 0.02 0.00
vt 0.40 0.01 0.00
vt 0.40 0.02 0.00
vt 0.42 0.01 0.00
vt 0.42 0.02 0.00
vt 0.03 0.01 0.00
vt 0.03 0.02 0.00
vt 0.01 0.02 0.00
vt 0.01 0.01 0.00
vt 0.05 0.02 0.00
vt 0.05 0.01 0.00
vt 0.07 0.01 0.00
vt 0.07 0.02 0.00
vt 0.09 0.01 0.00
vt 0.09 0.02 0.00
vt 0.11 0.01 0.00
vt 0.11 0.02 0.00
vt 0.13 0.01 0.00
vt 0.13 0.02 0.00
vt 0.16 0.01 0.00
vt 0.16 0.02 0.00
vt 0.18 0.01 0.00
vt 0.18 0.02 0.00
vt 0.20 0.01 0.00
vt 0.20 0.02 0.00
vt 0.22 0.01 0.00
vt 0.22 0.02 0.00
vt 0.24 0.01 0.00
vt 0.24 0.02 0.00
vt 0.26 0.01 0.00
vt 0.26 0.02 0.00
vt 0.28 0.02 0.00
vt 0.28 0.01 0.00
vt 0.30 0.01 0.00
vt 0.30 0.02 0.00
vt 0.59 0.53 0.00
vt 0.60 0.53 0.00
vt 0.59 0.55 0.00
vt 0.58 0.57 0.00
vt 0.56 0.58 0.00
vt 0.56 0.57 0.00
vt 0.54 0.59 0.00
vt 0.54 0.58 0.00
vt 0.52 0.59 0.00
vt 0.52 0.58 0.00
vt 0.50 0.58 0.00
vt 0.48 0.57 0.00
vt 0.47 0.56 0.00
vt 0.46 0.53 0.00
vt 0.47 0.53 0.00
vt 0.47 0.51 0.00
vt 0.46 0.51 0.00
vt 0.47 0.49 0.00
vt 0.48 0.48 0.00
vt 0.49 0.48 0.00
vt 0.50 0.46 0.00
vt 0.50 0.47 0.00
vt 0.52 0.46 0.00
vt 0.54 0.46 0.00
vt 0.56 0.47 0.00
vt 0.56 0.46 0.00
vt 0.58 0.47 0.00
vt 0.57 0.48 0.00
vt 0.59 0.49 0.00
vt 0.60 0.51 0.00
vt 0.59 0.51 0.00
vt 0.32 0.26 0.00
vt 0.34 0.26 0.00
vt 0.34 0.29 0.00
vt 0.32 0.29 0.00
vt 0.36 0.26 0.00
vt 0.36 0.29 0.00
vt 0.38 0.29 0.00
vt 0.38 0.26 0.00
vt 0.40 0.29 0.00
vt 0.40 0.26 0.00
vt 0.42 0.26 0.00
vt 0.42 0.29 0.00
vt 0.03 0.29 0.00
vt 0.01 0.29 0.00
vt 0.01 0.26 0.00
vt 0.03 0.26 0.00
vt 0.05 0.26 0.00
vt 0.05 0.29 0.00
vt 0.07 0.26 0.00
vt 0.07 0.29 0.00
vt 0.09 0.26 0.00
vt 0.09 0.29 0.00
vt 0.11 0.29 0.00
vt 0.11 0.26 0.00
vt 0.13 0.29 0.00
vt 0.13 0.26 0.00
vt 0.15 0.29 0.00
vt 0.15 0.26 0.00
vt 0.17 0.26 0.00
vt 0.17 0.29 0.00
vt 0.19 0.26 0.00
vt 0.19 0.29 0.00
vt 0.22 0.26 0.00
vt 0.22 0.29 0.00
vt 0.24 0.26 0.00
vt 0.24 0.29 0.00
vt 0.26 0.29 0.00
vt 0.26 0.26 0.00
vt 0.28 0.26 0.00
vt 0.28 0.29 0.00
vt 0.30 0.29 0.00
vt 0.30 0.26 0.00
vt 0.34 0.43 0.00
vt 0.32 0.43 0.00
vt 0.32 0.42 0.00
vt 0.34 0.42 0.00
vt 0.36 0.43 0.00
vt 0.36 0.42 0.00
vt 0.38 0.42 0.00
vt 0.38 0.43 0.00
vt 0.40 0.42 0.00
vt 0.40 0.43 0.00
vt 0.42 0.42 0.00
vt 0.42 0.43 0.00
vt 0.01 0.42 0.00
vt 0.03 0.42 0.00
vt 0.03 0.43 0.00
vt 0.01 0.43 0.00
vt 0.05 0.42 0.00
vt 0.05 0.43 0.00
vt 0.07 0.43 0.00
vt 0.07 0.42 0.00
vt 0.09 0.43 0.00
vt 0.09 0.42 0.00
vt 0.11 0.43 0.00
vt 0.11 0.42 0.00
vt 0.13 0.42 0.00
vt 0.13 0.43 0.00
vt 0.15 0.42 0.00
vt 0.15 0.43 0.00
vt 0.18 0.42 0.00
vt 0.18 0.43 0.00
vt 0.20 0.42 0.00
vt 0.20 0.43 0.00
vt 0.22 0.42 0.00
vt 0.22 0.43 0.00
vt 0.24 0.43 0.00
vt 0.24 0.42 0.00
vt 0.26 0.43 0.00
vt 0.26 0.42 0.00
vt 0.28 0.43 0.00
vt 0.28 0.42 0.00
vt 0.30 0.42 0.00
vt 0.30 0.43 0.00
vt 0.19 0.38 0.00
vt 0.22 0.38 0.00
vt 0.22 0.41 0.00
vt 0.19 0.41 0.00
vt 0.17 0.41 0.00
vt 0.17 0.38 0.00
vt 0.15 0.41 0.00
vt 0.15 0.38 0.00
vt 0.13 0.41 0.00
vt 0.13 0.38 0.00
vt 0.11 0.38 0.00
vt 0.11 0.41 0.00
vt 0.09 0.41 0.00
vt 0.09 0.38 0.00
vt 0.07 0.38 0.00
vt 0.07 0.41 0.00
vt 0.05 0.41 0.00
vt 0.05 0.38 0.00
vt 0.03 0.41 0.00
vt 0.03 0.38 0.00
vt 0.01 0.41 0.00
vt 0.01 0.38 0.00
vt 0.42 0.38 0.00
vt 0.42 0.41 0.00
vt 0.40 0.41 0.00
vt 0.40 0.38 0.00
vt 0.38 0.41 0.00
vt 0.38 0.38 0.00
vt 0.36 0.38 0.00
vt 0.36 0.41 0.00
vt 0.34 0.41 0.00
vt 0.34 0.38 0.00
vt 0.32 0.38 0.00
vt 0.32 0.41 0.00
vt 0.30 0.41 0.00
vt 0.30 0.38 0.00
vt 0.28 0.38 0.00
vt 0.28 0.41 0.00
vt 0.26 0.41 0.00
vt 0.26 0.38 0.00
vt 0.24 0.41 0.00
vt 0.24 0.38 0.00
vt 0.48 0.13 0.00
vt 0.52 0.15 0.00
vt 0.52 0.13 0.00
vt 0.49 0.15 0.00
vt 0.46 0.16 0.00
vt 0.45 0.14 0.00
vt 0.56 0.14 0.00
vt 0.55 0.16 0.00
vt 0.50 0.01 0.00
vt 0.51 0.01 0.00
vt 0.51 0.12 0.00
vt 0.50 0.12 0.00
vt 0.73 0.98 0.00
vt 0.73 0.92 0.00
vt 0.76 0.92 0.00
vt 0.76 0.98 0.00
vt 0.72 0.92 0.00
vt 0.72 0.98 0.00
vt 0.69 0.98 0.00
vt 0.69 0.92 0.00
vt 0.69 0.86 0.00
vt 0.72 0.86 0.00
vt 0.73 0.86 0.00
vt 0.76 0.86 0.00
vt 0.54 0.92 0.00
vt 0.54 0.98 0.00
vt 0.57 0.98 0.00
vt 0.57 0.92 0.00
vt 0.58 0.92 0.00
vt 0.58 0.98 0.00
vt 0.61 0.98 0.00
vt 0.61 0.92 0.00
vt 0.61 0.86 0.00
vt 0.58 0.86 0.00
vt 0.57 0.86 0.00
vt 0.54 0.86 0.00
vt 0.80 0.98 0.00
vt 0.80 0.92 0.00
vt 0.83 0.92 0.00
vt 0.83 0.98 0.00
vt 0.77 0.98 0.00
vt 0.77 0.92 0.00
vt 0.77 0.86 0.00
vt 0.80 0.86 0.00
vt 0.83 0.86 0.00
vt 0.65 0.98 0.00
vt 0.65 0.92 0.00
vt 0.62 0.92 0.00
vt 0.62 0.98 0.00
vt 0.68 0.98 0.00
vt 0.68 0.92 0.00
vt 0.65 0.86 0.00
vt 0.68 0.86 0.00
vt 0.62 0.86 0.00
# 859 texture coords

o Towers_Doors_and_Windows
g Towers_Doors_and_Windows
usemtl MAT_Towers_Doors_and_Windows
f 2277/321/99 2278/322/99 2279/323/100 
f 2279/323/100 2280/324/100 2277/321/99 
f 2278/322/99 2277/321/99 2281/325/101 
f 2281/325/101 2282/326/101 2278/322/99 
f 2283/327/102 2282/326/101 2281/325/101 
f 2281/325/101 2284/328/102 2283/327/102 
f 2285/329/103 2286/330/103 2283/327/102 
f 2283/327/102 2284/328/102 2285/329/103 
f 2286/330/103 2285/329/103 2287/331/104 
f 2287/331/104 2288/332/104 2286/330/103 
f 2287/333/104 2289/334/105 2290/335/105 
f 2290/335/105 2288/336/104 2287/333/104 
f 2291/337/106 2292/338/106 2290/335/105 
f 2290/335/105 2289/334/105 2291/337/106 
f 2293/339/107 2294/340/107 2292/338/106 
f 2292/338/106 2291/337/106 2293/339/107 
f 2294/340/107 2293/339/107 2295/341/108 
f 2295/341/108 2296/342/108 2294/340/107 
f 2296/342/108 2295/341/108 2297/343/109 
f 2297/343/109 2298/344/109 2296/342/108 
f 2298/344/109 2297/343/109 2299/345/110 
f 2299/345/110 2300/346/110 2298/344/109 
f 2299/345/110 2301/347/111 2302/348/111 
f 2302/348/111 2300/346/110 2299/345/110 
f 2301/347/111 2303/349/112 2304/350/112 
f 2304/350/112 2302/348/111 2301/347/111 
f 2303/349/112 2305/351/113 2306/352/113 
f 2306/352/113 2304/350/112 2303/349/112 
f 2306/352/113 2305/351/113 2307/353/114 
f 2307/353/114 2308/354/114 2306/352/113 
f 2309/355/115 2310/356/115 2308/354/114 
f 2308/354/114 2307/353/114 2309/355/115 
f 2310/356/115 2309/355/115 2311/357/116 
f 2311/357/116 2312/358/116 2310/356/115 
f 2313/359/117 2314/360/117 2312/358/116 
f 2312/358/116 2311/357/116 2313/359/117 
f 2315/361/118 2316/362/118 2314/360/117 
f 2314/360/117 2313/359/117 2315/361/118 
f 2280/324/100 2279/323/100 2316/362/118 
f 2316/362/118 2315/361/118 2280/324/100 
f 2278/363/119 2317/364/119 2279/364/119 
f 2317/364/119 2278/363/119 2318/365/119 
f 2319/366/120 2278/363/119 2282/367/120 
f 2278/363/119 2319/366/120 2318/365/119 
f 2283/368/120 2319/366/120 2282/367/120 
f 2319/366/120 2283/368/120 2320/369/120 
f 2320/369/120 2286/370/120 2321/370/120 
f 2286/370/120 2320/369/120 2283/368/120 
f 2322/371/119 2286/370/120 2288/371/119 
f 2286/370/120 2322/371/119 2321/370/120 
f 2322/371/119 2290/372/119 2323/373/119 
f 2290/372/119 2322/371/119 2288/371/119 
f 2292/374/119 2323/373/119 2290/372/119 
f 2323/373/119 2292/374/119 2324/375/119 
f 2292/374/119 2325/376/119 2324/375/119 
f 2325/376/119 2292/374/119 2294/376/119 
f 2294/376/119 2326/377/119 2325/376/119 
f 2326/377/119 2294/376/119 2296/378/119 
f 2298/379/119 2326/377/119 2296/378/119 
f 2326/377/119 2298/379/119 2327/380/119 
f 2300/381/119 2327/380/119 2298/379/119 
f 2327/380/119 2300/381/119 2328/382/119 
f 2328/382/119 2302/383/119 2329/383/119 
f 2302/383/119 2328/382/119 2300/381/119 
f 2302/383/119 2330/384/119 2329/383/119 
f 2330/384/119 2302/383/119 2304/385/119 
f 2331/386/119 2304/385/119 2306/387/119 
f 2304/385/119 2331/386/119 2330/384/119 
f 2332/388/120 2306/387/119 2308/389/120 
f 2306/387/119 2332/388/120 2331/386/119 
f 2310/390/119 2332/388/120 2308/389/120 
f 2332/388/120 2310/390/119 2333/390/119 
f 2312/391/120 2333/390/119 2310/390/119 
f 2333/390/119 2312/391/120 2334/392/120 
f 2334/392/120 2314/393/120 2335/394/120 
f 2314/393/120 2334/392/120 2312/391/120 
f 2335/394/120 2316/395/119 2336/395/119 
f 2316/395/119 2335/394/120 2314/393/120 
f 2316/395/119 2317/364/119 2336/395/119 
f 2317/364/119 2316/395/119 2279/364/119 
f 2318/396/99 2337/397/99 2338/398/100 
f 2338/398/100 2317/399/100 2318/396/99 
f 2337/397/99 2318/396/99 2319/400/101 
f 2319/400/101 2339/401/101 2337/397/99 
f 2340/402/102 2339/401/101 2319/400/101 
f 2319/400/101 2320/403/102 2340/402/102 
f 2321/404/103 2341/405/103 2340/402/102 
f 2340/402/102 2320/403/102 2321/404/103 
f 2342/406/104 2341/405/103 2321/404/103 
f 2321/404/103 2322/407/104 2342/406/104 
f 2342/408/104 2322/409/104 2323/410/105 
f 2323/410/105 2343/411/105 2342/408/104 
f 2324/412/106 2344/413/106 2343/411/105 
f 2343/411/105 2323/410/105 2324/412/106 
f 2344/413/106 2324/412/106 2325/414/107 
f 2325/414/107 2345/415/107 2344/413/106 
f 2326/416/108 2346/417/108 2345/415/107 
f 2345/415/107 2325/414/107 2326/416/108 
f 2326/416/108 2327/418/109 2347/419/109 
f 2347/419/109 2346/417/108 2326/416/108 
f 2327/418/109 2328/420/110 2348/421/110 
f 2348/421/110 2347/419/109 2327/418/109 
f 2349/422/111 2348/421/110 2328/420/110 
f 2328/420/110 2329/423/111 2349/422/111 
f 2329/423/111 2330/424/112 2350/425/112 
f 2350/425/112 2349/422/111 2329/423/111 
f 2350/425/112 2330/424/112 2331/426/113 
f 2331/426/113 2351/427/113 2350/425/112 
f 2332/428/114 2352/429/114 2351/427/113 
f 2351/427/113 2331/426/113 2332/428/114 
f 2333/430/115 2353/431/115 2352/429/114 
f 2352/429/114 2332/428/114 2333/430/115 
f 2354/432/116 2353/431/115 2333/430/115 
f 2333/430/115 2334/433/116 2354/432/116 
f 2355/434/117 2354/432/116 2334/433/116 
f 2334/433/116 2335/435/117 2355/434/117 
f 2336/436/118 2356/437/118 2355/434/117 
f 2355/434/117 2335/435/117 2336/436/118 
f 2338/398/100 2356/437/118 2336/436/118 
f 2336/436/118 2317/399/100 2338/398/100 
f 2357/438/121 2338/439/121 2337/440/121 
f 2337/440/121 2358/441/121 2357/438/121 
f 2339/442/121 2359/366/121 2358/441/121 
f 2358/441/121 2337/440/121 2339/442/121 
f 2340/443/122 2360/444/122 2359/366/121 
f 2359/366/121 2339/442/121 2340/443/122 
f 2360/444/122 2340/443/122 2341/445/122 
f 2341/445/122 2361/446/122 2360/444/122 
f 2342/447/122 2362/448/122 2361/446/122 
f 2361/446/122 2341/445/122 2342/447/122 
f 2342/447/122 2343/449/122 2363/450/122 
f 2363/450/122 2362/448/122 2342/447/122 
f 2344/451/122 2364/452/122 2363/450/122 
f 2363/450/122 2343/449/122 2344/451/122 
f 2364/452/122 2344/451/122 2345/453/121 
f 2345/453/121 2365/454/121 2364/452/122 
f 2346/455/121 2366/456/121 2365/454/121 
f 2365/454/121 2345/453/121 2346/455/121 
f 2366/456/121 2346/455/121 2347/457/121 
f 2347/457/121 2367/458/121 2366/456/121 
f 2348/459/122 2368/460/122 2367/458/121 
f 2367/458/121 2347/457/121 2348/459/122 
f 2348/459/122 2349/461/121 2369/462/121 
f 2369/462/121 2368/460/122 2348/459/122 
f 2350/463/121 2370/464/121 2369/462/121 
f 2369/462/121 2349/461/121 2350/463/121 
f 2351/465/122 2371/466/122 2370/464/121 
f 2370/464/121 2350/463/121 2351/465/122 
f 2371/466/122 2351/465/122 2352/467/121 
f 2352/467/121 2372/468/121 2371/466/122 
f 2353/469/121 2373/470/121 2372/468/121 
f 2372/468/121 2352/467/121 2353/469/121 
f 2353/469/121 2354/471/121 2374/472/121 
f 2374/472/121 2373/470/121 2353/469/121 
f 2375/394/121 2374/472/121 2354/471/121 
f 2354/471/121 2355/473/121 2375/394/121 
f 2375/394/121 2355/473/121 2356/474/121 
f 2356/474/121 2376/475/121 2375/394/121 
f 2356/474/121 2338/439/121 2357/438/121 
f 2357/438/121 2376/475/121 2356/474/121 
f 2377/476/100 2357/477/100 2358/478/99 
f 2358/478/99 2378/479/99 2377/476/100 
f 2378/479/99 2358/478/99 2359/480/101 
f 2359/480/101 2379/481/101 2378/479/99 
f 2379/481/101 2359/480/101 2360/482/102 
f 2360/482/102 2380/483/123 2379/481/101 
f 2380/483/123 2360/482/102 2361/484/103 
f 2361/484/103 2381/485/103 2380/483/123 
f 2382/486/104 2381/485/103 2361/484/103 
f 2361/484/103 2362/487/104 2382/486/104 
f 2363/488/105 2383/489/124 2382/490/104 
f 2382/490/104 2362/491/104 2363/488/105 
f 2363/488/105 2364/492/106 2384/493/106 
f 2384/493/106 2383/489/124 2363/488/105 
f 2384/493/106 2364/492/106 2365/494/125 
f 2365/494/125 2385/495/107 2384/493/106 
f 2365/494/125 2366/496/108 2386/497/108 
f 2386/497/108 2385/495/107 2365/494/125 
f 2367/498/109 2387/499/109 2386/497/108 
f 2386/497/108 2366/496/108 2367/498/109 
f 2387/499/109 2367/498/109 2368/500/126 
f 2368/500/126 2388/501/126 2387/499/109 
f 2389/502/127 2388/501/126 2368/500/126 
f 2368/500/126 2369/503/127 2389/502/127 
f 2390/504/128 2389/502/127 2369/503/127 
f 2369/503/127 2370/505/112 2390/504/128 
f 2391/506/113 2390/504/128 2370/505/112 
f 2370/505/112 2371/507/113 2391/506/113 
f 2392/508/114 2391/506/113 2371/507/113 
f 2371/507/113 2372/509/114 2392/508/114 
f 2392/508/114 2372/509/114 2373/510/115 
f 2373/510/115 2393/511/129 2392/508/114 
f 2394/512/116 2393/511/129 2373/510/115 
f 2373/510/115 2374/513/130 2394/512/116 
f 2375/514/131 2395/515/117 2394/512/116 
f 2394/512/116 2374/513/130 2375/514/131 
f 2376/516/132 2396/517/118 2395/515/117 
f 2395/515/117 2375/514/131 2376/516/132 
f 2357/477/100 2377/476/100 2396/517/118 
f 2396/517/118 2376/516/132 2357/477/100 
f 2397/518/119 2398/519/119 2399/520/119 
f 2399/520/119 2400/521/119 2397/518/119 
f 2401/522/119 2402/523/119 2398/519/119 
f 2398/519/119 2397/518/119 2401/522/119 
f 2403/524/119 2404/525/119 2402/523/119 
f 2402/523/119 2401/522/119 2403/524/119 
f 2405/526/120 2406/527/120 2404/525/119 
f 2404/525/119 2403/524/119 2405/526/120 
f 2407/528/120 2408/529/120 2406/527/120 
f 2406/527/120 2405/526/120 2407/528/120 
f 2409/530/119 2410/531/119 2408/529/120 
f 2408/529/120 2407/528/120 2409/530/119 
f 2411/532/119 2412/533/119 2410/531/119 
f 2410/531/119 2409/530/119 2411/532/119 
f 2412/533/119 2411/532/119 2413/534/120 
f 2413/534/120 2414/535/120 2412/533/119 
f 2415/536/120 2414/535/120 2413/534/120 
f 2413/534/120 2416/537/120 2415/536/120 
f 2417/538/119 2415/536/120 2416/537/120 
f 2416/537/120 2418/539/119 2417/538/119 
f 2419/540/119 2417/538/119 2418/539/119 
f 2418/539/119 2420/541/119 2419/540/119 
f 2421/542/119 2419/540/119 2420/541/119 
f 2420/541/119 2422/543/119 2421/542/119 
f 2423/544/119 2421/542/119 2422/543/119 
f 2422/543/119 2424/545/119 2423/544/119 
f 2425/546/119 2423/544/119 2424/545/119 
f 2424/545/119 2426/547/119 2425/546/119 
f 2427/548/119 2425/546/119 2426/547/119 
f 2426/547/119 2428/549/119 2427/548/119 
f 2429/550/119 2427/548/119 2428/549/119 
f 2428/549/119 2430/551/119 2429/550/119 
f 2431/552/119 2429/550/119 2430/551/119 
f 2430/551/119 2432/553/119 2431/552/119 
f 2433/554/119 2431/552/119 2432/553/119 
f 2432/553/119 2434/555/119 2433/554/119 
f 2435/556/120 2433/554/119 2434/555/119 
f 2434/555/119 2436/557/120 2435/556/120 
f 2436/557/120 2400/521/119 2399/520/119 
f 2399/520/119 2435/556/120 2436/557/120 
f 2437/558/99 2438/559/100 2399/560/100 
f 2399/560/100 2398/561/99 2437/558/99 
f 2439/562/101 2437/558/99 2398/561/99 
f 2398/561/99 2402/563/101 2439/562/101 
f 2440/564/102 2439/562/101 2402/563/101 
f 2402/563/101 2404/565/102 2440/564/102 
f 2440/564/102 2404/565/102 2406/566/103 
f 2406/566/103 2441/567/103 2440/564/102 
f 2408/568/104 2442/569/104 2441/567/103 
f 2441/567/103 2406/566/103 2408/568/104 
f 2410/570/105 2443/571/105 2442/572/104 
f 2442/572/104 2408/573/104 2410/570/105 
f 2412/574/106 2444/575/106 2443/571/105 
f 2443/571/105 2410/570/105 2412/574/106 
f 2414/576/107 2445/577/107 2444/575/106 
f 2444/575/106 2412/574/106 2414/576/107 
f 2415/578/108 2446/579/108 2445/577/107 
f 2445/577/107 2414/576/107 2415/578/108 
f 2417/580/109 2447/581/109 2446/579/108 
f 2446/579/108 2415/578/108 2417/580/109 
f 2419/582/110 2448/583/110 2447/581/109 
f 2447/581/109 2417/580/109 2419/582/110 
f 2421/584/111 2449/585/111 2448/583/110 
f 2448/583/110 2419/582/110 2421/584/111 
f 2423/586/112 2450/587/112 2449/585/111 
f 2449/585/111 2421/584/111 2423/586/112 
f 2425/588/113 2451/589/113 2450/587/112 
f 2450/587/112 2423/586/112 2425/588/113 
f 2427/590/114 2452/591/114 2451/589/113 
f 2451/589/113 2425/588/113 2427/590/114 
f 2453/592/115 2452/591/114 2427/590/114 
f 2427/590/114 2429/593/115 2453/592/115 
f 2431/594/116 2454/595/116 2453/592/115 
f 2453/592/115 2429/593/115 2431/594/116 
f 2455/596/117 2454/595/116 2431/594/116 
f 2431/594/116 2433/597/117 2455/596/117 
f 2435/598/118 2456/599/118 2455/596/117 
f 2455/596/117 2433/597/117 2435/598/118 
f 2438/559/100 2456/599/118 2435/598/118 
f 2435/598/118 2399/560/100 2438/559/100 
f 2426/600/113 2457/601/113 2458/602/114 
f 2458/602/114 2428/603/114 2426/600/113 
f 2424/604/112 2459/605/133 2457/601/113 
f 2457/601/113 2426/600/113 2424/604/112 
f 2459/605/133 2424/604/112 2422/606/111 
f 2422/606/111 2460/607/111 2459/605/133 
f 2420/608/110 2461/609/110 2460/607/111 
f 2460/607/111 2422/606/111 2420/608/110 
f 2418/610/134 2462/611/134 2461/609/110 
f 2461/609/110 2420/608/110 2418/610/134 
f 2463/612/135 2462/611/134 2418/610/134 
f 2418/610/134 2416/613/135 2463/612/135 
f 2413/614/107 2464/615/107 2463/612/135 
f 2463/612/135 2416/613/135 2413/614/107 
f 2465/616/106 2464/615/107 2413/614/107 
f 2413/614/107 2411/617/106 2465/616/106 
f 2409/618/105 2466/619/124 2465/616/106 
f 2465/616/106 2411/617/106 2409/618/105 
f 2467/620/104 2466/619/124 2409/618/105 
f 2409/618/105 2407/621/104 2467/620/104 
f 2407/622/104 2405/623/103 2468/624/103 
f 2468/624/103 2467/625/104 2407/622/104 
f 2405/623/103 2403/626/102 2469/627/123 
f 2469/627/123 2468/624/103 2405/623/103 
f 2470/628/101 2469/627/123 2403/626/102 
f 2403/626/102 2401/629/101 2470/628/101 
f 2471/630/99 2470/628/101 2401/629/101 
f 2401/629/101 2397/631/99 2471/630/99 
f 2472/632/100 2471/630/99 2397/631/99 
f 2397/631/99 2400/633/100 2472/632/100 
f 2400/633/100 2436/634/118 2473/635/118 
f 2473/635/118 2472/632/100 2400/633/100 
f 2474/636/117 2473/635/118 2436/634/118 
f 2436/634/118 2434/637/117 2474/636/117 
f 2432/638/116 2475/639/116 2474/636/117 
f 2474/636/117 2434/637/117 2432/638/116 
f 2430/640/115 2476/641/129 2475/639/116 
f 2475/639/116 2432/638/116 2430/640/115 
f 2458/602/114 2476/641/129 2430/640/115 
f 2430/640/115 2428/603/114 2458/602/114 
f 2390/504/128 2459/605/133 2460/607/111 
f 2460/607/111 2389/502/127 2390/504/128 
f 2461/609/110 2388/501/126 2389/502/127 
f 2389/502/127 2460/607/111 2461/609/110 
f 2387/499/109 2388/501/126 2461/609/110 
f 2461/609/110 2462/611/134 2387/499/109 
f 2386/497/108 2387/499/109 2462/611/134 
f 2462/611/134 2463/612/135 2386/497/108 
f 2463/612/135 2464/615/107 2385/495/107 
f 2385/495/107 2386/497/108 2463/612/135 
f 2465/616/106 2384/493/106 2385/495/107 
f 2385/495/107 2464/615/107 2465/616/106 
f 2383/489/124 2384/493/106 2465/616/106 
f 2465/616/106 2466/619/124 2383/489/124 
f 2470/628/101 2379/481/101 2380/483/123 
f 2380/483/123 2469/627/123 2470/628/101 
f 2471/630/99 2378/479/99 2379/481/101 
f 2379/481/101 2470/628/101 2471/630/99 
f 2472/632/100 2377/476/100 2378/479/99 
f 2378/479/99 2471/630/99 2472/632/100 
f 2473/635/118 2396/517/118 2377/476/100 
f 2377/476/100 2472/632/100 2473/635/118 
f 2474/636/117 2395/515/117 2396/517/118 
f 2396/517/118 2473/635/118 2474/636/117 
f 2475/639/116 2394/512/116 2395/515/117 
f 2395/515/117 2474/636/117 2475/639/116 
f 2476/641/129 2393/511/129 2394/512/116 
f 2394/512/116 2475/639/116 2476/641/129 
f 2458/642/120 2477/643/120 2478/644/120 
f 2477/643/120 2458/642/120 2457/645/120 
f 2479/646/119 2457/645/120 2459/647/119 
f 2457/645/120 2479/646/119 2477/643/120 
f 2467/620/119 2480/620/119 2481/619/119 
f 2481/619/119 2466/619/119 2467/620/119 
f 2467/625/119 2468/624/119 2482/624/119 
f 2482/624/119 2480/625/119 2467/625/119 
f 2469/627/119 2483/627/119 2482/624/119 
f 2482/624/119 2468/624/119 2469/627/119 
f 2476/648/119 2478/644/120 2484/649/119 
f 2478/644/120 2476/648/119 2458/642/120 
f 2485/643/121 2391/645/121 2392/642/121 
f 2392/642/121 2486/644/121 2485/643/121 
f 2390/650/117 2487/651/117 2479/652/117 
f 2479/652/117 2459/653/117 2390/650/117 
f 2487/646/121 2390/647/121 2391/645/121 
f 2391/645/121 2485/643/121 2487/646/121 
f 2383/489/99 2466/619/99 2481/619/99 
f 2481/619/99 2488/489/99 2383/489/99 
f 2382/490/121 2383/489/121 2488/489/121 
f 2488/489/121 2489/490/121 2382/490/121 
f 2381/485/121 2382/486/121 2489/486/121 
f 2489/486/121 2490/485/121 2381/485/121 
f 2483/627/107 2469/627/107 2380/483/107 
f 2380/483/107 2491/483/107 2483/627/107 
f 2380/483/122 2381/485/121 2490/485/121 
f 2490/485/121 2491/483/122 2380/483/122 
f 2484/652/126 2393/650/126 2476/653/126 
f 2393/650/126 2484/652/126 2492/651/126 
f 2492/649/121 2486/644/121 2392/642/121 
f 2392/642/121 2393/648/121 2492/649/121 
f 2493/654/119 2494/655/119 2495/656/119 
f 2495/656/119 2496/657/119 2497/658/119 
f 2497/658/119 2498/659/119 2499/660/119 
f 2495/656/119 2497/658/119 2499/660/119 
f 2499/660/119 2500/661/119 2501/662/119 
f 2501/662/119 2502/663/119 2503/664/119 
f 2499/660/119 2501/662/119 2503/664/119 
f 2503/664/119 2504/665/119 2505/666/119 
f 2505/666/119 2506/667/119 2507/668/119 
f 2503/664/119 2505/666/119 2507/668/119 
f 2507/668/119 2508/669/119 2509/670/119 
f 2509/670/119 2510/671/119 2511/672/119 
f 2507/668/119 2509/670/119 2511/672/119 
f 2503/664/119 2507/668/119 2511/672/119 
f 2499/660/119 2503/664/119 2511/672/119 
f 2495/656/119 2499/660/119 2511/672/119 
f 2493/654/119 2495/656/119 2511/672/119 
f 2493/654/119 2511/672/119 2512/673/119 
f 2510/674/136 2509/675/137 2513/676/121 
f 2509/675/137 2508/677/138 2513/676/121 
f 2508/677/138 2507/678/139 2513/676/121 
f 2507/678/139 2506/679/140 2513/676/121 
f 2506/679/140 2505/680/141 2513/676/121 
f 2505/680/141 2504/681/142 2513/676/121 
f 2504/681/142 2503/682/143 2513/676/121 
f 2503/682/143 2502/683/144 2513/676/121 
f 2502/683/144 2501/684/145 2513/676/121 
f 2501/684/145 2500/685/146 2513/676/121 
f 2500/685/146 2499/686/147 2513/676/121 
f 2499/686/147 2498/687/148 2513/676/121 
f 2498/687/148 2497/688/149 2513/676/121 
f 2497/688/149 2496/689/150 2513/676/121 
f 2496/689/150 2495/690/151 2513/676/121 
f 2495/690/151 2494/691/152 2513/676/121 
f 2494/691/152 2493/692/153 2513/676/121 
f 2493/692/153 2512/693/154 2513/676/121 
f 2512/693/154 2511/694/155 2513/676/121 
f 2511/694/155 2510/674/136 2513/676/121 
f 2514/695/156 2515/696/156 2516/697/156 
f 2516/697/156 2517/698/156 2514/695/156 
f 2518/699/156 2519/696/156 2520/695/156 
f 2520/695/156 2521/700/156 2518/699/156 
f 2522/695/156 2523/696/156 2524/696/156 
f 2524/696/156 2525/695/156 2522/695/156 
f 2526/699/156 2527/696/156 2523/696/156 
f 2523/696/156 2528/699/156 2526/699/156 
f 2529/696/156 2524/696/156 2523/696/156 
f 2523/696/156 2527/696/156 2529/696/156 
f 2530/697/156 2524/696/156 2529/696/156 
f 2529/696/156 2531/697/156 2530/697/156 
f 2532/701/156 2533/696/156 2534/699/156 
f 2534/699/156 2535/702/156 2532/701/156 
f 2536/701/156 2537/701/156 2529/696/156 
f 2529/696/156 2527/696/156 2536/701/156 
f 2538/696/156 2539/701/156 2540/703/156 
f 2540/703/156 2541/697/156 2538/696/156 
f 2524/696/157 2515/696/157 2514/695/157 
f 2514/695/157 2525/695/157 2524/696/157 
f 2523/696/158 2522/695/158 2520/695/158 
f 2520/695/158 2519/696/158 2523/696/158 
f 2533/696/119 2527/696/119 2526/699/119 
f 2526/699/119 2534/699/119 2533/696/119 
f 2528/699/121 2523/696/121 2519/696/121 
f 2519/696/121 2518/699/121 2528/699/121 
f 2538/696/119 2541/697/119 2531/697/119 
f 2531/697/119 2529/696/119 2538/696/119 
f 2516/697/121 2515/696/121 2524/696/121 
f 2524/696/121 2530/697/121 2516/697/121 
f 2538/696/157 2529/696/157 2537/701/157 
f 2537/701/157 2539/701/157 2538/696/157 
f 2532/701/158 2536/701/158 2527/696/158 
f 2527/696/158 2533/696/158 2532/701/158 
f 2542/697/159 2543/698/159 2544/704/159 
f 2544/704/159 2545/705/159 2542/697/159 
f 2546/704/159 2547/706/159 2548/707/159 
f 2548/707/159 2549/705/159 2546/704/159 
f 2550/704/159 2551/704/159 2552/705/159 
f 2552/705/159 2553/705/159 2550/704/159 
f 2552/705/159 2554/707/159 2555/707/159 
f 2555/707/159 2556/705/159 2552/705/159 
f 2556/705/159 2557/705/159 2553/705/159 
f 2553/705/159 2552/705/159 2556/705/159 
f 2558/697/159 2553/705/159 2557/705/159 
f 2557/705/159 2559/697/159 2558/697/159 
f 2560/708/159 2561/709/159 2562/705/159 
f 2562/705/159 2563/707/159 2560/708/159 
f 2557/705/159 2556/705/159 2564/709/159 
f 2564/709/159 2565/709/159 2557/705/159 
f 2566/703/159 2567/697/159 2568/705/159 
f 2568/705/159 2569/709/159 2566/703/159 
f 2544/704/158 2550/704/158 2553/705/158 
f 2553/705/158 2545/705/158 2544/704/158 
f 2552/705/157 2551/704/157 2546/704/157 
f 2546/704/157 2549/705/157 2552/705/157 
f 2563/707/119 2562/705/119 2556/705/119 
f 2556/705/119 2555/707/119 2563/707/119 
f 2554/707/121 2552/705/121 2549/705/121 
f 2549/705/121 2548/707/121 2554/707/121 
f 2559/697/119 2557/705/119 2568/705/119 
f 2568/705/119 2567/697/119 2559/697/119 
f 2553/705/121 2558/697/121 2542/697/121 
f 2542/697/121 2545/705/121 2553/705/121 
f 2569/709/158 2568/705/158 2557/705/158 
f 2557/705/158 2565/709/158 2569/709/158 
f 2562/705/157 2561/709/157 2564/709/157 
f 2564/709/157 2556/705/157 2562/705/157 
f 2570/710/156 2571/711/156 2572/712/156 
f 2572/712/156 2573/713/156 2570/710/156 
f 2574/714/156 2575/715/156 2576/716/156 
f 2576/716/156 2577/717/156 2574/714/156 
f 2578/716/156 2579/717/156 2580/714/156 
f 2580/714/156 2581/715/156 2578/716/156 
f 2582/718/156 2583/719/156 2584/720/156 
f 2584/720/156 2585/721/156 2582/718/156 
f 2586/713/156 2587/710/156 2588/711/156 
f 2588/711/156 2589/712/156 2586/713/156 
f 2590/722/156 2591/723/156 2592/724/156 
f 2593/725/156 2590/722/156 2592/724/156 
f 2594/726/156 2593/725/156 2592/724/156 
f 2595/727/160 2594/726/156 2592/724/156 
f 2596/728/156 2595/727/160 2592/724/156 
f 2597/729/156 2596/728/156 2592/724/156 
f 2592/724/156 2598/730/156 2597/729/156 
f 2599/723/156 2600/731/156 2601/724/156 
f 2600/731/156 2602/732/156 2601/724/156 
f 2602/732/156 2603/733/156 2601/724/156 
f 2603/733/156 2604/734/156 2601/724/156 
f 2604/734/156 2605/735/156 2601/724/156 
f 2601/724/156 2605/735/156 2606/736/156 
f 2606/736/156 2607/730/156 2601/724/156 
f 2608/737/156 2609/738/156 2610/739/156 
f 2611/740/156 2609/738/156 2608/737/156 
f 2612/741/156 2609/738/156 2611/740/156 
f 2613/742/156 2609/738/156 2612/741/156 
f 2614/743/156 2609/738/156 2613/742/156 
f 2609/738/156 2614/743/156 2615/744/156 
f 2615/744/156 2616/745/156 2609/738/156 
f 2610/739/156 2609/738/156 2617/746/156 
f 2617/746/156 2609/738/156 2618/747/156 
f 2618/747/156 2609/738/156 2619/748/156 
f 2619/748/156 2609/738/156 2620/749/156 
f 2620/749/156 2609/738/156 2621/750/156 
f 2609/738/156 2616/745/156 2622/751/156 
f 2622/751/156 2621/750/156 2609/738/156 
f 2623/752/160 2624/753/156 2625/754/156 
f 2626/755/160 2623/752/160 2625/754/156 
f 2627/756/156 2626/755/160 2625/754/156 
f 2628/757/156 2627/756/156 2625/754/156 
f 2629/758/156 2628/757/156 2625/754/156 
f 2630/759/156 2629/758/156 2625/754/156 
f 2625/754/156 2631/760/156 2630/759/156 
f 2632/761/156 2633/762/156 2634/763/156 
f 2634/763/156 2635/764/156 2632/761/156 
f 2636/765/121 2634/766/121 2633/716/121 
f 2633/716/121 2637/767/121 2636/765/121 
f 2633/768/157 2632/769/157 2638/770/157 
f 2638/770/157 2637/771/157 2633/768/157 
f 2635/769/157 2639/770/157 2636/771/157 
f 2636/771/157 2634/768/157 2635/769/157 
f 2639/770/157 2640/772/157 2641/773/157 
f 2641/773/157 2636/771/157 2639/770/157 
f 2642/773/157 2637/771/157 2638/770/157 
f 2638/770/157 2643/772/157 2642/773/157 
f 2644/774/121 2645/775/121 2646/765/121 
f 2646/765/121 2647/767/121 2644/774/121 
f 2640/772/157 2648/776/157 2649/777/157 
f 2649/777/157 2641/773/157 2640/772/157 
f 2650/776/157 2651/777/157 2642/773/157 
f 2642/773/157 2643/772/157 2650/776/157 
f 2652/778/121 2653/779/121 2654/775/121 
f 2654/775/121 2655/774/121 2652/778/121 
f 2649/777/157 2648/776/157 2656/780/157 
f 2656/780/157 2657/781/157 2649/777/157 
f 2658/781/157 2651/777/157 2650/776/157 
f 2650/776/157 2659/780/157 2658/781/157 
f 2653/779/121 2652/778/121 2660/782/121 
f 2660/782/121 2661/783/121 2653/779/121 
f 2646/784/156 2636/763/156 2637/762/156 
f 2637/762/156 2647/785/156 2646/784/156 
f 2644/786/157 2647/787/157 2637/771/157 
f 2637/771/157 2642/773/157 2644/786/157 
f 2646/787/157 2636/771/157 2641/773/157 
f 2641/773/157 2645/786/157 2646/787/157 
f 2642/773/157 2651/777/157 2662/788/157 
f 2662/788/157 2644/786/157 2642/773/157 
f 2649/777/157 2663/788/157 2645/786/157 
f 2645/786/157 2641/773/157 2649/777/157 
f 2658/781/157 2664/789/157 2662/788/157 
f 2662/788/157 2651/777/157 2658/781/157 
f 2649/777/157 2657/781/157 2665/789/157 
f 2665/789/157 2663/788/157 2649/777/157 
f 2655/782/156 2654/790/156 2645/784/156 
f 2645/784/156 2644/785/156 2655/782/156 
f 2652/791/157 2655/792/157 2644/786/157 
f 2644/786/157 2662/788/157 2652/791/157 
f 2645/786/157 2663/788/157 2653/791/157 
f 2653/791/157 2654/792/157 2645/786/157 
f 2662/788/157 2664/789/157 2660/793/157 
f 2660/793/157 2652/791/157 2662/788/157 
f 2665/789/157 2661/793/157 2653/791/157 
f 2653/791/157 2663/788/157 2665/789/157 
f 2666/753/156 2667/794/156 2668/754/156 
f 2667/794/156 2669/795/156 2668/754/156 
f 2669/795/156 2670/796/156 2668/754/156 
f 2670/796/156 2671/797/156 2668/754/156 
f 2671/797/156 2672/798/156 2668/754/156 
f 2668/754/156 2672/798/156 2673/799/156 
f 2673/799/156 2674/760/156 2668/754/156 
f 2675/737/156 2676/738/156 2677/739/156 
f 2678/740/156 2676/738/156 2675/737/156 
f 2679/741/156 2676/738/156 2678/740/156 
f 2680/742/156 2676/738/156 2679/741/156 
f 2681/743/156 2676/738/156 2680/742/156 
f 2676/738/156 2681/743/156 2682/744/156 
f 2682/744/156 2683/745/156 2676/738/156 
f 2677/739/156 2676/738/156 2684/746/156 
f 2684/746/156 2676/738/156 2685/747/156 
f 2685/747/156 2676/738/156 2686/748/156 
f 2686/748/156 2676/738/156 2687/749/156 
f 2687/749/156 2676/738/156 2688/750/156 
f 2676/738/156 2683/745/156 2689/751/156 
f 2689/751/156 2688/750/156 2676/738/156 
f 2690/800/161 2691/801/161 2692/802/162 
f 2692/802/162 2693/803/162 2690/800/161 
f 2694/804/163 2693/803/162 2692/802/162 
f 2692/802/162 2695/805/163 2694/804/163 
f 2694/804/163 2695/805/163 2696/806/164 
f 2696/806/164 2697/807/164 2694/804/163 
f 2698/808/165 2697/807/164 2696/806/164 
f 2696/806/164 2699/809/165 2698/808/165 
f 2698/808/165 2699/809/165 2700/810/166 
f 2700/810/166 2701/811/166 2698/808/165 
f 2692/812/159 2691/813/159 2702/814/159 
f 2695/815/159 2692/812/159 2702/814/159 
f 2696/816/167 2695/815/159 2702/814/159 
f 2699/817/167 2696/816/167 2702/814/159 
f 2700/818/159 2699/817/167 2702/814/159 
f 2690/813/156 2693/812/156 2703/814/156 
f 2693/812/156 2694/815/156 2703/814/156 
f 2694/815/156 2697/816/156 2703/814/156 
f 2697/816/156 2698/817/156 2703/814/156 
f 2698/817/156 2701/818/156 2703/814/156 
f 2704/819/121 2705/820/121 2706/821/121 
f 2706/821/121 2707/822/121 2704/819/121 
f 2703/814/156 2701/818/156 2705/823/156 
f 2705/823/156 2706/824/156 2703/814/156 
f 2701/811/166 2700/810/166 2704/825/158 
f 2704/825/158 2705/826/158 2701/811/166 
f 2702/814/159 2707/824/159 2704/823/159 
f 2704/823/159 2700/818/159 2702/814/159 
f 2690/827/158 2691/828/158 2702/829/158 
f 2702/829/158 2703/830/158 2690/827/158 
f 2707/831/158 2706/832/158 2703/830/158 
f 2703/830/158 2702/829/158 2707/831/158 
f 2708/803/168 2709/800/169 2710/801/169 
f 2710/801/169 2711/802/168 2708/803/168 
f 2712/805/170 2713/804/170 2708/803/168 
f 2708/803/168 2711/802/168 2712/805/170 
f 2714/807/171 2713/804/170 2712/805/170 
f 2712/805/170 2715/806/171 2714/807/171 
f 2716/809/172 2717/808/172 2714/807/171 
f 2714/807/171 2715/806/171 2716/809/172 
f 2716/809/172 2718/810/173 2719/811/173 
f 2719/811/173 2717/808/172 2716/809/172 
f 2711/812/156 2710/813/156 2720/814/156 
f 2712/815/156 2711/812/156 2720/814/156 
f 2715/816/160 2712/815/156 2720/814/156 
f 2716/817/160 2715/816/160 2720/814/156 
f 2718/818/156 2716/817/160 2720/814/156 
f 2709/813/159 2708/812/159 2721/814/159 
f 2708/812/159 2713/815/159 2721/814/159 
f 2713/815/159 2714/816/159 2721/814/159 
f 2714/816/159 2717/817/159 2721/814/159 
f 2717/817/159 2719/818/159 2721/814/159 
f 2722/822/121 2723/819/121 2724/820/121 
f 2724/820/121 2725/821/121 2722/822/121 
f 2719/818/159 2724/823/159 2725/824/159 
f 2725/824/159 2721/814/159 2719/818/159 
f 2719/811/173 2718/810/173 2723/825/157 
f 2723/825/157 2724/826/157 2719/811/173 
f 2720/814/156 2722/824/156 2723/823/156 
f 2723/823/156 2718/818/156 2720/814/156 
f 2709/827/157 2710/828/157 2720/829/157 
f 2720/829/158 2709/827/158 2721/830/158 
f 2722/831/157 2725/832/157 2721/830/157 
f 2721/830/157 2720/829/157 2722/831/157 
f 2726/833/174 2727/834/174 2728/835/174 
f 2728/835/174 2729/836/174 2726/833/174 
f 2729/836/174 2728/835/174 2730/837/174 
f 2730/837/174 2731/838/174 2729/836/174 
f 2731/838/174 2730/837/174 2732/839/174 
f 2732/839/174 2733/840/174 2731/838/174 
f 2733/840/174 2732/839/174 2734/841/174 
f 2734/841/174 2735/842/174 2733/840/174 
f 2736/843/174 2735/842/174 2734/841/174 
f 2734/841/174 2737/844/174 2736/843/174 
f 2736/843/174 2737/844/174 2738/845/174 
f 2738/845/174 2739/846/174 2736/843/174 
f 2740/847/175 2727/848/175 2728/848/175 
f 2728/848/175 2741/847/175 2740/847/175 
f 2728/848/176 2730/849/176 2742/850/176 
f 2742/850/176 2741/847/176 2728/848/176 
f 2730/849/177 2732/849/177 2743/850/177 
f 2743/850/177 2742/850/177 2730/849/177 
f 2732/849/178 2734/851/178 2744/852/178 
f 2744/852/178 2743/850/178 2732/849/178 
f 2734/851/179 2737/853/179 2745/854/179 
f 2745/854/179 2744/852/179 2734/851/179 
f 2738/853/180 2746/854/180 2745/854/180 
f 2745/854/180 2737/853/180 2738/853/180 
f 2740/834/174 2741/835/174 2747/836/174 
f 2747/836/174 2748/833/174 2740/834/174 
f 2747/836/174 2741/835/174 2742/837/174 
f 2742/837/174 2749/838/174 2747/836/174 
f 2742/837/174 2743/839/174 2750/840/174 
f 2750/840/174 2749/838/174 2742/837/174 
f 2743/839/174 2744/841/174 2751/842/174 
f 2751/842/174 2750/840/174 2743/839/174 
f 2745/844/174 2752/843/174 2751/842/174 
f 2751/842/174 2744/841/174 2745/844/174 
f 2745/844/174 2746/845/174 2753/846/174 
f 2753/846/174 2752/843/174 2745/844/174 
f 2754/836/174 2755/833/174 2756/834/174 
f 2756/834/174 2757/835/174 2754/836/174 
f 2754/836/174 2757/835/174 2758/837/174 
f 2758/837/174 2759/838/174 2754/836/174 
f 2759/838/174 2758/837/174 2760/839/174 
f 2760/839/174 2761/840/174 2759/838/174 
f 2761/840/174 2760/839/174 2762/841/174 
f 2762/841/174 2763/842/174 2761/840/174 
f 2763/842/174 2762/841/174 2764/844/174 
f 2764/844/174 2765/843/174 2763/842/174 
f 2765/843/174 2764/844/174 2766/845/174 
f 2766/845/174 2767/846/174 2765/843/174 
f 2756/848/175 2757/848/175 2768/847/175 
f 2768/847/175 2769/847/175 2756/848/175 
f 2758/849/176 2770/850/176 2768/847/176 
f 2768/847/176 2757/848/176 2758/849/176 
f 2758/849/177 2760/849/177 2771/850/177 
f 2771/850/177 2770/850/177 2758/849/177 
f 2760/849/178 2762/851/178 2772/852/178 
f 2772/852/178 2771/850/178 2760/849/178 
f 2772/852/179 2762/851/179 2764/853/179 
f 2764/853/179 2773/854/179 2772/852/179 
f 2764/853/180 2766/853/180 2774/854/180 
f 2774/854/180 2773/854/180 2764/853/180 
f 2768/835/174 2775/836/174 2776/833/174 
f 2776/833/174 2769/834/174 2768/835/174 
f 2768/835/174 2770/837/174 2777/838/174 
f 2777/838/174 2775/836/174 2768/835/174 
f 2778/840/174 2777/838/174 2770/837/174 
f 2770/837/174 2771/839/174 2778/840/174 
f 2778/840/174 2771/839/174 2772/841/174 
f 2772/841/174 2779/842/174 2778/840/174 
f 2772/841/174 2773/844/174 2780/843/174 
f 2780/843/174 2779/842/174 2772/841/174 
f 2780/843/174 2773/844/174 2774/845/174 
f 2774/845/174 2781/846/174 2780/843/174 
f 2782/833/121 2783/834/121 2784/835/121 
f 2784/835/121 2785/836/121 2782/833/121 
f 2785/836/121 2784/835/121 2786/837/121 
f 2786/837/121 2787/838/121 2785/836/121 
f 2787/838/121 2786/837/121 2788/839/121 
f 2788/839/121 2789/840/121 2787/838/121 
f 2789/840/121 2788/839/121 2790/841/122 
f 2790/841/122 2791/842/122 2789/840/121 
f 2792/843/122 2791/842/122 2790/841/122 
f 2790/841/122 2793/844/122 2792/843/122 
f 2792/843/122 2793/844/122 2794/845/122 
f 2794/845/122 2795/846/122 2792/843/122 
f 2796/847/156 2783/848/156 2784/848/156 
f 2784/848/156 2797/847/156 2796/847/156 
f 2784/848/181 2786/849/181 2798/850/181 
f 2798/850/181 2797/847/181 2784/848/181 
f 2786/849/182 2788/849/182 2799/850/182 
f 2799/850/182 2798/850/182 2786/849/182 
f 2788/849/183 2790/851/183 2800/852/183 
f 2800/852/183 2799/850/183 2788/849/183 
f 2790/851/184 2793/853/184 2801/854/184 
f 2801/854/184 2800/852/184 2790/851/184 
f 2794/853/159 2802/854/159 2801/854/159 
f 2801/854/159 2793/853/159 2794/853/159 
f 2796/834/122 2797/835/122 2803/836/122 
f 2803/836/122 2804/833/122 2796/834/122 
f 2803/836/122 2797/835/122 2798/837/121 
f 2798/837/121 2805/838/121 2803/836/122 
f 2798/837/121 2799/839/121 2806/840/121 
f 2806/840/121 2805/838/121 2798/837/121 
f 2799/839/121 2800/841/121 2807/842/121 
f 2807/842/121 2806/840/121 2799/839/121 
f 2801/844/121 2808/843/121 2807/842/121 
f 2807/842/121 2800/841/121 2801/844/121 
f 2801/844/121 2802/845/121 2809/846/121 
f 2809/846/121 2808/843/121 2801/844/121 
f 2810/836/121 2811/833/121 2812/834/121 
f 2812/834/121 2813/835/121 2810/836/121 
f 2810/836/121 2813/835/121 2814/837/121 
f 2814/837/121 2815/838/121 2810/836/121 
f 2815/838/121 2814/837/121 2816/839/121 
f 2816/839/121 2817/840/121 2815/838/121 
f 2817/840/121 2816/839/121 2818/841/121 
f 2818/841/121 2819/842/121 2817/840/121 
f 2819/842/121 2818/841/121 2820/844/121 
f 2820/844/121 2821/843/121 2819/842/121 
f 2821/843/121 2820/844/121 2822/845/122 
f 2822/845/122 2823/846/122 2821/843/121 
f 2812/848/185 2813/848/185 2824/847/185 
f 2824/847/185 2825/847/185 2812/848/185 
f 2814/849/186 2826/850/186 2824/847/186 
f 2824/847/186 2813/848/186 2814/849/186 
f 2814/849/182 2816/849/182 2827/850/182 
f 2827/850/182 2826/850/182 2814/849/182 
f 2816/849/183 2818/851/183 2828/852/183 
f 2828/852/183 2827/850/183 2816/849/183 
f 2828/852/184 2818/851/184 2820/853/184 
f 2820/853/184 2829/854/184 2828/852/184 
f 2820/853/159 2822/853/159 2830/854/159 
f 2830/854/159 2829/854/159 2820/853/159 
f 2824/835/122 2831/836/122 2832/833/121 
f 2832/833/121 2825/834/121 2824/835/122 
f 2824/835/122 2826/837/122 2833/838/122 
f 2833/838/122 2831/836/122 2824/835/122 
f 2834/840/122 2833/838/122 2826/837/122 
f 2826/837/122 2827/839/122 2834/840/122 
f 2834/840/122 2827/839/122 2828/841/121 
f 2828/841/121 2835/842/121 2834/840/122 
f 2828/841/121 2829/844/121 2836/843/121 
f 2836/843/121 2835/842/121 2828/841/121 
f 2836/843/121 2829/844/121 2830/845/121 
f 2830/845/121 2837/846/121 2836/843/121 
f 2838/855/100 2839/856/100 2840/857/99 
f 2840/857/99 2841/858/99 2838/855/100 
f 2840/857/99 2842/859/101 2843/860/101 
f 2843/860/101 2841/858/99 2840/857/99 
f 2844/861/102 2845/862/102 2843/860/101 
f 2843/860/101 2842/859/101 2844/861/102 
f 2845/862/102 2844/861/102 2846/863/103 
f 2846/863/103 2847/864/103 2845/862/102 
f 2847/864/103 2846/863/103 2848/865/104 
f 2848/865/104 2849/866/104 2847/864/103 
f 2849/867/104 2848/868/104 2850/869/105 
f 2850/869/105 2851/870/105 2849/867/104 
f 2851/870/105 2850/869/105 2852/871/106 
f 2852/871/106 2853/872/106 2851/870/105 
f 2853/872/106 2852/871/106 2854/873/107 
f 2854/873/107 2855/874/107 2853/872/106 
f 2855/874/107 2854/873/107 2856/875/108 
f 2856/875/108 2857/876/108 2855/874/107 
f 2857/876/108 2856/875/108 2858/877/109 
f 2858/877/109 2859/878/109 2857/876/108 
f 2859/878/109 2858/877/109 2860/879/110 
f 2860/879/110 2861/880/110 2859/878/109 
f 2861/880/110 2860/879/110 2862/881/111 
f 2862/881/111 2863/882/111 2861/880/110 
f 2863/882/111 2862/881/111 2864/883/112 
f 2864/883/112 2865/884/112 2863/882/111 
f 2865/884/112 2864/883/112 2866/885/113 
f 2866/885/113 2867/886/113 2865/884/112 
f 2867/886/113 2866/885/113 2868/887/114 
f 2868/887/114 2869/888/114 2867/886/113 
f 2869/888/114 2868/887/114 2870/889/115 
f 2870/889/115 2871/890/115 2869/888/114 
f 2871/890/115 2870/889/115 2872/891/116 
f 2872/891/116 2873/892/116 2871/890/115 
f 2873/892/116 2872/891/116 2874/893/117 
f 2874/893/117 2875/894/117 2873/892/116 
f 2876/895/118 2877/896/118 2875/894/117 
f 2875/894/117 2874/893/117 2876/895/118 
f 2876/895/118 2839/856/100 2838/855/100 
f 2838/855/100 2877/896/118 2876/895/118 
f 2838/897/120 2878/898/119 2879/897/120 
f 2878/898/119 2838/897/120 2841/899/119 
f 2841/899/119 2880/900/119 2878/898/119 
f 2880/900/119 2841/899/119 2843/901/119 
f 2843/901/119 2881/902/119 2880/900/119 
f 2881/902/119 2843/901/119 2845/902/119 
f 2845/902/119 2882/903/119 2881/902/119 
f 2882/903/119 2845/902/119 2847/903/119 
f 2847/903/119 2883/904/119 2882/903/119 
f 2883/904/119 2847/903/119 2849/904/119 
f 2849/904/119 2884/905/119 2883/904/119 
f 2884/905/119 2849/904/119 2851/905/119 
f 2851/905/119 2885/906/120 2884/905/119 
f 2885/906/120 2851/905/119 2853/907/120 
f 2853/907/120 2886/908/120 2885/906/120 
f 2886/908/120 2853/907/120 2855/909/120 
f 2855/909/120 2887/910/119 2886/908/120 
f 2887/910/119 2855/909/120 2857/910/119 
f 2857/910/119 2888/911/119 2887/910/119 
f 2888/911/119 2857/910/119 2859/911/119 
f 2859/911/119 2889/912/119 2888/911/119 
f 2889/912/119 2859/911/119 2861/913/119 
f 2861/913/119 2890/914/120 2889/912/119 
f 2890/914/120 2861/913/119 2863/915/120 
f 2863/915/120 2891/916/120 2890/914/120 
f 2891/916/120 2863/915/120 2865/916/120 
f 2865/916/120 2892/917/120 2891/916/120 
f 2892/917/120 2865/916/120 2867/918/120 
f 2893/919/120 2867/918/120 2869/920/120 
f 2867/918/120 2893/919/120 2892/917/120 
f 2893/919/120 2871/921/120 2894/921/120 
f 2871/921/120 2893/919/120 2869/920/120 
f 2894/921/120 2873/922/119 2895/923/119 
f 2873/922/119 2894/921/120 2871/921/120 
f 2895/923/119 2875/924/119 2896/925/119 
f 2875/924/119 2895/923/119 2873/922/119 
f 2896/925/119 2877/926/119 2897/926/119 
f 2877/926/119 2896/925/119 2875/924/119 
f 2877/926/119 2879/897/120 2897/926/119 
f 2879/897/120 2877/926/119 2838/897/120 
f 2878/927/99 2898/928/99 2899/929/100 
f 2899/929/100 2879/930/100 2878/927/99 
f 2880/931/101 2900/932/101 2898/928/99 
f 2898/928/99 2878/927/99 2880/931/101 
f 2881/933/102 2901/934/102 2900/932/101 
f 2900/932/101 2880/931/101 2881/933/102 
f 2882/935/103 2902/936/103 2901/934/102 
f 2901/934/102 2881/933/102 2882/935/103 
f 2883/937/104 2903/938/104 2902/936/103 
f 2902/936/103 2882/935/103 2883/937/104 
f 2884/939/105 2904/940/105 2903/941/104 
f 2903/941/104 2883/942/104 2884/939/105 
f 2905/943/106 2904/940/105 2884/939/105 
f 2884/939/105 2885/944/106 2905/943/106 
f 2905/943/106 2885/944/106 2886/945/107 
f 2886/945/107 2906/946/107 2905/943/106 
f 2887/947/108 2907/948/108 2906/946/107 
f 2906/946/107 2886/945/107 2887/947/108 
f 2907/948/108 2887/947/108 2888/949/109 
f 2888/949/109 2908/950/109 2907/948/108 
f 2888/949/109 2889/951/110 2909/952/110 
f 2909/952/110 2908/950/109 2888/949/109 
f 2909/952/110 2889/951/110 2890/953/111 
f 2890/953/111 2910/954/111 2909/952/110 
f 2891/955/112 2911/956/112 2910/954/111 
f 2910/954/111 2890/953/111 2891/955/112 
f 2911/956/112 2891/955/112 2892/957/113 
f 2892/957/113 2912/958/113 2911/956/112 
f 2892/957/113 2893/959/114 2913/960/114 
f 2913/960/114 2912/958/113 2892/957/113 
f 2894/961/115 2914/962/115 2913/960/114 
f 2913/960/114 2893/959/114 2894/961/115 
f 2894/961/115 2895/963/116 2915/964/116 
f 2915/964/116 2914/962/115 2894/961/115 
f 2916/965/117 2915/964/116 2895/963/116 
f 2895/963/116 2896/966/117 2916/965/117 
f 2896/966/117 2897/967/118 2917/968/118 
f 2917/968/118 2916/965/117 2896/966/117 
f 2899/929/100 2917/968/118 2897/967/118 
f 2897/967/118 2879/930/100 2899/929/100 
f 2918/898/121 2919/969/121 2899/970/121 
f 2899/970/121 2898/971/121 2918/898/121 
f 2900/972/121 2920/900/121 2918/898/121 
f 2918/898/121 2898/971/121 2900/972/121 
f 2920/900/121 2900/972/121 2901/973/121 
f 2901/973/121 2921/974/121 2920/900/121 
f 2902/975/121 2922/976/121 2921/974/121 
f 2921/974/121 2901/973/121 2902/975/121 
f 2922/976/121 2902/975/121 2903/977/121 
f 2903/977/121 2923/978/121 2922/976/121 
f 2904/979/122 2924/979/122 2923/978/121 
f 2923/978/121 2903/977/121 2904/979/122 
f 2905/980/122 2925/906/122 2924/979/122 
f 2924/979/122 2904/979/122 2905/980/122 
f 2926/908/121 2925/906/122 2905/980/122 
f 2905/980/122 2906/981/121 2926/908/121 
f 2907/982/121 2927/983/121 2926/908/121 
f 2926/908/121 2906/981/121 2907/982/121 
f 2928/984/121 2927/983/121 2907/982/121 
f 2907/982/121 2908/985/121 2928/984/121 
f 2928/984/121 2908/985/121 2909/986/122 
f 2909/986/122 2929/912/122 2928/984/121 
f 2909/986/122 2910/987/122 2930/988/122 
f 2930/988/122 2929/912/122 2909/986/122 
f 2910/987/122 2911/989/122 2931/990/122 
f 2931/990/122 2930/988/122 2910/987/122 
f 2911/989/122 2912/991/122 2932/917/122 
f 2932/917/122 2931/990/122 2911/989/122 
f 2913/992/122 2933/919/122 2932/917/122 
f 2932/917/122 2912/991/122 2913/992/122 
f 2934/993/122 2933/919/122 2913/992/122 
f 2913/992/122 2914/994/122 2934/993/122 
f 2915/995/121 2935/996/121 2934/993/122 
f 2934/993/122 2914/994/122 2915/995/121 
f 2936/925/121 2935/996/121 2915/995/121 
f 2915/995/121 2916/997/121 2936/925/121 
f 2936/925/121 2916/997/121 2917/998/121 
f 2917/998/121 2937/999/121 2936/925/121 
f 2919/969/121 2937/999/121 2917/998/121 
f 2917/998/121 2899/970/121 2919/969/121 
f 2919/1000/100 2918/1001/99 2938/1002/99 
f 2938/1002/99 2939/1003/100 2919/1000/100 
f 2938/1002/99 2918/1001/99 2920/1004/101 
f 2920/1004/101 2940/1005/101 2938/1002/99 
f 2941/1006/123 2940/1005/101 2920/1004/101 
f 2920/1004/101 2921/1007/102 2941/1006/123 
f 2942/1008/103 2941/1006/123 2921/1007/102 
f 2921/1007/102 2922/1009/103 2942/1008/103 
f 2923/1010/104 2943/1011/104 2942/1008/103 
f 2942/1008/103 2922/1009/103 2923/1010/104 
f 2944/1012/124 2943/1013/104 2923/1014/104 
f 2923/1014/104 2924/1015/105 2944/1012/124 
f 2944/1012/124 2924/1015/105 2925/1016/106 
f 2925/1016/106 2945/1017/106 2944/1012/124 
f 2945/1017/106 2925/1016/106 2926/1018/125 
f 2926/1018/125 2946/1019/107 2945/1017/106 
f 2946/1019/107 2926/1018/125 2927/1020/108 
f 2927/1020/108 2947/1021/108 2946/1019/107 
f 2948/1022/109 2947/1021/108 2927/1020/108 
f 2927/1020/108 2928/1023/109 2948/1022/109 
f 2949/1024/126 2948/1022/109 2928/1023/109 
f 2928/1023/109 2929/1025/126 2949/1024/126 
f 2950/1026/127 2949/1024/126 2929/1025/126 
f 2929/1025/126 2930/1027/127 2950/1026/127 
f 2950/1026/127 2930/1027/127 2931/1028/112 
f 2931/1028/112 2951/1029/133 2950/1026/127 
f 2951/1029/133 2931/1028/112 2932/1030/113 
f 2932/1030/113 2952/1031/113 2951/1029/133 
f 2952/1031/113 2932/1030/113 2933/1032/114 
f 2933/1032/114 2953/1033/114 2952/1031/113 
f 2933/1032/114 2934/1034/115 2954/1035/129 
f 2954/1035/129 2953/1033/114 2933/1032/114 
f 2955/1036/116 2954/1035/129 2934/1034/115 
f 2934/1034/115 2935/1037/116 2955/1036/116 
f 2936/1038/117 2956/1039/117 2955/1036/116 
f 2955/1036/116 2935/1037/116 2936/1038/117 
f 2957/1040/118 2956/1039/117 2936/1038/117 
f 2936/1038/117 2937/1041/132 2957/1040/118 
f 2919/1000/100 2939/1003/100 2957/1040/118 
f 2957/1040/118 2937/1041/132 2919/1000/100 
f 2958/521/120 2959/518/119 2960/519/119 
f 2960/519/119 2961/520/120 2958/521/120 
f 2962/523/119 2960/519/119 2959/518/119 
f 2959/518/119 2963/522/119 2962/523/119 
f 2964/524/119 2965/525/119 2962/523/119 
f 2962/523/119 2963/522/119 2964/524/119 
f 2966/527/119 2965/525/119 2964/524/119 
f 2964/524/119 2967/526/119 2966/527/119 
f 2968/529/119 2966/527/119 2967/526/119 
f 2967/526/119 2969/528/119 2968/529/119 
f 2970/531/119 2968/529/119 2969/528/119 
f 2969/528/119 2971/530/119 2970/531/119 
f 2971/530/119 2972/532/120 2973/533/120 
f 2973/533/120 2970/531/119 2971/530/119 
f 2974/535/119 2973/533/120 2972/532/120 
f 2972/532/120 2975/534/119 2974/535/119 
f 2975/534/119 2976/537/119 2977/536/119 
f 2977/536/119 2974/535/119 2975/534/119 
f 2978/538/119 2977/536/119 2976/537/119 
f 2976/537/119 2979/539/119 2978/538/119 
f 2980/541/119 2981/540/119 2978/538/119 
f 2978/538/119 2979/539/119 2980/541/119 
f 2982/542/119 2981/540/119 2980/541/119 
f 2980/541/119 2983/543/119 2982/542/119 
f 2984/544/119 2982/542/119 2983/543/119 
f 2983/543/119 2985/545/119 2984/544/119 
f 2986/546/119 2984/544/119 2985/545/119 
f 2985/545/119 2987/547/119 2986/546/119 
f 2987/547/119 2988/549/119 2989/548/119 
f 2989/548/119 2986/546/119 2987/547/119 
f 2990/550/119 2989/548/119 2988/549/119 
f 2988/549/119 2991/551/119 2990/550/119 
f 2991/551/119 2992/553/119 2993/552/119 
f 2993/552/119 2990/550/119 2991/551/119 
f 2994/554/119 2993/552/119 2992/553/119 
f 2992/553/119 2995/555/119 2994/554/119 
f 2996/557/119 2997/556/119 2994/554/119 
f 2994/554/119 2995/555/119 2996/557/119 
f 2997/556/119 2996/557/119 2958/521/120 
f 2958/521/120 2961/520/120 2997/556/119 
f 2998/1042/99 2999/1043/100 2961/1044/100 
f 2961/1044/100 2960/1045/99 2998/1042/99 
f 3000/1046/101 2998/1042/99 2960/1045/99 
f 2960/1045/99 2962/1047/101 3000/1046/101 
f 3000/1046/101 2962/1047/101 2965/1048/102 
f 2965/1048/102 3001/1049/102 3000/1046/101 
f 2965/1048/102 2966/1050/103 3002/1051/103 
f 3002/1051/103 3001/1049/102 2965/1048/102 
f 3002/1051/103 2966/1050/103 2968/1052/104 
f 2968/1052/104 3003/1053/104 3002/1051/103 
f 2968/1054/104 2970/1055/105 3004/1056/105 
f 3004/1056/105 3003/1057/104 2968/1054/104 
f 2973/1058/106 3005/1059/106 3004/1056/105 
f 3004/1056/105 2970/1055/105 2973/1058/106 
f 3006/1060/107 3005/1059/106 2973/1058/106 
f 2973/1058/106 2974/1061/107 3006/1060/107 
f 3007/1062/108 3006/1060/107 2974/1061/107 
f 2974/1061/107 2977/1063/108 3007/1062/108 
f 3008/1064/109 3007/1062/108 2977/1063/108 
f 2977/1063/108 2978/1065/109 3008/1064/109 
f 3008/1064/109 2978/1065/109 2981/1066/110 
f 2981/1066/110 3009/1067/110 3008/1064/109 
f 2981/1066/110 2982/1068/111 3010/1069/111 
f 3010/1069/111 3009/1067/110 2981/1066/110 
f 3010/1069/111 2982/1068/111 2984/1070/112 
f 2984/1070/112 3011/1071/112 3010/1069/111 
f 2984/1070/112 2986/1072/113 3012/1073/113 
f 3012/1073/113 3011/1071/112 2984/1070/112 
f 2989/1074/114 3013/1075/114 3012/1073/113 
f 3012/1073/113 2986/1072/113 2989/1074/114 
f 3014/1076/115 3013/1075/114 2989/1074/114 
f 2989/1074/114 2990/1077/115 3014/1076/115 
f 3015/1078/116 3014/1076/115 2990/1077/115 
f 2990/1077/115 2993/1079/116 3015/1078/116 
f 3016/1080/117 3015/1078/116 2993/1079/116 
f 2993/1079/116 2994/1081/117 3016/1080/117 
f 3016/1080/117 2994/1081/117 2997/1082/118 
f 2997/1082/118 3017/1083/118 3016/1080/117 
f 2997/1082/118 2961/1044/100 2999/1043/100 
f 2999/1043/100 3017/1083/118 2997/1082/118 
f 3018/1084/113 3019/1085/114 2988/1086/114 
f 2988/1086/114 2987/1087/113 3018/1084/113 
f 3018/1084/113 2987/1087/113 2985/1088/112 
f 2985/1088/112 3020/1089/133 3018/1084/113 
f 3020/1089/133 2985/1088/112 2983/1090/111 
f 2983/1090/111 3021/1091/127 3020/1089/133 
f 3021/1091/127 2983/1090/111 2980/1092/126 
f 2980/1092/126 3022/1093/126 3021/1091/127 
f 3023/1094/134 3022/1093/126 2980/1092/126 
f 2980/1092/126 2979/1095/134 3023/1094/134 
f 3023/1094/134 2979/1095/134 2976/1096/135 
f 2976/1096/135 3024/1097/135 3023/1094/134 
f 3025/1098/107 3024/1097/135 2976/1096/135 
f 2976/1096/135 2975/1099/107 3025/1098/107 
f 3025/1098/107 2975/1099/107 2972/1100/106 
f 2972/1100/106 3026/1101/106 3025/1098/107 
f 3026/1101/106 2972/1100/106 2971/1102/105 
f 2971/1102/105 3027/1103/124 3026/1101/106 
f 3027/1103/124 2971/1102/105 2969/1104/104 
f 2969/1104/104 3028/1105/104 3027/1103/124 
f 3028/1106/104 2969/1107/104 2967/1108/103 
f 2967/1108/103 3029/1109/103 3028/1106/104 
f 3029/1109/103 2967/1108/103 2964/1110/102 
f 2964/1110/102 3030/1111/123 3029/1109/103 
f 3031/1112/101 3030/1111/123 2964/1110/102 
f 2964/1110/102 2963/1113/101 3031/1112/101 
f 3031/1112/101 2963/1113/101 2959/1114/99 
f 2959/1114/99 3032/1115/99 3031/1112/101 
f 3033/1116/100 3032/1115/99 2959/1114/99 
f 2959/1114/99 2958/1117/100 3033/1116/100 
f 3033/1116/100 2958/1117/100 2996/1118/118 
f 2996/1118/118 3034/1119/118 3033/1116/100 
f 3035/1120/117 3034/1119/118 2996/1118/118 
f 2996/1118/118 2995/1121/117 3035/1120/117 
f 3035/1120/117 2995/1121/117 2992/1122/116 
f 2992/1122/116 3036/1123/116 3035/1120/117 
f 3036/1123/116 2992/1122/116 2991/1124/115 
f 2991/1124/115 3037/1125/129 3036/1123/116 
f 3019/1085/114 3037/1125/129 2991/1124/115 
f 2991/1124/115 2988/1086/114 3019/1085/114 
f 2950/1026/127 2951/1029/133 3020/1089/133 
f 3020/1089/133 3021/1091/127 2950/1026/127 
f 3021/1091/127 3022/1093/126 2949/1024/126 
f 2949/1024/126 2950/1026/127 3021/1091/127 
f 2948/1022/109 2949/1024/126 3022/1093/126 
f 3022/1093/126 3023/1094/134 2948/1022/109 
f 3023/1094/134 3024/1097/135 2947/1021/108 
f 2947/1021/108 2948/1022/109 3023/1094/134 
f 3025/1098/107 2946/1019/107 2947/1021/108 
f 2947/1021/108 3024/1097/135 3025/1098/107 
f 2946/1019/107 3025/1098/107 3026/1101/106 
f 3026/1101/106 2945/1017/106 2946/1019/107 
f 2945/1017/106 3026/1101/106 3027/1103/124 
f 3027/1103/124 2944/1012/124 2945/1017/106 
f 2940/1005/101 2941/1006/123 3030/1111/123 
f 3030/1111/123 3031/1112/101 2940/1005/101 
f 3031/1112/101 3032/1115/99 2938/1002/99 
f 2938/1002/99 2940/1005/101 3031/1112/101 
f 2938/1002/99 3032/1115/99 3033/1116/100 
f 3033/1116/100 2939/1003/100 2938/1002/99 
f 2939/1003/100 3033/1116/100 3034/1119/118 
f 3034/1119/118 2957/1040/118 2939/1003/100 
f 2957/1040/118 3034/1119/118 3035/1120/117 
f 3035/1120/117 2956/1039/117 2957/1040/118 
f 3035/1120/117 3036/1123/116 2955/1036/116 
f 2955/1036/116 2956/1039/117 3035/1120/117 
f 3036/1123/116 3037/1125/129 2954/1035/129 
f 2954/1035/129 2955/1036/116 3036/1123/116 
f 3018/1126/120 3038/1127/120 3019/1128/120 
f 3038/1127/120 3018/1126/120 3039/1129/120 
f 3040/1130/119 3018/1126/120 3020/1131/119 
f 3018/1126/120 3040/1130/119 3039/1129/120 
f 3041/1105/120 3042/1103/119 3027/1103/119 
f 3027/1103/119 3028/1105/120 3041/1105/120 
f 3043/1109/119 3041/1106/120 3028/1106/120 
f 3028/1106/120 3029/1109/119 3043/1109/119 
f 3044/1111/119 3043/1109/119 3029/1109/119 
f 3029/1109/119 3030/1111/119 3044/1111/119 
f 3038/1127/120 3037/1132/119 3019/1128/120 
f 3037/1132/119 3038/1127/120 3045/1133/119 
f 2952/1126/122 2953/1128/122 3046/1127/122 
f 3046/1127/122 3047/1129/122 2952/1126/122 
f 2951/1134/117 3048/1135/117 3040/1136/117 
f 3040/1136/117 3020/1137/117 2951/1134/117 
f 2951/1131/121 2952/1126/122 3047/1129/122 
f 3047/1129/122 3048/1130/121 2951/1131/121 
f 3049/1012/99 2944/1012/99 3027/1103/99 
f 3027/1103/99 3042/1103/99 3049/1012/99 
f 3050/1013/122 2943/1013/122 2944/1012/122 
f 2944/1012/122 3049/1012/122 3050/1013/122 
f 3050/1011/122 3051/1008/122 2942/1008/122 
f 2942/1008/122 2943/1011/122 3050/1011/122 
f 3052/1006/107 3044/1111/107 3030/1111/107 
f 3030/1111/107 2941/1006/107 3052/1006/107 
f 2942/1008/122 3051/1008/122 3052/1006/122 
f 3052/1006/122 2941/1006/122 2942/1008/122 
f 3045/1136/110 2954/1134/110 3037/1137/110 
f 2954/1134/110 3045/1136/110 3053/1135/110 
f 3046/1127/122 2953/1128/122 2954/1132/122 
f 2954/1132/122 3053/1133/122 3046/1127/122 
f 3054/657/119 3055/658/119 3056/659/119 
f 3057/660/119 3058/661/119 3059/662/119 
f 3060/663/119 3061/664/119 3062/665/119 
f 3059/662/119 3060/663/119 3062/665/119 
f 3057/660/119 3059/662/119 3062/665/119 
f 3062/665/119 3063/666/119 3064/667/119 
f 3064/667/119 3065/668/119 3066/669/119 
f 3062/665/119 3064/667/119 3066/669/119 
f 3057/660/119 3062/665/119 3066/669/119 
f 3056/659/119 3057/660/119 3066/669/119 
f 3056/659/119 3066/669/119 3067/670/119 
f 3056/659/119 3067/670/119 3068/671/119 
f 3068/671/119 3069/672/119 3070/673/119 
f 3068/671/119 3070/673/119 3071/654/119 
f 3068/671/119 3071/654/119 3072/655/119 
f 3056/659/119 3068/671/119 3072/655/119 
f 3054/657/119 3056/659/119 3072/655/119 
f 3054/657/119 3072/655/119 3073/656/119 
f 3068/674/136 3067/675/137 3074/676/121 
f 3067/675/137 3066/677/138 3074/676/121 
f 3066/677/138 3065/678/139 3074/676/121 
f 3065/678/139 3064/679/140 3074/676/121 
f 3064/679/140 3063/680/141 3074/676/121 
f 3063/680/141 3062/681/142 3074/676/121 
f 3062/681/142 3061/682/143 3074/676/121 
f 3061/682/143 3060/683/144 3074/676/121 
f 3060/683/144 3059/684/145 3074/676/121 
f 3059/684/145 3058/685/146 3074/676/121 
f 3058/685/146 3057/686/147 3074/676/121 
f 3057/686/147 3056/687/148 3074/676/121 
f 3056/687/148 3055/688/149 3074/676/121 
f 3055/688/149 3054/689/150 3074/676/121 
f 3054/689/150 3073/690/151 3074/676/121 
f 3073/690/151 3072/691/152 3074/676/121 
f 3072/691/152 3071/692/153 3074/676/121 
f 3071/692/153 3070/693/154 3074/676/121 
f 3070/693/154 3069/694/155 3074/676/121 
f 3069/694/155 3068/674/136 3074/676/121 
f 3075/1138/156 3076/1139/156 3077/1140/156 
f 3077/1140/156 3078/1141/156 3075/1138/156 
f 3079/1142/156 3080/1143/156 3081/1144/156 
f 3081/1144/156 3082/1145/156 3079/1142/156 
f 3083/1142/156 3084/1139/156 3085/1138/156 
f 3085/1138/156 3086/1143/156 3083/1142/156 
f 3083/1142/156 3087/1145/156 3088/1145/156 
f 3088/1145/156 3089/1142/156 3083/1142/156 
f 3090/1139/156 3084/1139/156 3083/1142/156 
f 3083/1142/156 3089/1142/156 3090/1139/156 
f 3090/1139/156 3091/1140/156 3092/1140/156 
f 3092/1140/156 3084/1139/156 3090/1139/156 
f 3093/1142/156 3094/1145/156 3095/1146/156 
f 3095/1146/156 3096/1147/156 3093/1142/156 
f 3097/1147/156 3098/1148/156 3090/1139/156 
f 3090/1139/156 3089/1142/156 3097/1147/156 
f 3099/1148/156 3100/1149/156 3101/1140/156 
f 3101/1140/156 3102/1139/156 3099/1148/156 
f 3075/1138/157 3085/1138/157 3084/1139/157 
f 3084/1139/157 3076/1139/157 3075/1138/157 
f 3086/1143/158 3080/1143/158 3079/1142/158 
f 3079/1142/158 3083/1142/158 3086/1143/158 
f 3089/1142/119 3088/1145/119 3094/1145/119 
f 3094/1145/119 3093/1142/119 3089/1142/119 
f 3082/1145/121 3087/1145/121 3083/1142/121 
f 3083/1142/121 3079/1142/121 3082/1145/121 
f 3102/1139/119 3101/1140/119 3091/1140/119 
f 3091/1140/119 3090/1139/119 3102/1139/119 
f 3077/1140/121 3076/1139/121 3084/1139/121 
f 3084/1139/121 3092/1140/121 3077/1140/121 
f 3102/1139/157 3090/1139/157 3098/1148/157 
f 3098/1148/157 3099/1148/157 3102/1139/157 
f 3089/1142/158 3093/1142/158 3096/1147/158 
f 3096/1147/158 3097/1147/158 3089/1142/158 
f 3103/1150/159 3104/1151/159 3105/1152/159 
f 3105/1152/159 3106/1153/159 3103/1150/159 
f 3107/1154/159 3108/1155/159 3109/1156/159 
f 3109/1156/159 3110/1157/159 3107/1154/159 
f 3111/1154/159 3112/1153/159 3113/1152/159 
f 3113/1152/159 3114/1155/159 3111/1154/159 
f 3115/1154/159 3111/1154/159 3116/1157/159 
f 3116/1157/159 3117/1157/159 3115/1154/159 
f 3118/1153/159 3112/1153/159 3111/1154/159 
f 3111/1154/159 3115/1154/159 3118/1153/159 
f 3118/1153/159 3119/1150/159 3120/1150/159 
f 3120/1150/159 3112/1153/159 3118/1153/159 
f 3121/1158/159 3122/1159/159 3123/1154/159 
f 3123/1154/159 3124/1157/159 3121/1158/159 
f 3125/1160/159 3118/1153/159 3115/1154/159 
f 3115/1154/159 3126/1159/159 3125/1160/159 
f 3127/1160/159 3128/1161/159 3129/1150/159 
f 3129/1150/159 3130/1153/159 3127/1160/159 
f 3106/1153/158 3105/1152/158 3113/1152/158 
f 3113/1152/158 3112/1153/158 3106/1153/158 
f 3111/1154/157 3114/1155/157 3108/1155/157 
f 3108/1155/157 3107/1154/157 3111/1154/157 
f 3115/1154/119 3117/1157/119 3124/1157/119 
f 3124/1157/119 3123/1154/119 3115/1154/119 
f 3111/1154/121 3107/1154/121 3110/1157/121 
f 3110/1157/121 3116/1157/121 3111/1154/121 
f 3130/1153/119 3129/1150/119 3119/1150/119 
f 3119/1150/119 3118/1153/119 3130/1153/119 
f 3112/1153/121 3120/1150/121 3103/1150/121 
f 3103/1150/121 3106/1153/121 3112/1153/121 
f 3130/1153/158 3118/1153/158 3125/1160/158 
f 3125/1160/158 3127/1160/158 3130/1153/158 
f 3123/1154/157 3122/1159/157 3126/1159/157 
f 3126/1159/157 3115/1154/157 3123/1154/157 
f 3131/858/99 3132/855/100 3133/856/100 
f 3133/856/100 3134/857/99 3131/858/99 
f 3131/858/99 3134/857/99 3135/859/101 
f 3135/859/101 3136/860/101 3131/858/99 
f 3137/862/102 3136/860/101 3135/859/101 
f 3135/859/101 3138/861/102 3137/862/102 
f 3137/862/102 3138/861/102 3139/863/103 
f 3139/863/103 3140/864/103 3137/862/102 
f 3141/866/104 3140/864/103 3139/863/103 
f 3139/863/103 3142/865/104 3141/866/104 
f 3141/867/104 3142/868/104 3143/869/105 
f 3143/869/105 3144/870/105 3141/867/104 
f 3145/872/106 3144/870/105 3143/869/105 
f 3143/869/105 3146/871/106 3145/872/106 
f 3145/872/106 3146/871/106 3147/873/107 
f 3147/873/107 3148/874/107 3145/872/106 
f 3149/876/108 3148/874/107 3147/873/107 
f 3147/873/107 3150/875/108 3149/876/108 
f 3149/876/108 3150/875/108 3151/877/109 
f 3151/877/109 3152/878/109 3149/876/108 
f 3153/880/110 3152/878/109 3151/877/109 
f 3151/877/109 3154/879/110 3153/880/110 
f 3153/880/110 3154/879/110 3155/881/111 
f 3155/881/111 3156/882/111 3153/880/110 
f 3157/884/112 3156/882/111 3155/881/111 
f 3155/881/111 3158/883/112 3157/884/112 
f 3157/884/112 3158/883/112 3159/885/113 
f 3159/885/113 3160/886/113 3157/884/112 
f 3161/888/114 3160/886/113 3159/885/113 
f 3159/885/113 3162/887/114 3161/888/114 
f 3161/888/114 3162/887/114 3163/889/115 
f 3163/889/115 3164/890/115 3161/888/114 
f 3165/892/116 3164/890/115 3163/889/115 
f 3163/889/115 3166/891/116 3165/892/116 
f 3165/892/116 3166/891/116 3167/893/117 
f 3167/893/117 3168/894/117 3165/892/116 
f 3169/896/118 3168/894/117 3167/893/117 
f 3167/893/117 3170/895/118 3169/896/118 
f 3132/855/100 3169/896/118 3170/895/118 
f 3170/895/118 3133/856/100 3132/855/100 
f 3132/897/119 3171/898/119 3172/897/119 
f 3171/898/119 3132/897/119 3131/899/119 
f 3171/898/119 3136/901/119 3173/900/119 
f 3136/901/119 3171/898/119 3131/899/119 
f 3136/901/119 3174/902/119 3173/900/119 
f 3174/902/119 3136/901/119 3137/902/119 
f 3174/902/119 3140/903/119 3175/903/119 
f 3140/903/119 3174/902/119 3137/902/119 
f 3140/903/119 3176/904/119 3175/903/119 
f 3176/904/119 3140/903/119 3141/904/119 
f 3176/904/119 3144/905/119 3177/905/119 
f 3144/905/119 3176/904/119 3141/904/119 
f 3144/905/119 3178/906/120 3177/905/119 
f 3178/906/120 3144/905/119 3145/907/120 
f 3178/906/120 3148/909/119 3179/908/119 
f 3148/909/119 3178/906/120 3145/907/120 
f 3148/909/119 3180/910/119 3179/908/119 
f 3180/910/119 3148/909/119 3149/910/119 
f 3180/910/119 3152/911/119 3181/911/119 
f 3152/911/119 3180/910/119 3149/910/119 
f 3152/911/119 3182/912/119 3181/911/119 
f 3182/912/119 3152/911/119 3153/913/119 
f 3182/912/119 3156/915/119 3183/914/119 
f 3156/915/119 3182/912/119 3153/913/119 
f 3156/915/119 3184/916/120 3183/914/119 
f 3184/916/120 3156/915/119 3157/916/120 
f 3184/916/120 3160/918/119 3185/917/119 
f 3160/918/119 3184/916/120 3157/916/120 
f 3160/918/119 3186/919/119 3185/917/119 
f 3186/919/119 3160/918/119 3161/920/119 
f 3186/919/119 3164/921/119 3187/921/119 
f 3164/921/119 3186/919/119 3161/920/119 
f 3164/921/119 3188/923/120 3187/921/119 
f 3188/923/120 3164/921/119 3165/922/120 
f 3188/923/120 3168/924/120 3189/925/120 
f 3168/924/120 3188/923/120 3165/922/120 
f 3168/924/120 3190/926/119 3189/925/120 
f 3190/926/119 3168/924/120 3169/926/119 
f 3169/926/119 3172/897/119 3190/926/119 
f 3172/897/119 3169/926/119 3132/897/119 
f 3172/930/100 3171/927/99 3191/928/99 
f 3191/928/99 3192/929/100 3172/930/100 
f 3173/931/101 3193/932/101 3191/928/99 
f 3191/928/99 3171/927/99 3173/931/101 
f 3173/931/101 3174/933/102 3194/934/102 
f 3194/934/102 3193/932/101 3173/931/101 
f 3175/935/103 3195/936/103 3194/934/102 
f 3194/934/102 3174/933/102 3175/935/103 
f 3175/935/103 3176/937/104 3196/938/104 
f 3196/938/104 3195/936/103 3175/935/103 
f 3177/939/105 3197/940/105 3196/941/104 
f 3196/941/104 3176/942/104 3177/939/105 
f 3177/939/105 3178/944/106 3198/943/106 
f 3198/943/106 3197/940/105 3177/939/105 
f 3179/945/107 3199/946/107 3198/943/106 
f 3198/943/106 3178/944/106 3179/945/107 
f 3179/945/107 3180/947/108 3200/948/108 
f 3200/948/108 3199/946/107 3179/945/107 
f 3181/949/109 3201/950/109 3200/948/108 
f 3200/948/108 3180/947/108 3181/949/109 
f 3181/949/109 3182/951/110 3202/952/110 
f 3202/952/110 3201/950/109 3181/949/109 
f 3183/953/111 3203/954/111 3202/952/110 
f 3202/952/110 3182/951/110 3183/953/111 
f 3183/953/111 3184/955/112 3204/956/112 
f 3204/956/112 3203/954/111 3183/953/111 
f 3185/957/113 3205/958/113 3204/956/112 
f 3204/956/112 3184/955/112 3185/957/113 
f 3185/957/113 3186/959/114 3206/960/114 
f 3206/960/114 3205/958/113 3185/957/113 
f 3187/961/115 3207/962/115 3206/960/114 
f 3206/960/114 3186/959/114 3187/961/115 
f 3187/961/115 3188/963/116 3208/964/116 
f 3208/964/116 3207/962/115 3187/961/115 
f 3189/966/117 3209/965/117 3208/964/116 
f 3208/964/116 3188/963/116 3189/966/117 
f 3189/966/117 3190/967/118 3210/968/118 
f 3210/968/118 3209/965/117 3189/966/117 
f 3190/967/118 3172/930/100 3192/929/100 
f 3192/929/100 3210/968/118 3190/967/118 
f 3211/898/121 3212/969/122 3192/970/122 
f 3192/970/122 3191/971/121 3211/898/121 
f 3211/898/121 3191/971/121 3193/972/121 
f 3193/972/121 3213/900/121 3211/898/121 
f 3214/974/121 3213/900/121 3193/972/121 
f 3193/972/121 3194/973/121 3214/974/121 
f 3214/974/121 3194/973/121 3195/975/122 
f 3195/975/122 3215/976/122 3214/974/121 
f 3216/978/122 3215/976/122 3195/975/122 
f 3195/975/122 3196/977/122 3216/978/122 
f 3216/978/122 3196/977/122 3197/979/122 
f 3197/979/122 3217/979/122 3216/978/122 
f 3218/906/122 3217/979/122 3197/979/122 
f 3197/979/122 3198/980/122 3218/906/122 
f 3218/906/122 3198/980/122 3199/981/122 
f 3199/981/122 3219/908/122 3218/906/122 
f 3220/983/121 3219/908/122 3199/981/122 
f 3199/981/122 3200/982/121 3220/983/121 
f 3220/983/121 3200/982/121 3201/985/121 
f 3201/985/121 3221/984/121 3220/983/121 
f 3222/912/121 3221/984/121 3201/985/121 
f 3201/985/121 3202/986/121 3222/912/121 
f 3222/912/121 3202/986/121 3203/987/121 
f 3203/987/121 3223/988/121 3222/912/121 
f 3224/990/122 3223/988/121 3203/987/121 
f 3203/987/121 3204/989/122 3224/990/122 
f 3224/990/122 3204/989/122 3205/991/122 
f 3205/991/122 3225/917/122 3224/990/122 
f 3226/919/122 3225/917/122 3205/991/122 
f 3205/991/122 3206/992/122 3226/919/122 
f 3226/919/122 3206/992/122 3207/994/121 
f 3207/994/121 3227/993/121 3226/919/122 
f 3228/996/121 3227/993/121 3207/994/121 
f 3207/994/121 3208/995/121 3228/996/121 
f 3228/996/121 3208/995/121 3209/997/121 
f 3209/997/121 3229/925/121 3228/996/121 
f 3230/999/121 3229/925/121 3209/997/121 
f 3209/997/121 3210/998/121 3230/999/121 
f 3212/969/122 3230/999/121 3210/998/121 
f 3210/998/121 3192/970/122 3212/969/122 
f 3211/1001/99 3231/1002/99 3232/1003/100 
f 3232/1003/100 3212/1000/100 3211/1001/99 
f 3213/1004/101 3233/1005/101 3231/1002/99 
f 3231/1002/99 3211/1001/99 3213/1004/101 
f 3214/1007/102 3234/1006/123 3233/1005/101 
f 3233/1005/101 3213/1004/101 3214/1007/102 
f 3234/1006/123 3214/1007/102 3215/1009/103 
f 3215/1009/103 3235/1008/103 3234/1006/123 
f 3216/1010/104 3236/1011/104 3235/1008/103 
f 3235/1008/103 3215/1009/103 3216/1010/104 
f 3217/1015/105 3237/1012/124 3236/1013/104 
f 3236/1013/104 3216/1014/104 3217/1015/105 
f 3217/1015/105 3218/1016/106 3238/1017/106 
f 3238/1017/106 3237/1012/124 3217/1015/105 
f 3238/1017/106 3218/1016/106 3219/1018/107 
f 3219/1018/107 3239/1019/107 3238/1017/106 
f 3219/1018/107 3220/1020/108 3240/1021/108 
f 3240/1021/108 3239/1019/107 3219/1018/107 
f 3220/1020/108 3221/1023/109 3241/1022/109 
f 3241/1022/109 3240/1021/108 3220/1020/108 
f 3221/1023/109 3222/1025/126 3242/1024/126 
f 3242/1024/126 3241/1022/109 3221/1023/109 
f 3242/1024/126 3222/1025/126 3223/1027/127 
f 3223/1027/127 3243/1026/127 3242/1024/126 
f 3223/1027/127 3224/1028/112 3244/1029/133 
f 3244/1029/133 3243/1026/127 3223/1027/127 
f 3225/1030/113 3245/1031/113 3244/1029/133 
f 3244/1029/133 3224/1028/112 3225/1030/113 
f 3226/1032/114 3246/1033/114 3245/1031/113 
f 3245/1031/113 3225/1030/113 3226/1032/114 
f 3246/1033/114 3226/1032/114 3227/1034/115 
f 3227/1034/115 3247/1035/129 3246/1033/114 
f 3227/1034/115 3228/1037/116 3248/1036/116 
f 3248/1036/116 3247/1035/129 3227/1034/115 
f 3249/1039/117 3248/1036/116 3228/1037/116 
f 3228/1037/116 3229/1038/117 3249/1039/117 
f 3230/1041/118 3250/1040/118 3249/1039/117 
f 3249/1039/117 3229/1038/117 3230/1041/118 
f 3212/1000/100 3232/1003/100 3250/1040/118 
f 3250/1040/118 3230/1041/118 3212/1000/100 
f 3251/518/120 3252/519/120 3253/520/119 
f 3253/520/119 3254/521/119 3251/518/120 
f 3251/518/120 3255/522/120 3256/523/120 
f 3256/523/120 3252/519/120 3251/518/120 
f 3257/524/120 3258/525/120 3256/523/120 
f 3256/523/120 3255/522/120 3257/524/120 
f 3259/527/120 3258/525/120 3257/524/120 
f 3257/524/120 3260/526/120 3259/527/120 
f 3261/528/120 3262/529/120 3259/527/120 
f 3259/527/120 3260/526/120 3261/528/120 
f 3261/528/120 3263/530/120 3264/531/120 
f 3264/531/120 3262/529/120 3261/528/120 
f 3265/532/119 3266/533/119 3264/531/120 
f 3264/531/120 3263/530/120 3265/532/119 
f 3267/535/119 3266/533/119 3265/532/119 
f 3265/532/119 3268/534/119 3267/535/119 
f 3269/537/119 3270/536/119 3267/535/119 
f 3267/535/119 3268/534/119 3269/537/119 
f 3271/538/119 3270/536/119 3269/537/119 
f 3269/537/119 3272/539/119 3271/538/119 
f 3273/541/119 3274/540/119 3271/538/119 
f 3271/538/119 3272/539/119 3273/541/119 
f 3275/542/119 3274/540/119 3273/541/119 
f 3273/541/119 3276/543/119 3275/542/119 
f 3277/545/119 3278/544/119 3275/542/119 
f 3275/542/119 3276/543/119 3277/545/119 
f 3277/545/119 3279/547/119 3280/546/119 
f 3280/546/119 3278/544/119 3277/545/119 
f 3281/549/119 3282/548/119 3280/546/119 
f 3280/546/119 3279/547/119 3281/549/119 
f 3283/550/120 3282/548/119 3281/549/119 
f 3281/549/119 3284/551/120 3283/550/120 
f 3285/553/119 3286/552/119 3283/550/120 
f 3283/550/120 3284/551/120 3285/553/119 
f 3287/554/119 3286/552/119 3285/553/119 
f 3285/553/119 3288/555/119 3287/554/119 
f 3289/557/119 3290/556/119 3287/554/119 
f 3287/554/119 3288/555/119 3289/557/119 
f 3253/520/119 3290/556/119 3289/557/119 
f 3289/557/119 3254/521/119 3253/520/119 
f 3252/1045/99 3291/1042/99 3292/1043/100 
f 3292/1043/100 3253/1044/100 3252/1045/99 
f 3291/1042/99 3252/1045/99 3256/1047/101 
f 3256/1047/101 3293/1046/101 3291/1042/99 
f 3258/1048/102 3294/1049/102 3293/1046/101 
f 3293/1046/101 3256/1047/101 3258/1048/102 
f 3258/1048/102 3259/1050/103 3295/1051/103 
f 3295/1051/103 3294/1049/102 3258/1048/102 
f 3262/1052/104 3296/1053/104 3295/1051/103 
f 3295/1051/103 3259/1050/103 3262/1052/104 
f 3297/1056/105 3296/1057/104 3262/1054/104 
f 3262/1054/104 3264/1055/105 3297/1056/105 
f 3266/1058/106 3298/1059/106 3297/1056/105 
f 3297/1056/105 3264/1055/105 3266/1058/106 
f 3266/1058/106 3267/1061/107 3299/1060/107 
f 3299/1060/107 3298/1059/106 3266/1058/106 
f 3270/1063/108 3300/1062/108 3299/1060/107 
f 3299/1060/107 3267/1061/107 3270/1063/108 
f 3300/1062/108 3270/1063/108 3271/1065/109 
f 3271/1065/109 3301/1064/109 3300/1062/108 
f 3274/1066/110 3302/1067/110 3301/1064/109 
f 3301/1064/109 3271/1065/109 3274/1066/110 
f 3274/1066/110 3275/1068/111 3303/1069/111 
f 3303/1069/111 3302/1067/110 3274/1066/110 
f 3278/1070/112 3304/1071/112 3303/1069/111 
f 3303/1069/111 3275/1068/111 3278/1070/112 
f 3305/1073/113 3304/1071/112 3278/1070/112 
f 3278/1070/112 3280/1072/113 3305/1073/113 
f 3282/1074/114 3306/1075/114 3305/1073/113 
f 3305/1073/113 3280/1072/113 3282/1074/114 
f 3282/1074/114 3283/1077/115 3307/1076/115 
f 3307/1076/115 3306/1075/114 3282/1074/114 
f 3286/1079/116 3308/1078/116 3307/1076/115 
f 3307/1076/115 3283/1077/115 3286/1079/116 
f 3308/1078/116 3286/1079/116 3287/1081/117 
f 3287/1081/117 3309/1080/117 3308/1078/116 
f 3290/1082/118 3310/1083/118 3309/1080/117 
f 3309/1080/117 3287/1081/117 3290/1082/118 
f 3290/1082/118 3253/1044/100 3292/1043/100 
f 3292/1043/100 3310/1083/118 3290/1082/118 
f 3281/1086/114 3279/1087/113 3311/1084/113 
f 3311/1084/113 3312/1085/114 3281/1086/114 
f 3279/1087/113 3277/1088/112 3313/1089/133 
f 3313/1089/133 3311/1084/113 3279/1087/113 
f 3277/1088/112 3276/1090/111 3314/1091/111 
f 3314/1091/111 3313/1089/133 3277/1088/112 
f 3314/1091/111 3276/1090/111 3273/1092/126 
f 3273/1092/126 3315/1093/126 3314/1091/111 
f 3273/1092/126 3272/1095/134 3316/1094/134 
f 3316/1094/134 3315/1093/126 3273/1092/126 
f 3272/1095/134 3269/1096/135 3317/1097/135 
f 3317/1097/135 3316/1094/134 3272/1095/134 
f 3268/1099/107 3318/1098/107 3317/1097/135 
f 3317/1097/135 3269/1096/135 3268/1099/107 
f 3318/1098/107 3268/1099/107 3265/1100/106 
f 3265/1100/106 3319/1101/106 3318/1098/107 
f 3263/1102/105 3320/1103/124 3319/1101/106 
f 3319/1101/106 3265/1100/106 3263/1102/105 
f 3261/1104/104 3321/1105/104 3320/1103/124 
f 3320/1103/124 3263/1102/105 3261/1104/104 
f 3260/1108/103 3322/1109/103 3321/1106/104 
f 3321/1106/104 3261/1107/104 3260/1108/103 
f 3322/1109/103 3260/1108/103 3257/1110/102 
f 3257/1110/102 3323/1111/123 3322/1109/103 
f 3255/1113/101 3324/1112/101 3323/1111/123 
f 3323/1111/123 3257/1110/102 3255/1113/101 
f 3255/1113/101 3251/1114/99 3325/1115/99 
f 3325/1115/99 3324/1112/101 3255/1113/101 
f 3251/1114/99 3254/1117/100 3326/1116/100 
f 3326/1116/100 3325/1115/99 3251/1114/99 
f 3326/1116/100 3254/1117/100 3289/1118/118 
f 3289/1118/118 3327/1119/118 3326/1116/100 
f 3289/1118/118 3288/1121/117 3328/1120/117 
f 3328/1120/117 3327/1119/118 3289/1118/118 
f 3329/1123/116 3328/1120/117 3288/1121/117 
f 3288/1121/117 3285/1122/116 3329/1123/116 
f 3284/1124/115 3330/1125/129 3329/1123/116 
f 3329/1123/116 3285/1122/116 3284/1124/115 
f 3312/1085/114 3330/1125/129 3284/1124/115 
f 3284/1124/115 3281/1086/114 3312/1085/114 
f 3314/1091/111 3243/1026/127 3244/1029/133 
f 3244/1029/133 3313/1089/133 3314/1091/111 
f 3314/1091/111 3315/1093/126 3242/1024/126 
f 3242/1024/126 3243/1026/127 3314/1091/111 
f 3316/1094/134 3241/1022/109 3242/1024/126 
f 3242/1024/126 3315/1093/126 3316/1094/134 
f 3241/1022/109 3316/1094/134 3317/1097/135 
f 3317/1097/135 3240/1021/108 3241/1022/109 
f 3318/1098/107 3239/1019/107 3240/1021/108 
f 3240/1021/108 3317/1097/135 3318/1098/107 
f 3318/1098/107 3319/1101/106 3238/1017/106 
f 3238/1017/106 3239/1019/107 3318/1098/107 
f 3320/1103/124 3237/1012/124 3238/1017/106 
f 3238/1017/106 3319/1101/106 3320/1103/124 
f 3324/1112/101 3233/1005/101 3234/1006/123 
f 3234/1006/123 3323/1111/123 3324/1112/101 
f 3233/1005/101 3324/1112/101 3325/1115/99 
f 3325/1115/99 3231/1002/99 3233/1005/101 
f 3326/1116/100 3232/1003/100 3231/1002/99 
f 3231/1002/99 3325/1115/99 3326/1116/100 
f 3326/1116/100 3327/1119/118 3250/1040/118 
f 3250/1040/118 3232/1003/100 3326/1116/100 
f 3328/1120/117 3249/1039/117 3250/1040/118 
f 3250/1040/118 3327/1119/118 3328/1120/117 
f 3248/1036/116 3249/1039/117 3328/1120/117 
f 3328/1120/117 3329/1123/116 3248/1036/116 
f 3330/1125/129 3247/1035/129 3248/1036/116 
f 3248/1036/116 3329/1123/116 3330/1125/129 
f 3331/1127/119 3311/1126/119 3332/1129/119 
f 3311/1126/119 3331/1127/119 3312/1128/119 
f 3311/1126/119 3333/1130/119 3332/1129/119 
f 3333/1130/119 3311/1126/119 3313/1131/119 
f 3334/1105/119 3335/1103/119 3320/1103/119 
f 3320/1103/119 3321/1105/119 3334/1105/119 
f 3334/1106/119 3321/1106/119 3322/1109/119 
f 3322/1109/119 3336/1109/119 3334/1106/119 
f 3337/1111/119 3336/1109/119 3322/1109/119 
f 3322/1109/119 3323/1111/119 3337/1111/119 
f 3330/1132/119 3331/1127/119 3338/1133/119 
f 3331/1127/119 3330/1132/119 3312/1128/119 
f 3339/1127/121 3340/1129/121 3245/1126/121 
f 3245/1126/121 3246/1128/121 3339/1127/121 
f 3333/1136/117 3313/1137/117 3244/1134/117 
f 3244/1134/117 3341/1135/117 3333/1136/117 
f 3244/1131/121 3245/1126/121 3340/1129/121 
f 3340/1129/121 3341/1130/121 3244/1131/121 
f 3237/1012/99 3320/1103/99 3335/1103/99 
f 3335/1103/99 3342/1012/99 3237/1012/99 
f 3343/1013/121 3236/1013/121 3237/1012/121 
f 3237/1012/121 3342/1012/121 3343/1013/121 
f 3343/1011/121 3344/1008/122 3235/1008/122 
f 3235/1008/122 3236/1011/121 3343/1011/121 
f 3234/1006/107 3345/1006/107 3337/1111/107 
f 3337/1111/107 3323/1111/107 3234/1006/107 
f 3345/1006/122 3234/1006/122 3235/1008/122 
f 3235/1008/122 3344/1008/122 3345/1006/122 
f 3338/1136/110 3247/1134/110 3330/1137/110 
f 3247/1134/110 3338/1136/110 3346/1135/110 
f 3247/1132/121 3346/1133/121 3339/1127/121 
f 3339/1127/121 3246/1128/121 3247/1132/121 
f 3347/656/119 3348/657/119 3349/658/119 
f 3349/658/119 3350/659/119 3351/660/119 
f 3347/656/119 3349/658/119 3351/660/119 
f 3352/661/119 3353/662/119 3354/663/119 
f 3352/661/119 3354/663/119 3355/664/119 
f 3356/666/119 3357/667/119 3358/668/119 
f 3359/665/119 3356/666/119 3358/668/119 
f 3355/664/119 3359/665/119 3358/668/119 
f 3358/668/119 3360/669/119 3361/670/119 
f 3355/664/119 3358/668/119 3361/670/119 
f 3352/661/119 3355/664/119 3361/670/119 
f 3351/660/119 3352/661/119 3361/670/119 
f 3361/670/119 3362/671/119 3363/672/119 
f 3351/660/119 3361/670/119 3363/672/119 
f 3351/660/119 3363/672/119 3364/673/119 
f 3347/656/119 3351/660/119 3364/673/119 
f 3365/655/119 3347/656/119 3364/673/119 
f 3365/655/119 3364/673/119 3366/654/119 
f 3362/674/187 3361/675/188 3367/676/121 
f 3361/675/188 3360/677/189 3367/676/121 
f 3360/677/189 3358/678/190 3367/676/121 
f 3358/678/190 3357/679/191 3367/676/121 
f 3357/679/191 3356/680/192 3367/676/121 
f 3356/680/192 3359/681/193 3367/676/121 
f 3359/681/193 3355/682/194 3367/676/121 
f 3355/682/194 3354/683/195 3367/676/121 
f 3354/683/195 3353/684/196 3367/676/121 
f 3353/684/196 3352/685/197 3367/676/121 
f 3352/685/197 3351/686/198 3367/676/121 
f 3351/686/198 3350/687/199 3367/676/121 
f 3350/687/199 3349/688/200 3367/676/121 
f 3349/688/200 3348/689/201 3367/676/121 
f 3348/689/201 3347/690/202 3367/676/121 
f 3347/690/202 3365/691/203 3367/676/121 
f 3365/691/203 3366/692/204 3367/676/121 
f 3366/692/204 3364/693/205 3367/676/121 
f 3364/693/205 3363/694/206 3367/676/121 
f 3363/694/206 3362/674/187 3367/676/121 
f 3368/1162/156 3369/1163/156 3370/1164/156 
f 3370/1164/156 3371/1165/156 3368/1162/156 
f 3372/1163/156 3373/1162/156 3374/1166/156 
f 3374/1166/156 3375/1167/156 3372/1163/156 
f 3376/1163/156 3377/1162/156 3378/1162/156 
f 3378/1162/156 3379/1163/156 3376/1163/156 
f 3380/1167/156 3381/1167/156 3382/1163/156 
f 3382/1163/156 3379/1163/156 3380/1167/156 
f 3383/1163/156 3376/1163/156 3379/1163/156 
f 3379/1163/156 3382/1163/156 3383/1163/156 
f 3376/1163/156 3383/1163/156 3384/1164/156 
f 3384/1164/156 3385/1164/156 3376/1163/156 
f 3386/1163/156 3387/1167/156 3388/1168/156 
f 3388/1168/156 3389/1169/156 3386/1163/156 
f 3390/1169/156 3383/1163/156 3382/1163/156 
f 3382/1163/156 3391/1169/156 3390/1169/156 
f 3392/1164/156 3393/1163/156 3394/1169/156 
f 3394/1169/156 3395/1170/156 3392/1164/156 
f 3368/1162/157 3377/1162/157 3376/1163/157 
f 3376/1163/157 3369/1163/157 3368/1162/157 
f 3378/1162/158 3373/1162/158 3372/1163/158 
f 3372/1163/158 3379/1163/158 3378/1162/158 
f 3382/1163/119 3381/1167/119 3387/1167/119 
f 3387/1167/119 3386/1163/119 3382/1163/119 
f 3379/1163/121 3372/1163/121 3375/1167/121 
f 3375/1167/121 3380/1167/121 3379/1163/121 
f 3392/1164/119 3384/1164/119 3383/1163/119 
f 3383/1163/119 3393/1163/119 3392/1164/119 
f 3370/1164/121 3369/1163/121 3376/1163/121 
f 3376/1163/121 3385/1164/121 3370/1164/121 
f 3390/1169/157 3394/1169/157 3393/1163/157 
f 3393/1163/157 3383/1163/157 3390/1169/157 
f 3382/1163/158 3386/1163/158 3389/1169/158 
f 3389/1169/158 3391/1169/158 3382/1163/158 
f 3396/1171/159 3397/1172/159 3398/1173/159 
f 3398/1173/159 3399/1174/159 3396/1171/159 
f 3400/1175/159 3401/1176/159 3402/1172/159 
f 3402/1172/159 3403/1171/159 3400/1175/159 
f 3404/1172/159 3405/1172/159 3406/1171/159 
f 3406/1171/159 3407/1171/159 3404/1172/159 
f 3408/1176/159 3409/1176/159 3410/1172/159 
f 3410/1172/159 3404/1172/159 3408/1176/159 
f 3404/1172/159 3410/1172/159 3411/1172/159 
f 3411/1172/159 3405/1172/159 3404/1172/159 
f 3412/1173/159 3405/1172/159 3411/1172/159 
f 3411/1172/159 3413/1173/159 3412/1173/159 
f 3414/1177/159 3415/1172/159 3416/1176/159 
f 3416/1176/159 3417/1178/159 3414/1177/159 
f 3418/1177/159 3419/1177/159 3411/1172/159 
f 3411/1172/159 3410/1172/159 3418/1177/159 
f 3420/1173/159 3421/1172/159 3422/1177/159 
f 3422/1177/159 3423/1179/159 3420/1173/159 
f 3396/1171/158 3406/1171/158 3405/1172/158 
f 3405/1172/158 3397/1172/158 3396/1171/158 
f 3402/1172/157 3404/1172/157 3407/1171/157 
f 3407/1171/157 3403/1171/157 3402/1172/157 
f 3416/1176/119 3415/1172/119 3410/1172/119 
f 3410/1172/119 3409/1176/119 3416/1176/119 
f 3401/1176/121 3408/1176/121 3404/1172/121 
f 3404/1172/121 3402/1172/121 3401/1176/121 
f 3411/1172/119 3421/1172/119 3420/1173/119 
f 3420/1173/119 3413/1173/119 3411/1172/119 
f 3397/1172/121 3405/1172/121 3412/1173/121 
f 3412/1173/121 3398/1173/121 3397/1172/121 
f 3422/1177/158 3421/1172/158 3411/1172/158 
f 3411/1172/158 3419/1177/158 3422/1177/158 
f 3410/1172/157 3415/1172/157 3414/1177/157 
f 3414/1177/157 3418/1177/157 3410/1172/157 
f 3424/856/100 3425/857/99 3426/858/99 
f 3426/858/99 3427/855/100 3424/856/100 
f 3426/858/99 3425/857/99 3428/859/101 
f 3428/859/101 3429/860/101 3426/858/99 
f 3430/862/102 3429/860/101 3428/859/101 
f 3428/859/101 3431/861/102 3430/862/102 
f 3430/862/102 3431/861/102 3432/863/103 
f 3432/863/103 3433/864/103 3430/862/102 
f 3434/865/104 3435/866/104 3433/864/103 
f 3433/864/103 3432/863/103 3434/865/104 
f 3435/867/104 3434/868/104 3436/869/105 
f 3436/869/105 3437/870/105 3435/867/104 
f 3438/872/106 3437/870/105 3436/869/105 
f 3436/869/105 3439/871/106 3438/872/106 
f 3438/872/106 3439/871/106 3440/873/107 
f 3440/873/107 3441/874/107 3438/872/106 
f 3440/873/107 3442/875/108 3443/876/108 
f 3443/876/108 3441/874/107 3440/873/107 
f 3443/876/108 3442/875/108 3444/877/109 
f 3444/877/109 3445/878/109 3443/876/108 
f 3446/880/110 3445/878/109 3444/877/109 
f 3444/877/109 3447/879/110 3446/880/110 
f 3446/880/110 3447/879/110 3448/881/111 
f 3448/881/111 3449/882/111 3446/880/110 
f 3450/883/112 3451/884/112 3449/882/111 
f 3449/882/111 3448/881/111 3450/883/112 
f 3451/884/112 3450/883/112 3452/885/113 
f 3452/885/113 3453/886/113 3451/884/112 
f 3454/888/114 3453/886/113 3452/885/113 
f 3452/885/113 3455/887/114 3454/888/114 
f 3454/888/114 3455/887/114 3456/889/115 
f 3456/889/115 3457/890/115 3454/888/114 
f 3456/889/115 3458/891/116 3459/892/116 
f 3459/892/116 3457/890/115 3456/889/115 
f 3459/892/116 3458/891/116 3460/893/117 
f 3460/893/117 3461/894/117 3459/892/116 
f 3462/896/118 3461/894/117 3460/893/117 
f 3460/893/117 3463/895/118 3462/896/118 
f 3463/895/118 3424/856/100 3427/855/100 
f 3427/855/100 3462/896/118 3463/895/118 
f 3464/898/119 3427/897/119 3426/899/119 
f 3427/897/119 3464/898/119 3465/897/119 
f 3464/898/119 3429/901/119 3466/900/119 
f 3429/901/119 3464/898/119 3426/899/119 
f 3429/901/119 3467/902/119 3466/900/119 
f 3467/902/119 3429/901/119 3430/902/119 
f 3467/902/119 3433/903/119 3468/903/119 
f 3433/903/119 3467/902/119 3430/902/119 
f 3433/903/119 3469/904/119 3468/903/119 
f 3469/904/119 3433/903/119 3435/904/119 
f 3469/904/119 3437/905/119 3470/905/119 
f 3437/905/119 3469/904/119 3435/904/119 
f 3437/905/119 3471/906/119 3470/905/119 
f 3471/906/119 3437/905/119 3438/907/119 
f 3471/906/119 3441/909/119 3472/908/119 
f 3441/909/119 3471/906/119 3438/907/119 
f 3473/910/119 3441/909/119 3443/910/119 
f 3441/909/119 3473/910/119 3472/908/119 
f 3473/910/119 3445/911/119 3474/911/119 
f 3445/911/119 3473/910/119 3443/910/119 
f 3445/911/119 3475/912/119 3474/911/119 
f 3475/912/119 3445/911/119 3446/913/119 
f 3475/912/119 3449/915/119 3476/914/119 
f 3449/915/119 3475/912/119 3446/913/119 
f 3449/915/119 3477/916/119 3476/914/119 
f 3477/916/119 3449/915/119 3451/916/119 
f 3477/916/119 3453/918/119 3478/917/119 
f 3453/918/119 3477/916/119 3451/916/119 
f 3453/918/119 3479/919/119 3478/917/119 
f 3479/919/119 3453/918/119 3454/920/119 
f 3479/919/119 3457/921/119 3480/921/119 
f 3457/921/119 3479/919/119 3454/920/119 
f 3481/923/119 3457/921/119 3459/922/119 
f 3457/921/119 3481/923/119 3480/921/119 
f 3481/923/119 3461/924/120 3482/925/120 
f 3461/924/120 3481/923/119 3459/922/119 
f 3461/924/120 3483/926/120 3482/925/120 
f 3483/926/120 3461/924/120 3462/926/120 
f 3465/897/119 3462/926/120 3427/897/119 
f 3462/926/120 3465/897/119 3483/926/120 
f 3484/928/99 3485/929/100 3465/930/100 
f 3465/930/100 3464/927/99 3484/928/99 
f 3466/931/101 3486/932/101 3484/928/99 
f 3484/928/99 3464/927/99 3466/931/101 
f 3466/931/101 3467/933/102 3487/934/102 
f 3487/934/102 3486/932/101 3466/931/101 
f 3468/935/103 3488/936/103 3487/934/102 
f 3487/934/102 3467/933/102 3468/935/103 
f 3488/936/103 3468/935/103 3469/937/104 
f 3469/937/104 3489/938/104 3488/936/103 
f 3470/939/105 3490/940/105 3489/941/104 
f 3489/941/104 3469/942/104 3470/939/105 
f 3470/939/105 3471/944/106 3491/943/106 
f 3491/943/106 3490/940/105 3470/939/105 
f 3472/945/107 3492/946/107 3491/943/106 
f 3491/943/106 3471/944/106 3472/945/107 
f 3493/948/108 3492/946/107 3472/945/107 
f 3472/945/107 3473/947/108 3493/948/108 
f 3474/949/109 3494/950/109 3493/948/108 
f 3493/948/108 3473/947/108 3474/949/109 
f 3474/949/109 3475/951/110 3495/952/110 
f 3495/952/110 3494/950/109 3474/949/109 
f 3476/953/111 3496/954/111 3495/952/110 
f 3495/952/110 3475/951/110 3476/953/111 
f 3496/954/111 3476/953/111 3477/955/112 
f 3477/955/112 3497/956/112 3496/954/111 
f 3478/957/113 3498/958/113 3497/956/112 
f 3497/956/112 3477/955/112 3478/957/113 
f 3478/957/113 3479/959/114 3499/960/114 
f 3499/960/114 3498/958/113 3478/957/113 
f 3480/961/115 3500/962/115 3499/960/114 
f 3499/960/114 3479/959/114 3480/961/115 
f 3501/964/116 3500/962/115 3480/961/115 
f 3480/961/115 3481/963/116 3501/964/116 
f 3482/966/117 3502/965/117 3501/964/116 
f 3501/964/116 3481/963/116 3482/966/117 
f 3482/966/117 3483/967/118 3503/968/118 
f 3503/968/118 3502/965/117 3482/966/117 
f 3485/929/100 3503/968/118 3483/967/118 
f 3483/967/118 3465/930/100 3485/929/100 
f 3484/971/121 3504/898/121 3505/969/121 
f 3505/969/121 3485/970/121 3484/971/121 
f 3504/898/121 3484/971/121 3486/972/121 
f 3486/972/121 3506/900/121 3504/898/121 
f 3507/974/121 3506/900/121 3486/972/121 
f 3486/972/121 3487/973/121 3507/974/121 
f 3507/974/121 3487/973/121 3488/975/121 
f 3488/975/121 3508/976/121 3507/974/121 
f 3488/975/121 3489/977/121 3509/978/121 
f 3509/978/121 3508/976/121 3488/975/121 
f 3509/978/121 3489/977/121 3490/979/121 
f 3490/979/121 3510/979/121 3509/978/121 
f 3511/906/122 3510/979/121 3490/979/121 
f 3490/979/121 3491/980/122 3511/906/122 
f 3511/906/122 3491/980/122 3492/981/122 
f 3492/981/122 3512/908/122 3511/906/122 
f 3493/982/121 3513/983/121 3512/908/122 
f 3512/908/122 3492/981/122 3493/982/121 
f 3513/983/119 3514/984/120 3494/985/120 
f 3494/985/120 3493/982/119 3513/983/119 
f 3515/912/122 3514/984/121 3494/985/121 
f 3494/985/121 3495/986/122 3515/912/122 
f 3515/912/122 3495/986/122 3496/987/122 
f 3496/987/122 3516/988/122 3515/912/122 
f 3496/987/122 3497/989/122 3517/990/122 
f 3517/990/122 3516/988/122 3496/987/122 
f 3517/990/122 3497/989/122 3498/991/121 
f 3498/991/121 3518/917/121 3517/990/122 
f 3519/919/121 3518/917/121 3498/991/121 
f 3498/991/121 3499/992/121 3519/919/121 
f 3519/919/121 3499/992/121 3500/994/122 
f 3500/994/122 3520/993/122 3519/919/121 
f 3501/995/122 3521/996/122 3520/993/122 
f 3520/993/122 3500/994/122 3501/995/122 
f 3521/996/122 3501/995/122 3502/997/121 
f 3502/997/121 3522/925/121 3521/996/122 
f 3523/999/121 3522/925/121 3502/997/121 
f 3502/997/121 3503/998/121 3523/999/121 
f 3503/998/121 3485/970/121 3505/969/121 
f 3505/969/121 3523/999/121 3503/998/121 
f 3524/1003/100 3505/1000/100 3504/1001/99 
f 3504/1001/99 3525/1002/99 3524/1003/100 
f 3504/1001/99 3506/1004/101 3526/1005/101 
f 3526/1005/101 3525/1002/99 3504/1001/99 
f 3506/1004/101 3507/1007/102 3527/1006/123 
f 3527/1006/123 3526/1005/101 3506/1004/101 
f 3507/1007/102 3508/1009/103 3528/1008/103 
f 3528/1008/103 3527/1006/123 3507/1007/102 
f 3508/1009/103 3509/1010/104 3529/1011/104 
f 3529/1011/104 3528/1008/103 3508/1009/103 
f 3509/1014/104 3510/1015/105 3530/1012/124 
f 3530/1012/124 3529/1013/104 3509/1014/104 
f 3511/1016/207 3531/1017/106 3530/1012/124 
f 3530/1012/124 3510/1015/105 3511/1016/207 
f 3511/1016/207 3512/1018/125 3532/1019/107 
f 3532/1019/107 3531/1017/106 3511/1016/207 
f 3532/1019/107 3512/1018/125 3513/1020/108 
f 3513/1020/108 3533/1021/108 3532/1019/107 
f 3513/1020/108 3514/1023/109 3534/1022/109 
f 3534/1022/109 3533/1021/108 3513/1020/108 
f 3514/1023/109 3515/1025/126 3535/1024/126 
f 3535/1024/126 3534/1022/109 3514/1023/109 
f 3516/1027/127 3536/1026/127 3535/1024/126 
f 3535/1024/126 3515/1025/126 3516/1027/127 
f 3516/1027/127 3517/1028/112 3537/1029/133 
f 3537/1029/133 3536/1026/127 3516/1027/127 
f 3517/1028/112 3518/1030/113 3538/1031/113 
f 3538/1031/113 3537/1029/133 3517/1028/112 
f 3519/1032/114 3539/1033/114 3538/1031/113 
f 3538/1031/113 3518/1030/113 3519/1032/114 
f 3519/1032/114 3520/1034/115 3540/1035/129 
f 3540/1035/129 3539/1033/114 3519/1032/114 
f 3540/1035/129 3520/1034/115 3521/1037/116 
f 3521/1037/116 3541/1036/116 3540/1035/129 
f 3521/1037/116 3522/1038/117 3542/1039/117 
f 3542/1039/117 3541/1036/116 3521/1037/116 
f 3542/1039/117 3522/1038/117 3523/1041/118 
f 3523/1041/118 3543/1040/118 3542/1039/117 
f 3524/1003/100 3543/1040/118 3523/1041/118 
f 3523/1041/118 3505/1000/100 3524/1003/100 
f 3544/521/119 3545/518/120 3546/519/120 
f 3546/519/120 3547/520/119 3544/521/119 
f 3548/522/120 3549/523/120 3546/519/120 
f 3546/519/120 3545/518/120 3548/522/120 
f 3550/525/120 3549/523/120 3548/522/120 
f 3548/522/120 3551/524/120 3550/525/120 
f 3552/526/119 3553/527/119 3550/525/120 
f 3550/525/120 3551/524/120 3552/526/119 
f 3554/529/120 3553/527/119 3552/526/119 
f 3552/526/119 3555/528/120 3554/529/120 
f 3556/530/120 3557/531/120 3554/529/120 
f 3554/529/120 3555/528/120 3556/530/120 
f 3558/533/119 3557/531/120 3556/530/120 
f 3556/530/120 3559/532/119 3558/533/119 
f 3560/534/120 3561/535/120 3558/533/119 
f 3558/533/119 3559/532/119 3560/534/120 
f 3560/534/120 3562/537/120 3563/536/120 
f 3563/536/120 3561/535/120 3560/534/120 
f 3564/539/119 3565/538/119 3563/536/120 
f 3563/536/120 3562/537/120 3564/539/119 
f 3566/540/119 3565/538/119 3564/539/119 
f 3564/539/119 3567/541/119 3566/540/119 
f 3568/543/120 3569/542/120 3566/540/119 
f 3566/540/119 3567/541/119 3568/543/120 
f 3570/544/120 3569/542/120 3568/543/120 
f 3568/543/120 3571/545/120 3570/544/120 
f 3572/547/120 3573/546/120 3570/544/120 
f 3570/544/120 3571/545/120 3572/547/120 
f 3574/548/119 3573/546/120 3572/547/120 
f 3572/547/120 3575/549/119 3574/548/119 
f 3576/551/119 3577/550/119 3574/548/119 
f 3574/548/119 3575/549/119 3576/551/119 
f 3576/551/119 3578/553/119 3579/552/119 
f 3579/552/119 3577/550/119 3576/551/119 
f 3580/555/120 3581/554/120 3579/552/119 
f 3579/552/119 3578/553/119 3580/555/120 
f 3582/556/119 3581/554/120 3580/555/120 
f 3580/555/120 3583/557/119 3582/556/119 
f 3583/557/119 3544/521/119 3547/520/119 
f 3547/520/119 3582/556/119 3583/557/119 
f 3584/1042/99 3585/1043/100 3547/1044/100 
f 3547/1044/100 3546/1045/99 3584/1042/99 
f 3549/1047/101 3586/1046/101 3584/1042/99 
f 3584/1042/99 3546/1045/99 3549/1047/101 
f 3549/1047/101 3550/1048/102 3587/1049/102 
f 3587/1049/102 3586/1046/101 3549/1047/101 
f 3553/1050/103 3588/1051/103 3587/1049/102 
f 3587/1049/102 3550/1048/102 3553/1050/103 
f 3589/1053/104 3588/1051/103 3553/1050/103 
f 3553/1050/103 3554/1052/104 3589/1053/104 
f 3557/1055/105 3590/1056/105 3589/1057/104 
f 3589/1057/104 3554/1054/104 3557/1055/105 
f 3557/1055/105 3558/1058/106 3591/1059/106 
f 3591/1059/106 3590/1056/105 3557/1055/105 
f 3561/1061/107 3592/1060/107 3591/1059/106 
f 3591/1059/106 3558/1058/106 3561/1061/107 
f 3593/1062/108 3592/1060/107 3561/1061/107 
f 3561/1061/107 3563/1063/108 3593/1062/108 
f 3565/1065/109 3594/1064/109 3593/1062/108 
f 3593/1062/108 3563/1063/108 3565/1065/109 
f 3565/1065/109 3566/1066/110 3595/1067/110 
f 3595/1067/110 3594/1064/109 3565/1065/109 
f 3569/1068/111 3596/1069/111 3595/1067/110 
f 3595/1067/110 3566/1066/110 3569/1068/111 
f 3569/1068/111 3570/1070/112 3597/1071/112 
f 3597/1071/112 3596/1069/111 3569/1068/111 
f 3573/1072/113 3598/1073/113 3597/1071/112 
f 3597/1071/112 3570/1070/112 3573/1072/113 
f 3574/1074/114 3599/1075/114 3598/1073/113 
f 3598/1073/113 3573/1072/113 3574/1074/114 
f 3577/1077/115 3600/1076/115 3599/1075/114 
f 3599/1075/114 3574/1074/114 3577/1077/115 
f 3601/1078/116 3600/1076/115 3577/1077/115 
f 3577/1077/115 3579/1079/116 3601/1078/116 
f 3579/1079/116 3581/1081/117 3602/1080/117 
f 3602/1080/117 3601/1078/116 3579/1079/116 
f 3582/1082/118 3603/1083/118 3602/1080/117 
f 3602/1080/117 3581/1081/117 3582/1082/118 
f 3585/1043/100 3603/1083/118 3582/1082/118 
f 3582/1082/118 3547/1044/100 3585/1043/100 
f 3572/1087/113 3604/1084/113 3605/1085/114 
f 3605/1085/114 3575/1086/114 3572/1087/113 
f 3572/1087/113 3571/1088/112 3606/1089/133 
f 3606/1089/133 3604/1084/113 3572/1087/113 
f 3607/1091/111 3606/1089/133 3571/1088/112 
f 3571/1088/112 3568/1090/111 3607/1091/111 
f 3568/1090/111 3567/1092/126 3608/1093/126 
f 3608/1093/126 3607/1091/111 3568/1090/111 
f 3567/1092/126 3564/1095/134 3609/1094/134 
f 3609/1094/134 3608/1093/126 3567/1092/126 
f 3564/1095/134 3562/1096/135 3610/1097/135 
f 3610/1097/135 3609/1094/134 3564/1095/134 
f 3560/1099/107 3611/1098/107 3610/1097/135 
f 3610/1097/135 3562/1096/135 3560/1099/107 
f 3560/1099/107 3559/1100/106 3612/1101/106 
f 3612/1101/106 3611/1098/107 3560/1099/107 
f 3556/1102/105 3613/1103/124 3612/1101/106 
f 3612/1101/106 3559/1100/106 3556/1102/105 
f 3555/1104/104 3614/1105/104 3613/1103/124 
f 3613/1103/124 3556/1102/105 3555/1104/104 
f 3615/1109/103 3614/1106/104 3555/1107/104 
f 3555/1107/104 3552/1108/103 3615/1109/103 
f 3551/1110/102 3616/1111/123 3615/1109/103 
f 3615/1109/103 3552/1108/103 3551/1110/102 
f 3551/1110/102 3548/1113/101 3617/1112/101 
f 3617/1112/101 3616/1111/123 3551/1110/102 
f 3545/1114/99 3618/1115/99 3617/1112/101 
f 3617/1112/101 3548/1113/101 3545/1114/99 
f 3544/1117/100 3619/1116/100 3618/1115/99 
f 3618/1115/99 3545/1114/99 3544/1117/100 
f 3619/1116/100 3544/1117/100 3583/1118/118 
f 3583/1118/118 3620/1119/118 3619/1116/100 
f 3583/1118/118 3580/1121/117 3621/1120/117 
f 3621/1120/117 3620/1119/118 3583/1118/118 
f 3580/1121/117 3578/1122/116 3622/1123/116 
f 3622/1123/116 3621/1120/117 3580/1121/117 
f 3622/1123/116 3578/1122/116 3576/1124/115 
f 3576/1124/115 3623/1125/129 3622/1123/116 
f 3575/1086/114 3605/1085/114 3623/1125/129 
f 3623/1125/129 3576/1124/115 3575/1086/114 
f 3607/1091/111 3536/1026/127 3537/1029/133 
f 3537/1029/133 3606/1089/133 3607/1091/111 
f 3607/1091/111 3608/1093/126 3535/1024/126 
f 3535/1024/126 3536/1026/127 3607/1091/111 
f 3609/1094/134 3534/1022/109 3535/1024/126 
f 3535/1024/126 3608/1093/126 3609/1094/134 
f 3609/1094/134 3610/1097/135 3533/1021/108 
f 3533/1021/108 3534/1022/109 3609/1094/134 
f 3611/1098/107 3532/1019/107 3533/1021/108 
f 3533/1021/108 3610/1097/135 3611/1098/107 
f 3611/1098/107 3612/1101/106 3531/1017/106 
f 3531/1017/106 3532/1019/107 3611/1098/107 
f 3613/1103/124 3530/1012/124 3531/1017/106 
f 3531/1017/106 3612/1101/106 3613/1103/124 
f 3617/1112/101 3526/1005/101 3527/1006/123 
f 3527/1006/123 3616/1111/123 3617/1112/101 
f 3617/1112/101 3618/1115/99 3525/1002/99 
f 3525/1002/99 3526/1005/101 3617/1112/101 
f 3619/1116/100 3524/1003/100 3525/1002/99 
f 3525/1002/99 3618/1115/99 3619/1116/100 
f 3619/1116/100 3620/1119/118 3543/1040/118 
f 3543/1040/118 3524/1003/100 3619/1116/100 
f 3621/1120/117 3542/1039/117 3543/1040/118 
f 3543/1040/118 3620/1119/118 3621/1120/117 
f 3621/1120/117 3622/1123/116 3541/1036/116 
f 3541/1036/116 3542/1039/117 3621/1120/117 
f 3623/1125/129 3540/1035/129 3541/1036/116 
f 3541/1036/116 3622/1123/116 3623/1125/129 
f 3624/1127/119 3604/1126/119 3625/1129/119 
f 3604/1126/119 3624/1127/119 3605/1128/119 
f 3626/1130/119 3604/1126/119 3606/1131/119 
f 3604/1126/119 3626/1130/119 3625/1129/119 
f 3627/1105/119 3628/1103/119 3613/1103/119 
f 3613/1103/119 3614/1105/119 3627/1105/119 
f 3627/1106/119 3614/1106/119 3615/1109/119 
f 3615/1109/119 3629/1109/119 3627/1106/119 
f 3630/1111/119 3629/1109/119 3615/1109/119 
f 3615/1109/119 3616/1111/119 3630/1111/119 
f 3624/1127/119 3623/1132/119 3605/1128/119 
f 3623/1132/119 3624/1127/119 3631/1133/119 
f 3632/1127/121 3633/1129/121 3538/1126/121 
f 3538/1126/121 3539/1128/121 3632/1127/121 
f 3537/1134/117 3634/1135/117 3626/1136/117 
f 3626/1136/117 3606/1137/117 3537/1134/117 
f 3634/1130/121 3537/1131/121 3538/1126/121 
f 3538/1126/121 3633/1129/121 3634/1130/121 
f 3530/1012/99 3613/1103/99 3628/1103/99 
f 3628/1103/99 3635/1012/99 3530/1012/99 
f 3636/1013/121 3529/1013/121 3530/1012/121 
f 3530/1012/121 3635/1012/121 3636/1013/121 
f 3636/1011/121 3637/1008/122 3528/1008/122 
f 3528/1008/122 3529/1011/121 3636/1011/121 
f 3527/1006/107 3638/1006/107 3630/1111/107 
f 3630/1111/107 3616/1111/107 3527/1006/107 
f 3638/1006/122 3527/1006/122 3528/1008/122 
f 3528/1008/122 3637/1008/122 3638/1006/122 
f 3631/1136/110 3540/1134/110 3623/1137/110 
f 3540/1134/110 3631/1136/110 3639/1135/110 
f 3632/1127/121 3539/1128/121 3540/1132/121 
f 3540/1132/121 3639/1133/121 3632/1127/121 
f 3640/657/119 3641/658/119 3642/659/119 
f 3642/659/119 3643/660/119 3644/661/119 
f 3640/657/119 3642/659/119 3644/661/119 
f 3645/662/119 3646/663/119 3647/664/119 
f 3645/662/119 3647/664/119 3648/665/119 
f 3648/665/119 3649/666/119 3650/667/119 
f 3650/667/119 3651/668/119 3652/669/119 
f 3648/665/119 3650/667/119 3652/669/119 
f 3652/669/119 3653/670/119 3654/671/119 
f 3648/665/119 3652/669/119 3654/671/119 
f 3645/662/119 3648/665/119 3654/671/119 
f 3644/661/119 3645/662/119 3654/671/119 
f 3640/657/119 3644/661/119 3654/671/119 
f 3654/671/119 3655/672/119 3656/673/119 
f 3654/671/119 3656/673/119 3657/654/119 
f 3640/657/119 3654/671/119 3657/654/119 
f 3658/656/119 3640/657/119 3657/654/119 
f 3658/656/119 3657/654/119 3659/655/119 
f 3654/674/187 3653/675/188 3660/676/121 
f 3653/675/188 3652/677/189 3660/676/121 
f 3652/677/189 3651/678/190 3660/676/121 
f 3651/678/190 3650/679/191 3660/676/121 
f 3650/679/191 3649/680/192 3660/676/121 
f 3649/680/192 3648/681/193 3660/676/121 
f 3648/681/193 3647/682/194 3660/676/121 
f 3647/682/194 3646/683/195 3660/676/121 
f 3646/683/195 3645/684/196 3660/676/121 
f 3645/684/196 3644/685/197 3660/676/121 
f 3644/685/197 3643/686/198 3660/676/121 
f 3643/686/198 3642/687/199 3660/676/121 
f 3642/687/199 3641/688/200 3660/676/121 
f 3641/688/200 3640/689/201 3660/676/121 
f 3640/689/201 3658/690/202 3660/676/121 
f 3658/690/202 3659/691/203 3660/676/121 
f 3659/691/203 3657/692/204 3660/676/121 
f 3657/692/204 3656/693/205 3660/676/121 
f 3656/693/205 3655/694/206 3660/676/121 
f 3655/694/206 3654/674/187 3660/676/121 
f 3661/1164/156 3662/1165/156 3663/1162/156 
f 3663/1162/156 3664/1163/156 3661/1164/156 
f 3665/1167/156 3666/1163/156 3667/1162/156 
f 3667/1162/156 3668/1166/156 3665/1167/156 
f 3669/1163/156 3670/1163/156 3671/1162/156 
f 3671/1162/156 3672/1162/156 3669/1163/156 
f 3673/1167/156 3674/1167/156 3675/1163/156 
f 3675/1163/156 3669/1163/156 3673/1167/156 
f 3676/1163/156 3670/1163/156 3669/1163/156 
f 3669/1163/156 3675/1163/156 3676/1163/156 
f 3676/1163/156 3677/1164/156 3678/1164/156 
f 3678/1164/156 3670/1163/156 3676/1163/156 
f 3679/1168/156 3680/1169/156 3681/1163/156 
f 3681/1163/156 3682/1167/156 3679/1168/156 
f 3675/1163/156 3683/1169/156 3684/1169/156 
f 3684/1169/156 3676/1163/156 3675/1163/156 
f 3685/1164/156 3686/1163/156 3687/1169/156 
f 3687/1169/156 3688/1170/156 3685/1164/156 
f 3663/1162/157 3671/1162/157 3670/1163/157 
f 3670/1163/157 3664/1163/157 3663/1162/157 
f 3672/1162/158 3667/1162/158 3666/1163/158 
f 3666/1163/158 3669/1163/158 3672/1162/158 
f 3682/1167/119 3681/1163/119 3675/1163/119 
f 3675/1163/119 3674/1167/119 3682/1167/119 
f 3669/1163/121 3666/1163/121 3665/1167/121 
f 3665/1167/121 3673/1167/121 3669/1163/121 
f 3686/1163/119 3685/1164/119 3677/1164/119 
f 3677/1164/119 3676/1163/119 3686/1163/119 
f 3661/1164/121 3664/1163/121 3670/1163/121 
f 3670/1163/121 3678/1164/121 3661/1164/121 
f 3686/1163/157 3676/1163/157 3684/1169/157 
f 3684/1169/157 3687/1169/157 3686/1163/157 
f 3681/1163/158 3680/1169/158 3683/1169/158 
f 3683/1169/158 3675/1163/158 3681/1163/158 
f 3689/1171/159 3690/1172/159 3691/1173/159 
f 3691/1173/159 3692/1174/159 3689/1171/159 
f 3693/1172/159 3694/1171/159 3695/1175/159 
f 3695/1175/159 3696/1176/159 3693/1172/159 
f 3697/1172/159 3698/1172/159 3699/1171/159 
f 3699/1171/159 3700/1171/159 3697/1172/159 
f 3697/1172/159 3701/1176/159 3702/1176/159 
f 3702/1176/159 3703/1172/159 3697/1172/159 
f 3704/1172/159 3698/1172/159 3697/1172/159 
f 3697/1172/159 3703/1172/159 3704/1172/159 
f 3704/1172/159 3705/1173/159 3706/1173/159 
f 3706/1173/159 3698/1172/159 3704/1172/159 
f 3707/1178/159 3708/1177/159 3709/1172/159 
f 3709/1172/159 3710/1176/159 3707/1178/159 
f 3703/1172/159 3711/1177/159 3712/1177/159 
f 3712/1177/159 3704/1172/159 3703/1172/159 
f 3713/1177/159 3714/1179/159 3715/1173/159 
f 3715/1173/159 3716/1172/159 3713/1177/159 
f 3698/1172/158 3690/1172/158 3689/1171/158 
f 3689/1171/158 3699/1171/158 3698/1172/158 
f 3693/1172/157 3697/1172/157 3700/1171/157 
f 3700/1171/157 3694/1171/157 3693/1172/157 
f 3710/1176/119 3709/1172/119 3703/1172/119 
f 3703/1172/119 3702/1176/119 3710/1176/119 
f 3696/1176/121 3701/1176/121 3697/1172/121 
f 3697/1172/121 3693/1172/121 3696/1176/121 
f 3716/1172/119 3715/1173/119 3705/1173/119 
f 3705/1173/119 3704/1172/119 3716/1172/119 
f 3698/1172/121 3706/1173/121 3691/1173/121 
f 3691/1173/121 3690/1172/121 3698/1172/121 
f 3712/1177/158 3713/1177/158 3716/1172/158 
f 3716/1172/158 3704/1172/158 3712/1177/158 
f 3709/1172/157 3708/1177/157 3711/1177/157 
f 3711/1177/157 3703/1172/157 3709/1172/157 
# 2268 faces

#
# object Ground_and_Fountain
#

v  -29.06 0.28 -37.84
v  -29.06 0.28 37.43
v  -3.49 0.28 37.43
v  -3.49 0.28 -37.84
v  2.68 0.28 -37.84
v  2.68 0.28 37.43
v  29.05 0.28 37.43
v  29.05 0.28 -37.84
v  12.97 0.83 4.95
v  13.09 0.65 4.95
v  13.02 0.65 4.76
v  12.93 0.83 4.84
v  13.14 2.22 4.95
v  13.06 2.22 4.73
v  12.92 2.24 4.84
v  12.96 2.24 4.95
v  13.11 3.07 4.68
v  12.98 3.04 4.79
v  13.04 3.04 4.95
v  13.21 3.07 4.95
v  12.40 3.07 5.09
v  12.58 3.07 5.31
v  12.67 3.04 5.17
v  12.56 3.04 5.04
v  12.71 3.23 4.98
v  12.75 3.23 5.03
v  12.73 3.42 5.07
v  12.67 3.42 5.00
v  12.81 3.23 5.04
v  12.86 3.23 5.01
v  12.89 3.42 5.04
v  12.81 3.42 5.08
v  12.88 3.23 4.95
v  12.92 3.42 4.95
v  12.85 3.62 4.95
v  12.84 3.62 4.99
v  12.80 3.62 5.01
v  12.76 3.62 5.00
v  12.73 3.62 4.97
v  12.84 3.04 5.20
v  12.86 3.07 5.36
v  13.11 3.07 5.22
v  12.98 3.04 5.11
v  12.84 3.18 5.25
v  13.02 3.18 5.14
v  13.09 3.18 4.95
v  12.51 3.18 5.05
v  12.64 3.18 5.21
v  12.58 3.07 4.59
v  12.40 3.07 4.81
v  12.56 3.04 4.87
v  12.67 3.04 4.73
v  12.75 3.23 4.88
v  12.71 3.23 4.92
v  12.67 3.42 4.91
v  12.73 3.42 4.84
v  12.73 3.62 4.93
v  12.76 3.62 4.90
v  12.51 3.18 4.85
v  12.64 3.18 4.69
v  12.86 3.23 4.90
v  12.89 3.42 4.87
v  12.81 3.42 4.82
v  12.81 3.23 4.87
v  12.80 3.62 4.89
v  12.84 3.62 4.91
v  12.84 3.04 4.70
v  12.86 3.07 4.54
v  12.84 3.18 4.66
v  13.02 3.18 4.76
v  12.46 2.22 5.07
v  12.62 2.22 5.25
v  12.71 2.24 5.09
v  12.64 2.24 5.01
v  12.71 2.76 5.09
v  12.64 2.76 5.01
v  12.71 2.58 4.98
v  12.75 2.58 5.03
v  12.91 2.76 5.05
v  12.82 2.76 5.11
v  12.81 2.58 5.04
v  12.86 2.58 5.01
v  12.81 2.92 5.08
v  12.89 2.92 5.03
v  12.92 2.92 4.95
v  12.88 2.58 4.95
v  12.95 2.76 4.95
v  12.67 2.92 4.99
v  12.73 2.92 5.06
v  12.85 2.22 5.29
v  13.06 2.22 5.18
v  12.92 2.24 5.06
v  12.82 2.24 5.11
v  12.82 2.39 5.09
v  12.90 2.39 5.04
v  12.93 2.39 4.95
v  12.66 2.39 5.00
v  12.72 2.39 5.07
v  12.91 2.76 4.85
v  12.86 2.58 4.89
v  12.71 2.76 4.81
v  12.75 2.58 4.87
v  12.71 2.58 4.92
v  12.64 2.76 4.90
v  12.73 2.92 4.84
v  12.67 2.92 4.91
v  12.82 2.76 4.79
v  12.81 2.58 4.86
v  12.81 2.92 4.83
v  12.89 2.92 4.87
v  12.71 2.24 4.81
v  12.62 2.22 4.65
v  12.46 2.22 4.83
v  12.64 2.24 4.89
v  12.72 2.39 4.83
v  12.66 2.39 4.90
v  12.82 2.24 4.79
v  12.85 2.22 4.61
v  12.82 2.39 4.81
v  12.90 2.39 4.86
v  13.13 1.91 4.95
v  13.05 1.91 4.73
v  12.93 1.81 4.83
v  12.97 1.81 4.95
v  12.47 1.91 5.07
v  12.62 1.91 5.24
v  12.70 1.81 5.11
v  12.62 1.81 5.01
v  12.19 2.18 5.17
v  12.12 2.09 5.20
v  12.43 2.09 5.57
v  12.47 2.18 5.51
v  12.92 2.09 5.66
v  13.34 2.09 5.41
v  13.29 2.18 5.37
v  12.90 2.18 5.59
v  13.44 2.18 4.95
v  13.51 2.09 4.95
v  12.85 1.91 5.28
v  13.05 1.91 5.17
v  12.93 1.81 5.07
v  12.82 1.81 5.13
v  13.18 2.00 5.28
v  12.88 2.00 5.46
v  13.30 2.00 4.95
v  12.54 2.00 5.40
v  12.31 2.00 5.13
v  12.62 1.91 4.66
v  12.47 1.91 4.84
v  12.62 1.81 4.89
v  12.70 1.81 4.79
v  12.47 2.18 4.39
v  12.43 2.09 4.33
v  12.12 2.09 4.71
v  12.19 2.18 4.73
v  12.54 2.00 4.51
v  12.31 2.00 4.78
v  13.34 2.09 4.49
v  13.29 2.18 4.54
v  12.90 2.18 4.32
v  12.92 2.09 4.24
v  12.82 1.81 4.77
v  12.85 1.91 4.62
v  12.88 2.00 4.45
v  13.18 2.00 4.62
v  12.62 0.83 5.01
v  12.51 0.65 5.05
v  12.64 0.65 5.21
v  12.70 0.83 5.11
v  12.61 1.38 5.02
v  12.52 1.22 5.05
v  12.65 1.22 5.20
v  12.70 1.38 5.11
v  12.84 1.22 5.24
v  13.01 1.22 5.14
v  12.94 1.38 5.07
v  12.82 1.38 5.14
v  12.93 1.60 5.07
v  12.82 1.60 5.13
v  12.97 1.60 4.95
v  13.08 1.22 4.95
v  12.98 1.38 4.95
v  12.62 1.60 5.01
v  12.70 1.60 5.11
v  12.82 0.83 5.13
v  12.84 0.65 5.25
v  13.02 0.65 5.14
v  12.93 0.83 5.07
v  12.84 1.00 5.20
v  12.99 1.00 5.12
v  13.05 1.00 4.95
v  12.55 1.00 5.04
v  12.66 1.00 5.17
v  13.01 1.22 4.76
v  12.94 1.38 4.83
v  12.70 1.38 4.79
v  12.65 1.22 4.70
v  12.52 1.22 4.85
v  12.61 1.38 4.89
v  12.70 1.60 4.80
v  12.62 1.60 4.89
v  12.82 1.38 4.77
v  12.84 1.22 4.67
v  12.82 1.60 4.77
v  12.93 1.60 4.84
v  12.70 0.83 4.80
v  12.64 0.65 4.69
v  12.51 0.65 4.85
v  12.62 0.83 4.89
v  12.66 1.00 4.73
v  12.55 1.00 4.86
v  12.82 0.83 4.77
v  12.84 0.65 4.66
v  12.84 1.00 4.70
v  12.99 1.00 4.79
v  13.19 0.43 5.33
v  13.19 0.64 5.33
v  12.36 0.64 5.33
v  12.36 0.43 5.33
v  12.36 0.64 4.55
v  13.19 0.64 4.55
v  13.19 0.43 4.55
v  12.36 0.43 4.55
v  14.73 0.23 3.01
v  12.79 0.23 2.21
v  12.79 0.54 2.21
v  14.73 0.54 3.01
v  10.85 0.23 3.01
v  10.85 0.54 3.01
v  10.05 0.23 4.95
v  10.05 0.54 4.95
v  10.85 0.23 6.89
v  10.85 0.54 6.89
v  12.79 0.23 7.69
v  12.79 0.54 7.69
v  14.73 0.23 6.89
v  14.73 0.54 6.89
v  15.53 0.23 4.95
v  15.53 0.54 4.95
v  12.79 0.47 7.25
v  14.42 0.47 6.58
v  15.09 0.47 4.95
v  14.42 0.47 3.32
v  12.79 0.47 2.65
v  11.16 0.47 3.32
v  10.49 0.47 4.95
v  11.16 0.47 6.58
v  12.79 0.54 2.45
v  14.56 0.54 3.18
v  11.02 0.54 3.18
v  10.29 0.54 4.95
v  11.02 0.54 6.72
v  12.79 0.54 7.45
v  14.56 0.54 6.72
v  15.29 0.54 4.95
v  -12.76 0.65 4.76
v  -12.85 0.83 4.84
v  -12.81 0.83 4.95
v  -12.69 0.65 4.95
v  -12.86 2.24 4.84
v  -12.82 2.24 4.95
v  -12.64 2.22 4.95
v  -12.72 2.22 4.73
v  -12.57 3.07 4.95
v  -12.67 3.07 4.68
v  -12.79 3.04 4.79
v  -12.74 3.04 4.95
v  -13.38 3.07 5.09
v  -13.20 3.07 5.31
v  -13.11 3.04 5.17
v  -13.22 3.04 5.04
v  -13.11 3.42 5.00
v  -13.07 3.23 4.98
v  -13.03 3.23 5.03
v  -13.05 3.42 5.07
v  -12.96 3.42 5.08
v  -12.97 3.23 5.04
v  -12.92 3.23 5.01
v  -12.89 3.42 5.04
v  -12.86 3.42 4.95
v  -12.90 3.23 4.95
v  -12.94 3.62 4.99
v  -12.93 3.62 4.95
v  -12.98 3.62 5.01
v  -13.02 3.62 5.00
v  -13.04 3.62 4.97
v  -12.91 3.07 5.36
v  -12.67 3.07 5.22
v  -12.79 3.04 5.11
v  -12.94 3.04 5.20
v  -12.94 3.18 5.25
v  -12.76 3.18 5.14
v  -12.69 3.18 4.95
v  -13.27 3.18 5.05
v  -13.14 3.18 5.21
v  -13.20 3.07 4.59
v  -13.38 3.07 4.81
v  -13.22 3.04 4.87
v  -13.11 3.04 4.73
v  -13.05 3.42 4.84
v  -13.03 3.23 4.88
v  -13.07 3.23 4.92
v  -13.11 3.42 4.91
v  -13.04 3.62 4.93
v  -13.02 3.62 4.90
v  -13.14 3.18 4.69
v  -13.27 3.18 4.85
v  -12.92 3.23 4.90
v  -12.89 3.42 4.87
v  -12.97 3.23 4.87
v  -12.96 3.42 4.82
v  -12.98 3.62 4.89
v  -12.94 3.62 4.91
v  -12.91 3.07 4.54
v  -12.94 3.04 4.70
v  -12.94 3.18 4.66
v  -12.76 3.18 4.76
v  -13.14 2.24 5.01
v  -13.31 2.22 5.07
v  -13.16 2.22 5.25
v  -13.07 2.24 5.09
v  -13.03 2.58 5.03
v  -13.07 2.76 5.09
v  -13.14 2.76 5.01
v  -13.07 2.58 4.98
v  -12.96 2.76 5.11
v  -12.97 2.58 5.04
v  -12.92 2.58 5.01
v  -12.86 2.76 5.05
v  -12.97 2.92 5.08
v  -12.89 2.92 5.03
v  -12.86 2.92 4.95
v  -12.83 2.76 4.95
v  -12.90 2.58 4.95
v  -13.05 2.92 5.06
v  -13.11 2.92 4.99
v  -12.93 2.22 5.29
v  -12.72 2.22 5.18
v  -12.86 2.24 5.06
v  -12.96 2.24 5.11
v  -12.96 2.39 5.09
v  -12.88 2.39 5.04
v  -12.85 2.39 4.95
v  -13.12 2.39 5.00
v  -13.06 2.39 5.07
v  -12.86 2.76 4.85
v  -12.92 2.58 4.89
v  -13.07 2.58 4.92
v  -13.14 2.76 4.90
v  -13.07 2.76 4.81
v  -13.03 2.58 4.87
v  -13.05 2.92 4.84
v  -13.11 2.92 4.91
v  -12.96 2.76 4.79
v  -12.97 2.58 4.86
v  -12.97 2.92 4.83
v  -12.89 2.92 4.87
v  -13.31 2.22 4.83
v  -13.14 2.24 4.89
v  -13.07 2.24 4.81
v  -13.16 2.22 4.65
v  -13.06 2.39 4.83
v  -13.12 2.39 4.90
v  -12.96 2.24 4.79
v  -12.93 2.22 4.61
v  -12.96 2.39 4.81
v  -12.88 2.39 4.86
v  -12.65 1.91 4.95
v  -12.73 1.91 4.73
v  -12.85 1.81 4.83
v  -12.80 1.81 4.95
v  -13.08 1.81 5.11
v  -13.16 1.81 5.01
v  -13.30 1.91 5.07
v  -13.16 1.91 5.24
v  -13.35 2.09 5.57
v  -13.31 2.18 5.51
v  -13.59 2.18 5.17
v  -13.66 2.09 5.20
v  -12.86 2.09 5.66
v  -12.44 2.09 5.41
v  -12.49 2.18 5.37
v  -12.88 2.18 5.59
v  -12.27 2.09 4.95
v  -12.34 2.18 4.95
v  -12.93 1.91 5.28
v  -12.73 1.91 5.17
v  -12.85 1.81 5.07
v  -12.96 1.81 5.13
v  -12.59 2.00 5.28
v  -12.90 2.00 5.46
v  -12.47 2.00 4.95
v  -13.24 2.00 5.40
v  -13.47 2.00 5.13
v  -13.30 1.91 4.84
v  -13.16 1.81 4.89
v  -13.08 1.81 4.79
v  -13.16 1.91 4.66
v  -13.35 2.09 4.33
v  -13.66 2.09 4.71
v  -13.59 2.18 4.73
v  -13.31 2.18 4.39
v  -13.47 2.00 4.78
v  -13.24 2.00 4.51
v  -12.44 2.09 4.49
v  -12.49 2.18 4.54
v  -12.88 2.18 4.32
v  -12.86 2.09 4.24
v  -12.96 1.81 4.77
v  -12.93 1.91 4.62
v  -12.90 2.00 4.45
v  -12.59 2.00 4.62
v  -13.27 0.65 5.05
v  -13.14 0.65 5.21
v  -13.08 0.83 5.11
v  -13.16 0.83 5.01
v  -13.13 1.22 5.20
v  -13.08 1.38 5.11
v  -13.16 1.38 5.02
v  -13.26 1.22 5.05
v  -12.84 1.38 5.07
v  -12.95 1.38 5.14
v  -12.94 1.22 5.24
v  -12.76 1.22 5.14
v  -12.85 1.60 5.07
v  -12.96 1.60 5.13
v  -12.81 1.60 4.95
v  -12.80 1.38 4.95
v  -12.70 1.22 4.95
v  -13.16 1.60 5.01
v  -13.08 1.60 5.11
v  -12.85 0.83 5.07
v  -12.96 0.83 5.13
v  -12.93 0.65 5.25
v  -12.76 0.65 5.14
v  -12.94 1.00 5.20
v  -12.79 1.00 5.12
v  -12.73 1.00 4.95
v  -13.23 1.00 5.04
v  -13.11 1.00 5.17
v  -12.76 1.22 4.76
v  -12.84 1.38 4.83
v  -13.26 1.22 4.85
v  -13.16 1.38 4.89
v  -13.08 1.38 4.79
v  -13.13 1.22 4.70
v  -13.16 1.60 4.89
v  -13.08 1.60 4.80
v  -12.95 1.38 4.77
v  -12.94 1.22 4.67
v  -12.96 1.60 4.77
v  -12.85 1.60 4.84
v  -13.08 0.83 4.80
v  -13.14 0.65 4.69
v  -13.27 0.65 4.85
v  -13.16 0.83 4.89
v  -13.11 1.00 4.73
v  -13.23 1.00 4.86
v  -12.96 0.83 4.77
v  -12.93 0.65 4.66
v  -12.94 1.00 4.70
v  -12.79 1.00 4.79
v  -13.42 0.64 5.33
v  -13.42 0.43 5.33
v  -12.59 0.43 5.33
v  -12.59 0.64 5.33
v  -13.42 0.64 4.55
v  -12.59 0.64 4.55
v  -12.59 0.43 4.55
v  -13.42 0.43 4.55
v  -11.05 0.23 3.01
v  -12.99 0.23 2.21
v  -12.99 0.54 2.21
v  -11.05 0.54 3.01
v  -14.93 0.23 3.01
v  -14.93 0.54 3.01
v  -15.73 0.23 4.95
v  -15.73 0.54 4.95
v  -14.93 0.23 6.89
v  -14.93 0.54 6.89
v  -12.99 0.23 7.69
v  -12.99 0.54 7.69
v  -11.05 0.23 6.89
v  -11.05 0.54 6.89
v  -10.25 0.23 4.95
v  -10.25 0.54 4.95
v  -12.99 0.47 7.25
v  -11.36 0.47 6.58
v  -10.69 0.47 4.95
v  -11.36 0.47 3.32
v  -12.99 0.47 2.65
v  -14.61 0.47 3.32
v  -15.29 0.47 4.95
v  -14.61 0.47 6.58
v  -12.99 0.54 2.45
v  -11.22 0.54 3.18
v  -14.76 0.54 3.18
v  -15.49 0.54 4.95
v  -14.76 0.54 6.72
v  -12.99 0.54 7.45
v  -11.22 0.54 6.72
v  -10.48 0.54 4.95
# 502 vertices

vn 0.00 1.00 -0.00
vn 0.99 0.11 -0.00
vn 0.82 0.57 -0.00
vn 0.63 0.57 -0.53
vn 0.76 0.11 -0.64
vn 0.13 0.99 -0.00
vn 0.10 0.99 -0.09
vn 0.14 0.99 -0.00
vn -0.16 0.98 0.13
vn -0.21 0.98 -0.00
vn 0.19 0.98 -0.07
vn 0.10 0.98 -0.18
vn -0.91 -0.24 0.33
vn -0.49 -0.24 0.84
vn -0.50 0.05 0.86
vn -0.94 0.05 0.34
vn 0.17 -0.24 0.96
vn 0.74 -0.24 0.62
vn 0.76 0.05 0.64
vn 0.17 0.05 0.98
vn 0.97 -0.24 -0.00
vn 1.00 0.05 -0.00
vn 0.94 0.34 0.00
vn 0.72 0.34 0.60
vn 0.16 0.34 0.93
vn -0.47 0.34 0.81
vn -0.88 0.34 0.32
vn -0.04 0.98 -0.20
vn -0.16 0.98 -0.13
vn 0.19 0.97 0.16
vn 0.04 0.97 0.25
vn 0.08 0.89 0.45
vn 0.35 0.89 0.29
vn 0.46 0.89 -0.00
vn 0.25 0.97 -0.00
vn 0.49 0.77 0.41
vn 0.64 0.77 -0.00
vn 0.11 0.77 0.63
vn -0.43 0.89 0.16
vn -0.23 0.89 0.40
vn -0.13 0.97 0.22
vn -0.24 0.97 0.09
vn -0.32 0.77 0.56
vn -0.60 0.77 0.22
vn 0.10 0.98 0.18
vn 0.19 0.98 0.07
vn -0.49 -0.24 -0.84
vn -0.91 -0.24 -0.33
vn -0.94 0.05 -0.34
vn -0.50 0.05 -0.86
vn -0.88 0.34 -0.32
vn -0.47 0.34 -0.81
vn -0.43 0.89 -0.16
vn -0.24 0.97 -0.09
vn -0.13 0.97 -0.22
vn -0.23 0.89 -0.40
vn -0.60 0.77 -0.22
vn -0.32 0.77 -0.56
vn 0.74 -0.24 -0.62
vn 0.76 0.05 -0.64
vn 0.17 0.05 -0.98
vn 0.17 -0.24 -0.96
vn 0.16 0.34 -0.93
vn 0.72 0.34 -0.60
vn -0.04 0.98 0.20
vn 0.08 0.89 -0.45
vn 0.04 0.97 -0.25
vn 0.11 0.77 -0.63
vn 0.35 0.89 -0.29
vn 0.19 0.97 -0.16
vn 0.49 0.77 -0.41
vn -0.13 0.99 0.05
vn -0.07 0.99 0.12
vn -0.50 -0.08 0.86
vn -0.94 -0.08 0.34
vn -0.94 -0.06 0.34
vn -0.50 -0.06 0.86
vn 0.76 -0.08 0.64
vn 0.17 -0.08 0.98
vn 0.17 -0.06 0.98
vn 0.76 -0.06 0.64
vn 0.12 -0.71 0.69
vn 0.17 -0.29 0.94
vn 0.73 -0.29 0.62
vn 0.54 -0.71 0.45
vn 0.96 -0.29 -0.00
vn 0.70 -0.71 -0.00
vn 1.00 -0.06 -0.00
vn 1.00 -0.08 -0.00
vn -0.35 -0.71 0.61
vn -0.66 -0.71 0.24
vn -0.90 -0.29 0.33
vn -0.48 -0.29 0.83
vn 0.02 0.99 0.13
vn 0.10 0.99 0.09
vn 0.17 0.21 0.96
vn 0.75 0.21 0.63
vn 0.98 0.21 -0.00
vn 0.75 0.17 0.63
vn 0.99 0.17 -0.00
vn 0.17 0.17 0.97
vn -0.92 0.21 0.33
vn -0.49 0.21 0.85
vn -0.49 0.17 0.85
vn -0.93 0.17 0.34
vn 0.76 -0.08 -0.64
vn 0.76 -0.06 -0.64
vn -0.50 -0.08 -0.86
vn -0.50 -0.06 -0.86
vn -0.94 -0.06 -0.34
vn -0.94 -0.08 -0.34
vn -0.66 -0.71 -0.24
vn -0.35 -0.71 -0.61
vn -0.48 -0.29 -0.83
vn -0.90 -0.29 -0.33
vn 0.17 -0.08 -0.98
vn 0.17 -0.06 -0.98
vn 0.17 -0.29 -0.94
vn 0.12 -0.71 -0.69
vn 0.73 -0.29 -0.62
vn 0.54 -0.71 -0.45
vn -0.07 0.99 -0.12
vn -0.13 0.99 -0.05
vn -0.49 0.21 -0.85
vn -0.92 0.21 -0.33
vn -0.93 0.17 -0.34
vn -0.49 0.17 -0.85
vn 0.02 0.99 -0.13
vn 0.17 0.21 -0.96
vn 0.17 0.17 -0.97
vn 0.75 0.21 -0.63
vn 0.75 0.17 -0.63
vn -0.49 0.87 0.00
vn -0.38 0.87 0.32
vn -0.41 0.84 0.35
vn -0.54 0.84 0.00
vn 0.46 0.87 -0.17
vn 0.25 0.87 -0.43
vn 0.27 0.84 -0.47
vn 0.51 0.84 -0.18
vn -0.45 0.88 0.16
vn -0.72 0.64 0.26
vn -0.38 0.64 0.67
vn -0.24 0.88 0.41
vn 0.13 0.64 0.76
vn 0.59 0.64 0.49
vn 0.37 0.88 0.31
vn 0.08 0.88 0.47
vn 0.48 0.88 -0.00
vn 0.77 0.64 -0.00
vn -0.09 0.87 -0.49
vn -0.38 0.87 -0.32
vn -0.41 0.84 -0.35
vn -0.09 0.84 -0.53
vn -0.30 0.92 -0.25
vn -0.32 0.91 -0.27
vn -0.07 0.91 -0.42
vn -0.07 0.92 -0.39
vn -0.40 0.92 0.00
vn -0.42 0.91 -0.00
vn 0.37 0.92 -0.14
vn 0.20 0.92 -0.34
vn 0.21 0.91 -0.37
vn 0.40 0.91 -0.14
vn 0.25 0.87 0.43
vn 0.46 0.87 0.17
vn 0.51 0.84 0.18
vn 0.27 0.84 0.47
vn -0.24 0.88 -0.41
vn -0.38 0.64 -0.67
vn -0.72 0.64 -0.26
vn -0.45 0.88 -0.16
vn 0.21 0.91 0.37
vn 0.20 0.92 0.34
vn 0.37 0.92 0.14
vn 0.40 0.91 0.14
vn 0.59 0.64 -0.49
vn 0.37 0.88 -0.31
vn 0.08 0.88 -0.47
vn 0.13 0.64 -0.76
vn -0.09 0.84 0.53
vn -0.09 0.87 0.49
vn -0.07 0.91 0.42
vn -0.07 0.92 0.39
vn -0.30 0.92 0.25
vn -0.32 0.91 0.27
vn -0.93 0.11 0.34
vn -0.77 0.57 0.28
vn -0.41 0.57 0.71
vn -0.50 0.11 0.86
vn -0.90 0.30 0.33
vn -0.92 0.20 0.33
vn -0.49 0.20 0.85
vn -0.48 0.30 0.83
vn 0.17 0.20 0.96
vn 0.75 0.20 0.63
vn 0.73 0.30 0.61
vn 0.17 0.30 0.94
vn 0.77 0.01 0.64
vn 0.77 -0.01 0.64
vn 0.17 -0.01 0.98
vn 0.17 0.01 0.98
vn 1.00 0.01 -0.00
vn 1.00 -0.01 -0.00
vn 0.98 0.20 -0.00
vn 0.95 0.30 -0.00
vn -0.94 0.01 0.34
vn -0.50 0.01 0.87
vn -0.50 -0.01 0.87
vn -0.94 -0.01 0.34
vn 0.17 0.11 0.98
vn 0.14 0.57 0.81
vn 0.63 0.57 0.53
vn 0.76 0.11 0.64
vn 0.17 -0.28 0.95
vn 0.74 -0.28 0.62
vn 0.96 -0.28 -0.00
vn -0.90 -0.28 0.33
vn -0.48 -0.28 0.83
vn 0.75 0.20 -0.63
vn 0.73 0.30 -0.61
vn -0.48 0.30 -0.83
vn -0.49 0.20 -0.85
vn -0.92 0.20 -0.33
vn -0.90 0.30 -0.33
vn -0.50 -0.01 -0.87
vn -0.50 0.01 -0.87
vn -0.94 0.01 -0.34
vn -0.94 -0.01 -0.34
vn 0.17 0.30 -0.94
vn 0.17 0.20 -0.96
vn 0.17 0.01 -0.98
vn 0.17 -0.01 -0.98
vn 0.77 0.01 -0.64
vn 0.77 -0.01 -0.64
vn -0.50 0.11 -0.86
vn -0.41 0.57 -0.71
vn -0.77 0.57 -0.28
vn -0.93 0.11 -0.34
vn -0.48 -0.28 -0.83
vn -0.90 -0.28 -0.33
vn 0.17 0.11 -0.98
vn 0.14 0.57 -0.81
vn 0.17 -0.28 -0.95
vn 0.74 -0.28 -0.62
vn 0.00 0.00 1.00
vn 0.00 0.00 -1.00
vn 1.00 0.00 -0.00
vn -1.00 0.00 -0.00
vn 0.38 0.00 -0.92
vn -0.38 0.00 -0.92
vn -0.92 0.00 -0.38
vn -0.92 0.00 0.38
vn -0.38 0.00 0.92
vn 0.38 0.00 0.92
vn 0.92 0.00 0.38
vn 0.92 0.00 -0.38
vn 0.00 0.95 0.33
vn -0.23 0.95 0.23
vn 0.23 0.95 0.23
vn 0.33 0.95 -0.00
vn 0.23 0.95 -0.23
vn 0.00 0.95 -0.33
vn -0.23 0.95 -0.23
vn -0.33 0.95 -0.00
vn -0.49 0.87 -0.00
vn -0.54 0.84 -0.00
vn -0.40 0.92 -0.00
# 268 vertex normals

vt 0.01 0.87 0.00
vt 0.01 0.02 0.00
vt 0.30 0.02 0.00
vt 0.30 0.87 0.00
vt 0.37 0.87 0.00
vt 0.37 0.02 0.00
vt 0.67 0.02 0.00
vt 0.67 0.87 0.00
vt 0.89 0.04 0.00
vt 0.89 0.01 0.00
vt 0.91 0.01 0.00
vt 0.91 0.04 0.00
vt 0.89 0.77 0.00
vt 0.88 0.80 0.00
vt 0.87 0.79 0.00
vt 0.87 0.78 0.00
vt 0.92 0.50 0.00
vt 0.90 0.50 0.00
vt 0.89 0.47 0.00
vt 0.92 0.46 0.00
vt 0.79 0.50 0.00
vt 0.79 0.46 0.00
vt 0.82 0.47 0.00
vt 0.81 0.50 0.00
vt 0.81 0.18 0.00
vt 0.83 0.18 0.00
vt 0.83 0.22 0.00
vt 0.81 0.22 0.00
vt 0.85 0.18 0.00
vt 0.87 0.18 0.00
vt 0.87 0.22 0.00
vt 0.85 0.22 0.00
vt 0.89 0.18 0.00
vt 0.89 0.22 0.00
vt 0.89 0.27 0.00
vt 0.87 0.27 0.00
vt 0.85 0.27 0.00
vt 0.83 0.27 0.00
vt 0.81 0.27 0.00
vt 0.84 0.45 0.00
vt 0.83 0.42 0.00
vt 0.88 0.42 0.00
vt 0.87 0.45 0.00
vt 0.86 0.62 0.00
vt 0.85 0.62 0.00
vt 0.84 0.59 0.00
vt 0.87 0.59 0.00
vt 0.90 0.61 0.00
vt 0.87 0.63 0.00
vt 0.88 0.57 0.00
vt 0.92 0.60 0.00
vt 0.83 0.57 0.00
vt 0.81 0.64 0.00
vt 0.81 0.61 0.00
vt 0.84 0.63 0.00
vt 0.79 0.60 0.00
vt 0.79 0.64 0.00
vt 0.85 0.56 0.00
vt 0.81 0.54 0.00
vt 0.83 0.52 0.00
vt 0.85 0.53 0.00
vt 0.77 0.18 0.00
vt 0.79 0.18 0.00
vt 0.79 0.22 0.00
vt 0.77 0.22 0.00
vt 0.79 0.27 0.00
vt 0.77 0.27 0.00
vt 0.82 0.67 0.00
vt 0.85 0.64 0.00
vt 0.86 0.65 0.00
vt 0.86 0.68 0.00
vt 0.81 0.69 0.00
vt 0.86 0.70 0.00
vt 0.91 0.18 0.00
vt 0.91 0.22 0.00
vt 0.93 0.22 0.00
vt 0.93 0.18 0.00
vt 0.95 0.18 0.00
vt 0.95 0.22 0.00
vt 0.95 0.27 0.00
vt 0.93 0.27 0.00
vt 0.91 0.27 0.00
vt 0.88 0.52 0.00
vt 0.90 0.55 0.00
vt 0.89 0.67 0.00
vt 0.86 0.64 0.00
vt 0.90 0.69 0.00
vt 0.90 0.64 0.00
vt 0.92 0.64 0.00
vt 0.82 0.77 0.00
vt 0.83 0.75 0.00
vt 0.85 0.77 0.00
vt 0.84 0.78 0.00
vt 0.83 0.12 0.00
vt 0.82 0.12 0.00
vt 0.82 0.08 0.00
vt 0.83 0.08 0.00
vt 0.87 0.12 0.00
vt 0.85 0.12 0.00
vt 0.85 0.08 0.00
vt 0.87 0.08 0.00
vt 0.85 0.17 0.00
vt 0.85 0.15 0.00
vt 0.87 0.15 0.00
vt 0.87 0.17 0.00
vt 0.89 0.15 0.00
vt 0.89 0.17 0.00
vt 0.89 0.08 0.00
vt 0.89 0.12 0.00
vt 0.83 0.17 0.00
vt 0.82 0.17 0.00
vt 0.82 0.15 0.00
vt 0.83 0.15 0.00
vt 0.86 0.74 0.00
vt 0.88 0.75 0.00
vt 0.87 0.77 0.00
vt 0.86 0.76 0.00
vt 0.85 0.05 0.00
vt 0.87 0.05 0.00
vt 0.89 0.05 0.00
vt 0.87 0.02 0.00
vt 0.89 0.02 0.00
vt 0.85 0.02 0.00
vt 0.82 0.05 0.00
vt 0.83 0.05 0.00
vt 0.83 0.02 0.00
vt 0.82 0.02 0.00
vt 0.91 0.12 0.00
vt 0.91 0.08 0.00
vt 0.78 0.12 0.00
vt 0.78 0.08 0.00
vt 0.80 0.08 0.00
vt 0.80 0.12 0.00
vt 0.80 0.17 0.00
vt 0.78 0.17 0.00
vt 0.78 0.15 0.00
vt 0.80 0.15 0.00
vt 0.94 0.12 0.00
vt 0.92 0.12 0.00
vt 0.92 0.08 0.00
vt 0.94 0.08 0.00
vt 0.92 0.15 0.00
vt 0.94 0.15 0.00
vt 0.94 0.17 0.00
vt 0.92 0.17 0.00
vt 0.91 0.15 0.00
vt 0.91 0.17 0.00
vt 0.85 0.79 0.00
vt 0.84 0.81 0.00
vt 0.83 0.80 0.00
vt 0.84 0.79 0.00
vt 0.78 0.05 0.00
vt 0.80 0.05 0.00
vt 0.80 0.02 0.00
vt 0.78 0.02 0.00
vt 0.86 0.79 0.00
vt 0.87 0.81 0.00
vt 0.92 0.05 0.00
vt 0.94 0.05 0.00
vt 0.92 0.02 0.00
vt 0.94 0.02 0.00
vt 0.91 0.05 0.00
vt 0.91 0.02 0.00
vt 0.89 0.94 0.00
vt 0.87 0.96 0.00
vt 0.87 0.94 0.00
vt 0.88 0.93 0.00
vt 0.84 0.90 0.00
vt 0.86 0.89 0.00
vt 0.86 0.91 0.00
vt 0.85 0.91 0.00
vt 0.79 0.77 0.00
vt 0.81 0.72 0.00
vt 0.82 0.73 0.00
vt 0.86 0.71 0.00
vt 0.90 0.73 0.00
vt 0.86 0.72 0.00
vt 0.92 0.77 0.00
vt 0.88 0.90 0.00
vt 0.89 0.92 0.00
vt 0.88 0.92 0.00
vt 0.87 0.91 0.00
vt 0.93 0.91 0.00
vt 0.91 0.91 0.00
vt 0.89 0.88 0.00
vt 0.91 0.87 0.00
vt 0.92 0.96 0.00
vt 0.91 0.95 0.00
vt 0.81 0.87 0.00
vt 0.86 0.85 0.00
vt 0.86 0.87 0.00
vt 0.82 0.88 0.00
vt 0.83 0.94 0.00
vt 0.82 0.92 0.00
vt 0.84 0.92 0.00
vt 0.84 0.93 0.00
vt 0.83 0.84 0.00
vt 0.79 0.81 0.00
vt 0.80 0.81 0.00
vt 0.81 0.95 0.00
vt 0.79 0.96 0.00
vt 0.78 0.91 0.00
vt 0.81 0.92 0.00
vt 0.92 0.81 0.00
vt 0.91 0.81 0.00
vt 0.88 0.84 0.00
vt 0.85 0.94 0.00
vt 0.85 0.96 0.00
vt 0.84 0.98 0.00
vt 0.83 0.99 0.00
vt 0.89 0.99 0.00
vt 0.88 0.97 0.00
vt 0.81 0.04 0.00
vt 0.81 0.01 0.00
vt 0.83 0.01 0.00
vt 0.83 0.04 0.00
vt 0.81 0.11 0.00
vt 0.81 0.09 0.00
vt 0.83 0.09 0.00
vt 0.83 0.11 0.00
vt 0.85 0.09 0.00
vt 0.87 0.09 0.00
vt 0.87 0.11 0.00
vt 0.85 0.11 0.00
vt 0.89 0.09 0.00
vt 0.89 0.11 0.00
vt 0.81 0.15 0.00
vt 0.85 0.04 0.00
vt 0.85 0.01 0.00
vt 0.87 0.01 0.00
vt 0.87 0.04 0.00
vt 0.85 0.06 0.00
vt 0.87 0.06 0.00
vt 0.89 0.06 0.00
vt 0.81 0.06 0.00
vt 0.83 0.06 0.00
vt 0.91 0.09 0.00
vt 0.91 0.11 0.00
vt 0.77 0.11 0.00
vt 0.77 0.09 0.00
vt 0.79 0.09 0.00
vt 0.79 0.11 0.00
vt 0.77 0.15 0.00
vt 0.79 0.15 0.00
vt 0.95 0.11 0.00
vt 0.93 0.11 0.00
vt 0.93 0.09 0.00
vt 0.95 0.09 0.00
vt 0.93 0.15 0.00
vt 0.95 0.15 0.00
vt 0.77 0.04 0.00
vt 0.77 0.01 0.00
vt 0.79 0.01 0.00
vt 0.79 0.04 0.00
vt 0.77 0.06 0.00
vt 0.79 0.06 0.00
vt 0.95 0.04 0.00
vt 0.93 0.04 0.00
vt 0.93 0.01 0.00
vt 0.95 0.01 0.00
vt 0.93 0.06 0.00
vt 0.95 0.06 0.00
vt 0.91 0.06 0.00
vt 0.68 0.88 0.00
vt 0.71 0.88 0.00
vt 0.71 0.99 0.00
vt 0.68 0.99 0.00
vt 0.67 0.99 0.00
vt 0.56 0.99 0.00
vt 0.56 0.88 0.00
vt 0.67 0.88 0.00
vt 0.75 0.99 0.00
vt 0.72 0.99 0.00
vt 0.72 0.88 0.00
vt 0.75 0.88 0.00
vt 0.48 0.93 0.00
vt 0.55 0.93 0.00
vt 0.55 0.94 0.00
vt 0.48 0.94 0.00
vt 0.08 0.93 0.00
vt 0.08 0.94 0.00
vt 0.01 0.94 0.00
vt 0.01 0.93 0.00
vt 0.15 0.93 0.00
vt 0.15 0.94 0.00
vt 0.21 0.93 0.00
vt 0.21 0.94 0.00
vt 0.28 0.93 0.00
vt 0.28 0.94 0.00
vt 0.35 0.93 0.00
vt 0.35 0.94 0.00
vt 0.41 0.93 0.00
vt 0.41 0.94 0.00
vt 0.85 0.29 0.00
vt 0.90 0.30 0.00
vt 0.92 0.35 0.00
vt 0.90 0.39 0.00
vt 0.85 0.41 0.00
vt 0.81 0.39 0.00
vt 0.79 0.35 0.00
vt 0.81 0.30 0.00
vt 0.85 0.42 0.00
vt 0.90 0.40 0.00
vt 0.91 0.40 0.00
vt 0.80 0.40 0.00
vt 0.81 0.40 0.00
vt 0.78 0.35 0.00
vt 0.80 0.30 0.00
vt 0.85 0.28 0.00
vt 0.91 0.30 0.00
vt 0.93 0.35 0.00
# 311 texture coords

o Ground_and_Fountain
g Ground_and_Fountain
usemtl MAT_Ground_and_Fountain
f 3717/1180/208 3718/1181/208 3719/1182/208 
f 3719/1182/208 3720/1183/208 3717/1180/208 
f 3721/1184/208 3720/1183/208 3719/1182/208 
f 3719/1182/208 3722/1185/208 3721/1184/208 
f 3721/1184/208 3722/1185/208 3723/1186/208 
f 3723/1186/208 3724/1187/208 3721/1184/208 
f 3725/1188/209 3726/1189/210 3727/1190/211 
f 3727/1190/211 3728/1191/212 3725/1188/209 
f 3729/1192/213 3730/1193/214 3731/1194/214 
f 3731/1194/214 3732/1195/215 3729/1192/213 
f 3733/1196/216 3734/1197/216 3735/1198/217 
f 3735/1198/217 3736/1199/217 3733/1196/216 
f 3737/1200/218 3738/1201/219 3739/1202/219 
f 3739/1202/219 3740/1203/218 3737/1200/218 
f 3741/1204/220 3742/1205/221 3743/1206/222 
f 3743/1206/222 3744/1207/223 3741/1204/220 
f 3745/1208/224 3746/1209/225 3747/1210/226 
f 3747/1210/226 3748/1211/227 3745/1208/224 
f 3747/1210/226 3746/1209/225 3749/1212/228 
f 3749/1212/228 3750/1213/229 3747/1210/226 
f 3750/1213/229 3751/1214/230 3752/1215/231 
f 3752/1215/231 3747/1210/226 3750/1213/229 
f 3753/1216/232 3748/1211/227 3747/1210/226 
f 3747/1210/226 3752/1215/231 3753/1216/232 
f 3743/1206/222 3742/1205/221 3745/1208/224 
f 3745/1208/224 3748/1211/227 3743/1206/222 
f 3748/1211/227 3753/1216/232 3754/1217/233 
f 3754/1217/233 3743/1206/222 3748/1211/227 
f 3754/1217/233 3755/1218/234 3744/1207/223 
f 3744/1207/223 3743/1206/222 3754/1217/233 
f 3756/1219/235 3757/1220/235 3758/1221/236 
f 3758/1221/236 3759/1222/236 3756/1219/235 
f 3746/1223/237 3745/1224/238 3760/1225/239 
f 3760/1225/239 3761/1226/240 3746/1223/237 
f 3761/1226/240 3762/1227/241 3749/1228/242 
f 3749/1228/242 3746/1223/237 3761/1226/240 
f 3736/1199/217 3735/1198/217 3759/1222/236 
f 3759/1222/236 3758/1221/236 3736/1199/217 
f 3758/1229/243 3736/1230/244 3762/1227/241 
f 3762/1227/241 3761/1226/240 3758/1229/243 
f 3758/1229/243 3761/1226/240 3760/1225/239 
f 3760/1225/239 3757/1231/245 3758/1229/243 
f 3763/1232/246 3764/1233/247 3742/1234/248 
f 3742/1234/248 3741/1234/249 3763/1232/246 
f 3742/1234/248 3764/1233/247 3760/1225/239 
f 3760/1225/239 3745/1224/238 3742/1234/248 
f 3738/1201/219 3757/1220/235 3756/1219/235 
f 3756/1219/235 3739/1202/219 3738/1201/219 
f 3757/1231/245 3760/1225/239 3764/1233/247 
f 3764/1233/247 3738/1235/250 3757/1231/245 
f 3737/1236/251 3738/1235/250 3764/1233/247 
f 3764/1233/247 3763/1232/246 3737/1236/251 
f 3765/1237/252 3766/1238/253 3767/1239/253 
f 3767/1239/253 3768/1240/252 3765/1237/252 
f 3769/1241/254 3770/1242/255 3771/1243/256 
f 3771/1243/256 3772/1244/257 3769/1241/254 
f 3744/1207/223 3771/1243/256 3770/1242/255 
f 3770/1242/255 3741/1204/220 3744/1207/223 
f 3755/1218/234 3773/1245/258 3771/1243/256 
f 3771/1243/256 3744/1207/223 3755/1218/234 
f 3774/1246/259 3772/1244/257 3771/1243/256 
f 3771/1243/256 3773/1245/258 3774/1246/259 
f 3775/1247/260 3770/1248/261 3769/1249/262 
f 3769/1249/262 3776/1250/263 3775/1247/260 
f 3775/1247/260 3763/1232/246 3741/1234/249 
f 3741/1234/249 3770/1248/261 3775/1247/260 
f 3737/1200/218 3740/1203/218 3767/1239/253 
f 3767/1239/253 3766/1238/253 3737/1200/218 
f 3737/1236/251 3763/1232/246 3775/1247/260 
f 3775/1247/260 3766/1251/264 3737/1236/251 
f 3765/1252/265 3766/1251/264 3775/1247/260 
f 3775/1247/260 3776/1250/263 3765/1252/265 
f 3777/1253/266 3778/1254/267 3750/1213/229 
f 3750/1213/229 3749/1212/228 3777/1253/266 
f 3779/1255/268 3780/1256/269 3769/1257/254 
f 3769/1257/254 3772/1258/257 3779/1255/268 
f 3779/1255/268 3772/1258/257 3774/1259/259 
f 3774/1259/259 3781/1260/270 3779/1255/268 
f 3778/1254/267 3777/1253/266 3780/1256/269 
f 3780/1256/269 3779/1255/268 3778/1254/267 
f 3782/1261/271 3778/1254/267 3779/1255/268 
f 3779/1255/268 3781/1260/270 3782/1261/271 
f 3778/1254/267 3782/1261/271 3751/1214/230 
f 3751/1214/230 3750/1213/229 3778/1254/267 
f 3783/1262/272 3784/1263/272 3765/1237/252 
f 3765/1237/252 3768/1240/252 3783/1262/272 
f 3785/1264/273 3776/1250/263 3769/1249/262 
f 3769/1249/262 3780/1265/274 3785/1264/273 
f 3776/1250/263 3785/1264/273 3784/1266/275 
f 3784/1266/275 3765/1252/265 3776/1250/263 
f 3749/1228/242 3762/1227/241 3786/1267/276 
f 3786/1267/276 3777/1228/277 3749/1228/242 
f 3780/1265/274 3777/1228/277 3786/1267/276 
f 3786/1267/276 3785/1264/273 3780/1265/274 
f 3734/1197/216 3733/1196/216 3784/1263/272 
f 3784/1263/272 3783/1262/272 3734/1197/216 
f 3786/1267/276 3733/1268/278 3784/1266/275 
f 3784/1266/275 3785/1264/273 3786/1267/276 
f 3736/1230/244 3733/1268/278 3786/1267/276 
f 3786/1267/276 3762/1227/241 3736/1230/244 
f 3787/1269/279 3788/1270/280 3789/1271/280 
f 3789/1271/280 3790/1272/279 3787/1269/279 
f 3791/1273/281 3792/1274/282 3793/1275/283 
f 3793/1275/283 3794/1276/284 3791/1273/281 
f 3795/1277/285 3796/1278/286 3797/1279/287 
f 3797/1279/287 3798/1280/288 3795/1277/285 
f 3756/1281/289 3799/1282/290 3800/1283/291 
f 3800/1283/291 3759/1284/292 3756/1281/289 
f 3800/1283/291 3801/1285/293 3735/1286/294 
f 3735/1286/294 3759/1284/292 3800/1283/291 
f 3798/1280/288 3802/1287/295 3803/1288/296 
f 3803/1288/296 3795/1277/285 3798/1280/288 
f 3801/1285/293 3800/1283/291 3795/1277/285 
f 3795/1277/285 3803/1288/296 3801/1285/293 
f 3800/1283/291 3799/1282/290 3796/1278/286 
f 3796/1278/286 3795/1277/285 3800/1283/291 
f 3739/1289/297 3740/1290/298 3804/1291/299 
f 3804/1291/299 3805/1292/300 3739/1289/297 
f 3739/1289/297 3805/1292/300 3799/1282/290 
f 3799/1282/290 3756/1281/289 3739/1289/297 
f 3794/1276/284 3797/1279/287 3796/1278/286 
f 3796/1278/286 3791/1273/281 3794/1276/284 
f 3805/1292/300 3791/1273/281 3796/1278/286 
f 3796/1278/286 3799/1282/290 3805/1292/300 
f 3804/1291/299 3792/1274/282 3791/1273/281 
f 3791/1273/281 3805/1292/300 3804/1291/299 
f 3806/1293/301 3807/1294/302 3808/1295/302 
f 3808/1295/302 3809/1296/301 3806/1293/301 
f 3797/1279/287 3810/1297/303 3811/1298/304 
f 3811/1298/304 3798/1280/288 3797/1279/287 
f 3798/1280/288 3811/1298/304 3812/1299/305 
f 3812/1299/305 3802/1287/295 3798/1280/288 
f 3732/1195/215 3808/1295/302 3807/1294/302 
f 3807/1294/302 3729/1192/213 3732/1195/215 
f 3808/1300/306 3732/1301/307 3812/1299/305 
f 3812/1299/305 3811/1298/304 3808/1300/306 
f 3810/1297/303 3809/1302/308 3808/1300/306 
f 3808/1300/306 3811/1298/304 3810/1297/303 
f 3813/1303/309 3814/1304/310 3794/1276/284 
f 3794/1276/284 3793/1275/283 3813/1303/309 
f 3794/1276/284 3814/1304/310 3810/1297/303 
f 3810/1297/303 3797/1279/287 3794/1276/284 
f 3789/1271/280 3788/1270/280 3806/1293/301 
f 3806/1293/301 3809/1296/301 3789/1271/280 
f 3814/1304/310 3789/1305/311 3809/1302/308 
f 3809/1302/308 3810/1297/303 3814/1304/310 
f 3813/1303/309 3790/1306/312 3789/1305/311 
f 3789/1305/311 3814/1304/310 3813/1303/309 
f 3815/1307/313 3803/1288/296 3802/1287/295 
f 3802/1287/295 3816/1308/314 3815/1307/313 
f 3817/1309/315 3818/1310/316 3819/1311/317 
f 3819/1311/317 3820/1312/318 3817/1309/315 
f 3767/1313/319 3768/1314/320 3821/1315/321 
f 3821/1315/321 3822/1316/322 3767/1313/319 
f 3767/1313/319 3822/1316/322 3804/1291/299 
f 3804/1291/299 3740/1290/298 3767/1313/319 
f 3819/1311/317 3793/1275/283 3792/1274/282 
f 3792/1274/282 3820/1312/318 3819/1311/317 
f 3804/1291/299 3822/1316/322 3820/1312/318 
f 3820/1312/318 3792/1274/282 3804/1291/299 
f 3821/1315/321 3817/1309/315 3820/1312/318 
f 3820/1312/318 3822/1316/322 3821/1315/321 
f 3817/1317/315 3823/1318/323 3824/1319/324 
f 3824/1319/324 3818/1320/316 3817/1317/315 
f 3825/1321/325 3821/1322/321 3768/1323/320 
f 3768/1323/320 3783/1324/326 3825/1321/325 
f 3821/1322/321 3825/1321/325 3823/1318/323 
f 3823/1318/323 3817/1317/315 3821/1322/321 
f 3735/1286/294 3801/1285/293 3826/1325/327 
f 3826/1325/327 3734/1326/328 3735/1286/294 
f 3826/1325/327 3825/1321/325 3783/1324/326 
f 3783/1324/326 3734/1326/328 3826/1325/327 
f 3823/1318/323 3815/1307/313 3816/1308/314 
f 3816/1308/314 3824/1319/324 3823/1318/323 
f 3815/1307/313 3823/1318/323 3825/1321/325 
f 3825/1321/325 3826/1325/327 3815/1307/313 
f 3801/1285/293 3803/1288/296 3815/1307/313 
f 3815/1307/313 3826/1325/327 3801/1285/293 
f 3827/1327/329 3828/1328/329 3829/1329/330 
f 3829/1329/330 3830/1330/330 3827/1327/329 
f 3831/1331/331 3832/1332/332 3819/1311/317 
f 3819/1311/317 3818/1310/316 3831/1331/331 
f 3819/1311/317 3832/1332/332 3813/1303/309 
f 3813/1303/309 3793/1275/283 3819/1311/317 
f 3829/1329/330 3787/1269/279 3790/1272/279 
f 3790/1272/279 3830/1330/330 3829/1329/330 
f 3790/1306/312 3813/1303/309 3832/1332/332 
f 3832/1332/332 3830/1333/333 3790/1306/312 
f 3831/1331/331 3827/1334/334 3830/1333/333 
f 3830/1333/333 3832/1332/332 3831/1331/331 
f 3827/1327/329 3833/1335/335 3834/1336/335 
f 3834/1336/335 3828/1328/329 3827/1327/329 
f 3835/1337/336 3831/1338/331 3818/1320/316 
f 3818/1320/316 3824/1319/324 3835/1337/336 
f 3831/1338/331 3835/1337/336 3833/1339/337 
f 3833/1339/337 3827/1340/334 3831/1338/331 
f 3816/1308/314 3802/1287/295 3812/1299/305 
f 3812/1299/305 3836/1341/338 3816/1308/314 
f 3824/1319/324 3816/1308/314 3836/1341/338 
f 3836/1341/338 3835/1337/336 3824/1319/324 
f 3833/1335/335 3731/1194/214 3730/1193/214 
f 3730/1193/214 3834/1336/335 3833/1335/335 
f 3731/1342/339 3833/1339/337 3835/1337/336 
f 3835/1337/336 3836/1341/338 3731/1342/339 
f 3812/1299/305 3732/1301/307 3731/1342/339 
f 3731/1342/339 3836/1341/338 3812/1299/305 
f 3837/1343/340 3838/1344/341 3839/1345/342 
f 3839/1345/342 3840/1346/343 3837/1343/340 
f 3841/1347/344 3842/1348/345 3843/1349/346 
f 3843/1349/346 3844/1350/347 3841/1347/344 
f 3845/1351/348 3846/1351/349 3847/1352/350 
f 3847/1352/350 3848/1353/351 3845/1351/348 
f 3849/1354/352 3850/1355/353 3851/1355/354 
f 3851/1355/354 3852/1356/355 3849/1354/352 
f 3853/1357/356 3851/1355/354 3850/1355/353 
f 3850/1355/353 3854/1357/357 3853/1357/356 
f 3729/1192/213 3807/1294/302 3851/1355/354 
f 3851/1355/354 3853/1357/356 3729/1192/213 
f 3852/1356/355 3851/1355/354 3807/1294/302 
f 3807/1294/302 3806/1293/301 3852/1356/355 
f 3852/1356/355 3848/1353/351 3847/1352/350 
f 3847/1352/350 3849/1354/352 3852/1356/355 
f 3806/1293/301 3788/1270/280 3848/1353/351 
f 3848/1353/351 3852/1356/355 3806/1293/301 
f 3787/1269/279 3845/1351/348 3848/1353/351 
f 3848/1353/351 3788/1270/280 3787/1269/279 
f 3855/1358/358 3856/1359/359 3857/1360/360 
f 3857/1360/360 3858/1361/361 3855/1358/358 
f 3850/1362/362 3859/1363/363 3860/1364/364 
f 3860/1364/364 3849/1365/365 3850/1362/362 
f 3859/1363/363 3850/1362/362 3854/1366/366 
f 3854/1366/366 3861/1367/367 3859/1363/363 
f 3837/1343/340 3840/1346/343 3857/1360/360 
f 3857/1360/360 3856/1359/359 3837/1343/340 
f 3861/1367/367 3837/1343/340 3856/1359/359 
f 3856/1359/359 3859/1363/363 3861/1367/367 
f 3856/1359/359 3855/1358/358 3860/1364/364 
f 3860/1364/364 3859/1363/363 3856/1359/359 
f 3846/1368/368 3847/1369/369 3862/1370/370 
f 3862/1370/370 3863/1371/371 3846/1368/368 
f 3847/1369/369 3849/1365/365 3860/1364/364 
f 3860/1364/364 3862/1370/370 3847/1369/369 
f 3858/1361/361 3843/1349/346 3842/1348/345 
f 3842/1348/345 3855/1358/358 3858/1361/361 
f 3842/1348/345 3862/1370/370 3860/1364/364 
f 3860/1364/364 3855/1358/358 3842/1348/345 
f 3842/1348/345 3841/1347/344 3863/1371/371 
f 3863/1371/371 3862/1370/370 3842/1348/345 
f 3864/1372/372 3865/1373/373 3866/1374/374 
f 3866/1374/374 3867/1375/375 3864/1372/372 
f 3868/1376/376 3869/1376/377 3870/1377/378 
f 3870/1377/378 3871/1378/379 3868/1376/376 
f 3870/1377/378 3846/1351/349 3845/1351/348 
f 3845/1351/348 3871/1378/379 3870/1377/378 
f 3845/1351/348 3787/1269/279 3829/1329/330 
f 3829/1329/330 3871/1378/379 3845/1351/348 
f 3829/1329/330 3828/1328/329 3868/1376/376 
f 3868/1376/376 3871/1378/379 3829/1329/330 
f 3872/1379/380 3869/1380/381 3870/1381/382 
f 3870/1381/382 3873/1382/383 3872/1379/380 
f 3863/1371/371 3873/1382/383 3870/1381/382 
f 3870/1381/382 3846/1368/368 3863/1371/371 
f 3865/1373/373 3841/1347/344 3844/1350/347 
f 3844/1350/347 3866/1374/374 3865/1373/373 
f 3865/1373/373 3873/1382/383 3863/1371/371 
f 3863/1371/371 3841/1347/344 3865/1373/373 
f 3865/1373/373 3864/1372/372 3872/1379/380 
f 3872/1379/380 3873/1382/383 3865/1373/373 
f 3853/1357/356 3854/1357/357 3874/1383/384 
f 3874/1383/384 3875/1384/385 3853/1357/356 
f 3868/1376/376 3876/1385/386 3877/1385/387 
f 3877/1385/387 3869/1376/377 3868/1376/376 
f 3868/1376/376 3828/1328/329 3834/1336/335 
f 3834/1336/335 3876/1385/386 3868/1376/376 
f 3874/1383/384 3877/1385/387 3876/1385/386 
f 3876/1385/386 3875/1384/385 3874/1383/384 
f 3730/1193/214 3875/1384/385 3876/1385/386 
f 3876/1385/386 3834/1336/335 3730/1193/214 
f 3853/1357/356 3875/1384/385 3730/1193/214 
f 3730/1193/214 3729/1192/213 3853/1357/356 
f 3867/1375/375 3878/1386/388 3879/1387/389 
f 3879/1387/389 3864/1372/372 3867/1375/375 
f 3869/1380/381 3872/1379/380 3880/1388/390 
f 3880/1388/390 3877/1389/391 3869/1380/381 
f 3872/1379/380 3864/1372/372 3879/1387/389 
f 3879/1387/389 3880/1388/390 3872/1379/380 
f 3861/1367/367 3854/1366/366 3874/1390/392 
f 3874/1390/392 3881/1391/393 3861/1367/367 
f 3874/1390/392 3877/1389/391 3880/1388/390 
f 3880/1388/390 3881/1391/393 3874/1390/392 
f 3879/1387/389 3878/1386/388 3839/1345/342 
f 3839/1345/342 3838/1344/341 3879/1387/389 
f 3881/1391/393 3880/1388/390 3879/1387/389 
f 3879/1387/389 3838/1344/341 3881/1391/393 
f 3837/1343/340 3861/1367/367 3881/1391/393 
f 3881/1391/393 3838/1344/341 3837/1343/340 
f 3882/1392/394 3883/1393/395 3884/1394/396 
f 3884/1394/396 3885/1395/397 3882/1392/394 
f 3886/1396/398 3887/1397/399 3888/1398/400 
f 3888/1398/400 3889/1399/401 3886/1396/398 
f 3890/1400/402 3891/1401/403 3892/1402/404 
f 3892/1402/404 3893/1403/405 3890/1400/402 
f 3894/1283/406 3857/1209/407 3858/1208/408 
f 3858/1208/408 3895/1282/409 3894/1283/406 
f 3894/1283/406 3896/1285/410 3840/1212/411 
f 3840/1212/411 3857/1209/407 3894/1283/406 
f 3892/1402/404 3891/1401/403 3897/1404/412 
f 3897/1404/412 3898/1405/413 3892/1402/404 
f 3898/1405/413 3896/1285/410 3894/1283/406 
f 3894/1283/406 3892/1402/404 3898/1405/413 
f 3893/1403/405 3892/1402/404 3894/1283/406 
f 3894/1283/406 3895/1282/409 3893/1403/405 
f 3899/1406/414 3900/1292/415 3843/1205/416 
f 3843/1205/416 3844/1204/417 3899/1406/414 
f 3900/1292/415 3895/1282/409 3858/1208/408 
f 3858/1208/408 3843/1205/416 3900/1292/415 
f 3893/1403/405 3889/1399/401 3888/1398/400 
f 3888/1398/400 3890/1400/402 3893/1403/405 
f 3893/1403/405 3895/1282/409 3900/1292/415 
f 3900/1292/415 3889/1399/401 3893/1403/405 
f 3899/1406/414 3886/1396/398 3889/1399/401 
f 3889/1399/401 3900/1292/415 3899/1406/414 
f 3901/1407/418 3902/1408/419 3903/1409/420 
f 3903/1409/420 3904/1410/421 3901/1407/418 
f 3890/1400/402 3905/1411/422 3906/1412/423 
f 3906/1412/423 3891/1401/403 3890/1400/402 
f 3891/1401/403 3906/1412/423 3907/1413/424 
f 3907/1413/424 3897/1404/412 3891/1401/403 
f 3903/1409/420 3726/1189/210 3725/1188/209 
f 3725/1188/209 3904/1410/421 3903/1409/420 
f 3906/1412/423 3904/1410/421 3725/1188/209 
f 3725/1188/209 3907/1413/424 3906/1412/423 
f 3905/1411/422 3901/1407/418 3904/1410/421 
f 3904/1410/421 3906/1412/423 3905/1411/422 
f 3908/1414/425 3909/1415/426 3888/1398/400 
f 3888/1398/400 3887/1397/399 3908/1414/425 
f 3888/1398/400 3909/1415/426 3905/1411/422 
f 3905/1411/422 3890/1400/402 3888/1398/400 
f 3901/1407/418 3885/1395/397 3884/1394/396 
f 3884/1394/396 3902/1408/419 3901/1407/418 
f 3909/1415/426 3885/1395/397 3901/1407/418 
f 3901/1407/418 3905/1411/422 3909/1415/426 
f 3908/1414/425 3882/1392/394 3885/1395/397 
f 3885/1395/397 3909/1415/426 3908/1414/425 
f 3897/1404/412 3910/1416/427 3911/1417/428 
f 3911/1417/428 3898/1405/413 3897/1404/412 
f 3912/1418/429 3913/1419/430 3914/1420/431 
f 3914/1420/431 3915/1421/432 3912/1418/429 
f 3867/1241/433 3916/1422/434 3917/1423/435 
f 3917/1423/435 3866/1242/436 3867/1241/433 
f 3917/1423/435 3899/1406/414 3844/1204/417 
f 3844/1204/417 3866/1242/436 3917/1423/435 
f 3914/1420/431 3887/1397/399 3886/1396/398 
f 3886/1396/398 3915/1421/432 3914/1420/431 
f 3886/1396/398 3899/1406/414 3917/1423/435 
f 3917/1423/435 3915/1421/432 3886/1396/398 
f 3916/1422/434 3912/1418/429 3915/1421/432 
f 3915/1421/432 3917/1423/435 3916/1422/434 
f 3912/1424/429 3918/1425/437 3919/1426/438 
f 3919/1426/438 3913/1427/430 3912/1424/429 
f 3920/1428/439 3916/1429/434 3867/1257/433 
f 3867/1257/433 3878/1256/440 3920/1428/439 
f 3916/1429/434 3920/1428/439 3918/1425/437 
f 3918/1425/437 3912/1424/429 3916/1429/434 
f 3840/1212/411 3896/1285/410 3921/1325/441 
f 3921/1325/441 3839/1253/442 3840/1212/411 
f 3920/1428/439 3878/1256/440 3839/1253/442 
f 3839/1253/442 3921/1325/441 3920/1428/439 
f 3918/1425/437 3911/1417/428 3910/1416/427 
f 3910/1416/427 3919/1426/438 3918/1425/437 
f 3911/1417/428 3918/1425/437 3920/1428/439 
f 3920/1428/439 3921/1325/441 3911/1417/428 
f 3898/1405/413 3911/1417/428 3921/1325/441 
f 3921/1325/441 3896/1285/410 3898/1405/413 
f 3922/1430/443 3923/1431/444 3924/1432/445 
f 3924/1432/445 3925/1433/446 3922/1430/443 
f 3926/1434/447 3927/1435/448 3914/1420/431 
f 3914/1420/431 3913/1419/430 3926/1434/447 
f 3887/1397/399 3914/1420/431 3927/1435/448 
f 3927/1435/448 3908/1414/425 3887/1397/399 
f 3882/1392/394 3925/1433/446 3924/1432/445 
f 3924/1432/445 3883/1393/395 3882/1392/394 
f 3882/1392/394 3908/1414/425 3927/1435/448 
f 3927/1435/448 3925/1433/446 3882/1392/394 
f 3926/1434/447 3922/1430/443 3925/1433/446 
f 3925/1433/446 3927/1435/448 3926/1434/447 
f 3922/1436/443 3928/1437/449 3929/1438/450 
f 3929/1438/450 3923/1439/444 3922/1436/443 
f 3930/1440/451 3926/1441/447 3913/1427/430 
f 3913/1427/430 3919/1426/438 3930/1440/451 
f 3926/1441/447 3930/1440/451 3928/1437/449 
f 3928/1437/449 3922/1436/443 3926/1441/447 
f 3931/1442/452 3910/1416/427 3897/1404/412 
f 3897/1404/412 3907/1413/424 3931/1442/452 
f 3910/1416/427 3931/1442/452 3930/1440/451 
f 3930/1440/451 3919/1426/438 3910/1416/427 
f 3928/1437/449 3728/1191/212 3727/1190/211 
f 3727/1190/211 3929/1438/450 3928/1437/449 
f 3728/1191/212 3928/1437/449 3930/1440/451 
f 3930/1440/451 3931/1442/452 3728/1191/212 
f 3907/1413/424 3725/1188/209 3728/1191/212 
f 3728/1191/212 3931/1442/452 3907/1413/424 
f 3932/1443/453 3933/1444/453 3934/1445/453 
f 3934/1445/453 3935/1446/453 3932/1443/453 
f 3936/1447/208 3934/1448/208 3933/1449/208 
f 3933/1449/208 3937/1450/208 3936/1447/208 
f 3937/1443/454 3938/1444/454 3939/1445/454 
f 3939/1445/454 3936/1446/454 3937/1443/454 
f 3933/1451/455 3932/1452/455 3938/1453/455 
f 3938/1453/455 3937/1454/455 3933/1451/455 
f 3936/1451/456 3939/1452/456 3935/1453/456 
f 3935/1453/456 3934/1454/456 3936/1451/456 
f 3940/1455/457 3941/1456/457 3942/1457/457 
f 3942/1457/457 3943/1458/457 3940/1455/457 
f 3944/1459/458 3945/1460/458 3942/1461/458 
f 3942/1461/458 3941/1462/458 3944/1459/458 
f 3946/1463/459 3947/1464/459 3945/1460/459 
f 3945/1460/459 3944/1459/459 3946/1463/459 
f 3946/1463/460 3948/1465/460 3949/1466/460 
f 3949/1466/460 3947/1464/460 3946/1463/460 
f 3948/1465/461 3950/1467/461 3951/1468/461 
f 3951/1468/461 3949/1466/461 3948/1465/461 
f 3952/1469/462 3953/1470/462 3951/1468/462 
f 3951/1468/462 3950/1467/462 3952/1469/462 
f 3954/1471/463 3955/1472/463 3953/1470/463 
f 3953/1470/463 3952/1469/463 3954/1471/463 
f 3940/1455/464 3943/1458/464 3955/1472/464 
f 3955/1472/464 3954/1471/464 3940/1455/464 
f 3956/1473/208 3957/1474/208 3958/1475/208 
f 3958/1475/208 3959/1476/208 3960/1477/208 
f 3960/1477/208 3961/1478/208 3962/1479/208 
f 3958/1475/208 3960/1477/208 3962/1479/208 
f 3956/1473/208 3958/1475/208 3962/1479/208 
f 3956/1473/208 3962/1479/208 3963/1480/208 
f 3942/1481/208 3964/1481/208 3965/1482/208 
f 3965/1482/208 3943/1483/208 3942/1481/208 
f 3945/1484/208 3966/1485/208 3964/1481/208 
f 3964/1481/208 3942/1481/208 3945/1484/208 
f 3947/1486/208 3967/1479/208 3966/1485/208 
f 3966/1485/208 3945/1484/208 3947/1486/208 
f 3949/1487/208 3968/1480/208 3967/1479/208 
f 3967/1479/208 3947/1486/208 3949/1487/208 
f 3949/1487/208 3951/1216/208 3969/1488/208 
f 3969/1488/208 3968/1480/208 3949/1487/208 
f 3951/1216/208 3953/1489/208 3970/1474/208 
f 3970/1474/208 3969/1488/208 3951/1216/208 
f 3953/1489/208 3955/1490/208 3971/1475/208 
f 3971/1475/208 3970/1474/208 3953/1489/208 
f 3943/1483/208 3965/1482/208 3971/1475/208 
f 3971/1475/208 3955/1490/208 3943/1483/208 
f 3964/1481/465 3960/1477/465 3959/1476/466 
f 3959/1476/466 3965/1482/466 3964/1481/465 
f 3964/1481/465 3966/1485/467 3961/1478/467 
f 3961/1478/467 3960/1477/465 3964/1481/465 
f 3966/1485/467 3967/1479/468 3962/1479/468 
f 3962/1479/468 3961/1478/467 3966/1485/467 
f 3968/1480/469 3963/1480/469 3962/1479/468 
f 3962/1479/468 3967/1479/468 3968/1480/469 
f 3968/1480/469 3969/1488/470 3956/1473/470 
f 3956/1473/470 3963/1480/469 3968/1480/469 
f 3969/1488/470 3970/1474/471 3957/1474/471 
f 3957/1474/471 3956/1473/470 3969/1488/470 
f 3970/1474/471 3971/1475/472 3958/1475/472 
f 3958/1475/472 3957/1474/471 3970/1474/471 
f 3965/1482/466 3959/1476/466 3958/1475/472 
f 3958/1475/472 3971/1475/472 3965/1482/466 
f 3972/1190/211 3973/1191/212 3974/1188/209 
f 3974/1188/209 3975/1189/210 3972/1190/211 
f 3976/1194/214 3977/1195/215 3978/1192/213 
f 3978/1192/213 3979/1193/214 3976/1194/214 
f 3980/1199/217 3981/1196/216 3982/1197/216 
f 3982/1197/216 3983/1198/217 3980/1199/217 
f 3984/1200/218 3985/1201/219 3986/1202/219 
f 3986/1202/219 3987/1203/218 3984/1200/218 
f 3988/1207/223 3989/1204/220 3990/1205/221 
f 3990/1205/221 3991/1206/222 3988/1207/223 
f 3992/1211/227 3993/1208/224 3994/1209/225 
f 3994/1209/225 3995/1210/226 3992/1211/227 
f 3996/1213/229 3995/1210/226 3994/1209/225 
f 3994/1209/225 3997/1212/228 3996/1213/229 
f 3998/1215/231 3995/1210/226 3996/1213/229 
f 3996/1213/229 3999/1214/230 3998/1215/231 
f 3998/1215/231 4000/1216/232 3992/1211/227 
f 3992/1211/227 3995/1210/226 3998/1215/231 
f 3992/1211/227 3991/1206/222 3990/1205/221 
f 3990/1205/221 3993/1208/224 3992/1211/227 
f 4000/1216/232 4001/1217/233 3991/1206/222 
f 3991/1206/222 3992/1211/227 4000/1216/232 
f 4001/1217/233 4002/1218/234 3988/1207/223 
f 3988/1207/223 3991/1206/222 4001/1217/233 
f 4003/1220/235 4004/1221/236 4005/1222/236 
f 4005/1222/236 4006/1219/235 4003/1220/235 
f 3993/1224/238 4007/1225/239 4008/1226/240 
f 4008/1226/240 3994/1223/237 3993/1224/238 
f 3997/1228/242 3994/1223/237 4008/1226/240 
f 4008/1226/240 4009/1227/241 3997/1228/242 
f 4005/1222/236 4004/1221/236 3980/1199/217 
f 3980/1199/217 3983/1198/217 4005/1222/236 
f 3980/1230/244 4009/1227/241 4008/1226/240 
f 4008/1226/240 4004/1229/243 3980/1230/244 
f 4004/1229/243 4008/1226/240 4007/1225/239 
f 4007/1225/239 4003/1231/245 4004/1229/243 
f 3990/1234/248 3989/1234/249 4010/1232/246 
f 4010/1232/246 4011/1233/247 3990/1234/248 
f 4011/1233/247 4007/1225/239 3993/1224/238 
f 3993/1224/238 3990/1234/248 4011/1233/247 
f 4006/1219/235 3986/1202/219 3985/1201/219 
f 3985/1201/219 4003/1220/235 4006/1219/235 
f 3985/1235/250 4003/1231/245 4007/1225/239 
f 4007/1225/239 4011/1233/247 3985/1235/250 
f 3985/1235/250 4011/1233/247 4010/1232/246 
f 4010/1232/246 3984/1236/251 3985/1235/250 
f 4012/1237/252 4013/1238/253 4014/1239/253 
f 4014/1239/253 4015/1240/252 4012/1237/252 
f 4016/1244/257 4017/1241/254 4018/1242/255 
f 4018/1242/255 4019/1243/256 4016/1244/257 
f 3988/1207/223 4019/1243/256 4018/1242/255 
f 4018/1242/255 3989/1204/220 3988/1207/223 
f 4020/1245/258 4019/1243/256 3988/1207/223 
f 3988/1207/223 4002/1218/234 4020/1245/258 
f 4020/1245/258 4021/1246/259 4016/1244/257 
f 4016/1244/257 4019/1243/256 4020/1245/258 
f 4022/1250/263 4023/1247/260 4018/1248/261 
f 4018/1248/261 4017/1249/262 4022/1250/263 
f 4023/1247/260 4010/1232/246 3989/1234/249 
f 3989/1234/249 4018/1248/261 4023/1247/260 
f 4013/1238/253 3984/1200/218 3987/1203/218 
f 3987/1203/218 4014/1239/253 4013/1238/253 
f 4013/1251/264 3984/1236/251 4010/1232/246 
f 4010/1232/246 4023/1247/260 4013/1251/264 
f 4013/1251/264 4023/1247/260 4022/1250/263 
f 4022/1250/263 4012/1252/265 4013/1251/264 
f 3997/1212/228 4024/1253/266 4025/1254/267 
f 4025/1254/267 3996/1213/229 3997/1212/228 
f 4026/1256/269 4017/1257/254 4016/1258/257 
f 4016/1258/257 4027/1255/268 4026/1256/269 
f 4016/1258/257 4021/1259/259 4028/1260/270 
f 4028/1260/270 4027/1255/268 4016/1258/257 
f 4027/1255/268 4025/1254/267 4024/1253/266 
f 4024/1253/266 4026/1256/269 4027/1255/268 
f 4027/1255/268 4028/1260/270 4029/1261/271 
f 4029/1261/271 4025/1254/267 4027/1255/268 
f 3999/1214/230 3996/1213/229 4025/1254/267 
f 4025/1254/267 4029/1261/271 3999/1214/230 
f 4030/1263/272 4012/1237/252 4015/1240/252 
f 4015/1240/252 4031/1262/272 4030/1263/272 
f 4017/1249/262 4026/1265/274 4032/1264/273 
f 4032/1264/273 4022/1250/263 4017/1249/262 
f 4022/1250/263 4032/1264/273 4030/1266/275 
f 4030/1266/275 4012/1252/265 4022/1250/263 
f 4024/1228/277 3997/1228/242 4009/1227/241 
f 4009/1227/241 4033/1267/276 4024/1228/277 
f 4032/1264/273 4026/1265/274 4024/1228/277 
f 4024/1228/277 4033/1267/276 4032/1264/273 
f 4031/1262/272 3982/1197/216 3981/1196/216 
f 3981/1196/216 4030/1263/272 4031/1262/272 
f 4033/1267/276 3981/1268/278 4030/1266/275 
f 4030/1266/275 4032/1264/273 4033/1267/276 
f 3980/1230/244 3981/1268/278 4033/1267/276 
f 4033/1267/276 4009/1227/241 3980/1230/244 
f 4034/1272/279 4035/1269/279 4036/1270/280 
f 4036/1270/280 4037/1271/280 4034/1272/279 
f 4038/1276/284 4039/1273/281 4040/1274/282 
f 4040/1274/282 4041/1275/283 4038/1276/284 
f 4042/1278/286 4043/1279/287 4044/1280/288 
f 4044/1280/288 4045/1277/285 4042/1278/286 
f 4005/1284/292 4006/1281/289 4046/1282/290 
f 4046/1282/290 4047/1283/291 4005/1284/292 
f 4048/1285/293 3983/1286/294 4005/1284/292 
f 4005/1284/292 4047/1283/291 4048/1285/293 
f 4049/1288/296 4045/1277/285 4044/1280/288 
f 4044/1280/288 4050/1287/295 4049/1288/296 
f 4049/1288/296 4048/1285/293 4047/1283/291 
f 4047/1283/291 4045/1277/285 4049/1288/296 
f 4042/1278/286 4045/1277/285 4047/1283/291 
f 4047/1283/291 4046/1282/290 4042/1278/286 
f 4051/1292/300 3986/1289/297 3987/1290/298 
f 3987/1290/298 4052/1291/299 4051/1292/300 
f 4051/1292/300 4046/1282/290 4006/1281/289 
f 4006/1281/289 3986/1289/297 4051/1292/300 
f 4043/1279/287 4042/1278/286 4039/1273/281 
f 4039/1273/281 4038/1276/284 4043/1279/287 
f 4046/1282/290 4051/1292/300 4039/1273/281 
f 4039/1273/281 4042/1278/286 4046/1282/290 
f 4039/1273/281 4051/1292/300 4052/1291/299 
f 4052/1291/299 4040/1274/282 4039/1273/281 
f 4053/1293/301 4054/1294/302 4055/1295/302 
f 4055/1295/302 4056/1296/301 4053/1293/301 
f 4044/1280/288 4043/1279/287 4057/1297/303 
f 4057/1297/303 4058/1298/304 4044/1280/288 
f 4059/1299/305 4050/1287/295 4044/1280/288 
f 4044/1280/288 4058/1298/304 4059/1299/305 
f 4054/1294/302 3978/1192/213 3977/1195/215 
f 3977/1195/215 4055/1295/302 4054/1294/302 
f 4055/1300/306 3977/1301/307 4059/1299/305 
f 4059/1299/305 4058/1298/304 4055/1300/306 
f 4058/1298/304 4057/1297/303 4056/1302/308 
f 4056/1302/308 4055/1300/306 4058/1298/304 
f 4060/1303/309 4061/1304/310 4038/1276/284 
f 4038/1276/284 4041/1275/283 4060/1303/309 
f 4057/1297/303 4043/1279/287 4038/1276/284 
f 4038/1276/284 4061/1304/310 4057/1297/303 
f 4056/1296/301 4037/1271/280 4036/1270/280 
f 4036/1270/280 4053/1293/301 4056/1296/301 
f 4056/1302/308 4057/1297/303 4061/1304/310 
f 4061/1304/310 4037/1305/311 4056/1302/308 
f 4061/1304/310 4060/1303/309 4034/1306/312 
f 4034/1306/312 4037/1305/311 4061/1304/310 
f 4062/1307/313 4049/1288/296 4050/1287/295 
f 4050/1287/295 4063/1308/314 4062/1307/313 
f 4064/1311/317 4065/1312/318 4066/1309/315 
f 4066/1309/315 4067/1310/316 4064/1311/317 
f 4068/1315/321 4069/1316/322 4014/1313/319 
f 4014/1313/319 4015/1314/320 4068/1315/321 
f 4052/1291/299 3987/1290/298 4014/1313/319 
f 4014/1313/319 4069/1316/322 4052/1291/299 
f 4040/1274/282 4065/1312/318 4064/1311/317 
f 4064/1311/317 4041/1275/283 4040/1274/282 
f 4052/1291/299 4069/1316/322 4065/1312/318 
f 4065/1312/318 4040/1274/282 4052/1291/299 
f 4069/1316/322 4068/1315/321 4066/1309/315 
f 4066/1309/315 4065/1312/318 4069/1316/322 
f 4066/1317/315 4070/1318/323 4071/1319/324 
f 4071/1319/324 4067/1320/316 4066/1317/315 
f 4068/1322/321 4015/1323/320 4031/1324/326 
f 4031/1324/326 4072/1321/325 4068/1322/321 
f 4072/1321/325 4070/1318/323 4066/1317/315 
f 4066/1317/315 4068/1322/321 4072/1321/325 
f 3982/1326/328 3983/1286/294 4048/1285/293 
f 4048/1285/293 4073/1325/327 3982/1326/328 
f 4072/1321/325 4031/1324/326 3982/1326/328 
f 3982/1326/328 4073/1325/327 4072/1321/325 
f 4070/1318/323 4062/1307/313 4063/1308/314 
f 4063/1308/314 4071/1319/324 4070/1318/323 
f 4073/1325/327 4062/1307/313 4070/1318/323 
f 4070/1318/323 4072/1321/325 4073/1325/327 
f 4073/1325/327 4048/1285/293 4049/1288/296 
f 4049/1288/296 4062/1307/313 4073/1325/327 
f 4074/1329/330 4075/1330/330 4076/1327/329 
f 4076/1327/329 4077/1328/329 4074/1329/330 
f 4078/1331/331 4079/1332/332 4064/1311/317 
f 4064/1311/317 4067/1310/316 4078/1331/331 
f 4064/1311/317 4079/1332/332 4060/1303/309 
f 4060/1303/309 4041/1275/283 4064/1311/317 
f 4034/1272/279 4075/1330/330 4074/1329/330 
f 4074/1329/330 4035/1269/279 4034/1272/279 
f 4034/1306/312 4060/1303/309 4079/1332/332 
f 4079/1332/332 4075/1333/333 4034/1306/312 
f 4079/1332/332 4078/1331/331 4076/1334/334 
f 4076/1334/334 4075/1333/333 4079/1332/332 
f 4076/1327/329 4080/1335/335 4081/1336/335 
f 4081/1336/335 4077/1328/329 4076/1327/329 
f 4071/1319/324 4082/1337/336 4078/1338/331 
f 4078/1338/331 4067/1320/316 4071/1319/324 
f 4076/1340/334 4078/1338/331 4082/1337/336 
f 4082/1337/336 4080/1339/337 4076/1340/334 
f 4059/1299/305 4083/1341/338 4063/1308/314 
f 4063/1308/314 4050/1287/295 4059/1299/305 
f 4063/1308/314 4083/1341/338 4082/1337/336 
f 4082/1337/336 4071/1319/324 4063/1308/314 
f 3979/1193/214 4081/1336/335 4080/1335/335 
f 4080/1335/335 3976/1194/214 3979/1193/214 
f 4080/1339/337 4082/1337/336 4083/1341/338 
f 4083/1341/338 3976/1342/339 4080/1339/337 
f 4083/1341/338 4059/1299/305 3977/1301/307 
f 3977/1301/307 3976/1342/339 4083/1341/338 
f 4084/1343/473 4085/1344/341 4086/1345/342 
f 4086/1345/342 4087/1346/474 4084/1343/473 
f 4088/1349/346 4089/1350/347 4090/1347/344 
f 4090/1347/344 4091/1348/345 4088/1349/346 
f 4092/1352/350 4093/1353/351 4094/1351/348 
f 4094/1351/348 4095/1351/349 4092/1352/350 
f 4096/1354/352 4097/1355/353 4098/1355/354 
f 4098/1355/354 4099/1356/355 4096/1354/352 
f 4097/1355/353 4100/1357/357 4101/1357/356 
f 4101/1357/356 4098/1355/354 4097/1355/353 
f 3978/1192/213 4054/1294/302 4098/1355/354 
f 4098/1355/354 4101/1357/356 3978/1192/213 
f 4053/1293/301 4099/1356/355 4098/1355/354 
f 4098/1355/354 4054/1294/302 4053/1293/301 
f 4096/1354/352 4099/1356/355 4093/1353/351 
f 4093/1353/351 4092/1352/350 4096/1354/352 
f 4036/1270/280 4093/1353/351 4099/1356/355 
f 4099/1356/355 4053/1293/301 4036/1270/280 
f 4094/1351/348 4093/1353/351 4036/1270/280 
f 4036/1270/280 4035/1269/279 4094/1351/348 
f 4102/1358/358 4103/1359/359 4104/1360/360 
f 4104/1360/360 4105/1361/361 4102/1358/358 
f 4106/1363/363 4107/1364/364 4096/1365/365 
f 4096/1365/365 4097/1362/362 4106/1363/363 
f 4100/1366/475 4108/1367/367 4106/1363/363 
f 4106/1363/363 4097/1362/362 4100/1366/475 
f 4084/1343/473 4087/1346/474 4104/1360/360 
f 4104/1360/360 4103/1359/359 4084/1343/473 
f 4108/1367/367 4084/1343/473 4103/1359/359 
f 4103/1359/359 4106/1363/363 4108/1367/367 
f 4107/1364/364 4106/1363/363 4103/1359/359 
f 4103/1359/359 4102/1358/358 4107/1364/364 
f 4109/1370/370 4110/1371/371 4095/1368/368 
f 4095/1368/368 4092/1369/369 4109/1370/370 
f 4107/1364/364 4109/1370/370 4092/1369/369 
f 4092/1369/369 4096/1365/365 4107/1364/364 
f 4091/1348/345 4102/1358/358 4105/1361/361 
f 4105/1361/361 4088/1349/346 4091/1348/345 
f 4091/1348/345 4109/1370/370 4107/1364/364 
f 4107/1364/364 4102/1358/358 4091/1348/345 
f 4091/1348/345 4090/1347/344 4110/1371/371 
f 4110/1371/371 4109/1370/370 4091/1348/345 
f 4111/1373/373 4112/1374/374 4113/1375/375 
f 4113/1375/375 4114/1372/372 4111/1373/373 
f 4115/1376/377 4116/1377/378 4117/1378/379 
f 4117/1378/379 4118/1376/376 4115/1376/377 
f 4116/1377/378 4095/1351/349 4094/1351/348 
f 4094/1351/348 4117/1378/379 4116/1377/378 
f 4074/1329/330 4117/1378/379 4094/1351/348 
f 4094/1351/348 4035/1269/279 4074/1329/330 
f 4077/1328/329 4118/1376/376 4117/1378/379 
f 4117/1378/379 4074/1329/330 4077/1328/329 
f 4115/1380/381 4116/1381/382 4119/1382/383 
f 4119/1382/383 4120/1379/380 4115/1380/381 
f 4110/1371/371 4119/1382/383 4116/1381/382 
f 4116/1381/382 4095/1368/368 4110/1371/371 
f 4090/1347/344 4089/1350/347 4112/1374/374 
f 4112/1374/374 4111/1373/373 4090/1347/344 
f 4090/1347/344 4111/1373/373 4119/1382/383 
f 4119/1382/383 4110/1371/371 4090/1347/344 
f 4120/1379/380 4119/1382/383 4111/1373/373 
f 4111/1373/373 4114/1372/372 4120/1379/380 
f 4101/1357/356 4100/1357/357 4121/1383/384 
f 4121/1383/384 4122/1384/385 4101/1357/356 
f 4115/1376/377 4118/1376/376 4123/1385/386 
f 4123/1385/386 4124/1385/387 4115/1376/377 
f 4118/1376/376 4077/1328/329 4081/1336/335 
f 4081/1336/335 4123/1385/386 4118/1376/376 
f 4121/1383/384 4124/1385/387 4123/1385/386 
f 4123/1385/386 4122/1384/385 4121/1383/384 
f 4123/1385/386 4081/1336/335 3979/1193/214 
f 3979/1193/214 4122/1384/385 4123/1385/386 
f 4101/1357/356 4122/1384/385 3979/1193/214 
f 3979/1193/214 3978/1192/213 4101/1357/356 
f 4114/1372/372 4113/1375/375 4125/1386/388 
f 4125/1386/388 4126/1387/389 4114/1372/372 
f 4124/1389/391 4115/1380/381 4120/1379/380 
f 4120/1379/380 4127/1388/390 4124/1389/391 
f 4126/1387/389 4127/1388/390 4120/1379/380 
f 4120/1379/380 4114/1372/372 4126/1387/389 
f 4121/1390/392 4128/1391/393 4108/1367/367 
f 4108/1367/367 4100/1366/475 4121/1390/392 
f 4124/1389/391 4127/1388/390 4128/1391/393 
f 4128/1391/393 4121/1390/392 4124/1389/391 
f 4126/1387/389 4125/1386/388 4086/1345/342 
f 4086/1345/342 4085/1344/341 4126/1387/389 
f 4127/1388/390 4126/1387/389 4085/1344/341 
f 4085/1344/341 4128/1391/393 4127/1388/390 
f 4108/1367/367 4128/1391/393 4085/1344/341 
f 4085/1344/341 4084/1343/473 4108/1367/367 
f 4129/1393/395 4130/1394/396 4131/1395/397 
f 4131/1395/397 4132/1392/394 4129/1393/395 
f 4133/1398/400 4134/1399/401 4135/1396/398 
f 4135/1396/398 4136/1397/399 4133/1398/400 
f 4137/1402/404 4138/1403/405 4139/1400/402 
f 4139/1400/402 4140/1401/403 4137/1402/404 
f 4141/1283/406 4104/1209/407 4105/1208/408 
f 4105/1208/408 4142/1282/409 4141/1283/406 
f 4104/1209/407 4141/1283/406 4143/1285/410 
f 4143/1285/410 4087/1212/411 4104/1209/407 
f 4144/1405/413 4137/1402/404 4140/1401/403 
f 4140/1401/403 4145/1404/412 4144/1405/413 
f 4143/1285/410 4141/1283/406 4137/1402/404 
f 4137/1402/404 4144/1405/413 4143/1285/410 
f 4138/1403/405 4137/1402/404 4141/1283/406 
f 4141/1283/406 4142/1282/409 4138/1403/405 
f 4146/1406/414 4147/1292/415 4088/1205/416 
f 4088/1205/416 4089/1204/417 4146/1406/414 
f 4088/1205/416 4147/1292/415 4142/1282/409 
f 4142/1282/409 4105/1208/408 4088/1205/416 
f 4134/1399/401 4133/1398/400 4139/1400/402 
f 4139/1400/402 4138/1403/405 4134/1399/401 
f 4134/1399/401 4138/1403/405 4142/1282/409 
f 4142/1282/409 4147/1292/415 4134/1399/401 
f 4146/1406/414 4135/1396/398 4134/1399/401 
f 4134/1399/401 4147/1292/415 4146/1406/414 
f 4148/1410/421 4149/1407/418 4150/1408/419 
f 4150/1408/419 4151/1409/420 4148/1410/421 
f 4140/1401/403 4139/1400/402 4152/1411/422 
f 4152/1411/422 4153/1412/423 4140/1401/403 
f 4140/1401/403 4153/1412/423 4154/1413/424 
f 4154/1413/424 4145/1404/412 4140/1401/403 
f 4148/1410/421 4151/1409/420 3975/1189/210 
f 3975/1189/210 3974/1188/209 4148/1410/421 
f 4153/1412/423 4148/1410/421 3974/1188/209 
f 3974/1188/209 4154/1413/424 4153/1412/423 
f 4148/1410/421 4153/1412/423 4152/1411/422 
f 4152/1411/422 4149/1407/418 4148/1410/421 
f 4155/1414/425 4156/1415/426 4133/1398/400 
f 4133/1398/400 4136/1397/399 4155/1414/425 
f 4152/1411/422 4139/1400/402 4133/1398/400 
f 4133/1398/400 4156/1415/426 4152/1411/422 
f 4150/1408/419 4149/1407/418 4131/1395/397 
f 4131/1395/397 4130/1394/396 4150/1408/419 
f 4152/1411/422 4156/1415/426 4131/1395/397 
f 4131/1395/397 4149/1407/418 4152/1411/422 
f 4132/1392/394 4131/1395/397 4156/1415/426 
f 4156/1415/426 4155/1414/425 4132/1392/394 
f 4144/1405/413 4145/1404/412 4157/1416/427 
f 4157/1416/427 4158/1417/428 4144/1405/413 
f 4159/1420/431 4160/1421/432 4161/1418/429 
f 4161/1418/429 4162/1419/430 4159/1420/431 
f 4163/1423/435 4112/1242/436 4113/1241/433 
f 4113/1241/433 4164/1422/434 4163/1423/435 
f 4146/1406/414 4089/1204/417 4112/1242/436 
f 4112/1242/436 4163/1423/435 4146/1406/414 
f 4136/1397/399 4135/1396/398 4160/1421/432 
f 4160/1421/432 4159/1420/431 4136/1397/399 
f 4146/1406/414 4163/1423/435 4160/1421/432 
f 4160/1421/432 4135/1396/398 4146/1406/414 
f 4163/1423/435 4164/1422/434 4161/1418/429 
f 4161/1418/429 4160/1421/432 4163/1423/435 
f 4161/1424/429 4165/1425/437 4166/1426/438 
f 4166/1426/438 4162/1427/430 4161/1424/429 
f 4167/1428/439 4164/1429/434 4113/1257/433 
f 4113/1257/433 4125/1256/440 4167/1428/439 
f 4161/1424/429 4164/1429/434 4167/1428/439 
f 4167/1428/439 4165/1425/437 4161/1424/429 
f 4086/1253/442 4087/1212/411 4143/1285/410 
f 4143/1285/410 4168/1325/441 4086/1253/442 
f 4168/1325/441 4167/1428/439 4125/1256/440 
f 4125/1256/440 4086/1253/442 4168/1325/441 
f 4157/1416/427 4166/1426/438 4165/1425/437 
f 4165/1425/437 4158/1417/428 4157/1416/427 
f 4168/1325/441 4158/1417/428 4165/1425/437 
f 4165/1425/437 4167/1428/439 4168/1325/441 
f 4143/1285/410 4144/1405/413 4158/1417/428 
f 4158/1417/428 4168/1325/441 4143/1285/410 
f 4169/1430/443 4170/1431/444 4171/1432/445 
f 4171/1432/445 4172/1433/446 4169/1430/443 
f 4159/1420/431 4162/1419/430 4173/1434/447 
f 4173/1434/447 4174/1435/448 4159/1420/431 
f 4136/1397/399 4159/1420/431 4174/1435/448 
f 4174/1435/448 4155/1414/425 4136/1397/399 
f 4172/1433/446 4171/1432/445 4129/1393/395 
f 4129/1393/395 4132/1392/394 4172/1433/446 
f 4172/1433/446 4132/1392/394 4155/1414/425 
f 4155/1414/425 4174/1435/448 4172/1433/446 
f 4174/1435/448 4173/1434/447 4169/1430/443 
f 4169/1430/443 4172/1433/446 4174/1435/448 
f 4170/1439/444 4169/1436/443 4175/1437/449 
f 4175/1437/449 4176/1438/450 4170/1439/444 
f 4166/1426/438 4177/1440/451 4173/1441/447 
f 4173/1441/447 4162/1427/430 4166/1426/438 
f 4169/1436/443 4173/1441/447 4177/1440/451 
f 4177/1440/451 4175/1437/449 4169/1436/443 
f 4145/1404/412 4154/1413/424 4178/1442/452 
f 4178/1442/452 4157/1416/427 4145/1404/412 
f 4157/1416/427 4178/1442/452 4177/1440/451 
f 4177/1440/451 4166/1426/438 4157/1416/427 
f 3973/1191/212 3972/1190/211 4176/1438/450 
f 4176/1438/450 4175/1437/449 3973/1191/212 
f 4175/1437/449 4177/1440/451 4178/1442/452 
f 4178/1442/452 3973/1191/212 4175/1437/449 
f 4154/1413/424 3974/1188/209 3973/1191/212 
f 3973/1191/212 4178/1442/452 4154/1413/424 
f 4179/1445/453 4180/1446/453 4181/1443/453 
f 4181/1443/453 4182/1444/453 4179/1445/453 
f 4183/1447/208 4179/1448/208 4182/1449/208 
f 4182/1449/208 4184/1450/208 4183/1447/208 
f 4185/1444/454 4186/1445/454 4183/1446/454 
f 4183/1446/454 4184/1443/454 4185/1444/454 
f 4184/1454/455 4182/1451/455 4181/1452/455 
f 4181/1452/455 4185/1453/455 4184/1454/455 
f 4183/1451/456 4186/1452/456 4180/1453/456 
f 4180/1453/456 4179/1454/456 4183/1451/456 
f 4187/1455/457 4188/1456/457 4189/1457/457 
f 4189/1457/457 4190/1458/457 4187/1455/457 
f 4189/1461/458 4188/1462/458 4191/1459/458 
f 4191/1459/458 4192/1460/458 4189/1461/458 
f 4191/1459/459 4193/1463/459 4194/1464/459 
f 4194/1464/459 4192/1460/459 4191/1459/459 
f 4194/1464/460 4193/1463/460 4195/1465/460 
f 4195/1465/460 4196/1466/460 4194/1464/460 
f 4195/1465/461 4197/1467/461 4198/1468/461 
f 4198/1468/461 4196/1466/461 4195/1465/461 
f 4199/1469/462 4200/1470/462 4198/1468/462 
f 4198/1468/462 4197/1467/462 4199/1469/462 
f 4201/1471/463 4202/1472/463 4200/1470/463 
f 4200/1470/463 4199/1469/463 4201/1471/463 
f 4190/1458/464 4202/1472/464 4201/1471/464 
f 4201/1471/464 4187/1455/464 4190/1458/464 
f 4203/1473/208 4204/1474/208 4205/1475/208 
f 4205/1475/208 4206/1476/208 4207/1477/208 
f 4205/1475/208 4207/1477/208 4208/1478/208 
f 4203/1473/208 4205/1475/208 4208/1478/208 
f 4208/1478/208 4209/1479/208 4210/1480/208 
f 4203/1473/208 4208/1478/208 4210/1480/208 
f 4189/1481/208 4211/1481/208 4212/1482/208 
f 4212/1482/208 4190/1483/208 4189/1481/208 
f 4211/1481/208 4189/1481/208 4192/1484/208 
f 4192/1484/208 4213/1485/208 4211/1481/208 
f 4194/1486/208 4214/1479/208 4213/1485/208 
f 4213/1485/208 4192/1484/208 4194/1486/208 
f 4214/1479/208 4194/1486/208 4196/1487/208 
f 4196/1487/208 4215/1480/208 4214/1479/208 
f 4198/1216/208 4216/1488/208 4215/1480/208 
f 4215/1480/208 4196/1487/208 4198/1216/208 
f 4200/1489/208 4217/1474/208 4216/1488/208 
f 4216/1488/208 4198/1216/208 4200/1489/208 
f 4200/1489/208 4202/1490/208 4218/1475/208 
f 4218/1475/208 4217/1474/208 4200/1489/208 
f 4212/1482/208 4218/1475/208 4202/1490/208 
f 4202/1490/208 4190/1483/208 4212/1482/208 
f 4212/1482/466 4211/1481/465 4207/1477/465 
f 4207/1477/465 4206/1476/466 4212/1482/466 
f 4207/1477/465 4211/1481/465 4213/1485/467 
f 4213/1485/467 4208/1478/467 4207/1477/465 
f 4213/1485/467 4214/1479/468 4209/1479/468 
f 4209/1479/468 4208/1478/467 4213/1485/467 
f 4209/1479/468 4214/1479/468 4215/1480/469 
f 4215/1480/469 4210/1480/469 4209/1479/468 
f 4215/1480/469 4216/1488/470 4203/1473/470 
f 4203/1473/470 4210/1480/469 4215/1480/469 
f 4217/1474/471 4204/1474/471 4203/1473/470 
f 4203/1473/470 4216/1488/470 4217/1474/471 
f 4217/1474/471 4218/1475/472 4205/1475/472 
f 4205/1475/472 4204/1474/471 4217/1474/471 
f 4206/1476/466 4205/1475/472 4218/1475/472 
f 4218/1475/472 4212/1482/466 4206/1476/466 
# 926 faces

#
# object Castle_Interior
#

v  -19.95 15.93 -13.79
v  -19.95 15.93 -30.89
v  -19.95 8.63 -30.89
v  -19.95 8.63 -13.79
v  -10.41 8.63 -30.89
v  -10.41 15.93 -30.89
v  -7.89 15.93 -30.89
v  -2.12 15.93 -30.89
v  1.40 15.93 -30.89
v  7.31 15.93 -30.89
v  18.83 15.93 -30.89
v  18.83 8.63 -30.89
v  7.31 8.63 -30.89
v  1.40 8.63 -30.89
v  -0.35 15.93 -30.89
v  -0.35 8.63 -30.89
v  -2.12 8.63 -30.89
v  -7.89 8.63 -30.89
v  18.83 8.63 -13.79
v  18.83 15.93 -13.79
v  -1.78 27.31 -22.37
v  -1.78 27.65 -22.42
v  -2.24 27.58 -22.52
v  -2.30 27.30 -22.56
v  -1.21 27.30 -22.33
v  -1.22 27.65 -22.29
v  -0.65 27.30 -22.43
v  -0.65 27.64 -22.43
v  -1.75 27.99 -22.50
v  -2.25 27.91 -22.45
v  -1.21 27.98 -22.33
v  -0.65 27.98 -22.44
v  -1.75 28.33 -22.47
v  -2.31 28.33 -22.44
v  -1.20 28.32 -22.43
v  -0.65 28.33 -22.43
v  -0.55 23.56 -22.44
v  -0.55 28.47 -22.44
v  -0.53 28.47 -22.42
v  -0.53 23.56 -22.42
v  -0.58 23.56 -22.46
v  -0.58 28.47 -22.46
v  -0.61 28.47 -22.46
v  -0.61 23.56 -22.46
v  -0.64 23.56 -22.44
v  -0.64 28.47 -22.44
v  -0.66 23.56 -22.42
v  -0.66 28.47 -22.42
v  -0.67 23.56 -22.38
v  -0.67 28.47 -22.38
v  -0.66 23.56 -22.35
v  -0.66 28.47 -22.35
v  -0.64 23.56 -22.32
v  -0.64 28.47 -22.32
v  -0.61 23.56 -22.31
v  -0.61 28.47 -22.31
v  -0.58 23.56 -22.31
v  -0.58 28.47 -22.31
v  -0.55 23.56 -22.32
v  -0.55 28.47 -22.32
v  -0.53 28.47 -22.35
v  -0.53 23.56 -22.35
v  -0.52 23.56 -22.38
v  -0.52 28.47 -22.38
v  -1.65 23.51 -21.26
v  -1.65 22.07 -21.26
v  0.45 22.07 -21.26
v  0.45 23.51 -21.26
v  0.15 23.85 -21.58
v  -1.36 23.85 -21.58
v  -1.36 23.85 -23.19
v  0.15 23.85 -23.19
v  -1.65 23.51 -23.51
v  0.45 23.51 -23.51
v  0.45 22.07 -23.51
v  -1.65 22.07 -23.51
v  -1.36 23.51 -21.58
v  0.15 23.51 -21.58
v  0.15 23.51 -23.19
v  -1.36 23.51 -23.19
v  -15.16 15.83 -14.02
v  -13.95 15.83 -14.02
v  -13.95 16.82 -14.02
v  -15.16 16.82 -14.02
v  -14.32 17.33 -14.02
v  -14.32 17.33 -14.74
v  -14.79 17.33 -14.74
v  -14.79 17.33 -14.02
v  -13.95 16.82 -14.74
v  -13.95 15.83 -14.74
v  -15.16 15.83 -14.74
v  -15.16 16.82 -14.74
v  -19.95 8.00 -13.79
v  -10.41 8.00 -13.79
v  -10.41 8.63 -13.79
v  -10.81 22.21 -27.90
v  -10.81 22.21 -16.78
v  -9.30 22.21 -16.78
v  -5.77 22.21 -27.90
v  -10.41 15.93 -13.79
v  -9.30 15.93 -16.78
v  -10.81 15.93 -16.78
v  9.68 15.93 -27.90
v  9.68 15.93 -16.78
v  -10.81 15.93 -27.90
v  -5.77 15.93 -27.90
v  -10.81 16.16 -16.78
v  -9.30 16.16 -16.78
v  -10.41 13.27 -13.79
v  -10.41 14.00 -13.79
v  -19.95 14.00 -13.79
v  -19.95 13.27 -13.79
v  -19.95 12.88 -13.79
v  -10.41 12.88 -13.79
v  -19.95 12.45 -13.79
v  -10.41 12.45 -13.79
v  -19.95 11.98 -13.79
v  -10.41 11.98 -13.79
v  -19.95 11.59 -13.79
v  -10.41 11.59 -13.79
v  -10.41 10.98 -13.79
v  -19.95 10.98 -13.79
v  1.43 8.63 -13.79
v  -2.12 8.63 -13.79
v  -2.12 8.00 -13.79
v  1.40 8.00 -13.79
v  -2.12 15.93 -16.78
v  -2.12 15.93 -13.79
v  -0.35 15.93 -13.79
v  -0.45 15.93 -16.78
v  -0.45 16.16 -16.78
v  -2.12 16.16 -16.78
v  -0.45 22.21 -27.90
v  -1.38 22.21 -27.90
v  -2.12 22.21 -16.78
v  -0.45 22.21 -16.78
v  -0.45 15.93 -27.90
v  -1.38 15.93 -27.90
v  7.31 8.63 -13.79
v  7.31 8.00 -13.79
v  1.43 10.98 -13.79
v  7.31 10.98 -13.79
v  1.37 11.98 -13.79
v  1.40 11.60 -13.79
v  7.31 11.59 -13.79
v  7.31 11.98 -13.79
v  1.33 12.14 -13.79
v  7.31 12.45 -13.79
v  7.31 12.88 -13.79
v  1.09 12.59 -13.79
v  7.31 13.27 -13.79
v  0.70 12.97 -13.79
v  7.31 14.00 -13.79
v  0.22 13.21 -13.79
v  1.40 15.93 -13.79
v  7.31 15.93 -13.79
v  6.02 15.93 -16.78
v  1.21 15.93 -16.78
v  6.02 16.16 -16.78
v  1.21 16.16 -16.78
v  0.47 22.21 -27.90
v  1.21 22.21 -16.78
v  6.02 22.21 -16.78
v  3.59 22.21 -27.90
v  0.47 15.93 -27.90
v  3.59 15.93 -27.90
v  -7.89 8.00 -13.79
v  -7.89 8.63 -13.79
v  -7.89 10.98 -13.79
v  -7.89 15.93 -13.79
v  -7.09 15.93 -16.78
v  -7.09 16.16 -16.78
v  -7.09 22.21 -16.78
v  -4.43 22.21 -27.90
v  -4.43 15.93 -27.90
v  -2.12 10.98 -13.79
v  -7.89 11.59 -13.79
v  -2.12 11.59 -13.79
v  -2.08 11.86 -13.79
v  -7.89 11.98 -13.79
v  -2.02 12.15 -13.79
v  -7.89 12.45 -13.79
v  -1.77 12.61 -13.79
v  -7.89 12.88 -13.79
v  -1.39 12.98 -13.79
v  -7.89 13.27 -13.79
v  -0.90 13.22 -13.79
v  -7.89 14.00 -13.79
v  9.84 8.63 -13.79
v  9.84 8.00 -13.79
v  9.84 10.98 -13.79
v  8.24 15.93 -16.78
v  9.84 15.93 -13.79
v  8.24 16.16 -16.78
v  8.24 22.21 -16.78
v  9.68 22.21 -16.78
v  9.68 22.21 -27.90
v  18.83 8.00 -13.79
v  18.83 10.98 -13.79
v  18.83 11.98 -13.79
v  9.84 11.98 -13.79
v  9.84 11.59 -13.79
v  18.83 11.59 -13.79
v  18.83 12.45 -13.79
v  9.84 12.45 -13.79
v  18.83 12.88 -13.79
v  9.84 12.88 -13.79
v  9.84 13.27 -13.79
v  18.83 13.27 -13.79
v  18.83 14.00 -13.79
v  9.84 14.00 -13.79
v  9.68 16.16 -16.78
v  -0.35 13.30 -13.79
v  -2.12 8.63 -14.47
v  -2.12 10.98 -14.47
v  -2.12 11.59 -14.47
v  -2.08 11.86 -14.47
v  -2.02 12.15 -14.47
v  -1.77 12.61 -14.47
v  -1.39 12.98 -14.47
v  -0.90 13.22 -14.47
v  1.43 8.63 -14.47
v  1.43 10.98 -14.47
v  1.40 11.60 -14.47
v  1.37 11.98 -14.47
v  1.33 12.14 -14.47
v  1.09 12.59 -14.47
v  0.70 12.97 -14.47
v  0.22 13.21 -14.47
v  -0.35 13.30 -14.47
v  -10.41 11.59 -14.43
v  -10.41 11.98 -14.43
v  -10.41 12.45 -14.43
v  -10.41 12.88 -14.43
v  -10.41 13.27 -14.43
v  -10.41 14.00 -14.43
v  -7.89 11.98 -14.43
v  -7.89 11.59 -14.43
v  -7.89 12.45 -14.43
v  -7.89 12.88 -14.43
v  -7.89 13.27 -14.43
v  -7.89 14.00 -14.43
v  7.31 11.59 -14.43
v  7.31 11.98 -14.43
v  7.31 12.45 -14.43
v  7.31 12.88 -14.43
v  7.31 13.27 -14.43
v  7.31 14.00 -14.43
v  9.84 11.59 -14.43
v  9.84 11.98 -14.43
v  9.84 12.45 -14.43
v  9.84 12.88 -14.43
v  9.84 13.27 -14.43
v  9.84 14.00 -14.43
v  -7.89 10.98 -14.43
v  -10.41 10.98 -14.43
v  9.84 10.98 -14.43
v  7.31 10.98 -14.43
v  -2.12 20.35 -16.78
v  -7.09 20.35 -16.78
v  -9.30 20.35 -16.78
v  -10.81 20.35 -16.78
v  8.24 20.35 -16.78
v  9.68 20.35 -16.78
v  6.02 20.35 -16.78
v  1.21 20.35 -16.78
v  -0.45 20.35 -16.78
v  -7.09 17.91 -16.78
v  -2.12 17.91 -16.78
v  -9.30 17.91 -16.78
v  -10.81 17.91 -16.78
v  8.24 17.91 -16.78
v  9.68 17.91 -16.78
v  6.02 17.91 -16.78
v  1.21 17.91 -16.78
v  -9.30 17.91 -17.16
v  -9.30 20.35 -17.16
v  -7.09 17.91 -17.16
v  -7.09 20.35 -17.16
v  6.02 17.91 -17.16
v  6.02 20.35 -17.16
v  8.24 17.91 -17.16
v  8.24 20.35 -17.16
v  -0.45 20.35 -17.49
v  1.21 20.35 -17.49
v  -2.12 20.35 -17.49
v  -2.12 17.91 -17.49
v  -2.12 16.16 -17.49
v  1.21 17.91 -17.49
v  1.21 16.16 -17.49
v  -0.45 16.16 -17.49
v  -13.02 16.82 -14.02
v  -13.02 15.83 -14.02
v  -11.81 15.83 -14.02
v  -11.81 16.82 -14.02
v  -12.65 17.33 -14.02
v  -12.18 17.33 -14.02
v  -12.18 17.33 -14.74
v  -12.65 17.33 -14.74
v  -11.81 16.82 -14.74
v  -11.81 15.83 -14.74
v  -13.02 15.83 -14.74
v  -13.02 16.82 -14.74
v  -10.88 16.82 -14.02
v  -10.88 15.83 -14.02
v  -9.67 15.83 -14.02
v  -9.67 16.82 -14.02
v  -10.51 17.33 -14.02
v  -10.04 17.33 -14.02
v  -10.04 17.33 -14.74
v  -10.51 17.33 -14.74
v  -10.88 15.83 -14.74
v  -10.88 16.82 -14.74
v  -9.67 16.82 -14.74
v  -9.67 15.83 -14.74
v  -8.74 16.82 -14.02
v  -8.74 15.83 -14.02
v  -7.53 15.83 -14.02
v  -7.53 16.82 -14.02
v  -8.37 17.33 -14.02
v  -7.90 17.33 -14.02
v  -7.90 17.33 -14.74
v  -8.37 17.33 -14.74
v  -8.74 15.83 -14.74
v  -8.74 16.82 -14.74
v  -7.53 16.82 -14.74
v  -7.53 15.83 -14.74
v  -6.60 16.82 -14.02
v  -6.60 15.83 -14.02
v  -5.39 15.83 -14.02
v  -5.39 16.82 -14.02
v  -6.23 17.33 -14.02
v  -5.76 17.33 -14.02
v  -5.76 17.33 -14.74
v  -6.23 17.33 -14.74
v  -6.60 15.83 -14.74
v  -6.60 16.82 -14.74
v  -5.39 16.82 -14.74
v  -5.39 15.83 -14.74
v  -4.46 16.82 -14.02
v  -4.46 15.83 -14.02
v  -3.25 15.83 -14.02
v  -3.25 16.82 -14.02
v  -4.09 17.33 -14.02
v  -3.62 17.33 -14.02
v  -3.62 17.33 -14.74
v  -4.09 17.33 -14.74
v  -4.46 15.83 -14.74
v  -4.46 16.82 -14.74
v  -3.25 16.82 -14.74
v  -3.25 15.83 -14.74
v  -2.32 16.82 -14.02
v  -2.32 15.83 -14.02
v  -1.11 15.83 -14.02
v  -1.11 16.82 -14.02
v  -1.95 17.33 -14.02
v  -1.48 17.33 -14.02
v  -1.48 17.33 -14.74
v  -1.95 17.33 -14.74
v  -2.32 15.83 -14.74
v  -2.32 16.82 -14.74
v  -1.11 16.82 -14.74
v  -1.11 15.83 -14.74
v  -0.18 16.82 -14.02
v  -0.18 15.83 -14.02
v  1.03 15.83 -14.02
v  1.03 16.82 -14.02
v  0.19 17.33 -14.02
v  0.66 17.33 -14.02
v  0.66 17.33 -14.74
v  0.19 17.33 -14.74
v  1.03 16.82 -14.74
v  1.03 15.83 -14.74
v  -0.18 15.83 -14.74
v  -0.18 16.82 -14.74
v  3.17 15.83 -14.02
v  3.17 16.82 -14.02
v  1.96 16.82 -14.02
v  1.96 15.83 -14.02
v  2.33 17.33 -14.02
v  2.80 17.33 -14.02
v  2.80 17.33 -14.74
v  2.33 17.33 -14.74
v  1.96 15.83 -14.74
v  1.96 16.82 -14.74
v  3.17 16.82 -14.74
v  3.17 15.83 -14.74
v  4.10 16.82 -14.02
v  4.10 15.83 -14.02
v  5.31 15.83 -14.02
v  5.31 16.82 -14.02
v  4.47 17.33 -14.02
v  4.94 17.33 -14.02
v  4.94 17.33 -14.74
v  4.47 17.33 -14.74
v  5.31 16.82 -14.74
v  5.31 15.83 -14.74
v  4.10 15.83 -14.74
v  4.10 16.82 -14.74
v  6.24 16.82 -14.02
v  6.24 15.83 -14.02
v  7.45 15.83 -14.02
v  7.45 16.82 -14.02
v  6.61 17.33 -14.02
v  7.08 17.33 -14.02
v  7.08 17.33 -14.74
v  6.61 17.33 -14.74
v  6.24 15.83 -14.74
v  6.24 16.82 -14.74
v  7.45 16.82 -14.74
v  7.45 15.83 -14.74
v  8.38 16.82 -14.02
v  8.38 15.83 -14.02
v  9.59 15.83 -14.02
v  9.59 16.82 -14.02
v  8.75 17.33 -14.02
v  9.22 17.33 -14.02
v  9.22 17.33 -14.74
v  8.75 17.33 -14.74
v  9.59 16.82 -14.74
v  9.59 15.83 -14.74
v  8.38 15.83 -14.74
v  8.38 16.82 -14.74
v  10.52 16.82 -14.02
v  10.52 15.83 -14.02
v  11.73 15.83 -14.02
v  11.73 16.82 -14.02
v  10.89 17.33 -14.02
v  11.36 17.33 -14.02
v  11.36 17.33 -14.74
v  10.89 17.33 -14.74
v  10.52 15.83 -14.74
v  10.52 16.82 -14.74
v  11.73 16.82 -14.74
v  11.73 15.83 -14.74
v  12.66 16.82 -14.02
v  12.66 15.83 -14.02
v  13.87 15.83 -14.02
v  13.87 16.82 -14.02
v  13.03 17.33 -14.02
v  13.50 17.33 -14.02
v  13.50 17.33 -14.74
v  13.03 17.33 -14.74
v  12.66 15.83 -14.74
v  12.66 16.82 -14.74
v  13.87 16.82 -14.74
v  13.87 15.83 -14.74
v  -18.88 15.83 -16.54
v  -18.88 16.82 -16.54
v  -18.88 16.82 -15.34
v  -18.88 15.83 -15.34
v  -18.88 17.33 -15.71
v  -18.88 17.33 -16.17
v  -19.61 17.33 -16.17
v  -19.61 17.33 -15.71
v  -19.61 15.83 -15.34
v  -19.61 16.82 -15.34
v  -19.61 16.82 -16.54
v  -19.61 15.83 -16.54
v  -18.88 16.82 -17.44
v  -18.88 15.83 -17.44
v  -18.88 15.83 -18.64
v  -18.88 16.82 -18.64
v  -18.88 17.33 -17.81
v  -18.88 17.33 -18.27
v  -19.61 17.33 -18.27
v  -19.61 17.33 -17.81
v  -19.61 16.82 -18.64
v  -19.61 15.83 -18.64
v  -19.61 15.83 -17.44
v  -19.61 16.82 -17.44
v  -18.88 16.82 -19.54
v  -18.88 15.83 -19.54
v  -18.88 15.83 -20.74
v  -18.88 16.82 -20.74
v  -18.88 17.33 -19.91
v  -18.88 17.33 -20.37
v  -19.61 17.33 -20.37
v  -19.61 17.33 -19.91
v  -19.61 15.83 -19.54
v  -19.61 16.82 -19.54
v  -19.61 16.82 -20.74
v  -19.61 15.83 -20.74
v  -18.88 16.82 -21.64
v  -18.88 15.83 -21.64
v  -18.88 15.83 -22.85
v  -18.88 16.82 -22.85
v  -18.88 17.33 -22.01
v  -18.88 17.33 -22.48
v  -19.61 17.33 -22.48
v  -19.61 17.33 -22.01
v  -19.61 16.82 -22.85
v  -19.61 15.83 -22.85
v  -19.61 15.83 -21.64
v  -19.61 16.82 -21.64
v  -18.88 16.82 -23.74
v  -18.88 15.83 -23.74
v  -18.88 15.83 -24.95
v  -18.88 16.82 -24.95
v  -18.88 17.33 -24.11
v  -18.88 17.33 -24.58
v  -19.61 17.33 -24.58
v  -19.61 17.33 -24.11
v  -19.61 15.83 -23.74
v  -19.61 16.82 -23.74
v  -19.61 16.82 -24.95
v  -19.61 15.83 -24.95
v  18.42 16.82 -15.43
v  18.42 15.83 -15.43
v  18.42 15.83 -16.63
v  18.42 16.82 -16.63
v  18.42 17.33 -15.80
v  18.42 17.33 -16.26
v  17.69 17.33 -16.26
v  17.69 17.33 -15.80
v  17.69 16.82 -16.63
v  17.69 15.83 -16.63
v  17.69 15.83 -15.43
v  17.69 16.82 -15.43
v  18.42 15.83 -18.73
v  18.42 16.82 -18.73
v  18.42 16.82 -17.53
v  18.42 15.83 -17.53
v  18.42 17.33 -17.90
v  18.42 17.33 -18.36
v  17.69 17.33 -18.36
v  17.69 17.33 -17.90
v  17.69 15.83 -17.53
v  17.69 16.82 -17.53
v  17.69 16.82 -18.73
v  17.69 15.83 -18.73
v  18.42 16.82 -19.63
v  18.42 15.83 -19.63
v  18.42 15.83 -20.83
v  18.42 16.82 -20.83
v  18.42 17.33 -20.00
v  18.42 17.33 -20.46
v  17.69 17.33 -20.46
v  17.69 17.33 -20.00
v  17.69 15.83 -19.63
v  17.69 16.82 -19.63
v  17.69 16.82 -20.83
v  17.69 15.83 -20.83
v  18.42 16.82 -21.73
v  18.42 15.83 -21.73
v  18.42 15.83 -22.94
v  18.42 16.82 -22.94
v  17.69 17.33 -22.10
v  18.42 17.33 -22.10
v  18.42 17.33 -22.57
v  17.69 17.33 -22.57
v  17.69 16.82 -22.94
v  17.69 15.83 -22.94
v  17.69 15.83 -21.73
v  17.69 16.82 -21.73
v  18.42 15.83 -25.04
v  18.42 16.82 -25.04
v  18.42 16.82 -23.84
v  18.42 15.83 -23.84
v  17.69 17.33 -24.21
v  18.42 17.33 -24.21
v  18.42 17.33 -24.67
v  17.69 17.33 -24.67
v  17.69 16.82 -25.04
v  17.69 15.83 -25.04
v  17.69 15.83 -23.84
v  17.69 16.82 -23.84
v  13.48 15.83 -29.79
v  13.48 16.82 -29.79
v  12.28 16.82 -29.79
v  12.28 15.83 -29.79
v  13.11 17.33 -30.51
v  12.65 17.33 -30.51
v  12.65 17.33 -29.79
v  13.11 17.33 -29.79
v  13.48 16.82 -30.51
v  13.48 15.83 -30.51
v  12.28 15.83 -30.51
v  12.28 16.82 -30.51
v  11.56 15.83 -29.79
v  11.56 16.82 -29.79
v  10.36 16.82 -29.79
v  10.36 15.83 -29.79
v  10.73 17.33 -30.51
v  10.73 17.33 -29.79
v  11.19 17.33 -29.79
v  11.19 17.33 -30.51
v  11.56 16.82 -30.51
v  11.56 15.83 -30.51
v  10.36 15.83 -30.51
v  10.36 16.82 -30.51
v  9.59 15.83 -29.79
v  9.59 16.82 -29.79
v  8.38 16.82 -29.79
v  8.38 15.83 -29.79
v  8.75 17.33 -30.51
v  8.75 17.33 -29.79
v  9.22 17.33 -29.79
v  9.22 17.33 -30.51
v  9.59 16.82 -30.51
v  9.59 15.83 -30.51
v  8.38 15.83 -30.51
v  8.38 16.82 -30.51
v  7.45 15.83 -29.79
v  7.45 16.82 -29.79
v  6.24 16.82 -29.79
v  6.24 15.83 -29.79
v  6.61 17.33 -29.79
v  7.08 17.33 -29.79
v  7.08 17.33 -30.51
v  6.61 17.33 -30.51
v  7.45 16.82 -30.51
v  7.45 15.83 -30.51
v  6.24 15.83 -30.51
v  6.24 16.82 -30.51
v  4.10 16.82 -29.79
v  4.10 15.83 -29.79
v  5.31 15.83 -29.79
v  5.31 16.82 -29.79
v  4.47 17.33 -29.79
v  4.94 17.33 -29.79
v  4.94 17.33 -30.51
v  4.47 17.33 -30.51
v  4.10 15.83 -30.51
v  4.10 16.82 -30.51
v  5.31 16.82 -30.51
v  5.31 15.83 -30.51
v  1.96 16.82 -29.79
v  1.96 15.83 -29.79
v  3.17 15.83 -29.79
v  3.17 16.82 -29.79
v  2.33 17.33 -29.79
v  2.80 17.33 -29.79
v  2.80 17.33 -30.51
v  2.33 17.33 -30.51
v  3.17 16.82 -30.51
v  3.17 15.83 -30.51
v  1.96 15.83 -30.51
v  1.96 16.82 -30.51
v  -0.18 16.82 -29.79
v  -0.18 15.83 -29.79
v  1.03 15.83 -29.79
v  1.03 16.82 -29.79
v  0.19 17.33 -29.79
v  0.66 17.33 -29.79
v  0.66 17.33 -30.51
v  0.19 17.33 -30.51
v  -0.18 15.83 -30.51
v  -0.18 16.82 -30.51
v  1.03 16.82 -30.51
v  1.03 15.83 -30.51
v  -2.32 16.82 -29.79
v  -2.32 15.83 -29.79
v  -1.11 15.83 -29.79
v  -1.11 16.82 -29.79
v  -1.95 17.33 -29.79
v  -1.48 17.33 -29.79
v  -1.48 17.33 -30.51
v  -1.95 17.33 -30.51
v  -1.11 16.82 -30.51
v  -1.11 15.83 -30.51
v  -2.32 15.83 -30.51
v  -2.32 16.82 -30.51
v  -3.25 15.83 -29.79
v  -3.25 16.82 -29.79
v  -4.46 16.82 -29.79
v  -4.46 15.83 -29.79
v  -4.09 17.33 -29.79
v  -3.62 17.33 -29.79
v  -3.62 17.33 -30.51
v  -4.09 17.33 -30.51
v  -4.46 15.83 -30.51
v  -4.46 16.82 -30.51
v  -3.25 16.82 -30.51
v  -3.25 15.83 -30.51
v  -6.60 16.82 -29.79
v  -6.60 15.83 -29.79
v  -5.39 15.83 -29.79
v  -5.39 16.82 -29.79
v  -6.23 17.33 -29.79
v  -5.76 17.33 -29.79
v  -5.76 17.33 -30.51
v  -6.23 17.33 -30.51
v  -6.60 15.83 -30.51
v  -6.60 16.82 -30.51
v  -5.39 16.82 -30.51
v  -5.39 15.83 -30.51
v  -7.53 15.83 -29.79
v  -7.53 16.82 -29.79
v  -8.74 16.82 -29.79
v  -8.74 15.83 -29.79
v  -8.37 17.33 -29.79
v  -7.90 17.33 -29.79
v  -7.90 17.33 -30.51
v  -8.37 17.33 -30.51
v  -8.74 15.83 -30.51
v  -8.74 16.82 -30.51
v  -7.53 16.82 -30.51
v  -7.53 15.83 -30.51
v  -10.88 16.82 -29.79
v  -10.88 15.83 -29.79
v  -9.67 15.83 -29.79
v  -9.67 16.82 -29.79
v  -10.51 17.33 -29.79
v  -10.04 17.33 -29.79
v  -10.04 17.33 -30.51
v  -10.51 17.33 -30.51
v  -9.67 16.82 -30.51
v  -9.67 15.83 -30.51
v  -10.88 15.83 -30.51
v  -10.88 16.82 -30.51
v  -12.84 16.82 -29.79
v  -12.84 15.83 -29.79
v  -11.63 15.83 -29.79
v  -11.63 16.82 -29.79
v  -12.47 17.33 -29.79
v  -12.00 17.33 -29.79
v  -12.00 17.33 -30.51
v  -12.47 17.33 -30.51
v  -12.84 15.83 -30.51
v  -12.84 16.82 -30.51
v  -11.63 16.82 -30.51
v  -11.63 15.83 -30.51
v  -14.70 16.82 -29.79
v  -14.70 15.83 -29.79
v  -13.49 15.83 -29.79
v  -13.49 16.82 -29.79
v  -14.33 17.33 -29.79
v  -13.86 17.33 -29.79
v  -13.86 17.33 -30.51
v  -14.33 17.33 -30.51
v  -14.70 15.83 -30.51
v  -14.70 16.82 -30.51
v  -13.49 16.82 -30.51
v  -13.49 15.83 -30.51
v  -10.63 22.15 -17.00
v  -9.42 22.15 -17.00
v  -9.42 23.13 -17.00
v  -10.63 23.13 -17.00
v  -10.26 23.64 -17.00
v  -9.79 23.64 -17.00
v  -9.79 23.64 -17.73
v  -10.26 23.64 -17.73
v  -10.63 22.15 -17.73
v  -10.63 23.13 -17.73
v  -9.42 23.13 -17.73
v  -9.42 22.15 -17.73
v  -8.74 23.13 -17.00
v  -8.74 22.15 -17.00
v  -7.53 22.15 -17.00
v  -7.53 23.13 -17.00
v  -8.37 23.64 -17.00
v  -7.90 23.64 -17.00
v  -7.90 23.64 -17.73
v  -8.37 23.64 -17.73
v  -7.53 23.13 -17.73
v  -7.53 22.15 -17.73
v  -8.74 22.15 -17.73
v  -8.74 23.13 -17.73
v  -5.39 22.15 -17.00
v  -5.39 23.13 -17.00
v  -6.60 23.13 -17.00
v  -6.60 22.15 -17.00
v  -6.23 23.64 -17.00
v  -5.76 23.64 -17.00
v  -5.76 23.64 -17.73
v  -6.23 23.64 -17.73
v  -6.60 22.15 -17.73
v  -6.60 23.13 -17.73
v  -5.39 23.13 -17.73
v  -5.39 22.15 -17.73
v  -4.46 23.13 -17.00
v  -4.46 22.15 -17.00
v  -3.25 22.15 -17.00
v  -3.25 23.13 -17.00
v  -4.09 23.64 -17.00
v  -3.62 23.64 -17.00
v  -3.62 23.64 -17.73
v  -4.09 23.64 -17.73
v  -3.25 23.13 -17.73
v  -3.25 22.15 -17.73
v  -4.46 22.15 -17.73
v  -4.46 23.13 -17.73
v  -1.11 22.15 -17.00
v  -1.11 23.13 -17.00
v  -2.32 23.13 -17.00
v  -2.32 22.15 -17.00
v  -1.95 23.64 -17.00
v  -1.48 23.64 -17.00
v  -1.48 23.64 -17.73
v  -1.95 23.64 -17.73
v  -2.32 22.15 -17.73
v  -2.32 23.13 -17.73
v  -1.11 23.13 -17.73
v  -1.11 22.15 -17.73
v  -0.18 23.13 -17.00
v  -0.18 22.15 -17.00
v  1.03 22.15 -17.00
v  1.03 23.13 -17.00
v  0.19 23.64 -17.00
v  0.66 23.64 -17.00
v  0.66 23.64 -17.73
v  0.19 23.64 -17.73
v  1.03 23.13 -17.73
v  1.03 22.15 -17.73
v  -0.18 22.15 -17.73
v  -0.18 23.13 -17.73
v  3.17 22.15 -17.00
v  3.17 23.13 -17.00
v  1.96 23.13 -17.00
v  1.96 22.15 -17.00
v  2.33 23.64 -17.00
v  2.80 23.64 -17.00
v  2.80 23.64 -17.73
v  2.33 23.64 -17.73
v  1.96 22.15 -17.73
v  1.96 23.13 -17.73
v  3.17 23.13 -17.73
v  3.17 22.15 -17.73
v  4.10 23.13 -17.00
v  4.10 22.15 -17.00
v  5.31 22.15 -17.00
v  5.31 23.13 -17.00
v  4.47 23.64 -17.00
v  4.94 23.64 -17.00
v  4.94 23.64 -17.73
v  4.47 23.64 -17.73
v  5.31 23.13 -17.73
v  5.31 22.15 -17.73
v  4.10 22.15 -17.73
v  4.10 23.13 -17.73
v  7.45 22.15 -17.00
v  7.45 23.13 -17.00
v  6.24 23.13 -17.00
v  6.24 22.15 -17.00
v  6.61 23.64 -17.00
v  7.08 23.64 -17.00
v  7.08 23.64 -17.73
v  6.61 23.64 -17.73
v  6.24 22.15 -17.73
v  6.24 23.13 -17.73
v  7.45 23.13 -17.73
v  7.45 22.15 -17.73
v  8.38 23.13 -17.00
v  8.38 22.15 -17.00
v  9.59 22.15 -17.00
v  9.59 23.13 -17.00
v  8.75 23.64 -17.00
v  9.22 23.64 -17.00
v  9.22 23.64 -17.73
v  8.75 23.64 -17.73
v  9.59 23.13 -17.73
v  9.59 22.15 -17.73
v  8.38 22.15 -17.73
v  8.38 23.13 -17.73
v  -8.52 22.15 -26.98
v  -8.52 23.13 -26.98
v  -9.72 23.13 -26.98
v  -9.72 22.15 -26.98
v  -9.35 23.64 -26.98
v  -8.89 23.64 -26.98
v  -8.89 23.64 -27.71
v  -9.35 23.64 -27.71
v  -9.72 22.15 -27.71
v  -9.72 23.13 -27.71
v  -8.52 23.13 -27.71
v  -8.52 22.15 -27.71
v  -7.83 23.13 -26.98
v  -7.83 22.15 -26.98
v  -6.63 22.15 -26.98
v  -6.63 23.13 -26.98
v  -7.46 23.64 -26.98
v  -7.00 23.64 -26.98
v  -7.00 23.64 -27.71
v  -7.46 23.64 -27.71
v  -6.63 23.13 -27.71
v  -6.63 22.15 -27.71
v  -7.83 22.15 -27.71
v  -7.83 23.13 -27.71
v  -4.49 22.15 -26.98
v  -4.49 23.13 -26.98
v  -5.69 23.13 -26.98
v  -5.69 22.15 -26.98
v  -5.32 23.64 -26.98
v  -4.86 23.64 -26.98
v  -4.86 23.64 -27.71
v  -5.32 23.64 -27.71
v  -5.69 22.15 -27.71
v  -5.69 23.13 -27.71
v  -4.49 23.13 -27.71
v  -4.49 22.15 -27.71
v  -3.55 23.13 -26.98
v  -3.55 22.15 -26.98
v  -2.35 22.15 -26.98
v  -2.35 23.13 -26.98
v  -3.18 23.64 -26.98
v  -2.72 23.64 -26.98
v  -2.72 23.64 -27.71
v  -3.18 23.64 -27.71
v  -2.35 23.13 -27.71
v  -2.35 22.15 -27.71
v  -3.55 22.15 -27.71
v  -3.55 23.13 -27.71
v  -0.21 22.15 -26.98
v  -0.21 23.13 -26.98
v  -1.41 23.13 -26.98
v  -1.41 22.15 -26.98
v  -1.04 23.64 -26.98
v  -0.58 23.64 -26.98
v  -0.58 23.64 -27.71
v  -1.04 23.64 -27.71
v  -1.41 22.15 -27.71
v  -1.41 23.13 -27.71
v  -0.21 23.13 -27.71
v  -0.21 22.15 -27.71
v  0.73 23.13 -26.98
v  0.73 22.15 -26.98
v  1.93 22.15 -26.98
v  1.93 23.13 -26.98
v  1.10 23.64 -26.98
v  1.56 23.64 -26.98
v  1.56 23.64 -27.71
v  1.10 23.64 -27.71
v  1.93 23.13 -27.71
v  1.93 22.15 -27.71
v  0.73 22.15 -27.71
v  0.73 23.13 -27.71
v  4.07 22.15 -26.98
v  4.07 23.13 -26.98
v  2.87 23.13 -26.98
v  2.87 22.15 -26.98
v  3.24 23.64 -26.98
v  3.70 23.64 -26.98
v  3.70 23.64 -27.71
v  3.24 23.64 -27.71
v  2.87 22.15 -27.71
v  2.87 23.13 -27.71
v  4.07 23.13 -27.71
v  4.07 22.15 -27.71
v  5.01 23.13 -26.98
v  5.01 22.15 -26.98
v  6.21 22.15 -26.98
v  6.21 23.13 -26.98
v  5.38 23.64 -26.98
v  5.84 23.64 -26.98
v  5.84 23.64 -27.71
v  5.38 23.64 -27.71
v  6.21 23.13 -27.71
v  6.21 22.15 -27.71
v  5.01 22.15 -27.71
v  5.01 23.13 -27.71
v  8.35 22.15 -26.98
v  8.35 23.13 -26.98
v  7.15 23.13 -26.98
v  7.15 22.15 -26.98
v  7.98 23.64 -26.98
v  7.98 23.64 -27.71
v  7.52 23.64 -27.71
v  7.52 23.64 -26.98
v  7.15 22.15 -27.71
v  7.15 23.13 -27.71
v  8.35 23.13 -27.71
v  8.35 22.15 -27.71
v  -9.78 23.14 -17.79
v  -9.78 22.15 -17.79
v  -9.78 22.15 -19.00
v  -9.78 23.14 -19.00
v  -9.78 23.65 -18.16
v  -9.78 23.65 -18.63
v  -10.51 23.65 -18.63
v  -10.51 23.65 -18.16
v  -10.51 23.14 -19.00
v  -10.51 22.15 -19.00
v  -10.51 22.15 -17.79
v  -10.51 23.14 -17.79
v  -9.78 22.15 -21.10
v  -9.78 23.14 -21.10
v  -9.78 23.14 -19.90
v  -9.78 22.15 -19.90
v  -10.51 23.65 -20.27
v  -9.78 23.65 -20.27
v  -9.78 23.65 -20.73
v  -10.51 23.65 -20.73
v  -10.51 22.15 -19.90
v  -10.51 23.14 -19.90
v  -10.51 23.14 -21.10
v  -10.51 22.15 -21.10
v  -9.78 23.14 -22.00
v  -9.78 22.15 -22.00
v  -9.78 22.15 -23.20
v  -9.78 23.14 -23.20
v  -9.78 23.65 -22.37
v  -9.78 23.65 -22.83
v  -10.51 23.65 -22.83
v  -10.51 23.65 -22.37
v  -10.51 23.14 -23.20
v  -10.51 22.15 -23.20
v  -10.51 22.15 -22.00
v  -10.51 23.14 -22.00
v  -9.78 22.15 -25.30
v  -9.78 23.14 -25.30
v  -9.78 23.14 -24.10
v  -9.78 22.15 -24.10
v  -9.78 23.65 -24.93
v  -10.51 23.65 -24.93
v  -10.51 23.65 -24.47
v  -9.78 23.65 -24.47
v  -10.51 22.15 -24.10
v  -10.51 23.14 -24.10
v  -10.51 23.14 -25.30
v  -10.51 22.15 -25.30
v  -9.78 23.14 -26.20
v  -9.78 22.15 -26.20
v  -9.78 22.15 -27.41
v  -9.78 23.14 -27.41
v  -9.78 23.65 -26.57
v  -9.78 23.65 -27.04
v  -10.51 23.65 -27.04
v  -10.51 23.65 -26.57
v  -10.51 23.14 -27.41
v  -10.51 22.15 -27.41
v  -10.51 22.15 -26.20
v  -10.51 23.14 -26.20
v  9.49 22.15 -19.00
v  9.49 23.14 -19.00
v  9.49 23.14 -17.79
v  9.49 22.15 -17.79
v  8.76 23.65 -18.16
v  9.49 23.65 -18.16
v  9.49 23.65 -18.63
v  8.76 23.65 -18.63
v  8.76 22.15 -17.79
v  8.76 23.14 -17.79
v  8.76 23.14 -19.00
v  8.76 22.15 -19.00
v  9.49 23.14 -19.90
v  9.49 22.15 -19.90
v  9.49 22.15 -21.10
v  9.49 23.14 -21.10
v  9.49 23.65 -20.27
v  9.49 23.65 -20.73
v  8.76 23.65 -20.73
v  8.76 23.65 -20.27
v  8.76 23.14 -21.10
v  8.76 22.15 -21.10
v  8.76 22.15 -19.90
v  8.76 23.14 -19.90
v  9.49 22.15 -23.20
v  9.49 23.14 -23.20
v  9.49 23.14 -22.00
v  9.49 22.15 -22.00
v  9.49 23.65 -22.83
v  8.76 23.65 -22.83
v  8.76 23.65 -22.37
v  9.49 23.65 -22.37
v  8.76 22.15 -22.00
v  8.76 23.14 -22.00
v  8.76 23.14 -23.20
v  8.76 22.15 -23.20
v  9.49 23.14 -24.10
v  9.49 22.15 -24.10
v  9.49 22.15 -25.30
v  9.49 23.14 -25.30
v  9.49 23.65 -24.47
v  9.49 23.65 -24.93
v  8.76 23.65 -24.93
v  8.76 23.65 -24.47
v  8.76 23.14 -25.30
v  8.76 22.15 -25.30
v  8.76 22.15 -24.10
v  8.76 23.14 -24.10
v  9.49 22.15 -27.41
v  9.49 23.14 -27.41
v  9.49 23.14 -26.20
v  9.49 22.15 -26.20
v  8.76 23.65 -26.57
v  9.49 23.65 -26.57
v  9.49 23.65 -27.04
v  8.76 23.65 -27.04
v  8.76 22.15 -26.20
v  8.76 23.14 -26.20
v  8.76 23.14 -27.41
v  8.76 22.15 -27.41
v  -21.10 -0.00 -9.01
v  -16.98 -0.00 -9.01
v  -16.98 1.99 -9.01
v  -21.10 1.99 -9.01
v  -21.10 8.49 -32.21
v  -21.10 8.49 -9.01
v  -16.98 8.49 -9.01
v  -16.98 8.49 -32.21
v  -2.17 8.49 -32.21
v  -2.98 8.49 -32.21
v  -2.98 8.49 -9.01
v  -2.17 8.49 -9.01
v  -2.98 1.99 -9.01
v  -2.98 -0.00 -9.01
v  -2.17 -0.00 -9.01
v  -2.17 1.99 -9.01
v  2.28 8.49 -32.21
v  2.28 8.49 -9.01
v  12.98 8.49 -9.01
v  12.98 8.49 -32.21
v  12.98 -0.00 -9.01
v  12.98 1.99 -9.01
v  2.28 1.99 -9.01
v  2.28 -0.00 -9.01
v  -16.93 4.39 -9.01
v  -16.77 4.88 -9.01
v  -21.10 4.88 -9.01
v  -21.10 4.39 -9.01
v  2.28 4.88 -9.01
v  2.28 4.39 -9.01
v  13.01 4.39 -9.01
v  13.17 4.88 -9.01
v  -2.98 4.88 -9.01
v  -2.98 4.39 -9.01
v  -2.09 4.39 -9.01
v  -1.83 4.88 -9.01
v  -16.98 3.86 -9.01
v  -21.10 3.86 -9.01
v  2.28 3.86 -9.01
v  12.98 3.86 -9.01
v  -2.17 3.86 -9.01
v  -2.98 3.86 -9.01
v  1.48 8.49 -9.01
v  1.48 8.49 -32.21
v  1.48 1.99 -9.01
v  1.48 -0.00 -9.01
v  1.48 3.86 -9.01
v  1.39 4.39 -9.01
v  1.14 4.88 -9.01
v  -2.98 5.25 -9.01
v  -1.43 5.27 -9.01
v  -21.10 5.25 -9.01
v  -16.46 5.25 -9.01
v  13.49 5.25 -9.01
v  2.28 5.25 -9.01
v  0.73 5.27 -9.01
v  -2.98 5.50 -9.01
v  -0.95 5.50 -9.01
v  -16.00 5.50 -9.01
v  -21.10 5.50 -9.01
v  2.28 5.50 -9.01
v  13.91 5.50 -9.01
v  0.26 5.50 -9.01
v  -2.98 5.61 -9.01
v  -0.35 5.61 -9.01
v  -15.48 5.60 -9.01
v  -21.10 5.61 -9.01
v  14.47 5.59 -9.01
v  2.28 5.61 -9.01
v  -0.34 5.61 -9.01
v  -13.96 -0.00 -9.01
v  -13.96 1.99 -9.01
v  -15.46 5.60 -9.01
v  -13.96 8.49 -9.01
v  -13.96 8.49 -32.21
v  -13.96 3.86 -9.01
v  -14.01 4.39 -9.01
v  -14.17 4.88 -9.01
v  -14.48 5.25 -9.01
v  -14.94 5.50 -9.01
v  19.94 1.99 -9.01
v  15.98 1.99 -9.01
v  15.98 -0.00 -9.01
v  19.94 -0.00 -9.01
v  15.98 3.86 -9.01
v  19.94 3.86 -9.01
v  15.95 4.39 -9.01
v  19.94 4.39 -9.01
v  19.94 4.88 -9.01
v  15.78 4.88 -9.01
v  19.94 5.25 -9.01
v  15.47 5.25 -9.01
v  19.94 5.50 -9.01
v  15.04 5.50 -9.01
v  19.94 5.61 -9.01
v  14.49 5.59 -9.01
v  19.94 8.49 -9.01
v  15.98 8.49 -9.01
v  19.94 8.49 -32.21
v  15.98 8.49 -32.21
v  -16.98 1.99 -9.54
v  -16.98 3.86 -9.54
v  -16.93 4.39 -9.54
v  -16.77 4.88 -9.54
v  -16.46 5.25 -9.54
v  -16.00 5.50 -9.54
v  -15.48 5.60 -9.54
v  -13.96 1.99 -9.54
v  -13.96 3.86 -9.54
v  -14.01 4.39 -9.54
v  -14.17 4.88 -9.54
v  -14.48 5.25 -9.54
v  -14.94 5.50 -9.54
v  -15.46 5.60 -9.54
v  15.98 1.99 -9.66
v  12.98 1.99 -9.66
v  15.98 3.86 -9.66
v  15.95 4.39 -9.66
v  15.78 4.88 -9.66
v  15.47 5.25 -9.66
v  15.04 5.50 -9.66
v  14.47 5.59 -9.66
v  14.49 5.59 -9.66
v  12.98 3.86 -9.66
v  13.01 4.39 -9.66
v  13.17 4.88 -9.66
v  13.49 5.25 -9.66
v  13.91 5.50 -9.66
v  -2.17 1.99 -9.94
v  -2.17 -0.00 -9.94
v  -2.17 3.86 -9.94
v  -2.09 4.39 -9.94
v  -1.83 4.88 -9.94
v  1.48 1.99 -9.94
v  1.48 -0.00 -9.94
v  1.48 3.86 -9.94
v  1.14 4.88 -9.94
v  1.39 4.39 -9.94
v  -1.43 5.27 -9.94
v  0.73 5.27 -9.94
v  -0.95 5.50 -9.94
v  0.26 5.50 -9.94
v  -0.35 5.61 -9.94
v  -0.34 5.61 -9.94
v  -20.26 9.25 -9.33
v  -20.26 8.33 -9.33
v  -19.16 8.33 -9.33
v  -19.16 9.25 -9.33
v  -19.50 9.68 -9.33
v  -19.92 9.68 -9.33
v  -19.50 9.68 -9.97
v  -19.92 9.68 -9.97
v  -20.26 9.25 -9.97
v  -19.16 9.25 -9.97
v  -20.26 8.33 -9.97
v  -19.16 8.33 -9.97
v  -17.63 8.33 -9.33
v  -17.63 9.25 -9.33
v  -18.73 9.25 -9.33
v  -18.73 8.33 -9.33
v  -18.39 9.68 -9.33
v  -17.97 9.68 -9.33
v  -18.39 9.68 -9.97
v  -17.97 9.68 -9.97
v  -17.63 9.25 -9.97
v  -18.73 9.25 -9.97
v  -17.63 8.33 -9.97
v  -18.73 8.33 -9.97
v  -17.20 9.25 -9.33
v  -17.20 8.33 -9.33
v  -16.10 8.33 -9.33
v  -16.10 9.25 -9.33
v  -16.44 9.68 -9.33
v  -16.86 9.68 -9.33
v  -16.44 9.68 -9.97
v  -16.86 9.68 -9.97
v  -17.20 9.25 -9.97
v  -16.10 9.25 -9.97
v  -17.20 8.33 -9.97
v  -16.10 8.33 -9.97
v  -14.57 8.33 -9.33
v  -14.57 9.25 -9.33
v  -15.67 9.25 -9.33
v  -15.67 8.33 -9.33
v  -15.33 9.68 -9.33
v  -14.91 9.68 -9.33
v  -15.33 9.68 -9.97
v  -14.91 9.68 -9.97
v  -15.67 9.25 -9.97
v  -14.57 9.25 -9.97
v  -15.67 8.33 -9.97
v  -14.57 8.33 -9.97
v  -14.14 9.25 -9.33
v  -14.14 8.33 -9.33
v  -13.04 8.33 -9.33
v  -13.04 9.25 -9.33
v  -13.38 9.68 -9.33
v  -13.80 9.68 -9.33
v  -13.38 9.68 -9.97
v  -13.80 9.68 -9.97
v  -14.14 9.25 -9.97
v  -13.04 9.25 -9.97
v  -14.14 8.33 -9.97
v  -13.04 8.33 -9.97
v  -11.51 8.33 -9.33
v  -11.51 9.25 -9.33
v  -12.61 9.25 -9.33
v  -12.61 8.33 -9.33
v  -12.27 9.68 -9.33
v  -11.85 9.68 -9.33
v  -12.27 9.68 -9.97
v  -11.85 9.68 -9.97
v  -11.51 9.25 -9.97
v  -12.61 9.25 -9.97
v  -11.51 8.33 -9.97
v  -12.61 8.33 -9.97
v  -11.08 9.25 -9.33
v  -11.08 8.33 -9.33
v  -9.98 8.33 -9.33
v  -9.98 9.25 -9.33
v  -10.32 9.68 -9.33
v  -10.74 9.68 -9.33
v  -10.32 9.68 -9.97
v  -10.74 9.68 -9.97
v  -11.08 9.25 -9.97
v  -9.98 9.25 -9.97
v  -11.08 8.33 -9.97
v  -9.98 8.33 -9.97
v  -8.45 8.33 -9.33
v  -8.45 9.25 -9.33
v  -9.55 9.25 -9.33
v  -9.55 8.33 -9.33
v  -9.21 9.68 -9.33
v  -8.79 9.68 -9.33
v  -9.21 9.68 -9.97
v  -8.79 9.68 -9.97
v  -8.45 9.25 -9.97
v  -9.55 9.25 -9.97
v  -8.45 8.33 -9.97
v  -9.55 8.33 -9.97
v  -8.02 9.25 -9.33
v  -8.02 8.33 -9.33
v  -6.92 8.33 -9.33
v  -6.92 9.25 -9.33
v  -7.26 9.68 -9.33
v  -7.68 9.68 -9.33
v  -7.26 9.68 -9.97
v  -7.68 9.68 -9.97
v  -8.02 9.25 -9.97
v  -6.92 9.25 -9.97
v  -8.02 8.33 -9.97
v  -6.92 8.33 -9.97
v  -5.39 8.33 -9.33
v  -5.39 9.25 -9.33
v  -6.49 9.25 -9.33
v  -6.49 8.33 -9.33
v  -6.15 9.68 -9.33
v  -5.73 9.68 -9.33
v  -6.15 9.68 -9.97
v  -5.73 9.68 -9.97
v  -5.39 9.25 -9.97
v  -6.49 9.25 -9.97
v  -5.39 8.33 -9.97
v  -6.49 8.33 -9.97
v  -4.96 9.25 -9.33
v  -4.96 8.33 -9.33
v  -3.86 8.33 -9.33
v  -3.86 9.25 -9.33
v  -4.20 9.68 -9.33
v  -4.62 9.68 -9.33
v  -4.20 9.68 -9.97
v  -4.62 9.68 -9.97
v  -4.96 9.25 -9.97
v  -3.86 9.25 -9.97
v  -4.96 8.33 -9.97
v  -3.86 8.33 -9.97
v  -2.33 8.33 -9.33
v  -2.33 9.25 -9.33
v  -3.43 9.25 -9.33
v  -3.43 8.33 -9.33
v  -3.09 9.68 -9.33
v  -2.67 9.68 -9.33
v  -3.09 9.68 -9.97
v  -2.67 9.68 -9.97
v  -2.33 9.25 -9.97
v  -3.43 9.25 -9.97
v  -2.33 8.33 -9.97
v  -3.43 8.33 -9.97
v  -1.90 9.25 -9.33
v  -1.90 8.33 -9.33
v  -0.80 8.33 -9.33
v  -0.80 9.25 -9.33
v  -1.14 9.68 -9.33
v  -1.56 9.68 -9.33
v  -1.14 9.68 -9.97
v  -1.56 9.68 -9.97
v  -1.90 9.25 -9.97
v  -0.80 9.25 -9.97
v  -1.90 8.33 -9.97
v  -0.80 8.33 -9.97
v  0.73 8.33 -9.33
v  0.73 9.25 -9.33
v  -0.37 9.25 -9.33
v  -0.37 8.33 -9.33
v  -0.03 9.68 -9.33
v  0.39 9.68 -9.33
v  -0.03 9.68 -9.97
v  0.39 9.68 -9.97
v  0.73 9.25 -9.97
v  -0.37 9.25 -9.97
v  0.73 8.33 -9.97
v  -0.37 8.33 -9.97
v  1.16 9.25 -9.33
v  1.16 8.33 -9.33
v  2.26 8.33 -9.33
v  2.26 9.25 -9.33
v  1.92 9.68 -9.33
v  1.50 9.68 -9.33
v  1.92 9.68 -9.97
v  1.50 9.68 -9.97
v  1.16 9.25 -9.97
v  2.26 9.25 -9.97
v  1.16 8.33 -9.97
v  2.26 8.33 -9.97
v  3.79 8.33 -9.33
v  3.79 9.25 -9.33
v  2.69 9.25 -9.33
v  2.69 8.33 -9.33
v  3.03 9.68 -9.33
v  3.45 9.68 -9.33
v  3.03 9.68 -9.97
v  3.45 9.68 -9.97
v  3.79 9.25 -9.97
v  2.69 9.25 -9.97
v  3.79 8.33 -9.97
v  2.69 8.33 -9.97
v  4.22 9.25 -9.33
v  4.22 8.33 -9.33
v  5.32 8.33 -9.33
v  5.32 9.25 -9.33
v  4.98 9.68 -9.33
v  4.56 9.68 -9.33
v  4.98 9.68 -9.97
v  4.56 9.68 -9.97
v  4.22 9.25 -9.97
v  5.32 9.25 -9.97
v  4.22 8.33 -9.97
v  5.32 8.33 -9.97
v  5.75 9.25 -9.33
v  5.75 8.33 -9.33
v  6.85 8.33 -9.33
v  6.85 9.25 -9.33
v  6.09 9.68 -9.33
v  6.51 9.68 -9.33
v  6.09 9.68 -9.97
v  6.51 9.68 -9.97
v  6.85 9.25 -9.97
v  5.75 9.25 -9.97
v  6.85 8.33 -9.97
v  5.75 8.33 -9.97
v  7.28 9.25 -9.33
v  7.28 8.33 -9.33
v  8.38 8.33 -9.33
v  8.38 9.25 -9.33
v  8.04 9.68 -9.33
v  7.62 9.68 -9.33
v  8.04 9.68 -9.97
v  7.62 9.68 -9.97
v  7.28 9.25 -9.97
v  8.38 9.25 -9.97
v  7.28 8.33 -9.97
v  8.38 8.33 -9.97
v  9.91 8.33 -9.33
v  9.91 9.25 -9.33
v  8.81 9.25 -9.33
v  8.81 8.33 -9.33
v  9.15 9.68 -9.33
v  9.57 9.68 -9.33
v  9.15 9.68 -9.97
v  9.57 9.68 -9.97
v  9.91 9.25 -9.97
v  8.81 9.25 -9.97
v  9.91 8.33 -9.97
v  8.81 8.33 -9.97
v  10.34 9.25 -9.33
v  10.34 8.33 -9.33
v  11.44 8.33 -9.33
v  11.44 9.25 -9.33
v  11.10 9.68 -9.33
v  10.68 9.68 -9.33
v  11.10 9.68 -9.97
v  10.68 9.68 -9.97
v  10.34 9.25 -9.97
v  11.44 9.25 -9.97
v  10.34 8.33 -9.97
v  11.44 8.33 -9.97
v  12.97 8.33 -9.33
v  12.97 9.25 -9.33
v  11.87 9.25 -9.33
v  11.87 8.33 -9.33
v  12.21 9.68 -9.33
v  12.63 9.68 -9.33
v  12.21 9.68 -9.97
v  12.63 9.68 -9.97
v  12.97 9.25 -9.97
v  11.87 9.25 -9.97
v  12.97 8.33 -9.97
v  11.87 8.33 -9.97
v  13.40 9.25 -9.33
v  13.40 8.33 -9.33
v  14.50 8.33 -9.33
v  14.50 9.25 -9.33
v  14.16 9.68 -9.33
v  13.74 9.68 -9.33
v  14.16 9.68 -9.97
v  13.74 9.68 -9.97
v  13.40 9.25 -9.97
v  14.50 9.25 -9.97
v  13.40 8.33 -9.97
v  14.50 8.33 -9.97
v  16.03 8.33 -9.33
v  16.03 9.25 -9.33
v  14.93 9.25 -9.33
v  14.93 8.33 -9.33
v  15.27 9.68 -9.33
v  15.69 9.68 -9.33
v  15.27 9.68 -9.97
v  15.69 9.68 -9.97
v  16.03 9.25 -9.97
v  14.93 9.25 -9.97
v  16.03 8.33 -9.97
v  14.93 8.33 -9.97
v  16.46 9.25 -9.33
v  16.46 8.33 -9.33
v  17.56 8.33 -9.33
v  17.56 9.25 -9.33
v  17.22 9.68 -9.33
v  16.80 9.68 -9.33
v  17.22 9.68 -9.97
v  16.80 9.68 -9.97
v  16.46 9.25 -9.97
v  17.56 9.25 -9.97
v  16.46 8.33 -9.97
v  17.56 8.33 -9.97
v  19.09 8.33 -9.33
v  19.09 9.25 -9.33
v  17.99 9.25 -9.33
v  17.99 8.33 -9.33
v  18.33 9.68 -9.33
v  18.75 9.68 -9.33
v  18.33 9.68 -9.97
v  18.75 9.68 -9.97
v  19.09 9.25 -9.97
v  17.99 9.25 -9.97
v  19.09 8.33 -9.97
v  17.99 8.33 -9.97
# 1539 vertices

vn -1.00 0.00 -0.00
vn 0.00 0.00 -1.00
vn 1.00 0.00 -0.00
vn -0.21 0.02 0.98
vn -0.18 0.06 0.98
vn -0.17 0.03 0.99
vn -0.28 0.03 0.96
vn 0.03 -0.02 1.00
vn 0.00 0.05 1.00
vn 0.21 -0.05 0.98
vn 0.21 0.01 0.98
vn -0.11 0.06 0.99
vn 0.01 -0.01 1.00
vn -0.04 0.12 0.99
vn 0.15 0.09 0.98
vn -0.06 0.02 1.00
vn 0.07 -0.05 1.00
vn -0.05 0.12 0.99
vn 0.09 0.13 0.99
vn 0.62 0.00 -0.78
vn 0.90 0.00 -0.43
vn 0.22 0.00 -0.97
vn -0.22 0.00 -0.97
vn -0.62 0.00 -0.78
vn -0.90 0.00 -0.43
vn -0.90 0.00 0.43
vn -0.62 0.00 0.78
vn -0.22 0.00 0.97
vn 0.22 0.00 0.97
vn 0.62 0.00 0.78
vn 0.90 0.00 0.43
vn 0.00 -1.00 -0.00
vn 0.00 0.00 1.00
vn 0.00 1.00 -0.00
vn 0.81 0.59 -0.00
vn -0.81 0.59 -0.00
vn 1.00 -0.07 -0.00
vn 0.99 -0.16 -0.00
vn 0.94 -0.33 -0.00
vn 0.80 -0.61 -0.00
vn 0.58 -0.82 -0.00
vn 0.30 -0.96 -0.00
vn -1.00 -0.02 -0.00
vn -1.00 -0.00 -0.00
vn -1.00 -0.06 -0.00
vn -0.99 -0.15 -0.00
vn -0.94 -0.35 -0.00
vn -0.80 -0.60 -0.00
vn -0.58 -0.82 -0.00
vn -0.30 -0.95 -0.00
vn -0.00 -1.00 -0.00
vn 0.00 0.59 -0.81
vn 0.00 0.59 0.81
vn -0.00 0.00 1.00
vn 0.00 1.00 0.00
vn -0.00 0.59 0.81
vn 1.00 -0.00 -0.00
vn 1.00 0.00 0.00
vn 1.00 -0.05 -0.00
vn 0.98 -0.21 -0.00
vn 0.87 -0.49 -0.00
vn 0.64 -0.77 -0.00
vn 0.34 -0.94 -0.00
vn 0.09 -1.00 -0.00
vn -1.00 -0.05 -0.00
vn -0.98 -0.21 -0.00
vn -0.87 -0.49 -0.00
vn -0.64 -0.77 -0.00
vn -0.34 -0.94 -0.00
vn -0.09 -1.00 -0.00
vn -1.00 -0.03 -0.00
vn -0.98 -0.19 -0.00
vn -0.65 -0.76 -0.00
vn 0.08 -1.00 -0.00
vn -0.08 -1.00 -0.00
vn 1.00 -0.03 -0.00
vn 0.98 -0.19 -0.00
vn 0.65 -0.76 -0.00
vn 1.00 -0.08 -0.00
vn 0.95 -0.31 -0.00
vn 0.80 -0.59 -0.00
vn -1.00 -0.08 -0.00
vn -0.80 -0.59 -0.00
vn -0.95 -0.31 -0.00
vn 0.31 -0.95 -0.00
vn -0.31 -0.95 -0.00
vn 0.17 -0.99 -0.00
vn -0.17 -0.99 -0.00
vn 0.94 0.33 -0.00
vn 0.78 0.62 -0.00
vn -0.94 0.33 -0.00
vn -0.78 0.62 -0.00
# 92 vertex normals

vt 0.22 0.78 0.00
vt 0.50 0.78 0.00
vt 0.50 0.67 0.00
vt 0.22 0.67 0.00
vt 0.66 0.87 0.00
vt 0.55 0.87 0.00
vt 0.55 0.96 0.00
vt 0.66 0.96 0.00
vt 0.69 0.96 0.00
vt 0.75 0.96 0.00
vt 0.79 0.96 0.00
vt 0.86 0.96 0.00
vt 0.99 0.96 0.00
vt 0.99 0.87 0.00
vt 0.86 0.87 0.00
vt 0.79 0.87 0.00
vt 0.77 0.96 0.00
vt 0.77 0.87 0.00
vt 0.75 0.87 0.00
vt 0.69 0.87 0.00
vt 0.48 0.92 0.00
vt 0.48 0.94 0.00
vt 0.46 0.94 0.00
vt 0.45 0.92 0.00
vt 0.50 0.92 0.00
vt 0.50 0.94 0.00
vt 0.52 0.92 0.00
vt 0.52 0.94 0.00
vt 0.48 0.97 0.00
vt 0.46 0.96 0.00
vt 0.50 0.97 0.00
vt 0.52 0.97 0.00
vt 0.48 0.99 0.00
vt 0.45 0.99 0.00
vt 0.50 0.99 0.00
vt 0.52 0.99 0.00
vt 0.43 0.84 0.00
vt 0.43 0.97 0.00
vt 0.42 0.84 0.00
vt 0.42 0.97 0.00
vt 0.41 0.98 0.00
vt 0.41 0.99 0.00
vt 0.42 0.98 0.00
vt 0.42 1.00 0.00
vt 0.43 1.00 0.00
vt 0.43 0.99 0.00
vt 0.43 0.98 0.00
vt 0.41 0.79 0.00
vt 0.41 0.86 0.00
vt 0.31 0.86 0.00
vt 0.31 0.79 0.00
vt 0.14 0.81 0.00
vt 0.14 0.86 0.00
vt 0.20 0.86 0.00
vt 0.20 0.81 0.00
vt 0.54 0.84 0.00
vt 0.54 0.91 0.00
vt 0.43 0.91 0.00
vt 0.22 0.80 0.00
vt 0.21 0.79 0.00
vt 0.30 0.79 0.00
vt 0.28 0.80 0.00
vt 0.28 0.87 0.00
vt 0.30 0.88 0.00
vt 0.21 0.88 0.00
vt 0.22 0.87 0.00
vt 0.24 0.86 0.00
vt 0.24 0.81 0.00
vt 0.25 0.81 0.00
vt 0.25 0.86 0.00
vt 0.27 0.86 0.00
vt 0.26 0.86 0.00
vt 0.26 0.80 0.00
vt 0.27 0.80 0.00
vt 0.13 0.88 0.00
vt 0.19 0.88 0.00
vt 0.19 0.94 0.00
vt 0.13 0.94 0.00
vt 0.22 0.92 0.00
vt 0.22 0.88 0.00
vt 0.25 0.88 0.00
vt 0.25 0.92 0.00
vt 0.24 0.93 0.00
vt 0.24 0.98 0.00
vt 0.20 0.98 0.00
vt 0.21 0.93 0.00
vt 0.15 0.96 0.00
vt 0.17 0.96 0.00
vt 0.20 0.92 0.00
vt 0.20 0.88 0.00
vt 0.27 0.88 0.00
vt 0.27 0.92 0.00
vt 0.01 0.24 0.00
vt 0.01 0.23 0.00
vt 0.25 0.23 0.00
vt 0.25 0.24 0.00
vt 0.74 0.79 0.00
vt 0.74 0.67 0.00
vt 0.76 0.67 0.00
vt 0.80 0.79 0.00
vt 0.74 0.68 0.00
vt 0.80 0.68 0.00
vt 0.81 0.70 0.00
vt 0.80 0.70 0.00
vt 0.98 0.78 0.00
vt 0.93 0.76 0.00
vt 0.93 0.70 0.00
vt 0.98 0.68 0.00
vt 0.80 0.76 0.00
vt 0.83 0.76 0.00
vt 0.80 0.78 0.00
vt 0.74 0.78 0.00
vt 0.01 0.45 0.00
vt 0.01 0.44 0.00
vt 0.06 0.44 0.00
vt 0.06 0.45 0.00
vt 0.25 0.36 0.00
vt 0.25 0.38 0.00
vt 0.01 0.38 0.00
vt 0.01 0.36 0.00
vt 0.01 0.35 0.00
vt 0.25 0.35 0.00
vt 0.01 0.34 0.00
vt 0.25 0.34 0.00
vt 0.01 0.32 0.00
vt 0.25 0.32 0.00
vt 0.25 0.30 0.00
vt 0.01 0.30 0.00
vt 0.55 0.24 0.00
vt 0.46 0.24 0.00
vt 0.46 0.23 0.00
vt 0.55 0.23 0.00
vt 0.85 0.70 0.00
vt 0.85 0.68 0.00
vt 0.86 0.68 0.00
vt 0.86 0.70 0.00
vt 0.37 0.45 0.00
vt 0.31 0.45 0.00
vt 0.31 0.44 0.00
vt 0.37 0.44 0.00
vt 0.86 0.79 0.00
vt 0.85 0.79 0.00
vt 0.85 0.67 0.00
vt 0.86 0.67 0.00
vt 0.86 0.76 0.00
vt 0.86 0.78 0.00
vt 0.85 0.78 0.00
vt 0.70 0.24 0.00
vt 0.70 0.23 0.00
vt 0.55 0.30 0.00
vt 0.70 0.30 0.00
vt 0.55 0.32 0.00
vt 0.70 0.32 0.00
vt 0.55 0.33 0.00
vt 0.70 0.34 0.00
vt 0.70 0.35 0.00
vt 0.54 0.34 0.00
vt 0.70 0.36 0.00
vt 0.53 0.35 0.00
vt 0.70 0.38 0.00
vt 0.52 0.36 0.00
vt 0.87 0.68 0.00
vt 0.91 0.68 0.00
vt 0.90 0.70 0.00
vt 0.87 0.70 0.00
vt 0.59 0.44 0.00
vt 0.59 0.45 0.00
vt 0.43 0.45 0.00
vt 0.43 0.44 0.00
vt 0.88 0.79 0.00
vt 0.88 0.67 0.00
vt 0.94 0.67 0.00
vt 0.91 0.79 0.00
vt 0.91 0.78 0.00
vt 0.87 0.78 0.00
vt 0.87 0.76 0.00
vt 0.89 0.76 0.00
vt 0.31 0.23 0.00
vt 0.31 0.24 0.00
vt 0.31 0.30 0.00
vt 0.82 0.68 0.00
vt 0.82 0.70 0.00
vt 0.14 0.44 0.00
vt 0.14 0.45 0.00
vt 0.79 0.67 0.00
vt 0.82 0.79 0.00
vt 0.84 0.76 0.00
vt 0.82 0.78 0.00
vt 0.46 0.30 0.00
vt 0.31 0.32 0.00
vt 0.46 0.32 0.00
vt 0.46 0.33 0.00
vt 0.31 0.34 0.00
vt 0.47 0.34 0.00
vt 0.31 0.35 0.00
vt 0.48 0.35 0.00
vt 0.31 0.36 0.00
vt 0.49 0.36 0.00
vt 0.31 0.38 0.00
vt 0.76 0.24 0.00
vt 0.76 0.23 0.00
vt 0.76 0.30 0.00
vt 0.92 0.70 0.00
vt 0.93 0.68 0.00
vt 0.67 0.44 0.00
vt 0.67 0.45 0.00
vt 0.96 0.67 0.00
vt 0.98 0.67 0.00
vt 0.98 0.79 0.00
vt 0.99 0.23 0.00
vt 0.99 0.24 0.00
vt 0.99 0.30 0.00
vt 0.99 0.32 0.00
vt 0.76 0.32 0.00
vt 0.99 0.34 0.00
vt 0.76 0.34 0.00
vt 0.99 0.35 0.00
vt 0.76 0.35 0.00
vt 0.76 0.36 0.00
vt 0.99 0.36 0.00
vt 0.99 0.38 0.00
vt 0.76 0.38 0.00
vt 0.72 0.44 0.00
vt 0.72 0.45 0.00
vt 0.31 0.42 0.00
vt 0.25 0.42 0.00
vt 0.01 0.42 0.00
vt 0.76 0.42 0.00
vt 0.99 0.42 0.00
vt 0.70 0.42 0.00
vt 0.55 0.42 0.00
vt 0.50 0.36 0.00
vt 0.50 0.42 0.00
vt 0.46 0.42 0.00
vt 0.06 0.84 0.00
vt 0.06 0.89 0.00
vt 0.04 0.89 0.00
vt 0.04 0.84 0.00
vt 0.06 0.90 0.00
vt 0.06 0.91 0.00
vt 0.04 0.91 0.00
vt 0.04 0.90 0.00
vt 0.06 0.93 0.00
vt 0.04 0.93 0.00
vt 0.06 0.94 0.00
vt 0.04 0.94 0.00
vt 0.06 0.95 0.00
vt 0.04 0.95 0.00
vt 0.13 0.82 0.00
vt 0.01 0.82 0.00
vt 0.01 0.80 0.00
vt 0.13 0.80 0.00
vt 0.06 0.92 0.00
vt 0.04 0.92 0.00
vt 0.04 0.96 0.00
vt 0.06 0.96 0.00
vt 0.03 0.86 0.00
vt 0.06 0.86 0.00
vt 0.06 0.88 0.00
vt 0.03 0.88 0.00
vt 0.03 0.89 0.00
vt 0.03 0.91 0.00
vt 0.03 0.93 0.00
vt 0.03 0.96 0.00
vt 0.13 0.79 0.00
vt 0.01 0.83 0.00
vt 0.13 0.83 0.00
vt 0.01 0.79 0.00
vt 0.06 0.83 0.00
vt 0.03 0.83 0.00
vt 0.31 0.59 0.00
vt 0.31 0.66 0.00
vt 0.14 0.66 0.00
vt 0.14 0.59 0.00
vt 0.06 0.66 0.00
vt 0.06 0.59 0.00
vt 0.01 0.59 0.00
vt 0.01 0.66 0.00
vt 0.67 0.66 0.00
vt 0.67 0.59 0.00
vt 0.72 0.59 0.00
vt 0.72 0.66 0.00
vt 0.59 0.66 0.00
vt 0.59 0.59 0.00
vt 0.43 0.66 0.00
vt 0.43 0.59 0.00
vt 0.37 0.66 0.00
vt 0.37 0.59 0.00
vt 0.14 0.51 0.00
vt 0.31 0.51 0.00
vt 0.06 0.51 0.00
vt 0.01 0.51 0.00
vt 0.67 0.51 0.00
vt 0.72 0.51 0.00
vt 0.59 0.51 0.00
vt 0.43 0.51 0.00
vt 0.08 0.83 0.00
vt 0.08 0.96 0.00
vt 0.11 0.84 0.00
vt 0.11 0.95 0.00
vt 0.09 0.95 0.00
vt 0.09 0.84 0.00
vt 0.98 0.80 0.00
vt 0.86 0.85 0.00
vt 0.98 0.85 0.00
vt 0.86 0.80 0.00
vt 0.74 0.85 0.00
vt 0.74 0.80 0.00
vt 0.01 0.89 0.00
vt 0.01 0.96 0.00
vt 0.98 0.66 0.00
vt 0.75 0.66 0.00
vt 0.75 0.53 0.00
vt 0.98 0.53 0.00
vt 0.98 0.51 0.00
vt 0.75 0.44 0.00
vt 0.75 0.51 0.00
vt 0.98 0.44 0.00
vt 0.01 0.01 0.00
vt 0.11 0.01 0.00
vt 0.11 0.06 0.00
vt 0.01 0.06 0.00
vt 0.01 0.78 0.00
vt 0.01 0.67 0.00
vt 0.03 0.67 0.00
vt 0.03 0.78 0.00
vt 0.10 0.78 0.00
vt 0.10 0.67 0.00
vt 0.44 0.06 0.00
vt 0.44 0.01 0.00
vt 0.46 0.01 0.00
vt 0.46 0.06 0.00
vt 0.13 0.78 0.00
vt 0.13 0.67 0.00
vt 0.18 0.67 0.00
vt 0.18 0.78 0.00
vt 0.82 0.01 0.00
vt 0.82 0.06 0.00
vt 0.57 0.06 0.00
vt 0.57 0.01 0.00
vt 0.11 0.12 0.00
vt 0.11 0.13 0.00
vt 0.01 0.13 0.00
vt 0.01 0.12 0.00
vt 0.57 0.13 0.00
vt 0.57 0.12 0.00
vt 0.82 0.12 0.00
vt 0.82 0.13 0.00
vt 0.44 0.13 0.00
vt 0.44 0.12 0.00
vt 0.46 0.12 0.00
vt 0.47 0.13 0.00
vt 0.11 0.10 0.00
vt 0.01 0.10 0.00
vt 0.57 0.10 0.00
vt 0.82 0.10 0.00
vt 0.46 0.10 0.00
vt 0.44 0.10 0.00
vt 0.12 0.67 0.00
vt 0.12 0.78 0.00
vt 0.55 0.06 0.00
vt 0.55 0.01 0.00
vt 0.55 0.10 0.00
vt 0.54 0.12 0.00
vt 0.54 0.13 0.00
vt 0.44 0.14 0.00
vt 0.48 0.14 0.00
vt 0.01 0.14 0.00
vt 0.12 0.14 0.00
vt 0.83 0.14 0.00
vt 0.57 0.14 0.00
vt 0.53 0.14 0.00
vt 0.49 0.14 0.00
vt 0.13 0.14 0.00
vt 0.84 0.14 0.00
vt 0.52 0.14 0.00
vt 0.44 0.15 0.00
vt 0.50 0.15 0.00
vt 0.14 0.15 0.00
vt 0.01 0.15 0.00
vt 0.86 0.15 0.00
vt 0.57 0.15 0.00
vt 0.44 0.22 0.00
vt 0.46 0.22 0.00
vt 0.11 0.22 0.00
vt 0.01 0.22 0.00
vt 0.57 0.22 0.00
vt 0.82 0.22 0.00
vt 0.55 0.22 0.00
vt 0.18 0.01 0.00
vt 0.18 0.06 0.00
vt 0.18 0.22 0.00
vt 0.04 0.67 0.00
vt 0.04 0.78 0.00
vt 0.18 0.10 0.00
vt 0.18 0.12 0.00
vt 0.17 0.13 0.00
vt 0.17 0.14 0.00
vt 0.15 0.14 0.00
vt 0.99 0.06 0.00
vt 0.89 0.06 0.00
vt 0.89 0.01 0.00
vt 0.99 0.01 0.00
vt 0.89 0.10 0.00
vt 0.99 0.10 0.00
vt 0.89 0.12 0.00
vt 0.99 0.12 0.00
vt 0.99 0.13 0.00
vt 0.89 0.13 0.00
vt 0.99 0.14 0.00
vt 0.88 0.14 0.00
vt 0.87 0.14 0.00
vt 0.99 0.15 0.00
vt 0.99 0.22 0.00
vt 0.89 0.22 0.00
vt 0.21 0.78 0.00
vt 0.19 0.78 0.00
vt 0.19 0.67 0.00
vt 0.21 0.67 0.00
vt 0.51 0.73 0.00
vt 0.51 0.66 0.00
vt 0.53 0.66 0.00
vt 0.53 0.73 0.00
vt 0.51 0.74 0.00
vt 0.53 0.74 0.00
vt 0.51 0.77 0.00
vt 0.53 0.77 0.00
vt 0.51 0.79 0.00
vt 0.53 0.79 0.00
vt 0.51 0.81 0.00
vt 0.53 0.81 0.00
vt 0.51 0.83 0.00
vt 0.53 0.83 0.00
vt 0.55 0.84 0.00
vt 0.72 0.84 0.00
vt 0.72 0.87 0.00
vt 0.54 0.66 0.00
vt 0.57 0.66 0.00
vt 0.57 0.71 0.00
vt 0.54 0.71 0.00
vt 0.57 0.73 0.00
vt 0.54 0.73 0.00
vt 0.57 0.75 0.00
vt 0.54 0.75 0.00
vt 0.54 0.77 0.00
vt 0.57 0.77 0.00
vt 0.57 0.80 0.00
vt 0.54 0.80 0.00
vt 0.57 0.83 0.00
vt 0.54 0.83 0.00
vt 0.70 0.87 0.00
vt 0.57 0.87 0.00
vt 0.57 0.84 0.00
vt 0.70 0.84 0.00
vt 0.58 0.66 0.00
vt 0.62 0.66 0.00
vt 0.62 0.71 0.00
vt 0.58 0.71 0.00
vt 0.58 0.73 0.00
vt 0.62 0.73 0.00
vt 0.62 0.75 0.00
vt 0.58 0.75 0.00
vt 0.59 0.78 0.00
vt 0.62 0.77 0.00
vt 0.62 0.80 0.00
vt 0.59 0.80 0.00
vt 0.59 0.83 0.00
vt 0.62 0.83 0.00
vt 0.63 0.72 0.00
vt 0.63 0.66 0.00
vt 0.66 0.66 0.00
vt 0.66 0.71 0.00
vt 0.63 0.73 0.00
vt 0.66 0.73 0.00
vt 0.63 0.75 0.00
vt 0.66 0.75 0.00
vt 0.63 0.78 0.00
vt 0.66 0.78 0.00
vt 0.63 0.80 0.00
vt 0.66 0.80 0.00
vt 0.66 0.83 0.00
vt 0.63 0.83 0.00
vt 0.70 0.71 0.00
vt 0.67 0.71 0.00
vt 0.70 0.66 0.00
vt 0.67 0.75 0.00
vt 0.70 0.75 0.00
vt 0.67 0.76 0.00
vt 0.70 0.76 0.00
vt 0.70 0.78 0.00
vt 0.67 0.78 0.00
vt 0.74 0.71 0.00
vt 0.71 0.71 0.00
vt 0.71 0.66 0.00
vt 0.74 0.66 0.00
vt 0.74 0.75 0.00
vt 0.71 0.74 0.00
vt 0.71 0.78 0.00
vt 0.71 0.76 0.00
vt 0.74 0.76 0.00
vt 0.70 0.80 0.00
vt 0.67 0.80 0.00
vt 0.71 0.79 0.00
vt 0.67 0.81 0.00
vt 0.70 0.81 0.00
vt 0.74 0.81 0.00
vt 0.71 0.81 0.00
vt 0.70 0.83 0.00
vt 0.67 0.83 0.00
vt 0.74 0.83 0.00
vt 0.71 0.83 0.00
vt 0.33 0.97 0.00
vt 0.33 0.92 0.00
vt 0.39 0.92 0.00
vt 0.39 0.97 0.00
vt 0.37 1.00 0.00
vt 0.35 1.00 0.00
vt 0.35 0.92 0.00
vt 0.35 0.88 0.00
vt 0.37 0.88 0.00
vt 0.37 0.92 0.00
vt 0.29 0.88 0.00
vt 0.33 0.88 0.00
vt 0.33 0.93 0.00
vt 0.29 0.93 0.00
vt 0.39 0.88 0.00
# 526 texture coords

o Castle_Interior
g Castle_Interior
usemtl MAT_Castle_Interior
f 4219/1491/476 4220/1492/476 4221/1493/476 
f 4221/1493/476 4222/1494/476 4219/1491/476 
f 4223/1495/477 4221/1496/477 4220/1497/477 
f 4224/1498/477 4225/1499/477 4226/1500/477 
f 4227/1501/477 4228/1502/477 4229/1503/477 
f 4229/1503/477 4230/1504/477 4231/1505/477 
f 4229/1503/477 4231/1505/477 4232/1506/477 
f 4227/1501/477 4229/1503/477 4232/1506/477 
f 4233/1507/477 4227/1501/477 4232/1506/477 
f 4226/1500/477 4233/1507/477 4232/1506/477 
f 4224/1498/477 4226/1500/477 4232/1506/477 
f 4220/1497/477 4224/1498/477 4232/1506/477 
f 4220/1497/477 4232/1506/477 4234/1508/477 
f 4223/1495/477 4220/1497/477 4234/1508/477 
f 4223/1495/477 4234/1508/477 4235/1509/477 
f 4223/1495/477 4235/1509/477 4236/1510/477 
f 4237/1494/478 4230/1493/478 4229/1492/478 
f 4229/1492/478 4238/1491/478 4237/1494/478 
f 4239/1511/479 4240/1512/480 4241/1513/481 
f 4241/1513/481 4242/1514/482 4239/1511/479 
f 4239/1511/479 4243/1515/483 4244/1516/484 
f 4244/1516/484 4240/1512/480 4239/1511/479 
f 4243/1515/483 4245/1517/485 4246/1518/486 
f 4246/1518/486 4244/1516/484 4243/1515/483 
f 4241/1513/481 4240/1512/480 4247/1519/487 
f 4247/1519/487 4248/1520/488 4241/1513/481 
f 4240/1512/480 4244/1516/484 4249/1521/489 
f 4249/1521/489 4247/1519/487 4240/1512/480 
f 4246/1518/486 4250/1522/490 4249/1521/489 
f 4249/1521/489 4244/1516/484 4246/1518/486 
f 4248/1520/488 4247/1519/487 4251/1523/491 
f 4251/1523/491 4252/1524/492 4248/1520/488 
f 4251/1523/491 4247/1519/487 4249/1521/489 
f 4249/1521/489 4253/1525/493 4251/1523/491 
f 4249/1521/489 4250/1522/490 4254/1526/494 
f 4254/1526/494 4253/1525/493 4249/1521/489 
f 4255/1527/495 4256/1528/495 4257/1528/496 
f 4257/1528/496 4258/1527/496 4255/1527/495 
f 4256/1528/495 4255/1527/495 4259/1527/497 
f 4259/1527/497 4260/1528/497 4256/1528/495 
f 4261/1528/498 4260/1528/497 4259/1527/497 
f 4259/1527/497 4262/1527/498 4261/1528/498 
f 4262/1529/498 4263/1529/499 4264/1530/499 
f 4264/1530/499 4261/1530/498 4262/1529/498 
f 4263/1529/499 4265/1529/500 4266/1530/500 
f 4266/1530/500 4264/1530/499 4263/1529/499 
f 4267/1529/476 4268/1530/476 4266/1530/500 
f 4266/1530/500 4265/1529/500 4267/1529/476 
f 4269/1529/501 4270/1530/501 4268/1530/476 
f 4268/1530/476 4267/1529/476 4269/1529/501 
f 4271/1529/502 4272/1530/502 4270/1530/501 
f 4270/1530/501 4269/1529/501 4271/1529/502 
f 4272/1530/502 4271/1529/502 4273/1529/503 
f 4273/1529/503 4274/1530/503 4272/1530/502 
f 4275/1529/504 4276/1530/504 4274/1530/503 
f 4274/1530/503 4273/1529/503 4275/1529/504 
f 4276/1530/504 4275/1529/504 4277/1529/505 
f 4277/1529/505 4278/1530/505 4276/1530/504 
f 4279/1530/506 4278/1530/505 4277/1529/505 
f 4277/1529/505 4280/1529/506 4279/1530/506 
f 4279/1530/506 4280/1529/506 4281/1529/478 
f 4281/1529/478 4282/1530/478 4279/1530/506 
f 4258/1527/496 4257/1528/496 4282/1530/478 
f 4282/1530/478 4281/1529/478 4258/1527/496 
f 4270/1531/507 4268/1532/507 4266/1532/507 
f 4272/1533/507 4270/1531/507 4266/1532/507 
f 4274/1533/507 4272/1533/507 4266/1532/507 
f 4266/1532/507 4264/1534/507 4261/1534/507 
f 4266/1532/507 4261/1534/507 4260/1534/507 
f 4266/1532/507 4260/1534/507 4256/1535/507 
f 4257/1536/507 4282/1536/507 4279/1537/507 
f 4257/1536/507 4279/1537/507 4278/1537/507 
f 4256/1535/507 4257/1536/507 4278/1537/507 
f 4266/1532/507 4256/1535/507 4278/1537/507 
f 4274/1533/507 4266/1532/507 4278/1537/507 
f 4274/1533/507 4278/1537/507 4276/1533/507 
f 4283/1538/508 4284/1539/508 4285/1540/508 
f 4285/1540/508 4286/1541/508 4283/1538/508 
f 4287/1542/507 4288/1543/507 4289/1544/507 
f 4289/1544/507 4290/1545/507 4287/1542/507 
f 4291/1539/477 4292/1540/477 4293/1541/477 
f 4293/1541/477 4294/1538/477 4291/1539/477 
f 4292/1527/478 4286/1546/478 4285/1547/478 
f 4285/1547/478 4293/1548/478 4292/1527/478 
f 4294/1547/476 4284/1548/476 4283/1527/476 
f 4283/1527/476 4291/1546/476 4294/1547/476 
f 4295/1549/509 4283/1550/509 4286/1551/509 
f 4286/1551/509 4296/1552/509 4295/1549/509 
f 4297/1553/509 4296/1552/509 4286/1551/509 
f 4286/1551/509 4292/1554/509 4297/1553/509 
f 4291/1555/509 4298/1556/509 4297/1553/509 
f 4297/1553/509 4292/1554/509 4291/1555/509 
f 4295/1549/509 4298/1556/509 4291/1555/509 
f 4291/1555/509 4283/1550/509 4295/1549/509 
f 4295/1557/508 4296/1558/508 4287/1559/508 
f 4287/1559/508 4288/1560/508 4295/1557/508 
f 4287/1561/478 4296/1562/478 4297/1563/478 
f 4297/1563/478 4290/1564/478 4287/1561/478 
f 4297/1559/477 4298/1560/477 4289/1557/477 
f 4289/1557/477 4290/1558/477 4297/1559/477 
f 4298/1562/476 4295/1563/476 4288/1564/476 
f 4288/1564/476 4289/1561/476 4298/1562/476 
f 4299/1565/508 4300/1566/508 4301/1567/508 
f 4301/1567/508 4302/1568/508 4299/1565/508 
f 4303/1569/509 4304/1570/509 4305/1571/509 
f 4305/1571/509 4306/1572/509 4303/1569/509 
f 4307/1568/477 4308/1565/477 4309/1566/477 
f 4309/1566/477 4310/1567/477 4307/1568/477 
f 4301/1573/478 4300/1574/478 4308/1575/478 
f 4308/1575/478 4307/1576/478 4301/1573/478 
f 4302/1576/476 4310/1573/476 4309/1574/476 
f 4309/1574/476 4299/1575/476 4302/1576/476 
f 4306/1577/508 4302/1568/508 4301/1567/508 
f 4301/1567/508 4303/1578/508 4306/1577/508 
f 4304/1570/510 4303/1569/510 4301/1579/510 
f 4301/1579/510 4307/1580/510 4304/1570/510 
f 4307/1568/477 4310/1567/477 4305/1578/477 
f 4305/1578/477 4304/1577/477 4307/1568/477 
f 4306/1572/511 4305/1571/511 4310/1581/511 
f 4310/1581/511 4302/1582/511 4306/1572/511 
f 4222/1583/508 4311/1584/508 4312/1585/508 
f 4312/1585/508 4313/1586/508 4222/1583/508 
f 4314/1587/509 4315/1588/509 4316/1589/509 
f 4316/1589/509 4317/1590/509 4314/1587/509 
f 4219/1591/509 4318/1592/509 4319/1593/509 
f 4319/1593/509 4320/1594/509 4219/1591/509 
f 4229/1595/509 4321/1596/509 4322/1597/509 
f 4322/1597/509 4238/1598/509 4229/1595/509 
f 4323/1599/509 4324/1600/509 4224/1601/509 
f 4224/1601/509 4220/1602/509 4323/1599/509 
f 4220/1602/509 4219/1591/509 4320/1594/509 
f 4320/1594/509 4323/1599/509 4220/1602/509 
f 4325/1603/508 4320/1604/508 4319/1605/508 
f 4319/1605/508 4326/1606/508 4325/1603/508 
f 4327/1607/508 4328/1608/508 4329/1609/508 
f 4329/1609/508 4330/1610/508 4327/1607/508 
f 4327/1607/508 4330/1610/508 4331/1611/508 
f 4331/1611/508 4332/1612/508 4327/1607/508 
f 4332/1612/508 4331/1611/508 4333/1613/508 
f 4333/1613/508 4334/1614/508 4332/1612/508 
f 4334/1614/508 4333/1613/508 4335/1615/508 
f 4335/1615/508 4336/1616/508 4334/1614/508 
f 4337/1615/508 4338/1616/508 4336/1616/508 
f 4336/1616/508 4335/1615/508 4337/1615/508 
f 4313/1586/508 4339/1617/508 4340/1618/508 
f 4340/1618/508 4222/1583/508 4313/1586/508 
f 4341/1619/508 4342/1620/508 4343/1621/508 
f 4343/1621/508 4344/1622/508 4341/1619/508 
f 4345/1623/509 4346/1624/509 4347/1625/509 
f 4347/1625/509 4348/1626/509 4345/1623/509 
f 4349/1627/508 4350/1628/508 4345/1629/508 
f 4345/1629/508 4348/1630/508 4349/1627/508 
f 4351/1631/509 4352/1632/509 4353/1633/509 
f 4353/1633/509 4354/1634/509 4351/1631/509 
f 4355/1635/509 4233/1636/509 4226/1637/509 
f 4226/1637/509 4356/1635/509 4355/1635/509 
f 4357/1638/508 4341/1619/508 4344/1622/508 
f 4344/1622/508 4358/1639/508 4357/1638/508 
f 4359/1640/508 4341/1619/508 4357/1638/508 
f 4357/1638/508 4360/1641/508 4359/1640/508 
f 4361/1642/508 4362/1642/508 4363/1643/508 
f 4363/1643/508 4364/1643/508 4361/1642/508 
f 4365/1644/508 4361/1642/508 4364/1643/508 
f 4364/1643/508 4366/1645/508 4365/1644/508 
f 4366/1645/508 4367/1646/508 4368/1647/508 
f 4368/1647/508 4365/1644/508 4366/1645/508 
f 4368/1647/508 4367/1646/508 4369/1648/508 
f 4369/1648/508 4370/1649/508 4368/1647/508 
f 4370/1649/508 4369/1648/508 4371/1650/508 
f 4371/1650/508 4372/1651/508 4370/1649/508 
f 4373/1652/509 4374/1653/509 4375/1654/509 
f 4375/1654/509 4376/1655/509 4373/1652/509 
f 4375/1656/508 4377/1657/508 4378/1658/508 
f 4378/1658/508 4376/1659/508 4375/1656/508 
f 4379/1660/509 4380/1661/509 4381/1662/509 
f 4381/1662/509 4382/1663/509 4379/1660/509 
f 4228/1664/509 4227/1665/509 4383/1666/509 
f 4383/1666/509 4384/1667/509 4228/1664/509 
f 4312/1585/508 4385/1668/508 4386/1669/508 
f 4386/1669/508 4313/1586/508 4312/1585/508 
f 4386/1669/508 4387/1670/508 4339/1617/508 
f 4339/1617/508 4313/1586/508 4386/1669/508 
f 4319/1593/509 4318/1592/509 4388/1671/509 
f 4388/1671/509 4389/1672/509 4319/1593/509 
f 4389/1673/508 4390/1674/508 4326/1606/508 
f 4326/1606/508 4319/1605/508 4389/1673/508 
f 4391/1675/509 4392/1676/509 4317/1590/509 
f 4317/1590/509 4316/1589/509 4391/1675/509 
f 4393/1677/509 4225/1678/509 4224/1601/509 
f 4224/1601/509 4324/1600/509 4393/1677/509 
f 4386/1669/508 4385/1668/508 4343/1621/508 
f 4343/1621/508 4342/1620/508 4386/1669/508 
f 4387/1670/508 4386/1669/508 4342/1620/508 
f 4342/1620/508 4394/1679/508 4387/1670/508 
f 4395/1680/508 4396/1681/508 4397/1681/508 
f 4397/1681/508 4398/1680/508 4395/1680/508 
f 4399/1682/508 4400/1683/508 4398/1680/508 
f 4398/1680/508 4397/1681/508 4399/1682/508 
f 4400/1683/508 4399/1682/508 4401/1684/508 
f 4401/1684/508 4402/1685/508 4400/1683/508 
f 4403/1686/508 4404/1687/508 4402/1685/508 
f 4402/1685/508 4401/1684/508 4403/1686/508 
f 4403/1686/508 4405/1688/508 4406/1689/508 
f 4406/1689/508 4404/1687/508 4403/1686/508 
f 4345/1623/509 4389/1672/509 4388/1671/509 
f 4388/1671/509 4346/1624/509 4345/1623/509 
f 4345/1629/508 4350/1628/508 4390/1674/508 
f 4390/1674/508 4389/1673/508 4345/1629/508 
f 4392/1676/509 4391/1675/509 4353/1633/509 
f 4353/1633/509 4352/1632/509 4392/1676/509 
f 4393/1677/509 4356/1635/509 4226/1637/509 
f 4226/1637/509 4225/1678/509 4393/1677/509 
f 4407/1690/508 4357/1638/508 4358/1639/508 
f 4358/1639/508 4408/1691/508 4407/1690/508 
f 4407/1690/508 4409/1692/508 4360/1641/508 
f 4360/1641/508 4357/1638/508 4407/1690/508 
f 4410/1693/509 4375/1654/509 4374/1653/509 
f 4374/1653/509 4411/1694/509 4410/1693/509 
f 4410/1695/508 4412/1696/508 4377/1657/508 
f 4377/1657/508 4375/1656/508 4410/1695/508 
f 4413/1697/509 4414/1698/509 4415/1699/509 
f 4415/1699/509 4382/1663/509 4381/1662/509 
f 4413/1697/509 4415/1699/509 4381/1662/509 
f 4229/1595/509 4228/1664/509 4384/1667/509 
f 4384/1667/509 4321/1596/509 4229/1595/509 
f 4408/1691/508 4416/1700/508 4237/1701/508 
f 4237/1701/508 4407/1690/508 4408/1691/508 
f 4237/1701/508 4417/1702/508 4409/1692/508 
f 4409/1692/508 4407/1690/508 4237/1701/508 
f 4418/1703/508 4419/1704/508 4420/1704/508 
f 4420/1704/508 4421/1703/508 4418/1703/508 
f 4422/1705/508 4423/1706/508 4419/1704/508 
f 4419/1704/508 4418/1703/508 4422/1705/508 
f 4423/1706/508 4422/1705/508 4424/1707/508 
f 4424/1707/508 4425/1708/508 4423/1706/508 
f 4426/1709/508 4425/1708/508 4424/1707/508 
f 4424/1707/508 4427/1710/508 4426/1709/508 
f 4426/1709/508 4427/1710/508 4428/1711/508 
f 4428/1711/508 4429/1712/508 4426/1709/508 
f 4410/1693/509 4411/1694/509 4238/1598/509 
f 4238/1598/509 4322/1597/509 4410/1693/509 
f 4412/1696/508 4410/1695/508 4322/1713/508 
f 4322/1713/508 4430/1714/508 4412/1696/508 
f 4328/1608/508 4406/1689/508 4388/1715/508 
f 4388/1715/508 4318/1716/508 4328/1608/508 
f 4329/1609/508 4328/1608/508 4318/1716/508 
f 4318/1716/508 4219/1717/508 4329/1609/508 
f 4411/1718/508 4429/1712/508 4428/1711/508 
f 4428/1711/508 4238/1719/508 4411/1718/508 
f 4374/1720/508 4371/1650/508 4429/1712/508 
f 4429/1712/508 4411/1718/508 4374/1720/508 
f 4373/1721/508 4372/1651/508 4371/1650/508 
f 4371/1650/508 4374/1720/508 4373/1721/508 
f 4405/1688/508 4431/1722/508 4347/1723/508 
f 4347/1723/508 4346/1724/508 4405/1688/508 
f 4406/1689/508 4405/1688/508 4346/1724/508 
f 4346/1724/508 4388/1715/508 4406/1689/508 
f 4337/1615/508 4340/1618/508 4339/1617/508 
f 4339/1617/508 4338/1616/508 4337/1615/508 
f 4420/1704/508 4409/1692/508 4417/1702/508 
f 4417/1702/508 4421/1703/508 4420/1704/508 
f 4363/1643/508 4362/1642/508 4359/1640/508 
f 4359/1640/508 4360/1641/508 4363/1643/508 
f 4395/1680/508 4387/1670/508 4394/1679/508 
f 4394/1679/508 4396/1681/508 4395/1680/508 
f 4347/1723/508 4431/1722/508 4372/1651/508 
f 4372/1651/508 4373/1721/508 4347/1723/508 
f 4347/1625/509 4373/1652/509 4376/1655/509 
f 4376/1655/509 4348/1626/509 4347/1625/509 
f 4378/1658/508 4349/1627/508 4348/1630/508 
f 4348/1630/508 4376/1659/508 4378/1658/508 
f 4351/1631/509 4354/1634/509 4380/1661/509 
f 4380/1661/509 4379/1660/509 4351/1631/509 
f 4355/1635/509 4383/1666/509 4227/1665/509 
f 4227/1665/509 4233/1636/509 4355/1635/509 
f 4432/1725/478 4433/1726/478 4394/1727/478 
f 4394/1727/478 4342/1728/478 4432/1725/478 
f 4434/1729/512 4435/1730/513 4397/1731/513 
f 4397/1731/513 4396/1732/512 4434/1729/512 
f 4435/1730/513 4436/1730/514 4399/1731/514 
f 4399/1731/514 4397/1731/513 4435/1730/513 
f 4437/1733/515 4401/1734/515 4399/1731/514 
f 4399/1731/514 4436/1730/514 4437/1733/515 
f 4438/1735/516 4403/1736/516 4401/1734/515 
f 4401/1734/515 4437/1733/515 4438/1735/516 
f 4403/1736/516 4438/1735/516 4439/1737/517 
f 4439/1737/517 4405/1738/517 4403/1736/516 
f 4440/1739/509 4432/1740/509 4342/1741/509 
f 4342/1741/509 4341/1742/509 4440/1739/509 
f 4359/1726/518 4441/1727/518 4440/1728/519 
f 4440/1728/519 4341/1725/519 4359/1726/518 
f 4442/1732/520 4362/1729/520 4361/1730/521 
f 4361/1730/521 4443/1731/521 4442/1732/520 
f 4443/1731/521 4361/1730/521 4365/1730/522 
f 4365/1730/522 4444/1731/522 4443/1731/521 
f 4365/1730/522 4368/1743/523 4445/1744/523 
f 4445/1744/523 4444/1731/522 4365/1730/522 
f 4445/1744/523 4368/1743/523 4370/1735/524 
f 4370/1735/524 4446/1736/524 4445/1744/523 
f 4372/1737/525 4447/1738/525 4446/1736/524 
f 4446/1736/524 4370/1735/524 4372/1737/525 
f 4448/1745/526 4447/1738/525 4372/1737/525 
f 4372/1737/525 4431/1746/526 4448/1745/526 
f 4362/1729/520 4442/1732/520 4441/1727/518 
f 4441/1727/518 4359/1726/518 4362/1729/520 
f 4394/1727/478 4433/1726/478 4434/1729/512 
f 4434/1729/512 4396/1732/512 4394/1727/478 
f 4405/1738/517 4439/1737/517 4448/1746/526 
f 4448/1746/526 4431/1745/526 4405/1738/517 
f 4338/1747/478 4449/1748/478 4450/1749/478 
f 4450/1749/478 4336/1750/478 4338/1747/478 
f 4336/1750/478 4450/1749/478 4451/1726/478 
f 4451/1726/478 4334/1751/478 4336/1750/478 
f 4332/1752/478 4334/1751/478 4451/1726/478 
f 4451/1726/478 4452/1730/478 4332/1752/478 
f 4332/1752/478 4452/1730/478 4453/1733/478 
f 4453/1733/478 4327/1753/478 4332/1752/478 
f 4327/1753/478 4453/1733/478 4454/1746/478 
f 4454/1746/478 4328/1754/478 4327/1753/478 
f 4455/1749/476 4395/1747/476 4398/1750/476 
f 4395/1747/476 4455/1749/476 4456/1748/476 
f 4457/1726/476 4398/1750/476 4400/1751/476 
f 4398/1750/476 4457/1726/476 4455/1749/476 
f 4400/1751/476 4458/1730/476 4457/1726/476 
f 4458/1730/476 4400/1751/476 4402/1752/476 
f 4459/1733/476 4402/1752/476 4404/1753/476 
f 4402/1752/476 4459/1733/476 4458/1730/476 
f 4404/1753/476 4460/1746/476 4459/1733/476 
f 4460/1746/476 4404/1753/476 4406/1754/476 
f 4364/1750/478 4363/1747/478 4461/1748/478 
f 4461/1748/478 4462/1749/478 4364/1750/478 
f 4366/1751/478 4364/1750/478 4462/1749/478 
f 4462/1749/478 4463/1726/478 4366/1751/478 
f 4367/1752/478 4366/1751/478 4463/1726/478 
f 4463/1726/478 4464/1730/478 4367/1752/478 
f 4367/1752/478 4464/1730/478 4465/1733/478 
f 4465/1733/478 4369/1753/478 4367/1752/478 
f 4466/1746/478 4371/1754/478 4369/1753/478 
f 4369/1753/478 4465/1733/478 4466/1746/478 
f 4419/1750/476 4467/1748/476 4420/1747/476 
f 4467/1748/476 4419/1750/476 4468/1749/476 
f 4419/1750/476 4469/1726/476 4468/1749/476 
f 4469/1726/476 4419/1750/476 4423/1751/476 
f 4469/1726/476 4425/1752/476 4470/1730/476 
f 4425/1752/476 4469/1726/476 4423/1751/476 
f 4470/1730/476 4426/1753/476 4471/1733/476 
f 4426/1753/476 4470/1730/476 4425/1752/476 
f 4426/1753/476 4472/1746/476 4471/1733/476 
f 4472/1746/476 4426/1753/476 4429/1754/476 
f 4406/1755/507 4454/1756/507 4460/1757/507 
f 4454/1756/507 4406/1755/507 4328/1758/507 
f 4429/1755/507 4466/1756/507 4472/1757/507 
f 4466/1756/507 4429/1755/507 4371/1758/507 
f 4395/1747/476 4473/1759/476 4387/1760/476 
f 4473/1759/476 4395/1747/476 4456/1748/476 
f 4338/1747/478 4339/1760/478 4474/1759/478 
f 4474/1759/478 4449/1748/478 4338/1747/478 
f 4339/1758/509 4387/1755/509 4473/1757/509 
f 4473/1757/509 4474/1756/509 4339/1758/509 
f 4409/1760/476 4467/1748/476 4475/1759/476 
f 4467/1748/476 4409/1760/476 4420/1747/476 
f 4461/1748/478 4363/1747/478 4360/1760/478 
f 4360/1760/478 4476/1759/478 4461/1748/478 
f 4476/1756/509 4360/1758/509 4409/1755/509 
f 4409/1755/509 4475/1757/509 4476/1756/509 
f 4477/1761/508 4353/1762/508 4391/1763/508 
f 4391/1763/508 4478/1764/508 4477/1761/508 
f 4316/1765/508 4479/1766/508 4478/1764/508 
f 4478/1764/508 4391/1763/508 4316/1765/508 
f 4480/1767/508 4479/1766/508 4316/1765/508 
f 4316/1765/508 4315/1768/508 4480/1767/508 
f 4413/1769/508 4481/1770/508 4482/1771/508 
f 4482/1771/508 4414/1772/508 4413/1769/508 
f 4381/1773/508 4483/1774/508 4481/1770/508 
f 4481/1770/508 4413/1769/508 4381/1773/508 
f 4381/1773/508 4380/1775/508 4484/1776/508 
f 4484/1776/508 4483/1774/508 4381/1773/508 
f 4354/1777/508 4485/1778/508 4484/1776/508 
f 4484/1776/508 4380/1775/508 4354/1777/508 
f 4354/1777/508 4353/1762/508 4477/1761/508 
f 4477/1761/508 4485/1778/508 4354/1777/508 
f 4486/1779/508 4390/1674/508 4350/1628/508 
f 4350/1628/508 4487/1780/508 4486/1779/508 
f 4488/1781/508 4326/1606/508 4390/1674/508 
f 4390/1674/508 4486/1779/508 4488/1781/508 
f 4326/1606/508 4488/1781/508 4489/1782/508 
f 4489/1782/508 4325/1603/508 4326/1606/508 
f 4490/1783/508 4412/1696/508 4430/1714/508 
f 4430/1714/508 4491/1784/508 4490/1783/508 
f 4492/1785/508 4377/1657/508 4412/1696/508 
f 4412/1696/508 4490/1783/508 4492/1785/508 
f 4493/1786/508 4378/1658/508 4377/1657/508 
f 4377/1657/508 4492/1785/508 4493/1786/508 
f 4488/1781/508 4479/1766/508 4480/1767/508 
f 4480/1767/508 4489/1782/508 4488/1781/508 
f 4481/1770/508 4490/1783/508 4491/1784/508 
f 4491/1784/508 4482/1771/508 4481/1770/508 
f 4492/1785/508 4483/1774/508 4484/1776/508 
f 4484/1776/508 4493/1786/508 4492/1785/508 
f 4477/1761/508 4478/1764/508 4486/1779/508 
f 4486/1779/508 4487/1780/508 4477/1761/508 
f 4494/1787/478 4495/1788/478 4479/1746/478 
f 4479/1746/478 4488/1759/478 4494/1787/478 
f 4496/1789/509 4494/1790/509 4488/1791/509 
f 4488/1791/509 4486/1792/509 4496/1789/509 
f 4496/1759/476 4486/1787/476 4478/1788/476 
f 4478/1788/476 4497/1746/476 4496/1759/476 
f 4497/1792/507 4478/1789/507 4479/1790/507 
f 4479/1790/507 4495/1791/507 4497/1792/507 
f 4498/1787/478 4499/1788/478 4483/1746/478 
f 4483/1746/478 4492/1759/478 4498/1787/478 
f 4500/1789/509 4498/1790/509 4492/1791/509 
f 4492/1791/509 4490/1792/509 4500/1789/509 
f 4500/1759/476 4490/1787/476 4481/1788/476 
f 4481/1788/476 4501/1746/476 4500/1759/476 
f 4501/1792/507 4481/1789/507 4483/1790/507 
f 4483/1790/507 4499/1791/507 4501/1792/507 
f 4484/1793/507 4502/1794/507 4503/1795/507 
f 4502/1794/507 4484/1793/507 4485/1796/507 
f 4504/1797/507 4485/1796/507 4477/1798/507 
f 4485/1796/507 4504/1797/507 4502/1794/507 
f 4505/1751/478 4487/1799/478 4350/1756/478 
f 4350/1756/478 4506/1760/478 4505/1751/478 
f 4507/1751/476 4378/1756/476 4493/1799/476 
f 4378/1756/476 4507/1751/476 4508/1760/476 
f 4509/1794/509 4349/1796/509 4378/1793/509 
f 4378/1793/509 4508/1795/509 4509/1794/509 
f 4509/1794/509 4506/1797/509 4350/1798/509 
f 4350/1798/509 4349/1796/509 4509/1794/509 
f 4493/1799/476 4503/1754/476 4507/1751/476 
f 4503/1754/476 4493/1799/476 4484/1800/476 
f 4504/1754/478 4477/1800/478 4487/1799/478 
f 4487/1799/478 4505/1751/478 4504/1754/478 
f 4415/1801/478 4414/1802/478 4322/1803/478 
f 4322/1803/478 4321/1804/478 4415/1801/478 
f 4415/1805/477 4323/1806/477 4314/1807/477 
f 4323/1806/477 4415/1805/477 4321/1808/477 
f 4315/1802/476 4314/1801/476 4323/1804/476 
f 4323/1804/476 4320/1803/476 4315/1802/476 
f 4510/1568/508 4511/1565/508 4512/1566/508 
f 4512/1566/508 4513/1567/508 4510/1568/508 
f 4514/1572/509 4515/1569/509 4516/1570/509 
f 4516/1570/509 4517/1571/509 4514/1572/509 
f 4518/1568/477 4519/1565/477 4520/1566/477 
f 4520/1566/477 4521/1567/477 4518/1568/477 
f 4513/1573/478 4512/1574/478 4519/1575/478 
f 4519/1575/478 4518/1576/478 4513/1573/478 
f 4521/1573/476 4520/1574/476 4511/1575/476 
f 4511/1575/476 4510/1576/476 4521/1573/476 
f 4514/1577/508 4510/1568/508 4513/1567/508 
f 4513/1567/508 4515/1578/508 4514/1577/508 
f 4518/1580/510 4516/1570/510 4515/1569/510 
f 4515/1569/510 4513/1579/510 4518/1580/510 
f 4521/1567/477 4517/1578/477 4516/1577/477 
f 4516/1577/477 4518/1568/477 4521/1567/477 
f 4514/1572/511 4517/1571/511 4521/1581/511 
f 4521/1581/511 4510/1582/511 4514/1572/511 
f 4522/1568/508 4523/1565/508 4524/1566/508 
f 4524/1566/508 4525/1567/508 4522/1568/508 
f 4526/1572/509 4527/1569/509 4528/1570/509 
f 4528/1570/509 4529/1571/509 4526/1572/509 
f 4530/1566/477 4531/1567/477 4532/1568/477 
f 4532/1568/477 4533/1565/477 4530/1566/477 
f 4525/1573/478 4524/1574/478 4533/1575/478 
f 4533/1575/478 4532/1576/478 4525/1573/478 
f 4522/1576/476 4531/1573/476 4530/1574/476 
f 4530/1574/476 4523/1575/476 4522/1576/476 
f 4526/1577/508 4522/1568/508 4525/1567/508 
f 4525/1567/508 4527/1578/508 4526/1577/508 
f 4528/1570/510 4527/1569/510 4525/1579/510 
f 4525/1579/510 4532/1580/510 4528/1570/510 
f 4532/1568/477 4531/1567/477 4529/1578/477 
f 4529/1578/477 4528/1577/477 4532/1568/477 
f 4526/1572/511 4529/1571/511 4531/1581/511 
f 4531/1581/511 4522/1582/511 4526/1572/511 
f 4534/1568/508 4535/1565/508 4536/1566/508 
f 4536/1566/508 4537/1567/508 4534/1568/508 
f 4538/1572/509 4539/1569/509 4540/1570/509 
f 4540/1570/509 4541/1571/509 4538/1572/509 
f 4542/1566/477 4543/1567/477 4544/1568/477 
f 4544/1568/477 4545/1565/477 4542/1566/477 
f 4537/1573/478 4536/1574/478 4545/1575/478 
f 4545/1575/478 4544/1576/478 4537/1573/478 
f 4543/1573/476 4542/1574/476 4535/1575/476 
f 4535/1575/476 4534/1576/476 4543/1573/476 
f 4538/1577/508 4534/1568/508 4537/1567/508 
f 4537/1567/508 4539/1578/508 4538/1577/508 
f 4544/1580/510 4540/1570/510 4539/1569/510 
f 4539/1569/510 4537/1579/510 4544/1580/510 
f 4543/1567/477 4541/1578/477 4540/1577/477 
f 4540/1577/477 4544/1568/477 4543/1567/477 
f 4538/1572/511 4541/1571/511 4543/1581/511 
f 4543/1581/511 4534/1582/511 4538/1572/511 
f 4546/1568/508 4547/1565/508 4548/1566/508 
f 4548/1566/508 4549/1567/508 4546/1568/508 
f 4550/1572/509 4551/1569/509 4552/1570/509 
f 4552/1570/509 4553/1571/509 4550/1572/509 
f 4554/1566/477 4555/1567/477 4556/1568/477 
f 4556/1568/477 4557/1565/477 4554/1566/477 
f 4549/1573/478 4548/1574/478 4557/1575/478 
f 4557/1575/478 4556/1576/478 4549/1573/478 
f 4546/1576/476 4555/1573/476 4554/1574/476 
f 4554/1574/476 4547/1575/476 4546/1576/476 
f 4550/1577/508 4546/1568/508 4549/1567/508 
f 4549/1567/508 4551/1578/508 4550/1577/508 
f 4552/1570/510 4551/1569/510 4549/1579/510 
f 4549/1579/510 4556/1580/510 4552/1570/510 
f 4556/1568/477 4555/1567/477 4553/1578/477 
f 4553/1578/477 4552/1577/477 4556/1568/477 
f 4550/1572/511 4553/1571/511 4555/1581/511 
f 4555/1581/511 4546/1582/511 4550/1572/511 
f 4558/1568/508 4559/1565/508 4560/1566/508 
f 4560/1566/508 4561/1567/508 4558/1568/508 
f 4562/1572/509 4563/1569/509 4564/1570/509 
f 4564/1570/509 4565/1571/509 4562/1572/509 
f 4566/1566/477 4567/1567/477 4568/1568/477 
f 4568/1568/477 4569/1565/477 4566/1566/477 
f 4561/1573/478 4560/1574/478 4569/1575/478 
f 4569/1575/478 4568/1576/478 4561/1573/478 
f 4567/1573/476 4566/1574/476 4559/1575/476 
f 4559/1575/476 4558/1576/476 4567/1573/476 
f 4562/1577/508 4558/1568/508 4561/1567/508 
f 4561/1567/508 4563/1578/508 4562/1577/508 
f 4568/1580/510 4564/1570/510 4563/1569/510 
f 4563/1569/510 4561/1579/510 4568/1580/510 
f 4567/1567/477 4565/1578/477 4564/1577/477 
f 4564/1577/477 4568/1568/477 4567/1567/477 
f 4562/1572/511 4565/1571/511 4567/1581/511 
f 4567/1581/511 4558/1582/511 4562/1572/511 
f 4570/1568/508 4571/1565/508 4572/1566/508 
f 4572/1566/508 4573/1567/508 4570/1568/508 
f 4574/1572/509 4575/1569/509 4576/1570/509 
f 4576/1570/509 4577/1571/509 4574/1572/509 
f 4578/1566/477 4579/1567/477 4580/1568/477 
f 4580/1568/477 4581/1565/477 4578/1566/477 
f 4573/1573/478 4572/1574/478 4581/1575/478 
f 4581/1575/478 4580/1576/478 4573/1573/478 
f 4570/1576/476 4579/1573/476 4578/1574/476 
f 4578/1574/476 4571/1575/476 4570/1576/476 
f 4574/1577/508 4570/1568/508 4573/1567/508 
f 4573/1567/508 4575/1578/508 4574/1577/508 
f 4576/1570/510 4575/1569/510 4573/1579/510 
f 4573/1579/510 4580/1580/510 4576/1570/510 
f 4580/1568/477 4579/1567/477 4577/1578/477 
f 4577/1578/477 4576/1577/477 4580/1568/477 
f 4574/1572/511 4577/1571/511 4579/1581/511 
f 4579/1581/511 4570/1582/511 4574/1572/511 
f 4582/1568/508 4583/1565/508 4584/1566/508 
f 4584/1566/508 4585/1567/508 4582/1568/508 
f 4586/1572/509 4587/1569/509 4588/1570/509 
f 4588/1570/509 4589/1571/509 4586/1572/509 
f 4590/1568/477 4591/1565/477 4592/1566/477 
f 4592/1566/477 4593/1567/477 4590/1568/477 
f 4585/1573/478 4584/1574/478 4591/1575/478 
f 4591/1575/478 4590/1576/478 4585/1573/478 
f 4593/1573/476 4592/1574/476 4583/1575/476 
f 4583/1575/476 4582/1576/476 4593/1573/476 
f 4586/1577/508 4582/1568/508 4585/1567/508 
f 4585/1567/508 4587/1578/508 4586/1577/508 
f 4590/1580/510 4588/1570/510 4587/1569/510 
f 4587/1569/510 4585/1579/510 4590/1580/510 
f 4593/1567/477 4589/1578/477 4588/1577/477 
f 4588/1577/477 4590/1568/477 4593/1567/477 
f 4586/1572/511 4589/1571/511 4593/1581/511 
f 4593/1581/511 4582/1582/511 4586/1572/511 
f 4594/1566/508 4595/1567/508 4596/1568/508 
f 4596/1568/508 4597/1565/508 4594/1566/508 
f 4598/1572/509 4599/1569/509 4600/1570/509 
f 4600/1570/509 4601/1571/509 4598/1572/509 
f 4602/1566/477 4603/1567/477 4604/1568/477 
f 4604/1568/477 4605/1565/477 4602/1566/477 
f 4595/1573/478 4594/1574/478 4605/1575/478 
f 4605/1575/478 4604/1576/478 4595/1573/478 
f 4596/1576/476 4603/1573/476 4602/1574/476 
f 4602/1574/476 4597/1575/476 4596/1576/476 
f 4598/1577/508 4596/1568/508 4595/1567/508 
f 4595/1567/508 4599/1578/508 4598/1577/508 
f 4600/1570/510 4599/1569/510 4595/1579/510 
f 4595/1579/510 4604/1580/510 4600/1570/510 
f 4604/1568/477 4603/1567/477 4601/1578/477 
f 4601/1578/477 4600/1577/477 4604/1568/477 
f 4598/1572/511 4601/1571/511 4603/1581/511 
f 4603/1581/511 4596/1582/511 4598/1572/511 
f 4606/1568/508 4607/1565/508 4608/1566/508 
f 4608/1566/508 4609/1567/508 4606/1568/508 
f 4610/1572/509 4611/1569/509 4612/1570/509 
f 4612/1570/509 4613/1571/509 4610/1572/509 
f 4614/1568/477 4615/1565/477 4616/1566/477 
f 4616/1566/477 4617/1567/477 4614/1568/477 
f 4609/1573/478 4608/1574/478 4615/1575/478 
f 4615/1575/478 4614/1576/478 4609/1573/478 
f 4617/1573/476 4616/1574/476 4607/1575/476 
f 4607/1575/476 4606/1576/476 4617/1573/476 
f 4610/1577/508 4606/1568/508 4609/1567/508 
f 4609/1567/508 4611/1578/508 4610/1577/508 
f 4614/1580/510 4612/1570/510 4611/1569/510 
f 4611/1569/510 4609/1579/510 4614/1580/510 
f 4617/1567/477 4613/1578/477 4612/1577/477 
f 4612/1577/477 4614/1568/477 4617/1567/477 
f 4610/1572/511 4613/1571/511 4617/1581/511 
f 4617/1581/511 4606/1582/511 4610/1572/511 
f 4618/1568/508 4619/1565/508 4620/1566/508 
f 4620/1566/508 4621/1567/508 4618/1568/508 
f 4622/1572/509 4623/1569/509 4624/1570/509 
f 4624/1570/509 4625/1571/509 4622/1572/509 
f 4626/1566/477 4627/1567/477 4628/1568/477 
f 4628/1568/477 4629/1565/477 4626/1566/477 
f 4621/1573/478 4620/1574/478 4629/1575/478 
f 4629/1575/478 4628/1576/478 4621/1573/478 
f 4618/1576/476 4627/1573/476 4626/1574/476 
f 4626/1574/476 4619/1575/476 4618/1576/476 
f 4622/1577/508 4618/1568/508 4621/1567/508 
f 4621/1567/508 4623/1578/508 4622/1577/508 
f 4624/1570/510 4623/1569/510 4621/1579/510 
f 4621/1579/510 4628/1580/510 4624/1570/510 
f 4628/1568/477 4627/1567/477 4625/1578/477 
f 4625/1578/477 4624/1577/477 4628/1568/477 
f 4622/1572/511 4625/1571/511 4627/1581/511 
f 4627/1581/511 4618/1582/511 4622/1572/511 
f 4630/1568/508 4631/1565/508 4632/1566/508 
f 4632/1566/508 4633/1567/508 4630/1568/508 
f 4634/1572/509 4635/1569/509 4636/1570/509 
f 4636/1570/509 4637/1571/509 4634/1572/509 
f 4638/1568/477 4639/1565/477 4640/1566/477 
f 4640/1566/477 4641/1567/477 4638/1568/477 
f 4633/1573/478 4632/1574/478 4639/1575/478 
f 4639/1575/478 4638/1576/478 4633/1573/478 
f 4640/1574/476 4631/1575/476 4630/1576/476 
f 4630/1576/476 4641/1573/476 4640/1574/476 
f 4635/1578/508 4634/1577/508 4630/1568/508 
f 4630/1568/508 4633/1567/508 4635/1578/508 
f 4638/1580/510 4636/1570/510 4635/1569/510 
f 4635/1569/510 4633/1579/510 4638/1580/510 
f 4638/1568/477 4641/1567/477 4637/1578/477 
f 4637/1578/477 4636/1577/477 4638/1568/477 
f 4637/1571/511 4641/1581/511 4630/1582/511 
f 4630/1582/511 4634/1572/511 4637/1571/511 
f 4642/1568/508 4643/1565/508 4644/1566/508 
f 4644/1566/508 4645/1567/508 4642/1568/508 
f 4646/1572/509 4647/1569/509 4648/1570/509 
f 4648/1570/509 4649/1571/509 4646/1572/509 
f 4650/1566/477 4651/1567/477 4652/1568/477 
f 4652/1568/477 4653/1565/477 4650/1566/477 
f 4645/1573/478 4644/1574/478 4653/1575/478 
f 4653/1575/478 4652/1576/478 4645/1573/478 
f 4642/1576/476 4651/1573/476 4650/1574/476 
f 4650/1574/476 4643/1575/476 4642/1576/476 
f 4646/1577/508 4642/1568/508 4645/1567/508 
f 4645/1567/508 4647/1578/508 4646/1577/508 
f 4648/1570/510 4647/1569/510 4645/1579/510 
f 4645/1579/510 4652/1580/510 4648/1570/510 
f 4652/1568/477 4651/1567/477 4649/1578/477 
f 4649/1578/477 4648/1577/477 4652/1568/477 
f 4646/1572/511 4649/1571/511 4651/1581/511 
f 4651/1581/511 4642/1582/511 4646/1572/511 
f 4654/1568/508 4655/1565/508 4656/1566/508 
f 4656/1566/508 4657/1567/508 4654/1568/508 
f 4658/1572/509 4659/1569/509 4660/1570/509 
f 4660/1570/509 4661/1571/509 4658/1572/509 
f 4662/1566/477 4663/1567/477 4664/1568/477 
f 4664/1568/477 4665/1565/477 4662/1566/477 
f 4657/1573/478 4656/1574/478 4665/1575/478 
f 4665/1575/478 4664/1576/478 4657/1573/478 
f 4663/1573/476 4662/1574/476 4655/1575/476 
f 4655/1575/476 4654/1576/476 4663/1573/476 
f 4658/1577/508 4654/1568/508 4657/1567/508 
f 4657/1567/508 4659/1578/508 4658/1577/508 
f 4664/1580/510 4660/1570/510 4659/1569/510 
f 4659/1569/510 4657/1579/510 4664/1580/510 
f 4663/1567/477 4661/1578/477 4660/1577/477 
f 4660/1577/477 4664/1568/477 4663/1567/477 
f 4658/1572/511 4661/1571/511 4663/1581/511 
f 4663/1581/511 4654/1582/511 4658/1572/511 
f 4666/1566/478 4667/1567/478 4668/1568/478 
f 4668/1568/478 4669/1565/478 4666/1566/478 
f 4670/1572/509 4671/1569/509 4672/1570/509 
f 4672/1570/509 4673/1571/509 4670/1572/509 
f 4674/1566/476 4675/1567/476 4676/1568/476 
f 4676/1568/476 4677/1565/476 4674/1566/476 
f 4667/1573/477 4666/1574/477 4677/1575/477 
f 4677/1575/477 4676/1576/477 4667/1573/477 
f 4668/1576/508 4675/1573/508 4674/1574/508 
f 4674/1574/508 4669/1575/508 4668/1576/508 
f 4670/1577/478 4668/1568/478 4667/1567/478 
f 4667/1567/478 4671/1578/478 4670/1577/478 
f 4672/1570/527 4671/1569/527 4667/1579/527 
f 4667/1579/527 4676/1580/527 4672/1570/527 
f 4676/1568/476 4675/1567/476 4673/1578/476 
f 4673/1578/476 4672/1577/476 4676/1568/476 
f 4670/1572/528 4673/1571/528 4675/1581/528 
f 4675/1581/528 4668/1582/528 4670/1572/528 
f 4678/1568/478 4679/1565/478 4680/1566/478 
f 4680/1566/478 4681/1567/478 4678/1568/478 
f 4682/1572/509 4683/1569/509 4684/1570/509 
f 4684/1570/509 4685/1571/509 4682/1572/509 
f 4686/1568/476 4687/1565/476 4688/1566/476 
f 4688/1566/476 4689/1567/476 4686/1568/476 
f 4681/1573/477 4680/1574/477 4687/1575/477 
f 4687/1575/477 4686/1576/477 4681/1573/477 
f 4689/1573/529 4688/1574/529 4679/1575/529 
f 4679/1575/529 4678/1576/529 4689/1573/529 
f 4682/1577/478 4678/1568/478 4681/1567/478 
f 4681/1567/478 4683/1578/478 4682/1577/478 
f 4686/1580/527 4684/1570/527 4683/1569/527 
f 4683/1569/527 4681/1579/527 4686/1580/527 
f 4689/1567/476 4685/1578/476 4684/1577/476 
f 4684/1577/476 4686/1568/476 4689/1567/476 
f 4682/1572/528 4685/1571/528 4689/1581/528 
f 4689/1581/528 4678/1582/528 4682/1572/528 
f 4690/1568/478 4691/1565/478 4692/1566/478 
f 4692/1566/478 4693/1567/478 4690/1568/478 
f 4694/1572/509 4695/1569/509 4696/1570/509 
f 4696/1570/509 4697/1571/509 4694/1572/509 
f 4698/1566/476 4699/1567/476 4700/1568/476 
f 4700/1568/476 4701/1565/476 4698/1566/476 
f 4693/1573/477 4692/1574/477 4701/1575/477 
f 4701/1575/477 4700/1576/477 4693/1573/477 
f 4690/1576/508 4699/1573/508 4698/1574/508 
f 4698/1574/508 4691/1575/508 4690/1576/508 
f 4694/1577/478 4690/1568/478 4693/1567/478 
f 4693/1567/478 4695/1578/478 4694/1577/478 
f 4696/1570/527 4695/1569/527 4693/1579/527 
f 4693/1579/527 4700/1580/527 4696/1570/527 
f 4700/1568/476 4699/1567/476 4697/1578/476 
f 4697/1578/476 4696/1577/476 4700/1568/476 
f 4694/1572/528 4697/1571/528 4699/1581/528 
f 4699/1581/528 4690/1582/528 4694/1572/528 
f 4702/1568/478 4703/1565/478 4704/1566/478 
f 4704/1566/478 4705/1567/478 4702/1568/478 
f 4706/1572/509 4707/1569/509 4708/1570/509 
f 4708/1570/509 4709/1571/509 4706/1572/509 
f 4710/1568/476 4711/1565/476 4712/1566/476 
f 4712/1566/476 4713/1567/476 4710/1568/476 
f 4705/1573/477 4704/1574/477 4711/1575/477 
f 4711/1575/477 4710/1576/477 4705/1573/477 
f 4713/1573/508 4712/1574/508 4703/1575/508 
f 4703/1575/508 4702/1576/508 4713/1573/508 
f 4706/1577/478 4702/1568/478 4705/1567/478 
f 4705/1567/478 4707/1578/478 4706/1577/478 
f 4710/1580/527 4708/1570/527 4707/1569/527 
f 4707/1569/527 4705/1579/527 4710/1580/527 
f 4713/1567/476 4709/1578/476 4708/1577/476 
f 4708/1577/476 4710/1568/476 4713/1567/476 
f 4706/1572/528 4709/1571/528 4713/1581/528 
f 4713/1581/528 4702/1582/528 4706/1572/528 
f 4714/1568/478 4715/1565/478 4716/1566/478 
f 4716/1566/478 4717/1567/478 4714/1568/478 
f 4718/1572/509 4719/1569/509 4720/1570/509 
f 4720/1570/509 4721/1571/509 4718/1572/509 
f 4722/1566/476 4723/1567/476 4724/1568/476 
f 4724/1568/476 4725/1565/476 4722/1566/476 
f 4717/1573/477 4716/1574/477 4725/1575/477 
f 4725/1575/477 4724/1576/477 4717/1573/477 
f 4714/1576/508 4723/1573/508 4722/1574/508 
f 4722/1574/508 4715/1575/508 4714/1576/508 
f 4718/1577/478 4714/1568/478 4717/1567/478 
f 4717/1567/478 4719/1578/478 4718/1577/478 
f 4720/1570/527 4719/1569/527 4717/1579/527 
f 4717/1579/527 4724/1580/527 4720/1570/527 
f 4724/1568/476 4723/1567/476 4721/1578/476 
f 4721/1578/476 4720/1577/476 4724/1568/476 
f 4718/1572/528 4721/1571/528 4723/1581/528 
f 4723/1581/528 4714/1582/528 4718/1572/528 
f 4726/1568/478 4727/1565/478 4728/1566/478 
f 4728/1566/478 4729/1567/478 4726/1568/478 
f 4730/1572/530 4731/1569/530 4732/1570/530 
f 4732/1570/530 4733/1571/530 4730/1572/530 
f 4734/1568/476 4735/1565/476 4736/1566/476 
f 4736/1566/476 4737/1567/476 4734/1568/476 
f 4729/1573/477 4728/1574/477 4735/1575/477 
f 4735/1575/477 4734/1576/477 4729/1573/477 
f 4737/1573/508 4736/1574/508 4727/1575/508 
f 4727/1575/508 4726/1576/508 4737/1573/508 
f 4730/1577/478 4726/1568/478 4729/1567/478 
f 4729/1567/478 4731/1578/478 4730/1577/478 
f 4734/1580/527 4732/1570/527 4731/1569/527 
f 4731/1569/527 4729/1579/527 4734/1580/527 
f 4737/1567/476 4733/1578/476 4732/1577/476 
f 4732/1577/476 4734/1568/476 4737/1567/476 
f 4730/1572/528 4733/1571/528 4737/1581/528 
f 4737/1581/528 4726/1582/528 4730/1572/528 
f 4738/1566/478 4739/1567/478 4740/1568/478 
f 4740/1568/478 4741/1565/478 4738/1566/478 
f 4742/1572/530 4743/1569/530 4744/1570/530 
f 4744/1570/530 4745/1571/530 4742/1572/530 
f 4746/1566/476 4747/1567/476 4748/1568/476 
f 4748/1568/476 4749/1565/476 4746/1566/476 
f 4739/1573/477 4738/1574/477 4749/1575/477 
f 4749/1575/477 4748/1576/477 4739/1573/477 
f 4740/1576/529 4747/1573/529 4746/1574/529 
f 4746/1574/529 4741/1575/529 4740/1576/529 
f 4742/1577/478 4740/1568/478 4739/1567/478 
f 4739/1567/478 4743/1578/478 4742/1577/478 
f 4744/1570/527 4743/1569/527 4739/1579/527 
f 4739/1579/527 4748/1580/527 4744/1570/527 
f 4748/1568/476 4747/1567/476 4745/1578/476 
f 4745/1578/476 4744/1577/476 4748/1568/476 
f 4742/1572/531 4745/1571/531 4747/1581/531 
f 4747/1581/531 4740/1582/531 4742/1572/531 
f 4750/1568/532 4751/1565/478 4752/1566/478 
f 4752/1566/478 4753/1567/532 4750/1568/532 
f 4754/1572/530 4755/1569/530 4756/1570/530 
f 4756/1570/530 4757/1571/530 4754/1572/530 
f 4758/1566/476 4759/1567/476 4760/1568/476 
f 4760/1568/476 4761/1565/476 4758/1566/476 
f 4753/1573/477 4752/1574/477 4761/1575/477 
f 4761/1575/477 4760/1576/477 4753/1573/477 
f 4759/1573/508 4758/1574/508 4751/1575/508 
f 4751/1575/508 4750/1576/508 4759/1573/508 
f 4754/1577/532 4750/1568/532 4753/1567/532 
f 4753/1567/532 4755/1578/532 4754/1577/532 
f 4760/1580/527 4756/1570/527 4755/1569/527 
f 4755/1569/527 4753/1579/527 4760/1580/527 
f 4759/1567/476 4757/1578/476 4756/1577/476 
f 4756/1577/476 4760/1568/476 4759/1567/476 
f 4754/1572/528 4757/1571/528 4759/1581/528 
f 4759/1581/528 4750/1582/528 4754/1572/528 
f 4762/1568/532 4763/1565/478 4764/1566/478 
f 4764/1566/478 4765/1567/532 4762/1568/532 
f 4766/1571/530 4767/1572/530 4768/1569/530 
f 4768/1569/530 4769/1570/530 4766/1571/530 
f 4770/1568/476 4771/1565/476 4772/1566/476 
f 4772/1566/476 4773/1567/476 4770/1568/476 
f 4765/1573/477 4764/1574/477 4771/1575/477 
f 4771/1575/477 4770/1576/477 4765/1573/477 
f 4762/1576/508 4773/1573/508 4772/1574/508 
f 4772/1574/508 4763/1575/508 4762/1576/508 
f 4762/1568/532 4765/1567/532 4768/1578/532 
f 4768/1578/532 4767/1577/532 4762/1568/532 
f 4770/1580/527 4769/1570/527 4768/1569/527 
f 4768/1569/527 4765/1579/527 4770/1580/527 
f 4769/1577/476 4770/1568/476 4773/1567/476 
f 4773/1567/476 4766/1578/476 4769/1577/476 
f 4773/1581/528 4762/1582/528 4767/1572/528 
f 4767/1572/528 4766/1571/528 4773/1581/528 
f 4774/1566/478 4775/1567/532 4776/1568/532 
f 4776/1568/532 4777/1565/478 4774/1566/478 
f 4778/1571/530 4779/1572/530 4780/1569/530 
f 4780/1569/530 4781/1570/530 4778/1571/530 
f 4782/1568/476 4783/1565/476 4784/1566/476 
f 4784/1566/476 4785/1567/476 4782/1568/476 
f 4775/1573/477 4774/1574/477 4783/1575/477 
f 4783/1575/477 4782/1576/477 4775/1573/477 
f 4785/1573/508 4784/1574/508 4777/1575/508 
f 4777/1575/508 4776/1576/508 4785/1573/508 
f 4779/1577/532 4776/1568/532 4775/1567/532 
f 4775/1567/532 4780/1578/532 4779/1577/532 
f 4782/1580/527 4781/1570/527 4780/1569/527 
f 4780/1569/527 4775/1579/527 4782/1580/527 
f 4778/1578/476 4781/1577/476 4782/1568/476 
f 4782/1568/476 4785/1567/476 4778/1578/476 
f 4785/1581/528 4776/1582/528 4779/1572/528 
f 4779/1572/528 4778/1571/528 4785/1581/528 
f 4786/1566/508 4787/1567/508 4788/1568/508 
f 4788/1568/508 4789/1565/508 4786/1566/508 
f 4790/1570/509 4791/1571/509 4792/1572/509 
f 4792/1572/509 4793/1569/509 4790/1570/509 
f 4794/1568/477 4795/1565/477 4796/1566/477 
f 4796/1566/477 4797/1567/477 4794/1568/477 
f 4787/1573/478 4786/1574/478 4795/1575/478 
f 4795/1575/478 4794/1576/478 4787/1573/478 
f 4797/1573/476 4796/1574/476 4789/1575/476 
f 4789/1575/476 4788/1576/476 4797/1573/476 
f 4787/1567/508 4793/1578/508 4792/1577/508 
f 4792/1577/508 4788/1568/508 4787/1567/508 
f 4794/1580/510 4790/1570/510 4793/1569/510 
f 4793/1569/510 4787/1579/510 4794/1580/510 
f 4790/1577/477 4794/1568/477 4797/1567/477 
f 4797/1567/477 4791/1578/477 4790/1577/477 
f 4797/1581/511 4788/1582/511 4792/1572/511 
f 4792/1572/511 4791/1571/511 4797/1581/511 
f 4798/1566/508 4799/1567/508 4800/1568/508 
f 4800/1568/508 4801/1565/508 4798/1566/508 
f 4802/1571/509 4803/1572/509 4804/1569/509 
f 4804/1569/509 4805/1570/509 4802/1571/509 
f 4806/1568/477 4807/1565/477 4808/1566/477 
f 4808/1566/477 4809/1567/477 4806/1568/477 
f 4799/1573/478 4798/1574/478 4807/1575/478 
f 4807/1575/478 4806/1576/478 4799/1573/478 
f 4809/1573/476 4808/1574/476 4801/1575/476 
f 4801/1575/476 4800/1576/476 4809/1573/476 
f 4800/1568/508 4799/1567/508 4804/1578/508 
f 4804/1578/508 4803/1577/508 4800/1568/508 
f 4806/1580/510 4805/1570/510 4804/1569/510 
f 4804/1569/510 4799/1579/510 4806/1580/510 
f 4805/1577/477 4806/1568/477 4809/1567/477 
f 4809/1567/477 4802/1578/477 4805/1577/477 
f 4809/1581/511 4800/1582/511 4803/1572/511 
f 4803/1572/511 4802/1571/511 4809/1581/511 
f 4810/1566/508 4811/1567/508 4812/1568/508 
f 4812/1568/508 4813/1565/508 4810/1566/508 
f 4814/1571/509 4815/1572/509 4816/1569/509 
f 4816/1569/509 4817/1570/509 4814/1571/509 
f 4818/1568/477 4819/1565/477 4820/1566/477 
f 4820/1566/477 4821/1567/477 4818/1568/477 
f 4811/1573/478 4810/1574/478 4819/1575/478 
f 4819/1575/478 4818/1576/478 4811/1573/478 
f 4812/1576/476 4821/1573/476 4820/1574/476 
f 4820/1574/476 4813/1575/476 4812/1576/476 
f 4812/1568/508 4811/1567/508 4816/1578/508 
f 4816/1578/508 4815/1577/508 4812/1568/508 
f 4818/1580/510 4817/1570/510 4816/1569/510 
f 4816/1569/510 4811/1579/510 4818/1580/510 
f 4817/1577/477 4818/1568/477 4821/1567/477 
f 4821/1567/477 4814/1578/477 4817/1577/477 
f 4821/1581/511 4812/1582/511 4815/1572/511 
f 4815/1572/511 4814/1571/511 4821/1581/511 
f 4822/1566/508 4823/1567/508 4824/1568/508 
f 4824/1568/508 4825/1565/508 4822/1566/508 
f 4826/1572/509 4827/1569/509 4828/1570/509 
f 4828/1570/509 4829/1571/509 4826/1572/509 
f 4830/1568/477 4831/1565/477 4832/1566/477 
f 4832/1566/477 4833/1567/477 4830/1568/477 
f 4830/1576/478 4823/1573/478 4822/1574/478 
f 4822/1574/478 4831/1575/478 4830/1576/478 
f 4833/1573/476 4832/1574/476 4825/1575/476 
f 4825/1575/476 4824/1576/476 4833/1573/476 
f 4827/1578/508 4826/1577/508 4824/1568/508 
f 4824/1568/508 4823/1567/508 4827/1578/508 
f 4830/1580/510 4828/1570/510 4827/1569/510 
f 4827/1569/510 4823/1579/510 4830/1580/510 
f 4830/1568/477 4833/1567/477 4829/1578/477 
f 4829/1578/477 4828/1577/477 4830/1568/477 
f 4829/1571/511 4833/1581/511 4824/1582/511 
f 4824/1582/511 4826/1572/511 4829/1571/511 
f 4834/1568/508 4835/1565/508 4836/1566/508 
f 4836/1566/508 4837/1567/508 4834/1568/508 
f 4838/1572/509 4839/1569/509 4840/1570/509 
f 4840/1570/509 4841/1571/509 4838/1572/509 
f 4842/1566/477 4843/1567/477 4844/1568/477 
f 4844/1568/477 4845/1565/477 4842/1566/477 
f 4837/1573/478 4836/1574/478 4845/1575/478 
f 4845/1575/478 4844/1576/478 4837/1573/478 
f 4834/1576/476 4843/1573/476 4842/1574/476 
f 4842/1574/476 4835/1575/476 4834/1576/476 
f 4838/1577/508 4834/1568/508 4837/1567/508 
f 4837/1567/508 4839/1578/508 4838/1577/508 
f 4840/1570/510 4839/1569/510 4837/1579/510 
f 4837/1579/510 4844/1580/510 4840/1570/510 
f 4844/1568/477 4843/1567/477 4841/1578/477 
f 4841/1578/477 4840/1577/477 4844/1568/477 
f 4838/1572/511 4841/1571/511 4843/1581/511 
f 4843/1581/511 4834/1582/511 4838/1572/511 
f 4846/1568/508 4847/1565/508 4848/1566/508 
f 4848/1566/508 4849/1567/508 4846/1568/508 
f 4850/1572/509 4851/1569/509 4852/1570/509 
f 4852/1570/509 4853/1571/509 4850/1572/509 
f 4854/1568/477 4855/1565/477 4856/1566/477 
f 4856/1566/477 4857/1567/477 4854/1568/477 
f 4849/1573/478 4848/1574/478 4855/1575/478 
f 4855/1575/478 4854/1576/478 4849/1573/478 
f 4857/1573/476 4856/1574/476 4847/1575/476 
f 4847/1575/476 4846/1576/476 4857/1573/476 
f 4850/1577/508 4846/1568/508 4849/1567/508 
f 4849/1567/508 4851/1578/508 4850/1577/508 
f 4854/1580/510 4852/1570/510 4851/1569/510 
f 4851/1569/510 4849/1579/510 4854/1580/510 
f 4857/1567/477 4853/1578/477 4852/1577/477 
f 4852/1577/477 4854/1568/477 4857/1567/477 
f 4850/1572/511 4853/1571/511 4857/1581/511 
f 4857/1581/511 4846/1582/511 4850/1572/511 
f 4858/1568/508 4859/1565/508 4860/1566/508 
f 4860/1566/508 4861/1567/508 4858/1568/508 
f 4862/1572/509 4863/1569/509 4864/1570/509 
f 4864/1570/509 4865/1571/509 4862/1572/509 
f 4866/1566/477 4867/1567/477 4868/1568/477 
f 4868/1568/477 4869/1565/477 4866/1566/477 
f 4861/1573/478 4860/1574/478 4869/1575/478 
f 4869/1575/478 4868/1576/478 4861/1573/478 
f 4858/1576/476 4867/1573/476 4866/1574/476 
f 4866/1574/476 4859/1575/476 4858/1576/476 
f 4862/1577/508 4858/1568/508 4861/1567/508 
f 4861/1567/508 4863/1578/508 4862/1577/508 
f 4864/1570/510 4863/1569/510 4861/1579/510 
f 4861/1579/510 4868/1580/510 4864/1570/510 
f 4868/1568/477 4867/1567/477 4865/1578/477 
f 4865/1578/477 4864/1577/477 4868/1568/477 
f 4862/1572/511 4865/1571/511 4867/1581/511 
f 4867/1581/511 4858/1582/511 4862/1572/511 
f 4870/1568/508 4871/1565/508 4872/1566/508 
f 4872/1566/508 4873/1567/508 4870/1568/508 
f 4874/1572/509 4875/1569/509 4876/1570/509 
f 4876/1570/509 4877/1571/509 4874/1572/509 
f 4878/1568/477 4879/1565/477 4880/1566/477 
f 4880/1566/477 4881/1567/477 4878/1568/477 
f 4873/1573/478 4872/1574/478 4879/1575/478 
f 4879/1575/478 4878/1576/478 4873/1573/478 
f 4881/1573/476 4880/1574/476 4871/1575/476 
f 4871/1575/476 4870/1576/476 4881/1573/476 
f 4874/1577/508 4870/1568/508 4873/1567/508 
f 4873/1567/508 4875/1578/508 4874/1577/508 
f 4878/1580/510 4876/1570/510 4875/1569/510 
f 4875/1569/510 4873/1579/510 4878/1580/510 
f 4881/1567/477 4877/1578/477 4876/1577/477 
f 4876/1577/477 4878/1568/477 4881/1567/477 
f 4874/1572/511 4877/1571/511 4881/1581/511 
f 4881/1581/511 4870/1582/511 4874/1572/511 
f 4882/1566/508 4883/1567/508 4884/1568/508 
f 4884/1568/508 4885/1565/508 4882/1566/508 
f 4886/1572/509 4887/1569/509 4888/1570/509 
f 4888/1570/509 4889/1571/509 4886/1572/509 
f 4890/1566/477 4891/1567/477 4892/1568/477 
f 4892/1568/477 4893/1565/477 4890/1566/477 
f 4883/1573/478 4882/1574/478 4893/1575/478 
f 4893/1575/478 4892/1576/478 4883/1573/478 
f 4884/1576/476 4891/1573/476 4890/1574/476 
f 4890/1574/476 4885/1575/476 4884/1576/476 
f 4886/1577/508 4884/1568/508 4883/1567/508 
f 4883/1567/508 4887/1578/508 4886/1577/508 
f 4888/1570/510 4887/1569/510 4883/1579/510 
f 4883/1579/510 4892/1580/510 4888/1570/510 
f 4892/1568/477 4891/1567/477 4889/1578/477 
f 4889/1578/477 4888/1577/477 4892/1568/477 
f 4886/1572/511 4889/1571/511 4891/1581/511 
f 4891/1581/511 4884/1582/511 4886/1572/511 
f 4894/1568/508 4895/1565/508 4896/1566/508 
f 4896/1566/508 4897/1567/508 4894/1568/508 
f 4898/1572/509 4899/1569/509 4900/1570/509 
f 4900/1570/509 4901/1571/509 4898/1572/509 
f 4902/1566/477 4903/1567/477 4904/1568/477 
f 4904/1568/477 4905/1565/477 4902/1566/477 
f 4897/1573/478 4896/1574/478 4905/1575/478 
f 4905/1575/478 4904/1576/478 4897/1573/478 
f 4903/1573/476 4902/1574/476 4895/1575/476 
f 4895/1575/476 4894/1576/476 4903/1573/476 
f 4898/1577/508 4894/1568/508 4897/1567/508 
f 4897/1567/508 4899/1578/508 4898/1577/508 
f 4904/1580/510 4900/1570/510 4899/1569/510 
f 4899/1569/510 4897/1579/510 4904/1580/510 
f 4903/1567/477 4901/1578/477 4900/1577/477 
f 4900/1577/477 4904/1568/477 4903/1567/477 
f 4898/1572/511 4901/1571/511 4903/1581/511 
f 4903/1581/511 4894/1582/511 4898/1572/511 
f 4906/1566/508 4907/1567/508 4908/1568/508 
f 4908/1568/508 4909/1565/508 4906/1566/508 
f 4910/1572/509 4911/1569/509 4912/1570/509 
f 4912/1570/509 4913/1571/509 4910/1572/509 
f 4914/1566/477 4915/1567/477 4916/1568/477 
f 4916/1568/477 4917/1565/477 4914/1566/477 
f 4907/1573/478 4906/1574/478 4917/1575/478 
f 4917/1575/478 4916/1576/478 4907/1573/478 
f 4908/1576/476 4915/1573/476 4914/1574/476 
f 4914/1574/476 4909/1575/476 4908/1576/476 
f 4910/1577/508 4908/1568/508 4907/1567/508 
f 4907/1567/508 4911/1578/508 4910/1577/508 
f 4912/1570/510 4911/1569/510 4907/1579/510 
f 4907/1579/510 4916/1580/510 4912/1570/510 
f 4916/1568/477 4915/1567/477 4913/1578/477 
f 4913/1578/477 4912/1577/477 4916/1568/477 
f 4910/1572/511 4913/1571/511 4915/1581/511 
f 4915/1581/511 4908/1582/511 4910/1572/511 
f 4918/1568/508 4919/1565/508 4920/1566/508 
f 4920/1566/508 4921/1567/508 4918/1568/508 
f 4922/1572/509 4923/1569/509 4924/1570/509 
f 4924/1570/509 4925/1571/509 4922/1572/509 
f 4926/1568/477 4927/1565/477 4928/1566/477 
f 4928/1566/477 4929/1567/477 4926/1568/477 
f 4921/1573/478 4920/1574/478 4927/1575/478 
f 4927/1575/478 4926/1576/478 4921/1573/478 
f 4929/1573/476 4928/1574/476 4919/1575/476 
f 4919/1575/476 4918/1576/476 4929/1573/476 
f 4922/1577/508 4918/1568/508 4921/1567/508 
f 4921/1567/508 4923/1578/508 4922/1577/508 
f 4926/1580/510 4924/1570/510 4923/1569/510 
f 4923/1569/510 4921/1579/510 4926/1580/510 
f 4929/1567/477 4925/1578/477 4924/1577/477 
f 4924/1577/477 4926/1568/477 4929/1567/477 
f 4922/1572/511 4925/1571/511 4929/1581/511 
f 4929/1581/511 4918/1582/511 4922/1572/511 
f 4930/1568/508 4931/1565/508 4932/1566/508 
f 4932/1566/508 4933/1567/508 4930/1568/508 
f 4934/1572/509 4935/1569/509 4936/1570/509 
f 4936/1570/509 4937/1571/509 4934/1572/509 
f 4938/1566/477 4939/1567/477 4940/1568/477 
f 4940/1568/477 4941/1565/477 4938/1566/477 
f 4933/1573/478 4932/1574/478 4941/1575/478 
f 4941/1575/478 4940/1576/478 4933/1573/478 
f 4930/1576/476 4939/1573/476 4938/1574/476 
f 4938/1574/476 4931/1575/476 4930/1576/476 
f 4934/1577/508 4930/1568/508 4933/1567/508 
f 4933/1567/508 4935/1578/508 4934/1577/508 
f 4936/1570/510 4935/1569/510 4933/1579/510 
f 4933/1579/510 4940/1580/510 4936/1570/510 
f 4940/1568/477 4939/1567/477 4937/1578/477 
f 4937/1578/477 4936/1577/477 4940/1568/477 
f 4934/1572/511 4937/1571/511 4939/1581/511 
f 4939/1581/511 4930/1582/511 4934/1572/511 
f 4942/1568/508 4943/1565/508 4944/1566/508 
f 4944/1566/508 4945/1567/508 4942/1568/508 
f 4946/1572/509 4947/1569/509 4948/1570/509 
f 4948/1570/509 4949/1571/509 4946/1572/509 
f 4950/1566/477 4951/1567/477 4952/1568/477 
f 4952/1568/477 4953/1565/477 4950/1566/477 
f 4945/1573/478 4944/1574/478 4953/1575/478 
f 4953/1575/478 4952/1576/478 4945/1573/478 
f 4951/1573/476 4950/1574/476 4943/1575/476 
f 4943/1575/476 4942/1576/476 4951/1573/476 
f 4946/1577/508 4942/1568/508 4945/1567/508 
f 4945/1567/508 4947/1578/508 4946/1577/508 
f 4952/1580/510 4948/1570/510 4947/1569/510 
f 4947/1569/510 4945/1579/510 4952/1580/510 
f 4951/1567/477 4949/1578/477 4948/1577/477 
f 4948/1577/477 4952/1568/477 4951/1567/477 
f 4946/1572/511 4949/1571/511 4951/1581/511 
f 4951/1581/511 4942/1582/511 4946/1572/511 
f 4954/1565/508 4955/1566/508 4956/1567/508 
f 4956/1567/508 4957/1568/508 4954/1565/508 
f 4958/1572/509 4959/1569/509 4960/1570/509 
f 4960/1570/509 4961/1571/509 4958/1572/509 
f 4962/1566/477 4963/1567/477 4964/1568/477 
f 4964/1568/477 4965/1565/477 4962/1566/477 
f 4956/1573/478 4955/1574/478 4965/1575/478 
f 4965/1575/478 4964/1576/478 4956/1573/478 
f 4957/1576/476 4963/1573/476 4962/1574/476 
f 4962/1574/476 4954/1575/476 4957/1576/476 
f 4958/1577/508 4957/1568/508 4956/1567/508 
f 4956/1567/508 4959/1578/508 4958/1577/508 
f 4960/1570/510 4959/1569/510 4956/1579/510 
f 4956/1579/510 4964/1580/510 4960/1570/510 
f 4964/1568/477 4963/1567/477 4961/1578/477 
f 4961/1578/477 4960/1577/477 4964/1568/477 
f 4958/1572/511 4961/1571/511 4963/1581/511 
f 4963/1581/511 4957/1582/511 4958/1572/511 
f 4966/1568/508 4967/1565/508 4968/1566/508 
f 4968/1566/508 4969/1567/508 4966/1568/508 
f 4970/1572/509 4971/1569/509 4972/1570/509 
f 4972/1570/509 4973/1571/509 4970/1572/509 
f 4974/1568/477 4975/1565/477 4976/1566/477 
f 4976/1566/477 4977/1567/477 4974/1568/477 
f 4969/1573/478 4968/1574/478 4975/1575/478 
f 4975/1575/478 4974/1576/478 4969/1573/478 
f 4977/1573/476 4976/1574/476 4967/1575/476 
f 4967/1575/476 4966/1576/476 4977/1573/476 
f 4970/1577/508 4966/1568/508 4969/1567/508 
f 4969/1567/508 4971/1578/508 4970/1577/508 
f 4974/1580/510 4972/1570/510 4971/1569/510 
f 4971/1569/510 4969/1579/510 4974/1580/510 
f 4977/1567/477 4973/1578/477 4972/1577/477 
f 4972/1577/477 4974/1568/477 4977/1567/477 
f 4970/1572/511 4973/1571/511 4977/1581/511 
f 4977/1581/511 4966/1582/511 4970/1572/511 
f 4978/1566/508 4979/1567/508 4980/1568/508 
f 4980/1568/508 4981/1565/508 4978/1566/508 
f 4982/1572/509 4983/1569/509 4984/1570/509 
f 4984/1570/509 4985/1571/509 4982/1572/509 
f 4986/1566/477 4987/1567/477 4988/1568/477 
f 4988/1568/477 4989/1565/477 4986/1566/477 
f 4979/1573/478 4978/1574/478 4989/1575/478 
f 4989/1575/478 4988/1576/478 4979/1573/478 
f 4980/1576/476 4987/1573/476 4986/1574/476 
f 4986/1574/476 4981/1575/476 4980/1576/476 
f 4982/1577/508 4980/1568/508 4979/1567/508 
f 4979/1567/508 4983/1578/508 4982/1577/508 
f 4984/1570/510 4983/1569/510 4979/1579/510 
f 4979/1579/510 4988/1580/510 4984/1570/510 
f 4988/1568/477 4987/1567/477 4985/1578/477 
f 4985/1578/477 4984/1577/477 4988/1568/477 
f 4982/1572/511 4985/1571/511 4987/1581/511 
f 4987/1581/511 4980/1582/511 4982/1572/511 
f 4990/1568/508 4991/1565/508 4992/1566/508 
f 4992/1566/508 4993/1567/508 4990/1568/508 
f 4994/1572/509 4995/1569/509 4996/1570/509 
f 4996/1570/509 4997/1571/509 4994/1572/509 
f 4998/1568/477 4999/1565/477 5000/1566/477 
f 5000/1566/477 5001/1567/477 4998/1568/477 
f 4993/1573/478 4992/1574/478 4999/1575/478 
f 4999/1575/478 4998/1576/478 4993/1573/478 
f 5001/1573/476 5000/1574/476 4991/1575/476 
f 4991/1575/476 4990/1576/476 5001/1573/476 
f 4994/1577/508 4990/1568/508 4993/1567/508 
f 4993/1567/508 4995/1578/508 4994/1577/508 
f 4998/1580/510 4996/1570/510 4995/1569/510 
f 4995/1569/510 4993/1579/510 4998/1580/510 
f 5001/1567/477 4997/1578/477 4996/1577/477 
f 4996/1577/477 4998/1568/477 5001/1567/477 
f 4994/1572/511 4997/1571/511 5001/1581/511 
f 5001/1581/511 4990/1582/511 4994/1572/511 
f 5002/1566/508 5003/1567/508 5004/1568/508 
f 5004/1568/508 5005/1565/508 5002/1566/508 
f 5006/1572/509 5007/1569/509 5008/1570/509 
f 5008/1570/509 5009/1571/509 5006/1572/509 
f 5010/1566/477 5011/1567/477 5012/1568/477 
f 5012/1568/477 5013/1565/477 5010/1566/477 
f 5003/1573/478 5002/1574/478 5013/1575/478 
f 5013/1575/478 5012/1576/478 5003/1573/478 
f 5004/1576/476 5011/1573/476 5010/1574/476 
f 5010/1574/476 5005/1575/476 5004/1576/476 
f 5006/1577/508 5004/1568/508 5003/1567/508 
f 5003/1567/508 5007/1578/508 5006/1577/508 
f 5008/1570/510 5007/1569/510 5003/1579/510 
f 5003/1579/510 5012/1580/510 5008/1570/510 
f 5012/1568/477 5011/1567/477 5009/1578/477 
f 5009/1578/477 5008/1577/477 5012/1568/477 
f 5006/1572/511 5009/1571/511 5011/1581/511 
f 5011/1581/511 5004/1582/511 5006/1572/511 
f 5014/1568/508 5015/1565/508 5016/1566/508 
f 5016/1566/508 5017/1567/508 5014/1568/508 
f 5018/1572/509 5019/1569/509 5020/1570/509 
f 5020/1570/509 5021/1571/509 5018/1572/509 
f 5022/1568/477 5023/1565/477 5024/1566/477 
f 5024/1566/477 5025/1567/477 5022/1568/477 
f 5017/1573/478 5016/1574/478 5023/1575/478 
f 5023/1575/478 5022/1576/478 5017/1573/478 
f 5025/1573/476 5024/1574/476 5015/1575/476 
f 5015/1575/476 5014/1576/476 5025/1573/476 
f 5018/1577/508 5014/1568/508 5017/1567/508 
f 5017/1567/508 5019/1578/508 5018/1577/508 
f 5022/1580/510 5020/1570/510 5019/1569/510 
f 5019/1569/510 5017/1579/510 5022/1580/510 
f 5025/1567/477 5021/1578/477 5020/1577/477 
f 5020/1577/477 5022/1568/477 5025/1567/477 
f 5018/1572/511 5021/1571/511 5025/1581/511 
f 5025/1581/511 5014/1582/511 5018/1572/511 
f 5026/1566/508 5027/1567/508 5028/1568/508 
f 5028/1568/508 5029/1565/508 5026/1566/508 
f 5030/1572/509 5031/1569/509 5032/1570/509 
f 5032/1570/509 5033/1571/509 5030/1572/509 
f 5034/1566/477 5035/1567/477 5036/1568/477 
f 5036/1568/477 5037/1565/477 5034/1566/477 
f 5027/1573/478 5026/1574/478 5037/1575/478 
f 5037/1575/478 5036/1576/478 5027/1573/478 
f 5028/1576/476 5035/1573/476 5034/1574/476 
f 5034/1574/476 5029/1575/476 5028/1576/476 
f 5030/1577/508 5028/1568/508 5027/1567/508 
f 5027/1567/508 5031/1578/508 5030/1577/508 
f 5032/1570/510 5031/1569/510 5027/1579/510 
f 5027/1579/510 5036/1580/510 5032/1570/510 
f 5036/1568/477 5035/1567/477 5033/1578/477 
f 5033/1578/477 5032/1577/477 5036/1568/477 
f 5030/1572/511 5033/1571/511 5035/1581/511 
f 5035/1581/511 5028/1582/511 5030/1572/511 
f 5038/1568/508 5039/1565/508 5040/1566/508 
f 5040/1566/508 5041/1567/508 5038/1568/508 
f 5042/1572/509 5043/1569/509 5044/1570/509 
f 5044/1570/509 5045/1571/509 5042/1572/509 
f 5046/1568/477 5047/1565/477 5048/1566/477 
f 5048/1566/477 5049/1567/477 5046/1568/477 
f 5041/1573/478 5040/1574/478 5047/1575/478 
f 5047/1575/478 5046/1576/478 5041/1573/478 
f 5049/1573/476 5048/1574/476 5039/1575/476 
f 5039/1575/476 5038/1576/476 5049/1573/476 
f 5042/1577/508 5038/1568/508 5041/1567/508 
f 5041/1567/508 5043/1578/508 5042/1577/508 
f 5046/1580/510 5044/1570/510 5043/1569/510 
f 5043/1569/510 5041/1579/510 5046/1580/510 
f 5049/1567/477 5045/1578/477 5044/1577/477 
f 5044/1577/477 5046/1568/477 5049/1567/477 
f 5042/1572/511 5045/1571/511 5049/1581/511 
f 5049/1581/511 5038/1582/511 5042/1572/511 
f 5050/1566/508 5051/1567/508 5052/1568/508 
f 5052/1568/508 5053/1565/508 5050/1566/508 
f 5054/1572/509 5055/1569/509 5056/1570/509 
f 5056/1570/509 5057/1571/509 5054/1572/509 
f 5058/1566/477 5059/1567/477 5060/1568/477 
f 5060/1568/477 5061/1565/477 5058/1566/477 
f 5051/1573/478 5050/1574/478 5061/1575/478 
f 5061/1575/478 5060/1576/478 5051/1573/478 
f 5052/1576/476 5059/1573/476 5058/1574/476 
f 5058/1574/476 5053/1575/476 5052/1576/476 
f 5054/1577/508 5052/1568/508 5051/1567/508 
f 5051/1567/508 5055/1578/508 5054/1577/508 
f 5056/1570/510 5055/1569/510 5051/1579/510 
f 5051/1579/510 5060/1580/510 5056/1570/510 
f 5060/1568/477 5059/1567/477 5057/1578/477 
f 5057/1578/477 5056/1577/477 5060/1568/477 
f 5054/1572/511 5057/1571/511 5059/1581/511 
f 5059/1581/511 5052/1582/511 5054/1572/511 
f 5062/1568/508 5063/1565/508 5064/1566/508 
f 5064/1566/508 5065/1567/508 5062/1568/508 
f 5066/1572/509 5067/1569/509 5068/1570/509 
f 5068/1570/509 5069/1571/509 5066/1572/509 
f 5070/1568/477 5071/1565/477 5072/1566/477 
f 5072/1566/477 5073/1567/477 5070/1568/477 
f 5065/1573/478 5064/1574/478 5071/1575/478 
f 5071/1575/478 5070/1576/478 5065/1573/478 
f 5073/1573/476 5072/1574/476 5063/1575/476 
f 5063/1575/476 5062/1576/476 5073/1573/476 
f 5066/1577/508 5062/1568/508 5065/1567/508 
f 5065/1567/508 5067/1578/508 5066/1577/508 
f 5070/1580/510 5068/1570/510 5067/1569/510 
f 5067/1569/510 5065/1579/510 5070/1580/510 
f 5073/1567/477 5069/1578/477 5068/1577/477 
f 5068/1577/477 5070/1568/477 5073/1567/477 
f 5066/1572/511 5069/1571/511 5073/1581/511 
f 5073/1581/511 5062/1582/511 5066/1572/511 
f 5074/1566/508 5075/1567/508 5076/1568/508 
f 5076/1568/508 5077/1565/508 5074/1566/508 
f 5078/1572/509 5079/1569/509 5080/1570/509 
f 5080/1570/509 5081/1571/509 5078/1572/509 
f 5082/1566/477 5083/1567/477 5084/1568/477 
f 5084/1568/477 5085/1565/477 5082/1566/477 
f 5075/1573/478 5074/1574/478 5085/1575/478 
f 5085/1575/478 5084/1576/478 5075/1573/478 
f 5076/1576/476 5083/1573/476 5082/1574/476 
f 5082/1574/476 5077/1575/476 5076/1576/476 
f 5078/1577/508 5076/1568/508 5075/1567/508 
f 5075/1567/508 5079/1578/508 5078/1577/508 
f 5080/1570/510 5079/1569/510 5075/1579/510 
f 5075/1579/510 5084/1580/510 5080/1570/510 
f 5084/1568/477 5083/1567/477 5081/1578/477 
f 5081/1578/477 5080/1577/477 5084/1568/477 
f 5078/1572/511 5081/1571/511 5083/1581/511 
f 5083/1581/511 5076/1582/511 5078/1572/511 
f 5086/1568/508 5087/1565/508 5088/1566/508 
f 5088/1566/508 5089/1567/508 5086/1568/508 
f 5090/1572/509 5091/1569/509 5092/1570/509 
f 5092/1570/509 5093/1571/509 5090/1572/509 
f 5094/1568/477 5095/1565/477 5096/1566/477 
f 5096/1566/477 5097/1567/477 5094/1568/477 
f 5089/1573/478 5088/1574/478 5095/1575/478 
f 5095/1575/478 5094/1576/478 5089/1573/478 
f 5097/1573/476 5096/1574/476 5087/1575/476 
f 5087/1575/476 5086/1576/476 5097/1573/476 
f 5090/1577/508 5086/1568/508 5089/1567/508 
f 5089/1567/508 5091/1578/508 5090/1577/508 
f 5094/1580/510 5092/1570/510 5091/1569/510 
f 5091/1569/510 5089/1579/510 5094/1580/510 
f 5097/1567/477 5093/1578/477 5092/1577/477 
f 5092/1577/477 5094/1568/477 5097/1567/477 
f 5090/1572/511 5093/1571/511 5097/1581/511 
f 5097/1581/511 5086/1582/511 5090/1572/511 
f 5098/1566/508 5099/1567/508 5100/1568/508 
f 5100/1568/508 5101/1565/508 5098/1566/508 
f 5102/1572/509 5103/1569/509 5104/1570/509 
f 5104/1570/509 5105/1571/509 5102/1572/509 
f 5106/1566/477 5107/1567/477 5108/1568/477 
f 5108/1568/477 5109/1565/477 5106/1566/477 
f 5099/1573/478 5098/1574/478 5109/1575/478 
f 5109/1575/478 5108/1576/478 5099/1573/478 
f 5100/1576/476 5107/1573/476 5106/1574/476 
f 5106/1574/476 5101/1575/476 5100/1576/476 
f 5102/1577/508 5100/1568/508 5099/1567/508 
f 5099/1567/508 5103/1578/508 5102/1577/508 
f 5104/1570/510 5103/1569/510 5099/1579/510 
f 5099/1579/510 5108/1580/510 5104/1570/510 
f 5108/1568/477 5107/1567/477 5105/1578/477 
f 5105/1578/477 5104/1577/477 5108/1568/477 
f 5102/1572/511 5105/1571/511 5107/1581/511 
f 5107/1581/511 5100/1582/511 5102/1572/511 
f 5110/1568/508 5111/1565/508 5112/1566/508 
f 5112/1566/508 5113/1567/508 5110/1568/508 
f 5114/1572/509 5115/1569/509 5116/1570/509 
f 5116/1570/509 5117/1571/509 5114/1572/509 
f 5118/1568/477 5119/1565/477 5120/1566/477 
f 5120/1566/477 5121/1567/477 5118/1568/477 
f 5113/1573/478 5112/1574/478 5119/1575/478 
f 5119/1575/478 5118/1576/478 5113/1573/478 
f 5121/1573/476 5120/1574/476 5111/1575/476 
f 5111/1575/476 5110/1576/476 5121/1573/476 
f 5114/1577/508 5110/1568/508 5113/1567/508 
f 5113/1567/508 5115/1578/508 5114/1577/508 
f 5118/1580/510 5116/1570/510 5115/1569/510 
f 5115/1569/510 5113/1579/510 5118/1580/510 
f 5121/1567/477 5117/1578/477 5116/1577/477 
f 5116/1577/477 5118/1568/477 5121/1567/477 
f 5114/1572/511 5117/1571/511 5121/1581/511 
f 5121/1581/511 5110/1582/511 5114/1572/511 
f 5122/1566/508 5123/1567/508 5124/1568/508 
f 5124/1568/508 5125/1565/508 5122/1566/508 
f 5126/1572/509 5127/1569/509 5128/1570/509 
f 5128/1570/509 5129/1571/509 5126/1572/509 
f 5130/1566/477 5131/1567/477 5132/1568/477 
f 5132/1568/477 5133/1565/477 5130/1566/477 
f 5123/1573/478 5122/1574/478 5133/1575/478 
f 5133/1575/478 5132/1576/478 5123/1573/478 
f 5124/1576/476 5131/1573/476 5130/1574/476 
f 5130/1574/476 5125/1575/476 5124/1576/476 
f 5126/1577/508 5124/1568/508 5123/1567/508 
f 5123/1567/508 5127/1578/508 5126/1577/508 
f 5128/1570/510 5127/1569/510 5123/1579/510 
f 5123/1579/510 5132/1580/510 5128/1570/510 
f 5132/1568/477 5131/1567/477 5129/1578/477 
f 5129/1578/477 5128/1577/477 5132/1568/477 
f 5126/1572/511 5129/1571/511 5131/1581/511 
f 5131/1581/511 5124/1582/511 5126/1572/511 
f 5134/1568/508 5135/1565/508 5136/1566/508 
f 5136/1566/508 5137/1567/508 5134/1568/508 
f 5138/1572/509 5139/1569/509 5140/1570/509 
f 5140/1570/509 5141/1571/509 5138/1572/509 
f 5142/1568/477 5143/1565/477 5144/1566/477 
f 5144/1566/477 5145/1567/477 5142/1568/477 
f 5137/1573/478 5136/1574/478 5143/1575/478 
f 5143/1575/478 5142/1576/478 5137/1573/478 
f 5145/1573/476 5144/1574/476 5135/1575/476 
f 5135/1575/476 5134/1576/476 5145/1573/476 
f 5138/1577/508 5134/1568/508 5137/1567/508 
f 5137/1567/508 5139/1578/508 5138/1577/508 
f 5142/1580/510 5140/1570/510 5139/1569/510 
f 5139/1569/510 5137/1579/510 5142/1580/510 
f 5145/1567/477 5141/1578/477 5140/1577/477 
f 5140/1577/477 5142/1568/477 5145/1567/477 
f 5138/1572/511 5141/1571/511 5145/1581/511 
f 5145/1581/511 5134/1582/511 5138/1572/511 
f 5146/1566/508 5147/1567/508 5148/1568/508 
f 5148/1568/508 5149/1565/508 5146/1566/508 
f 5150/1572/509 5151/1569/509 5152/1570/509 
f 5152/1570/509 5153/1571/509 5150/1572/509 
f 5154/1566/477 5155/1567/477 5156/1568/477 
f 5156/1568/477 5157/1565/477 5154/1566/477 
f 5147/1573/478 5146/1574/478 5157/1575/478 
f 5157/1575/478 5156/1576/478 5147/1573/478 
f 5148/1576/476 5155/1573/476 5154/1574/476 
f 5154/1574/476 5149/1575/476 5148/1576/476 
f 5151/1578/508 5150/1577/508 5148/1568/508 
f 5148/1568/508 5147/1567/508 5151/1578/508 
f 5152/1570/510 5151/1569/510 5147/1579/510 
f 5147/1579/510 5156/1580/510 5152/1570/510 
f 5155/1567/477 5153/1578/477 5152/1577/477 
f 5152/1577/477 5156/1568/477 5155/1567/477 
f 5155/1581/511 5148/1582/511 5150/1572/511 
f 5150/1572/511 5153/1571/511 5155/1581/511 
f 5158/1568/508 5159/1565/508 5160/1566/508 
f 5160/1566/508 5161/1567/508 5158/1568/508 
f 5162/1572/509 5163/1569/509 5164/1570/509 
f 5164/1570/509 5165/1571/509 5162/1572/509 
f 5166/1568/477 5167/1565/477 5168/1566/477 
f 5168/1566/477 5169/1567/477 5166/1568/477 
f 5161/1573/478 5160/1574/478 5167/1575/478 
f 5167/1575/478 5166/1576/478 5161/1573/478 
f 5169/1573/476 5168/1574/476 5159/1575/476 
f 5159/1575/476 5158/1576/476 5169/1573/476 
f 5158/1568/508 5161/1567/508 5163/1578/508 
f 5163/1578/508 5162/1577/508 5158/1568/508 
f 5163/1569/510 5161/1579/510 5166/1580/510 
f 5166/1580/510 5164/1570/510 5163/1569/510 
f 5166/1568/477 5169/1567/477 5165/1578/477 
f 5165/1578/477 5164/1577/477 5166/1568/477 
f 5165/1571/511 5169/1581/511 5158/1582/511 
f 5158/1582/511 5162/1572/511 5165/1571/511 
f 5170/1566/508 5171/1567/508 5172/1568/508 
f 5172/1568/508 5173/1565/508 5170/1566/508 
f 5174/1569/509 5175/1570/509 5176/1571/509 
f 5176/1571/509 5177/1572/509 5174/1569/509 
f 5178/1566/477 5179/1567/477 5180/1568/477 
f 5180/1568/477 5181/1565/477 5178/1566/477 
f 5171/1573/478 5170/1574/478 5181/1575/478 
f 5181/1575/478 5180/1576/478 5171/1573/478 
f 5172/1576/476 5179/1573/476 5178/1574/476 
f 5178/1574/476 5173/1575/476 5172/1576/476 
f 5172/1568/508 5171/1567/508 5174/1578/508 
f 5174/1578/508 5177/1577/508 5172/1568/508 
f 5174/1569/510 5171/1579/510 5180/1580/510 
f 5180/1580/510 5175/1570/510 5174/1569/510 
f 5176/1578/477 5175/1577/477 5180/1568/477 
f 5180/1568/477 5179/1567/477 5176/1578/477 
f 5177/1572/511 5176/1571/511 5179/1581/511 
f 5179/1581/511 5172/1582/511 5177/1572/511 
f 5182/1568/478 5183/1565/478 5184/1566/478 
f 5184/1566/478 5185/1567/478 5182/1568/478 
f 5186/1572/509 5187/1569/509 5188/1570/509 
f 5188/1570/509 5189/1571/509 5186/1572/509 
f 5190/1568/519 5191/1565/476 5192/1566/476 
f 5192/1566/476 5193/1567/519 5190/1568/519 
f 5185/1573/477 5184/1574/477 5191/1575/477 
f 5191/1575/477 5190/1576/477 5185/1573/477 
f 5193/1573/508 5192/1574/508 5183/1575/508 
f 5183/1575/508 5182/1576/508 5193/1573/508 
f 5182/1568/478 5185/1567/478 5187/1578/478 
f 5187/1578/478 5186/1577/478 5182/1568/478 
f 5187/1569/527 5185/1579/527 5190/1580/527 
f 5190/1580/527 5188/1570/527 5187/1569/527 
f 5189/1578/519 5188/1577/519 5190/1568/519 
f 5190/1568/519 5193/1567/519 5189/1578/519 
f 5189/1571/528 5193/1581/528 5182/1582/528 
f 5182/1582/528 5186/1572/528 5189/1571/528 
f 5194/1566/478 5195/1567/478 5196/1568/478 
f 5196/1568/478 5197/1565/478 5194/1566/478 
f 5198/1571/509 5199/1572/509 5200/1569/509 
f 5200/1569/509 5201/1570/509 5198/1571/509 
f 5202/1566/476 5203/1567/519 5204/1568/519 
f 5204/1568/519 5205/1565/476 5202/1566/476 
f 5195/1573/477 5194/1574/477 5205/1575/477 
f 5205/1575/477 5204/1576/477 5195/1573/477 
f 5196/1576/508 5203/1573/508 5202/1574/508 
f 5202/1574/508 5197/1575/508 5196/1576/508 
f 5196/1568/478 5195/1567/478 5200/1578/478 
f 5200/1578/478 5199/1577/478 5196/1568/478 
f 5200/1569/527 5195/1579/527 5204/1580/527 
f 5204/1580/527 5201/1570/527 5200/1569/527 
f 5198/1578/519 5201/1577/519 5204/1568/519 
f 5204/1568/519 5203/1567/519 5198/1578/519 
f 5199/1572/528 5198/1571/528 5203/1581/528 
f 5203/1581/528 5196/1582/528 5199/1572/528 
f 5206/1568/478 5207/1565/478 5208/1566/478 
f 5208/1566/478 5209/1567/478 5206/1568/478 
f 5210/1572/509 5211/1569/509 5212/1570/509 
f 5212/1570/509 5213/1571/509 5210/1572/509 
f 5214/1568/476 5215/1565/476 5216/1566/476 
f 5216/1566/476 5217/1567/476 5214/1568/476 
f 5209/1573/477 5208/1574/477 5215/1575/477 
f 5215/1575/477 5214/1576/477 5209/1573/477 
f 5217/1573/508 5216/1574/508 5207/1575/508 
f 5207/1575/508 5206/1576/508 5217/1573/508 
f 5206/1568/478 5209/1567/478 5211/1578/478 
f 5211/1578/478 5210/1577/478 5206/1568/478 
f 5211/1569/527 5209/1579/527 5214/1580/527 
f 5214/1580/527 5212/1570/527 5211/1569/527 
f 5214/1568/476 5217/1567/476 5213/1578/476 
f 5213/1578/476 5212/1577/476 5214/1568/476 
f 5213/1571/528 5217/1581/528 5206/1582/528 
f 5206/1582/528 5210/1572/528 5213/1571/528 
f 5218/1566/478 5219/1567/478 5220/1568/478 
f 5220/1568/478 5221/1565/478 5218/1566/478 
f 5222/1569/509 5223/1570/509 5224/1571/509 
f 5224/1571/509 5225/1572/509 5222/1569/509 
f 5226/1566/476 5227/1567/519 5228/1568/519 
f 5228/1568/519 5229/1565/476 5226/1566/476 
f 5219/1573/477 5218/1574/477 5229/1575/477 
f 5229/1575/477 5228/1576/477 5219/1573/477 
f 5220/1576/529 5227/1573/529 5226/1574/529 
f 5226/1574/529 5221/1575/529 5220/1576/529 
f 5220/1568/478 5219/1567/478 5222/1578/478 
f 5222/1578/478 5225/1577/478 5220/1568/478 
f 5222/1569/527 5219/1579/527 5228/1580/527 
f 5228/1580/527 5223/1570/527 5222/1569/527 
f 5224/1578/519 5223/1577/519 5228/1568/519 
f 5228/1568/519 5227/1567/519 5224/1578/519 
f 5225/1572/528 5224/1571/528 5227/1581/528 
f 5227/1581/528 5220/1582/528 5225/1572/528 
f 5230/1568/478 5231/1565/478 5232/1566/478 
f 5232/1566/478 5233/1567/478 5230/1568/478 
f 5234/1572/509 5235/1569/509 5236/1570/509 
f 5236/1570/509 5237/1571/509 5234/1572/509 
f 5238/1568/476 5239/1565/476 5240/1566/476 
f 5240/1566/476 5241/1567/476 5238/1568/476 
f 5233/1573/477 5232/1574/477 5239/1575/477 
f 5239/1575/477 5238/1576/477 5233/1573/477 
f 5241/1573/508 5240/1574/508 5231/1575/508 
f 5231/1575/508 5230/1576/508 5241/1573/508 
f 5230/1568/478 5233/1567/478 5235/1578/478 
f 5235/1578/478 5234/1577/478 5230/1568/478 
f 5235/1569/527 5233/1579/527 5238/1580/527 
f 5238/1580/527 5236/1570/527 5235/1569/527 
f 5237/1578/476 5236/1577/476 5238/1568/476 
f 5238/1568/476 5241/1567/476 5237/1578/476 
f 5237/1571/528 5241/1581/528 5230/1582/528 
f 5230/1582/528 5234/1572/528 5237/1571/528 
f 5242/1566/478 5243/1567/478 5244/1568/478 
f 5244/1568/478 5245/1565/478 5242/1566/478 
f 5246/1571/509 5247/1572/509 5248/1569/509 
f 5248/1569/509 5249/1570/509 5246/1571/509 
f 5250/1566/476 5251/1567/476 5252/1568/476 
f 5252/1568/476 5253/1565/476 5250/1566/476 
f 5243/1573/477 5242/1574/477 5253/1575/477 
f 5253/1575/477 5252/1576/477 5243/1573/477 
f 5244/1576/508 5251/1573/508 5250/1574/508 
f 5250/1574/508 5245/1575/508 5244/1576/508 
f 5244/1568/478 5243/1567/478 5248/1578/533 
f 5248/1578/533 5247/1577/533 5244/1568/478 
f 5248/1569/527 5243/1579/527 5252/1580/527 
f 5252/1580/527 5249/1570/527 5248/1569/527 
f 5246/1578/476 5249/1577/476 5252/1568/476 
f 5252/1568/476 5251/1567/476 5246/1578/476 
f 5247/1572/528 5246/1571/528 5251/1581/528 
f 5251/1581/528 5244/1582/528 5247/1572/528 
f 5254/1568/478 5255/1565/478 5256/1566/478 
f 5256/1566/478 5257/1567/478 5254/1568/478 
f 5258/1572/509 5259/1569/509 5260/1570/509 
f 5260/1570/509 5261/1571/509 5258/1572/509 
f 5262/1568/476 5263/1565/476 5264/1566/476 
f 5264/1566/476 5265/1567/476 5262/1568/476 
f 5257/1573/477 5256/1574/477 5263/1575/477 
f 5263/1575/477 5262/1576/477 5257/1573/477 
f 5265/1573/508 5264/1574/508 5255/1575/508 
f 5255/1575/508 5254/1576/508 5265/1573/508 
f 5254/1568/478 5257/1567/478 5259/1578/533 
f 5259/1578/533 5258/1577/533 5254/1568/478 
f 5259/1569/527 5257/1579/527 5262/1580/527 
f 5262/1580/527 5260/1570/527 5259/1569/527 
f 5262/1568/476 5265/1567/476 5261/1578/476 
f 5261/1578/476 5260/1577/476 5262/1568/476 
f 5261/1571/528 5265/1581/528 5254/1582/528 
f 5254/1582/528 5258/1572/528 5261/1571/528 
f 5266/1566/478 5267/1567/478 5268/1568/478 
f 5268/1568/478 5269/1565/478 5266/1566/478 
f 5270/1569/509 5271/1570/509 5272/1571/509 
f 5272/1571/509 5273/1572/509 5270/1569/509 
f 5274/1566/476 5275/1567/476 5276/1568/476 
f 5276/1568/476 5277/1565/476 5274/1566/476 
f 5267/1573/477 5266/1574/477 5277/1575/477 
f 5277/1575/477 5276/1576/477 5267/1573/477 
f 5268/1576/508 5275/1573/508 5274/1574/508 
f 5274/1574/508 5269/1575/508 5268/1576/508 
f 5268/1568/478 5267/1567/478 5270/1578/533 
f 5270/1578/533 5273/1577/533 5268/1568/478 
f 5270/1569/527 5267/1579/527 5276/1580/527 
f 5276/1580/527 5271/1570/527 5270/1569/527 
f 5272/1578/519 5271/1577/519 5276/1568/476 
f 5276/1568/476 5275/1567/476 5272/1578/519 
f 5273/1572/528 5272/1571/528 5275/1581/528 
f 5275/1581/528 5268/1582/528 5273/1572/528 
f 5278/1568/478 5279/1565/478 5280/1566/478 
f 5280/1566/478 5281/1567/478 5278/1568/478 
f 5282/1572/509 5283/1569/509 5284/1570/509 
f 5284/1570/509 5285/1571/509 5282/1572/509 
f 5286/1568/519 5287/1565/476 5288/1566/476 
f 5288/1566/476 5289/1567/519 5286/1568/519 
f 5281/1573/477 5280/1574/477 5287/1575/477 
f 5287/1575/477 5286/1576/477 5281/1573/477 
f 5289/1573/529 5288/1574/529 5279/1575/529 
f 5279/1575/529 5278/1576/529 5289/1573/529 
f 5278/1568/478 5281/1567/478 5283/1578/533 
f 5283/1578/533 5282/1577/533 5278/1568/478 
f 5283/1569/527 5281/1579/527 5286/1580/527 
f 5286/1580/527 5284/1570/527 5283/1569/527 
f 5285/1578/519 5284/1577/519 5286/1568/519 
f 5286/1568/519 5289/1567/519 5285/1578/519 
f 5285/1571/528 5289/1581/528 5278/1582/528 
f 5278/1582/528 5282/1572/528 5285/1571/528 
f 5290/1566/478 5291/1567/478 5292/1568/478 
f 5292/1568/478 5293/1565/478 5290/1566/478 
f 5294/1571/509 5295/1572/509 5296/1569/509 
f 5296/1569/509 5297/1570/509 5294/1571/509 
f 5298/1566/476 5299/1567/476 5300/1568/476 
f 5300/1568/476 5301/1565/476 5298/1566/476 
f 5291/1573/477 5290/1574/477 5301/1575/477 
f 5301/1575/477 5300/1576/477 5291/1573/477 
f 5292/1576/508 5299/1573/508 5298/1574/508 
f 5298/1574/508 5293/1575/508 5292/1576/508 
f 5292/1568/478 5291/1567/478 5296/1578/533 
f 5296/1578/533 5295/1577/533 5292/1568/478 
f 5296/1569/527 5291/1579/527 5300/1580/527 
f 5300/1580/527 5297/1570/527 5296/1569/527 
f 5294/1578/519 5297/1577/519 5300/1568/476 
f 5300/1568/476 5299/1567/476 5294/1578/519 
f 5295/1572/528 5294/1571/528 5299/1581/528 
f 5299/1581/528 5292/1582/528 5295/1572/528 
f 5302/1809/508 5303/1810/508 5304/1811/508 
f 5304/1811/508 5305/1812/508 5302/1809/508 
f 5306/1813/509 5307/1814/509 5308/1815/509 
f 5308/1815/509 5309/1816/509 5306/1813/509 
f 5310/1817/509 5311/1817/509 5312/1818/509 
f 5312/1818/509 5313/1818/509 5310/1817/509 
f 5314/1819/508 5315/1820/508 5316/1821/508 
f 5316/1821/508 5317/1822/508 5314/1819/508 
f 5318/1823/509 5319/1824/509 5320/1825/509 
f 5320/1825/509 5321/1826/509 5318/1823/509 
f 5322/1827/508 5323/1828/508 5324/1829/508 
f 5324/1829/508 5325/1830/508 5322/1827/508 
f 5326/1831/508 5327/1832/508 5328/1833/508 
f 5328/1833/508 5329/1834/508 5326/1831/508 
f 5330/1835/508 5331/1836/508 5332/1837/508 
f 5332/1837/508 5333/1838/508 5330/1835/508 
f 5334/1839/508 5335/1840/508 5336/1841/508 
f 5336/1841/508 5337/1842/508 5334/1839/508 
f 5304/1811/508 5338/1843/508 5339/1844/508 
f 5339/1844/508 5305/1812/508 5304/1811/508 
f 5340/1845/508 5324/1829/508 5323/1828/508 
f 5323/1828/508 5341/1846/508 5340/1845/508 
f 5317/1822/508 5342/1847/508 5343/1848/508 
f 5343/1848/508 5314/1819/508 5317/1822/508 
f 5310/1817/509 5313/1818/509 5344/1849/509 
f 5344/1849/509 5345/1850/509 5310/1817/509 
f 5344/1849/509 5319/1824/509 5318/1823/509 
f 5318/1823/509 5345/1850/509 5344/1849/509 
f 5324/1829/508 5346/1851/508 5347/1852/508 
f 5347/1852/508 5325/1830/508 5324/1829/508 
f 5340/1845/508 5348/1853/508 5346/1851/508 
f 5346/1851/508 5324/1829/508 5340/1845/508 
f 5349/1854/508 5331/1836/508 5330/1835/508 
f 5330/1835/508 5350/1855/508 5349/1854/508 
f 5351/1856/508 5334/1839/508 5337/1842/508 
f 5337/1842/508 5352/1857/508 5351/1856/508 
f 5353/1858/508 5328/1833/508 5327/1832/508 
f 5327/1832/508 5354/1859/508 5353/1858/508 
f 5333/1838/508 5355/1860/508 5356/1861/508 
f 5356/1861/508 5330/1835/508 5333/1838/508 
f 5357/1862/508 5350/1855/508 5330/1835/508 
f 5330/1835/508 5356/1861/508 5357/1862/508 
f 5358/1856/508 5351/1856/508 5352/1857/508 
f 5352/1857/508 5359/1863/508 5358/1856/508 
f 5354/1859/508 5360/1864/508 5361/1858/508 
f 5361/1858/508 5353/1858/508 5354/1859/508 
f 5362/1861/508 5356/1861/508 5355/1860/508 
f 5355/1860/508 5363/1865/508 5362/1861/508 
f 5364/1866/508 5357/1862/508 5356/1861/508 
f 5356/1861/508 5362/1861/508 5364/1866/508 
f 5365/1867/508 5358/1856/508 5359/1863/508 
f 5359/1863/508 5366/1868/508 5365/1867/508 
f 5361/1858/508 5360/1864/508 5367/1869/508 
f 5367/1869/508 5368/1870/508 5361/1858/508 
f 5369/1871/508 5370/1872/508 5362/1861/508 
f 5362/1861/508 5363/1865/508 5369/1871/508 
f 5371/1868/508 5364/1866/508 5362/1861/508 
f 5362/1861/508 5370/1872/508 5371/1868/508 
f 5312/1873/508 5365/1867/508 5366/1868/508 
f 5366/1868/508 5313/1874/508 5312/1873/508 
f 5367/1869/508 5308/1875/508 5307/1876/508 
f 5307/1876/508 5368/1870/508 5367/1869/508 
f 5319/1877/508 5370/1872/508 5369/1871/508 
f 5369/1871/508 5320/1878/508 5319/1877/508 
f 5344/1879/508 5371/1868/508 5370/1872/508 
f 5370/1872/508 5319/1877/508 5344/1879/508 
f 5371/1868/508 5344/1879/508 5313/1874/508 
f 5313/1874/508 5366/1868/508 5371/1868/508 
f 5339/1844/508 5338/1843/508 5326/1831/508 
f 5326/1831/508 5329/1834/508 5339/1844/508 
f 5332/1837/508 5331/1836/508 5340/1845/508 
f 5340/1845/508 5341/1846/508 5332/1837/508 
f 5349/1854/508 5348/1853/508 5340/1845/508 
f 5340/1845/508 5331/1836/508 5349/1854/508 
f 5343/1848/508 5342/1847/508 5336/1841/508 
f 5336/1841/508 5335/1840/508 5343/1848/508 
f 5304/1811/508 5303/1810/508 5372/1880/508 
f 5372/1880/508 5373/1881/508 5304/1811/508 
f 5374/1869/508 5375/1882/508 5308/1875/508 
f 5308/1875/508 5367/1869/508 5374/1869/508 
f 5309/1816/509 5308/1815/509 5375/1883/509 
f 5375/1883/509 5376/1884/509 5309/1816/509 
f 5314/1819/508 5373/1881/508 5372/1880/508 
f 5372/1880/508 5315/1820/508 5314/1819/508 
f 5373/1881/508 5314/1819/508 5343/1848/508 
f 5343/1848/508 5377/1885/508 5373/1881/508 
f 5378/1886/508 5377/1885/508 5343/1848/508 
f 5343/1848/508 5335/1840/508 5378/1886/508 
f 5379/1887/508 5378/1886/508 5335/1840/508 
f 5335/1840/508 5334/1839/508 5379/1887/508 
f 5351/1856/508 5380/1888/508 5379/1887/508 
f 5379/1887/508 5334/1839/508 5351/1856/508 
f 5358/1856/508 5381/1889/508 5380/1888/508 
f 5380/1888/508 5351/1856/508 5358/1856/508 
f 5365/1867/508 5374/1869/508 5381/1889/508 
f 5381/1889/508 5358/1856/508 5365/1867/508 
f 5374/1869/508 5365/1867/508 5312/1873/508 
f 5312/1873/508 5375/1882/508 5374/1869/508 
f 5312/1818/509 5311/1817/509 5376/1884/509 
f 5376/1884/509 5375/1883/509 5312/1818/509 
f 5382/1890/508 5383/1891/508 5384/1892/508 
f 5384/1892/508 5385/1893/508 5382/1890/508 
f 5386/1894/508 5383/1891/508 5382/1890/508 
f 5382/1890/508 5387/1895/508 5386/1894/508 
f 5388/1896/508 5386/1894/508 5387/1895/508 
f 5387/1895/508 5389/1897/508 5388/1896/508 
f 5388/1896/508 5389/1897/508 5390/1898/508 
f 5390/1898/508 5391/1899/508 5388/1896/508 
f 5392/1900/508 5393/1901/508 5391/1899/508 
f 5391/1899/508 5390/1898/508 5392/1900/508 
f 5394/1900/508 5395/1902/508 5393/1901/508 
f 5393/1901/508 5392/1900/508 5394/1900/508 
f 5394/1900/508 5396/1903/508 5397/1871/508 
f 5397/1871/508 5395/1902/508 5394/1900/508 
f 5397/1871/508 5396/1903/508 5398/1904/508 
f 5398/1904/508 5399/1905/508 5397/1871/508 
f 5400/1906/509 5401/1907/509 5399/1908/509 
f 5399/1908/509 5398/1909/509 5400/1906/509 
f 5384/1892/508 5383/1891/508 5323/1828/508 
f 5323/1828/508 5322/1827/508 5384/1892/508 
f 5399/1905/508 5320/1878/508 5369/1871/508 
f 5369/1871/508 5397/1871/508 5399/1905/508 
f 5399/1908/509 5401/1907/509 5321/1826/509 
f 5321/1826/509 5320/1825/509 5399/1908/509 
f 5338/1910/534 5304/1911/478 5402/1912/478 
f 5402/1912/478 5403/1913/534 5338/1910/534 
f 5326/1914/535 5338/1910/534 5403/1913/534 
f 5403/1913/534 5404/1915/535 5326/1914/535 
f 5327/1916/536 5326/1914/535 5404/1915/535 
f 5404/1915/535 5405/1917/536 5327/1916/536 
f 5354/1918/537 5327/1916/536 5405/1917/536 
f 5405/1917/536 5406/1919/537 5354/1918/537 
f 5360/1920/538 5354/1918/537 5406/1919/537 
f 5406/1919/537 5407/1921/538 5360/1920/538 
f 5367/1922/539 5360/1920/538 5407/1921/538 
f 5407/1921/538 5408/1923/539 5367/1922/539 
f 5402/1496/509 5304/1924/509 5373/1925/509 
f 5373/1925/509 5409/1926/509 5402/1496/509 
f 5409/1927/476 5373/1928/476 5377/1929/540 
f 5377/1929/540 5410/1930/540 5409/1927/476 
f 5378/1931/541 5411/1932/541 5410/1930/540 
f 5410/1930/540 5377/1929/540 5378/1931/541 
f 5411/1932/541 5378/1931/541 5379/1933/542 
f 5379/1933/542 5412/1934/542 5411/1932/541 
f 5413/1935/543 5412/1934/542 5379/1933/542 
f 5379/1933/542 5380/1936/543 5413/1935/543 
f 5413/1935/543 5380/1936/543 5381/1937/544 
f 5381/1937/544 5414/1938/544 5413/1935/543 
f 5408/1869/539 5415/1869/545 5374/1869/545 
f 5374/1869/545 5367/1869/539 5408/1869/539 
f 5381/1937/544 5374/1939/545 5415/1940/545 
f 5415/1940/545 5414/1938/544 5381/1937/544 
f 5416/1941/509 5417/1942/509 5323/1943/509 
f 5323/1943/509 5383/1944/509 5416/1941/509 
f 5416/1945/476 5383/1946/476 5386/1947/546 
f 5386/1947/546 5418/1948/546 5416/1945/476 
f 5419/1949/547 5418/1948/546 5386/1947/546 
f 5386/1947/546 5388/1950/547 5419/1949/547 
f 5419/1949/547 5388/1950/547 5391/1951/542 
f 5391/1951/542 5420/1952/542 5419/1949/547 
f 5421/1953/548 5420/1952/542 5391/1951/542 
f 5391/1951/542 5393/1954/548 5421/1953/548 
f 5421/1953/548 5393/1954/548 5395/1955/544 
f 5395/1955/544 5422/1956/544 5421/1953/548 
f 5369/1871/549 5423/1871/549 5424/1871/550 
f 5424/1871/550 5397/1871/550 5369/1871/549 
f 5424/1957/550 5422/1956/544 5395/1955/544 
f 5395/1955/544 5397/1958/550 5424/1957/550 
f 5341/1959/551 5323/1960/478 5417/1961/478 
f 5417/1961/478 5425/1962/551 5341/1959/551 
f 5332/1963/552 5341/1959/551 5425/1962/551 
f 5425/1962/551 5426/1964/552 5332/1963/552 
f 5333/1965/536 5332/1963/552 5426/1964/552 
f 5426/1964/552 5427/1966/536 5333/1965/536 
f 5355/1967/553 5333/1965/536 5427/1966/536 
f 5427/1966/536 5428/1968/553 5355/1967/553 
f 5363/1969/538 5355/1967/553 5428/1968/553 
f 5428/1968/553 5429/1970/538 5363/1969/538 
f 5423/1971/549 5369/1972/549 5363/1969/538 
f 5363/1969/538 5429/1970/538 5423/1971/549 
f 5430/1973/478 5317/1974/478 5316/1769/478 
f 5316/1769/478 5431/1975/478 5430/1973/478 
f 5342/1976/554 5317/1974/478 5430/1973/478 
f 5430/1973/478 5432/1977/554 5342/1976/554 
f 5336/1978/555 5433/1979/555 5434/1980/556 
f 5434/1980/556 5337/1981/556 5336/1978/555 
f 5346/1982/476 5435/1983/476 5436/1984/476 
f 5436/1984/476 5347/1985/476 5346/1982/476 
f 5435/1983/476 5346/1982/476 5348/1986/557 
f 5348/1986/557 5437/1987/557 5435/1983/476 
f 5438/1988/558 5439/1989/559 5349/1990/559 
f 5349/1990/559 5350/1602/558 5438/1988/558 
f 5434/1980/556 5440/1991/516 5352/1992/516 
f 5352/1992/516 5337/1981/556 5434/1980/556 
f 5350/1602/558 5357/1587/524 5441/1993/524 
f 5441/1993/524 5438/1988/558 5350/1602/558 
f 5359/1994/560 5352/1992/516 5440/1991/516 
f 5440/1991/516 5442/1995/560 5359/1994/560 
f 5441/1993/524 5357/1587/524 5364/1996/561 
f 5364/1996/561 5443/1997/561 5441/1993/524 
f 5442/1995/560 5444/1998/562 5366/1999/562 
f 5366/1999/562 5359/1994/560 5442/1995/560 
f 5371/2000/563 5445/2001/563 5443/1997/561 
f 5443/1997/561 5364/1996/561 5371/2000/563 
f 5349/1990/559 5439/1989/559 5437/1987/557 
f 5437/1987/557 5348/1986/557 5349/1990/559 
f 5342/1976/554 5432/1977/554 5433/1979/555 
f 5433/1979/555 5336/1978/555 5342/1976/554 
f 5446/2002/508 5447/2003/508 5448/2004/508 
f 5448/2004/508 5449/2005/508 5446/2002/508 
f 5449/2005/508 5450/2006/508 5451/2007/508 
f 5451/2007/508 5446/2002/508 5449/2005/508 
f 5450/2008/509 5452/2009/509 5453/2010/509 
f 5453/2010/509 5451/2011/509 5450/2008/509 
f 5454/2005/477 5453/2006/477 5452/2007/477 
f 5452/2007/477 5455/2002/477 5454/2005/477 
f 5456/2004/477 5454/2005/477 5455/2002/477 
f 5455/2002/477 5457/2003/477 5456/2004/477 
f 5448/2012/478 5457/2013/478 5455/2014/564 
f 5455/2014/564 5449/2015/564 5448/2012/478 
f 5450/2008/565 5449/2003/564 5455/2013/564 
f 5455/2013/564 5452/2009/565 5450/2008/565 
f 5456/2012/476 5447/2013/476 5446/2014/566 
f 5446/2014/566 5454/2015/566 5456/2012/476 
f 5453/2010/567 5454/2016/566 5446/2004/566 
f 5446/2004/566 5451/2011/567 5453/2010/567 
f 5458/2004/508 5459/2005/508 5460/2002/508 
f 5460/2002/508 5461/2003/508 5458/2004/508 
f 5462/2007/508 5460/2002/508 5459/2005/508 
f 5459/2005/508 5463/2006/508 5462/2007/508 
f 5464/2010/509 5462/2011/509 5463/2008/509 
f 5463/2008/509 5465/2009/509 5464/2010/509 
f 5465/2007/477 5466/2002/477 5467/2005/477 
f 5467/2005/477 5464/2006/477 5465/2007/477 
f 5466/2002/477 5468/2003/477 5469/2004/477 
f 5469/2004/477 5467/2005/477 5466/2002/477 
f 5458/2012/478 5468/2013/478 5466/2014/564 
f 5466/2014/564 5459/2015/564 5458/2012/478 
f 5465/2009/565 5463/2008/565 5459/2003/564 
f 5459/2003/564 5466/2013/564 5465/2009/565 
f 5469/2012/476 5461/2013/476 5460/2014/566 
f 5460/2014/566 5467/2015/566 5469/2012/476 
f 5464/2010/567 5467/2016/566 5460/2004/566 
f 5460/2004/566 5462/2011/567 5464/2010/567 
f 5470/2002/508 5471/2003/508 5472/2004/508 
f 5472/2004/508 5473/2005/508 5470/2002/508 
f 5473/2005/508 5474/2006/508 5475/2007/508 
f 5475/2007/508 5470/2002/508 5473/2005/508 
f 5474/2008/509 5476/2009/509 5477/2010/509 
f 5477/2010/509 5475/2011/509 5474/2008/509 
f 5478/2005/477 5477/2006/477 5476/2007/477 
f 5476/2007/477 5479/2002/477 5478/2005/477 
f 5480/2004/477 5478/2005/477 5479/2002/477 
f 5479/2002/477 5481/2003/477 5480/2004/477 
f 5472/2012/478 5481/2013/478 5479/2014/564 
f 5479/2014/564 5473/2015/564 5472/2012/478 
f 5474/2008/565 5473/2003/564 5479/2013/564 
f 5479/2013/564 5476/2009/565 5474/2008/565 
f 5480/2012/476 5471/2013/476 5470/2014/566 
f 5470/2014/566 5478/2015/566 5480/2012/476 
f 5477/2010/567 5478/2016/566 5470/2004/566 
f 5470/2004/566 5475/2011/567 5477/2010/567 
f 5482/2004/508 5483/2005/508 5484/2002/508 
f 5484/2002/508 5485/2003/508 5482/2004/508 
f 5486/2007/508 5484/2002/508 5483/2005/508 
f 5483/2005/508 5487/2006/508 5486/2007/508 
f 5488/2010/509 5486/2011/509 5487/2008/509 
f 5487/2008/509 5489/2009/509 5488/2010/509 
f 5490/2005/477 5488/2006/477 5489/2007/477 
f 5489/2007/477 5491/2002/477 5490/2005/477 
f 5492/2004/477 5490/2005/477 5491/2002/477 
f 5491/2002/477 5493/2003/477 5492/2004/477 
f 5491/2014/564 5483/2015/564 5482/2012/478 
f 5482/2012/478 5493/2013/478 5491/2014/564 
f 5489/2009/565 5487/2008/565 5483/2003/564 
f 5483/2003/564 5491/2013/564 5489/2009/565 
f 5484/2014/566 5490/2015/566 5492/2012/476 
f 5492/2012/476 5485/2013/476 5484/2014/566 
f 5488/2010/567 5490/2016/566 5484/2004/566 
f 5484/2004/566 5486/2011/567 5488/2010/567 
f 5494/2002/508 5495/2003/508 5496/2004/508 
f 5496/2004/508 5497/2005/508 5494/2002/508 
f 5497/2005/508 5498/2006/508 5499/2007/508 
f 5499/2007/508 5494/2002/508 5497/2005/508 
f 5498/2008/509 5500/2009/509 5501/2010/509 
f 5501/2010/509 5499/2011/509 5498/2008/509 
f 5502/2005/477 5501/2006/477 5500/2007/477 
f 5500/2007/477 5503/2002/477 5502/2005/477 
f 5504/2004/477 5502/2005/477 5503/2002/477 
f 5503/2002/477 5505/2003/477 5504/2004/477 
f 5496/2012/478 5505/2013/478 5503/2014/564 
f 5503/2014/564 5497/2015/564 5496/2012/478 
f 5498/2008/565 5497/2003/564 5503/2013/564 
f 5503/2013/564 5500/2009/565 5498/2008/565 
f 5504/2012/476 5495/2013/476 5494/2014/566 
f 5494/2014/566 5502/2015/566 5504/2012/476 
f 5501/2010/567 5502/2016/566 5494/2004/566 
f 5494/2004/566 5499/2011/567 5501/2010/567 
f 5506/2004/508 5507/2005/508 5508/2002/508 
f 5508/2002/508 5509/2003/508 5506/2004/508 
f 5510/2007/508 5508/2002/508 5507/2005/508 
f 5507/2005/508 5511/2006/508 5510/2007/508 
f 5512/2010/509 5510/2011/509 5511/2008/509 
f 5511/2008/509 5513/2009/509 5512/2010/509 
f 5513/2007/477 5514/2002/477 5515/2005/477 
f 5515/2005/477 5512/2006/477 5513/2007/477 
f 5514/2002/477 5516/2003/477 5517/2004/477 
f 5517/2004/477 5515/2005/477 5514/2002/477 
f 5506/2012/478 5516/2013/478 5514/2014/564 
f 5514/2014/564 5507/2015/564 5506/2012/478 
f 5513/2009/565 5511/2008/565 5507/2003/564 
f 5507/2003/564 5514/2013/564 5513/2009/565 
f 5517/2012/476 5509/2013/476 5508/2014/566 
f 5508/2014/566 5515/2015/566 5517/2012/476 
f 5512/2010/567 5515/2016/566 5508/2004/566 
f 5508/2004/566 5510/2011/567 5512/2010/567 
f 5518/2002/508 5519/2003/508 5520/2004/508 
f 5520/2004/508 5521/2005/508 5518/2002/508 
f 5521/2005/508 5522/2006/508 5523/2007/508 
f 5523/2007/508 5518/2002/508 5521/2005/508 
f 5522/2008/509 5524/2009/509 5525/2010/509 
f 5525/2010/509 5523/2011/509 5522/2008/509 
f 5526/2005/477 5525/2006/477 5524/2007/477 
f 5524/2007/477 5527/2002/477 5526/2005/477 
f 5528/2004/477 5526/2005/477 5527/2002/477 
f 5527/2002/477 5529/2003/477 5528/2004/477 
f 5520/2012/478 5529/2013/478 5527/2014/564 
f 5527/2014/564 5521/2015/564 5520/2012/478 
f 5522/2008/565 5521/2003/564 5527/2013/564 
f 5527/2013/564 5524/2009/565 5522/2008/565 
f 5528/2012/476 5519/2013/476 5518/2014/566 
f 5518/2014/566 5526/2015/566 5528/2012/476 
f 5525/2010/567 5526/2016/566 5518/2004/566 
f 5518/2004/566 5523/2011/567 5525/2010/567 
f 5530/2004/508 5531/2005/508 5532/2002/508 
f 5532/2002/508 5533/2003/508 5530/2004/508 
f 5534/2007/508 5532/2002/508 5531/2005/508 
f 5531/2005/508 5535/2006/508 5534/2007/508 
f 5536/2010/509 5534/2011/509 5535/2008/509 
f 5535/2008/509 5537/2009/509 5536/2010/509 
f 5537/2007/477 5538/2002/477 5539/2005/477 
f 5539/2005/477 5536/2006/477 5537/2007/477 
f 5538/2002/477 5540/2003/477 5541/2004/477 
f 5541/2004/477 5539/2005/477 5538/2002/477 
f 5530/2012/478 5540/2013/478 5538/2014/564 
f 5538/2014/564 5531/2015/564 5530/2012/478 
f 5537/2009/565 5535/2008/565 5531/2003/564 
f 5531/2003/564 5538/2013/564 5537/2009/565 
f 5541/2012/476 5533/2013/476 5532/2014/566 
f 5532/2014/566 5539/2015/566 5541/2012/476 
f 5536/2010/567 5539/2016/566 5532/2004/566 
f 5532/2004/566 5534/2011/567 5536/2010/567 
f 5542/2002/508 5543/2003/508 5544/2004/508 
f 5544/2004/508 5545/2005/508 5542/2002/508 
f 5545/2005/508 5546/2006/508 5547/2007/508 
f 5547/2007/508 5542/2002/508 5545/2005/508 
f 5546/2008/509 5548/2009/509 5549/2010/509 
f 5549/2010/509 5547/2011/509 5546/2008/509 
f 5550/2005/477 5549/2006/477 5548/2007/477 
f 5548/2007/477 5551/2002/477 5550/2005/477 
f 5552/2004/477 5550/2005/477 5551/2002/477 
f 5551/2002/477 5553/2003/477 5552/2004/477 
f 5544/2012/478 5553/2013/478 5551/2014/564 
f 5551/2014/564 5545/2015/564 5544/2012/478 
f 5546/2008/565 5545/2003/564 5551/2013/564 
f 5551/2013/564 5548/2009/565 5546/2008/565 
f 5552/2012/476 5543/2013/476 5542/2014/566 
f 5542/2014/566 5550/2015/566 5552/2012/476 
f 5549/2010/567 5550/2016/566 5542/2004/566 
f 5542/2004/566 5547/2011/567 5549/2010/567 
f 5554/2004/508 5555/2005/508 5556/2002/508 
f 5556/2002/508 5557/2003/508 5554/2004/508 
f 5558/2007/508 5556/2002/508 5555/2005/508 
f 5555/2005/508 5559/2006/508 5558/2007/508 
f 5560/2010/509 5558/2011/509 5559/2008/509 
f 5559/2008/509 5561/2009/509 5560/2010/509 
f 5561/2007/477 5562/2002/477 5563/2005/477 
f 5563/2005/477 5560/2006/477 5561/2007/477 
f 5562/2002/477 5564/2003/477 5565/2004/477 
f 5565/2004/477 5563/2005/477 5562/2002/477 
f 5562/2014/564 5555/2015/564 5554/2012/478 
f 5554/2012/478 5564/2013/478 5562/2014/564 
f 5561/2009/565 5559/2008/565 5555/2003/564 
f 5555/2003/564 5562/2013/564 5561/2009/565 
f 5565/2012/476 5557/2013/476 5556/2014/566 
f 5556/2014/566 5563/2015/566 5565/2012/476 
f 5560/2010/567 5563/2016/566 5556/2004/566 
f 5556/2004/566 5558/2011/567 5560/2010/567 
f 5566/2002/508 5567/2003/508 5568/2004/508 
f 5568/2004/508 5569/2005/508 5566/2002/508 
f 5569/2005/508 5570/2006/508 5571/2007/508 
f 5571/2007/508 5566/2002/508 5569/2005/508 
f 5570/2008/509 5572/2009/509 5573/2010/509 
f 5573/2010/509 5571/2011/509 5570/2008/509 
f 5574/2005/477 5573/2006/477 5572/2007/477 
f 5572/2007/477 5575/2002/477 5574/2005/477 
f 5576/2004/477 5574/2005/477 5575/2002/477 
f 5575/2002/477 5577/2003/477 5576/2004/477 
f 5568/2012/478 5577/2013/478 5575/2014/564 
f 5575/2014/564 5569/2015/564 5568/2012/478 
f 5570/2008/565 5569/2003/564 5575/2013/564 
f 5575/2013/564 5572/2009/565 5570/2008/565 
f 5576/2012/476 5567/2013/476 5566/2014/566 
f 5566/2014/566 5574/2015/566 5576/2012/476 
f 5573/2010/567 5574/2016/566 5566/2004/566 
f 5566/2004/566 5571/2011/567 5573/2010/567 
f 5578/2004/508 5579/2005/508 5580/2002/508 
f 5580/2002/508 5581/2003/508 5578/2004/508 
f 5582/2007/508 5580/2002/508 5579/2005/508 
f 5579/2005/508 5583/2006/508 5582/2007/508 
f 5584/2010/509 5582/2011/509 5583/2008/509 
f 5583/2008/509 5585/2009/509 5584/2010/509 
f 5585/2007/477 5586/2002/477 5587/2005/477 
f 5587/2005/477 5584/2006/477 5585/2007/477 
f 5586/2002/477 5588/2003/477 5589/2004/477 
f 5589/2004/477 5587/2005/477 5586/2002/477 
f 5578/2012/478 5588/2013/478 5586/2014/564 
f 5586/2014/564 5579/2015/564 5578/2012/478 
f 5585/2009/565 5583/2008/565 5579/2003/564 
f 5579/2003/564 5586/2013/564 5585/2009/565 
f 5589/2012/476 5581/2013/476 5580/2014/566 
f 5580/2014/566 5587/2015/566 5589/2012/476 
f 5584/2010/567 5587/2016/566 5580/2004/566 
f 5580/2004/566 5582/2011/567 5584/2010/567 
f 5590/2002/508 5591/2003/508 5592/2004/508 
f 5592/2004/508 5593/2005/508 5590/2002/508 
f 5593/2005/508 5594/2006/508 5595/2007/508 
f 5595/2007/508 5590/2002/508 5593/2005/508 
f 5594/2008/509 5596/2009/509 5597/2010/509 
f 5597/2010/509 5595/2011/509 5594/2008/509 
f 5598/2005/477 5597/2006/477 5596/2007/477 
f 5596/2007/477 5599/2002/477 5598/2005/477 
f 5600/2004/477 5598/2005/477 5599/2002/477 
f 5599/2002/477 5601/2003/477 5600/2004/477 
f 5592/2012/478 5601/2013/478 5599/2014/564 
f 5599/2014/564 5593/2015/564 5592/2012/478 
f 5594/2008/565 5593/2003/564 5599/2013/564 
f 5599/2013/564 5596/2009/565 5594/2008/565 
f 5600/2012/476 5591/2013/476 5590/2014/566 
f 5590/2014/566 5598/2015/566 5600/2012/476 
f 5597/2010/567 5598/2016/566 5590/2004/566 
f 5590/2004/566 5595/2011/567 5597/2010/567 
f 5602/2004/508 5603/2005/508 5604/2002/508 
f 5604/2002/508 5605/2003/508 5602/2004/508 
f 5606/2007/508 5604/2002/508 5603/2005/508 
f 5603/2005/508 5607/2006/508 5606/2007/508 
f 5608/2010/509 5606/2011/509 5607/2008/509 
f 5607/2008/509 5609/2009/509 5608/2010/509 
f 5609/2007/477 5610/2002/477 5611/2005/477 
f 5611/2005/477 5608/2006/477 5609/2007/477 
f 5610/2002/477 5612/2003/477 5613/2004/477 
f 5613/2004/477 5611/2005/477 5610/2002/477 
f 5602/2012/478 5612/2013/478 5610/2014/564 
f 5610/2014/564 5603/2015/564 5602/2012/478 
f 5609/2009/565 5607/2008/565 5603/2003/564 
f 5603/2003/564 5610/2013/564 5609/2009/565 
f 5613/2012/476 5605/2013/476 5604/2014/566 
f 5604/2014/566 5611/2015/566 5613/2012/476 
f 5608/2010/567 5611/2016/566 5604/2004/566 
f 5604/2004/566 5606/2011/567 5608/2010/567 
f 5614/2002/508 5615/2003/508 5616/2004/508 
f 5616/2004/508 5617/2005/508 5614/2002/508 
f 5617/2005/508 5618/2006/508 5619/2007/508 
f 5619/2007/508 5614/2002/508 5617/2005/508 
f 5618/2008/509 5620/2009/509 5621/2010/509 
f 5621/2010/509 5619/2011/509 5618/2008/509 
f 5622/2005/477 5621/2006/477 5620/2007/477 
f 5620/2007/477 5623/2002/477 5622/2005/477 
f 5624/2004/477 5622/2005/477 5623/2002/477 
f 5623/2002/477 5625/2003/477 5624/2004/477 
f 5616/2012/478 5625/2013/478 5623/2014/564 
f 5623/2014/564 5617/2015/564 5616/2012/478 
f 5618/2008/565 5617/2003/564 5623/2013/564 
f 5623/2013/564 5620/2009/565 5618/2008/565 
f 5624/2012/476 5615/2013/476 5614/2014/566 
f 5614/2014/566 5622/2015/566 5624/2012/476 
f 5621/2010/567 5622/2016/566 5614/2004/566 
f 5614/2004/566 5619/2011/567 5621/2010/567 
f 5626/2004/508 5627/2005/508 5628/2002/508 
f 5628/2002/508 5629/2003/508 5626/2004/508 
f 5630/2007/508 5628/2002/508 5627/2005/508 
f 5627/2005/508 5631/2006/508 5630/2007/508 
f 5632/2010/509 5630/2011/509 5631/2008/509 
f 5631/2008/509 5633/2009/509 5632/2010/509 
f 5633/2007/477 5634/2002/477 5635/2005/477 
f 5635/2005/477 5632/2006/477 5633/2007/477 
f 5634/2002/477 5636/2003/477 5637/2004/477 
f 5637/2004/477 5635/2005/477 5634/2002/477 
f 5626/2012/478 5636/2013/478 5634/2014/564 
f 5634/2014/564 5627/2015/564 5626/2012/478 
f 5633/2009/565 5631/2008/565 5627/2003/564 
f 5627/2003/564 5634/2013/564 5633/2009/565 
f 5637/2012/476 5629/2013/476 5628/2014/566 
f 5628/2014/566 5635/2015/566 5637/2012/476 
f 5632/2010/567 5635/2016/566 5628/2004/566 
f 5628/2004/566 5630/2011/567 5632/2010/567 
f 5638/2002/508 5639/2003/508 5640/2004/508 
f 5640/2004/508 5641/2005/508 5638/2002/508 
f 5641/2005/508 5642/2006/508 5643/2007/508 
f 5643/2007/508 5638/2002/508 5641/2005/508 
f 5642/2008/509 5644/2009/509 5645/2010/509 
f 5645/2010/509 5643/2011/509 5642/2008/509 
f 5646/2005/477 5645/2006/477 5644/2007/477 
f 5644/2007/477 5647/2002/477 5646/2005/477 
f 5648/2004/477 5646/2005/477 5647/2002/477 
f 5647/2002/477 5649/2003/477 5648/2004/477 
f 5640/2012/478 5649/2013/478 5647/2014/564 
f 5647/2014/564 5641/2015/564 5640/2012/478 
f 5642/2008/565 5641/2003/564 5647/2013/564 
f 5647/2013/564 5644/2009/565 5642/2008/565 
f 5648/2012/476 5639/2013/476 5638/2014/566 
f 5638/2014/566 5646/2015/566 5648/2012/476 
f 5645/2010/567 5646/2016/566 5638/2004/566 
f 5638/2004/566 5643/2011/567 5645/2010/567 
f 5650/2002/508 5651/2003/508 5652/2004/508 
f 5652/2004/508 5653/2005/508 5650/2002/508 
f 5654/2007/508 5650/2002/508 5653/2005/508 
f 5653/2005/508 5655/2006/508 5654/2007/508 
f 5656/2010/509 5654/2011/509 5655/2008/509 
f 5655/2008/509 5657/2009/509 5656/2010/509 
f 5657/2007/477 5658/2002/477 5659/2005/477 
f 5659/2005/477 5656/2006/477 5657/2007/477 
f 5658/2002/477 5660/2003/477 5661/2004/477 
f 5661/2004/477 5659/2005/477 5658/2002/477 
f 5658/2014/564 5653/2015/564 5652/2012/478 
f 5652/2012/478 5660/2013/478 5658/2014/564 
f 5657/2009/565 5655/2008/565 5653/2003/564 
f 5653/2003/564 5658/2013/564 5657/2009/565 
f 5651/2013/476 5650/2014/566 5659/2015/566 
f 5659/2015/566 5661/2012/476 5651/2013/476 
f 5656/2010/567 5659/2016/566 5650/2004/566 
f 5650/2004/566 5654/2011/567 5656/2010/567 
f 5662/2002/508 5663/2003/508 5664/2004/508 
f 5664/2004/508 5665/2005/508 5662/2002/508 
f 5665/2005/508 5666/2006/508 5667/2007/508 
f 5667/2007/508 5662/2002/508 5665/2005/508 
f 5666/2008/509 5668/2009/509 5669/2010/509 
f 5669/2010/509 5667/2011/509 5666/2008/509 
f 5670/2005/477 5669/2006/477 5668/2007/477 
f 5668/2007/477 5671/2002/477 5670/2005/477 
f 5672/2004/477 5670/2005/477 5671/2002/477 
f 5671/2002/477 5673/2003/477 5672/2004/477 
f 5664/2012/478 5673/2013/478 5671/2014/564 
f 5671/2014/564 5665/2015/564 5664/2012/478 
f 5666/2008/565 5665/2003/564 5671/2013/564 
f 5671/2013/564 5668/2009/565 5666/2008/565 
f 5662/2014/566 5670/2015/566 5672/2012/476 
f 5672/2012/476 5663/2013/476 5662/2014/566 
f 5669/2010/567 5670/2016/566 5662/2004/566 
f 5662/2004/566 5667/2011/567 5669/2010/567 
f 5674/2004/508 5675/2005/508 5676/2002/508 
f 5676/2002/508 5677/2003/508 5674/2004/508 
f 5678/2007/508 5676/2002/508 5675/2005/508 
f 5675/2005/508 5679/2006/508 5678/2007/508 
f 5680/2010/509 5678/2011/509 5679/2008/509 
f 5679/2008/509 5681/2009/509 5680/2010/509 
f 5681/2007/477 5682/2002/477 5683/2005/477 
f 5683/2005/477 5680/2006/477 5681/2007/477 
f 5682/2002/477 5684/2003/477 5685/2004/477 
f 5685/2004/477 5683/2005/477 5682/2002/477 
f 5674/2012/478 5684/2013/478 5682/2014/564 
f 5682/2014/564 5675/2015/564 5674/2012/478 
f 5681/2009/565 5679/2008/565 5675/2003/564 
f 5675/2003/564 5682/2013/564 5681/2009/565 
f 5685/2012/476 5677/2013/476 5676/2014/566 
f 5676/2014/566 5683/2015/566 5685/2012/476 
f 5680/2010/567 5683/2016/566 5676/2004/566 
f 5676/2004/566 5678/2011/567 5680/2010/567 
f 5686/2002/508 5687/2003/508 5688/2004/508 
f 5688/2004/508 5689/2005/508 5686/2002/508 
f 5689/2005/508 5690/2006/508 5691/2007/508 
f 5691/2007/508 5686/2002/508 5689/2005/508 
f 5690/2008/509 5692/2009/509 5693/2010/509 
f 5693/2010/509 5691/2011/509 5690/2008/509 
f 5694/2005/477 5693/2006/477 5692/2007/477 
f 5692/2007/477 5695/2002/477 5694/2005/477 
f 5696/2004/477 5694/2005/477 5695/2002/477 
f 5695/2002/477 5697/2003/477 5696/2004/477 
f 5695/2014/564 5689/2015/564 5688/2012/478 
f 5688/2012/478 5697/2013/478 5695/2014/564 
f 5690/2008/565 5689/2003/564 5695/2013/564 
f 5695/2013/564 5692/2009/565 5690/2008/565 
f 5696/2012/476 5687/2013/476 5686/2014/566 
f 5686/2014/566 5694/2015/566 5696/2012/476 
f 5693/2010/567 5694/2016/566 5686/2004/566 
f 5686/2004/566 5691/2011/567 5693/2010/567 
f 5698/2004/508 5699/2005/508 5700/2002/508 
f 5700/2002/508 5701/2003/508 5698/2004/508 
f 5702/2007/508 5700/2002/508 5699/2005/508 
f 5699/2005/508 5703/2006/508 5702/2007/508 
f 5704/2010/509 5702/2011/509 5703/2008/509 
f 5703/2008/509 5705/2009/509 5704/2010/509 
f 5705/2007/477 5706/2002/477 5707/2005/477 
f 5707/2005/477 5704/2006/477 5705/2007/477 
f 5706/2002/477 5708/2003/477 5709/2004/477 
f 5709/2004/477 5707/2005/477 5706/2002/477 
f 5706/2014/564 5699/2015/564 5698/2012/478 
f 5698/2012/478 5708/2013/478 5706/2014/564 
f 5705/2009/565 5703/2008/565 5699/2003/564 
f 5699/2003/564 5706/2013/564 5705/2009/565 
f 5700/2014/566 5707/2015/566 5709/2012/476 
f 5709/2012/476 5701/2013/476 5700/2014/566 
f 5704/2010/567 5707/2016/566 5700/2004/566 
f 5700/2004/566 5702/2011/567 5704/2010/567 
f 5710/2002/508 5711/2003/508 5712/2004/508 
f 5712/2004/508 5713/2005/508 5710/2002/508 
f 5713/2005/508 5714/2006/508 5715/2007/508 
f 5715/2007/508 5710/2002/508 5713/2005/508 
f 5714/2008/509 5716/2009/509 5717/2010/509 
f 5717/2010/509 5715/2011/509 5714/2008/509 
f 5718/2005/477 5717/2006/477 5716/2007/477 
f 5716/2007/477 5719/2002/477 5718/2005/477 
f 5720/2004/477 5718/2005/477 5719/2002/477 
f 5719/2002/477 5721/2003/477 5720/2004/477 
f 5712/2012/478 5721/2013/478 5719/2014/564 
f 5719/2014/564 5713/2015/564 5712/2012/478 
f 5714/2008/565 5713/2003/564 5719/2013/564 
f 5719/2013/564 5716/2009/565 5714/2008/565 
f 5710/2014/566 5718/2015/566 5720/2012/476 
f 5720/2012/476 5711/2013/476 5710/2014/566 
f 5717/2010/567 5718/2016/566 5710/2004/566 
f 5710/2004/566 5715/2011/567 5717/2010/567 
f 5722/2004/508 5723/2005/508 5724/2002/508 
f 5724/2002/508 5725/2003/508 5722/2004/508 
f 5726/2007/508 5724/2002/508 5723/2005/508 
f 5723/2005/508 5727/2006/508 5726/2007/508 
f 5728/2010/509 5726/2011/509 5727/2008/509 
f 5727/2008/509 5729/2009/509 5728/2010/509 
f 5729/2007/477 5730/2002/477 5731/2005/477 
f 5731/2005/477 5728/2006/477 5729/2007/477 
f 5730/2002/477 5732/2003/477 5733/2004/477 
f 5733/2004/477 5731/2005/477 5730/2002/477 
f 5722/2012/478 5732/2013/478 5730/2014/564 
f 5730/2014/564 5723/2015/564 5722/2012/478 
f 5729/2009/565 5727/2008/565 5723/2003/564 
f 5723/2003/564 5730/2013/564 5729/2009/565 
f 5733/2012/476 5725/2013/476 5724/2014/566 
f 5724/2014/566 5731/2015/566 5733/2012/476 
f 5728/2010/567 5731/2016/566 5724/2004/566 
f 5724/2004/566 5726/2011/567 5728/2010/567 
f 5734/2002/508 5735/2003/508 5736/2004/508 
f 5736/2004/508 5737/2005/508 5734/2002/508 
f 5737/2005/508 5738/2006/508 5739/2007/508 
f 5739/2007/508 5734/2002/508 5737/2005/508 
f 5738/2008/509 5740/2009/509 5741/2010/509 
f 5741/2010/509 5739/2011/509 5738/2008/509 
f 5742/2005/477 5741/2006/477 5740/2007/477 
f 5740/2007/477 5743/2002/477 5742/2005/477 
f 5744/2004/477 5742/2005/477 5743/2002/477 
f 5743/2002/477 5745/2003/477 5744/2004/477 
f 5743/2014/564 5737/2015/564 5736/2012/478 
f 5736/2012/478 5745/2013/478 5743/2014/564 
f 5738/2008/565 5737/2003/564 5743/2013/564 
f 5743/2013/564 5740/2009/565 5738/2008/565 
f 5744/2012/476 5735/2013/476 5734/2014/566 
f 5734/2014/566 5742/2015/566 5744/2012/476 
f 5741/2010/567 5742/2016/566 5734/2004/566 
f 5734/2004/566 5739/2011/567 5741/2010/567 
f 5746/2004/508 5747/2005/508 5748/2002/508 
f 5748/2002/508 5749/2003/508 5746/2004/508 
f 5750/2007/508 5748/2002/508 5747/2005/508 
f 5747/2005/508 5751/2006/508 5750/2007/508 
f 5752/2010/509 5750/2011/509 5751/2008/509 
f 5751/2008/509 5753/2009/509 5752/2010/509 
f 5753/2007/477 5754/2002/477 5755/2005/477 
f 5755/2005/477 5752/2006/477 5753/2007/477 
f 5754/2002/477 5756/2003/477 5757/2004/477 
f 5757/2004/477 5755/2005/477 5754/2002/477 
f 5754/2014/564 5747/2015/564 5746/2012/478 
f 5746/2012/478 5756/2013/478 5754/2014/564 
f 5753/2009/565 5751/2008/565 5747/2003/564 
f 5747/2003/564 5754/2013/564 5753/2009/565 
f 5748/2014/566 5755/2015/566 5757/2012/476 
f 5757/2012/476 5749/2013/476 5748/2014/566 
f 5752/2010/567 5755/2016/566 5748/2004/566 
f 5748/2004/566 5750/2011/567 5752/2010/567 
# 2303 faces

