# 3ds Max Wavefront OBJ Exporter v0.99 - (c)2007 guruware
# File Created: 06.07.2026 20:43:14

mtllib Tree1.mtl

#
# object Tr_01_Stem_autumn_001
#

v  -7.64 22.50 -5.00
v  -9.31 22.29 -4.30
v  -7.96 24.21 -5.25
v  -9.49 24.39 -4.54
v  -9.45 22.87 -3.18
v  -9.49 24.68 -3.51
v  -8.60 23.30 -2.47
v  -7.51 23.50 -2.61
v  -8.76 24.97 -2.82
v  -7.75 25.12 -2.75
v  -6.68 23.22 -3.66
v  -6.87 24.95 -4.03
v  10.49 -0.10 2.82
v  11.06 1.49 3.24
v  13.10 -0.23 3.38
v  13.22 0.32 3.57
v  11.03 1.53 4.49
v  13.19 0.29 4.17
v  10.67 0.36 4.88
v  13.10 -0.24 4.36
v  10.29 -0.57 4.17
v  13.02 -0.63 3.90
v  -0.40 0.98 10.63
v  -0.92 0.27 13.15
v  -0.46 -0.59 10.59
v  -0.83 -0.36 13.23
v  -2.03 1.49 10.83
v  -1.44 0.34 13.09
v  -2.83 0.07 10.87
v  -1.73 -0.07 13.11
v  -1.92 -1.09 10.79
v  -1.46 -0.53 13.18
v  5.15 0.80 -9.07
v  6.57 -0.18 -11.22
v  5.44 -0.52 -8.63
v  6.69 -0.76 -10.97
v  6.63 1.52 -8.85
v  7.27 0.17 -11.13
v  7.56 0.32 -8.29
v  7.66 -0.40 -10.83
v  6.71 -0.71 -8.33
v  7.25 -0.86 -10.77
v  -7.49 -0.07 -9.34
v  -8.06 1.07 -9.55
v  -8.49 -0.23 -11.54
v  -8.71 0.05 -11.75
v  -7.40 1.64 -10.53
v  -8.16 0.32 -12.13
v  -6.51 0.30 -10.40
v  -7.57 -0.23 -11.61
v  -6.82 -0.32 -9.72
v  -8.20 -0.36 -11.66
v  -10.32 1.73 5.01
v  -12.42 0.39 5.72
v  -9.84 0.25 4.85
v  -12.33 -0.12 5.85
v  -11.26 2.04 3.77
v  -12.66 0.49 5.23
v  -11.43 1.08 3.20
v  -12.70 0.04 5.04
v  -10.65 -0.03 3.82
v  -12.53 -0.37 5.36
v  -6.92 1.43 -7.15
v  -5.87 -0.17 -6.96
v  -5.48 1.99 -5.20
v  -4.37 0.04 -3.28
v  -5.97 2.58 -8.53
v  -4.57 3.51 -6.93
v  -4.95 1.57 -9.04
v  -3.00 2.14 -8.01
v  -4.53 0.05 -8.09
v  -1.95 0.72 -6.67
v  -8.38 0.33 4.53
v  -5.91 0.31 4.27
v  -8.77 2.49 4.76
v  -6.46 3.38 5.35
v  -9.51 3.25 3.07
v  -7.58 4.21 2.68
v  -9.88 1.93 2.02
v  -7.71 2.33 1.55
v  -9.00 0.12 2.84
v  -7.92 0.21 2.18
v  0.07 2.02 8.74
v  0.28 -0.38 8.06
v  1.12 2.94 7.15
v  0.90 -0.19 5.86
v  -2.00 2.37 9.05
v  -2.02 3.47 7.83
v  -3.23 0.86 8.89
v  -3.94 2.04 6.37
v  -2.57 -0.69 7.86
v  -2.89 0.13 5.35
v  8.88 -0.22 2.80
v  7.08 0.23 0.91
v  9.19 1.92 2.87
v  7.49 3.08 1.66
v  9.04 2.47 4.60
v  7.00 3.56 4.20
v  8.77 1.03 5.45
v  5.76 2.12 5.40
v  8.08 -0.43 4.68
v  5.53 0.06 4.63
v  3.47 0.10 -6.81
v  2.03 0.86 -4.88
v  3.48 2.22 -7.51
v  2.00 3.10 -6.62
v  5.47 3.56 -6.78
v  3.10 4.76 -6.04
v  4.74 5.01 -5.34
v  7.11 2.10 -5.84
v  6.39 3.03 -3.62
v  5.73 -0.62 -5.24
v  4.84 -0.07 -3.00
v  7.12 2.69 -1.25
v  5.73 0.17 -1.58
v  -0.24 1.16 -4.94
v  0.39 3.05 -6.05
v  -1.39 3.05 -8.04
v  -2.67 4.99 -7.12
v  -4.40 4.92 -4.98
v  -5.20 3.05 -3.46
v  -5.39 0.08 -1.74
v  -6.86 2.19 -1.32
v  -6.13 -0.04 0.20
v  -6.55 2.05 0.67
v  4.10 2.20 5.05
v  3.40 0.17 4.17
v  2.80 2.84 6.52
v  2.49 0.48 5.71
v  2.06 4.93 6.33
v  -1.79 5.35 6.00
v  -4.05 4.71 5.32
v  -6.16 5.81 2.48
v  -6.92 3.62 1.41
v  -6.28 3.55 0.34
v  -6.71 4.00 -1.61
v  -6.02 4.69 -3.31
v  -4.67 5.79 -4.51
v  -1.88 5.83 -6.57
v  -0.22 4.80 -7.05
v  0.85 4.48 -5.87
v  1.17 -0.04 3.26
v  1.75 0.15 -2.26
v  6.65 5.97 0.85
v  6.33 5.63 -1.48
v  3.84 6.97 -4.12
v  1.41 6.38 -5.39
v  0.63 6.64 -5.86
v  -1.05 7.17 -5.76
v  -5.78 5.78 -0.92
v  -4.59 6.79 -3.82
v  3.56 4.18 4.93
v  5.51 5.59 3.89
v  2.93 52.61 -0.82
v  2.99 54.93 -0.42
v  2.72 52.68 -1.03
v  2.81 55.01 -0.56
v  3.33 52.63 -0.97
v  3.19 54.84 -0.56
v  3.26 52.67 -1.42
v  3.13 54.94 -0.70
v  2.73 52.68 -1.37
v  2.93 54.97 -0.75
v  -4.13 48.79 7.05
v  -4.27 48.87 7.50
v  -4.23 50.08 7.17
v  -4.17 50.14 7.44
v  -3.92 48.90 7.75
v  -3.85 50.08 7.59
v  -3.55 48.90 7.51
v  -3.72 50.15 7.34
v  -3.77 48.77 7.09
v  -3.84 49.79 7.04
v  -1.16 53.53 -6.15
v  -1.08 53.56 -5.81
v  -1.81 55.06 -5.82
v  -0.67 53.73 -5.83
v  -1.50 55.03 -5.73
v  -0.61 53.78 -6.20
v  -1.58 55.36 -5.87
v  -0.91 53.66 -6.35
v  -1.74 55.20 -6.04
v  8.96 42.15 9.50
v  9.93 42.00 10.70
v  9.23 41.80 9.36
v  10.09 41.90 10.57
v  8.66 41.90 9.84
v  9.32 41.98 10.45
v  8.81 41.51 9.78
v  9.70 41.60 10.64
v  9.13 41.52 9.44
v  10.08 41.75 10.45
v  -5.43 44.54 -8.27
v  -5.85 46.55 -9.32
v  -5.90 44.47 -8.56
v  -6.03 46.61 -9.41
v  -4.88 44.46 -8.87
v  -5.71 46.47 -9.40
v  -5.32 44.22 -9.37
v  -5.91 46.54 -9.65
v  -5.91 44.37 -9.13
v  -6.01 46.63 -9.60
v  -11.81 32.58 -14.12
v  -11.65 33.46 -15.19
v  -12.07 32.56 -14.30
v  -11.86 33.49 -15.28
v  -11.50 32.38 -14.30
v  -11.52 33.35 -15.28
v  -11.63 32.23 -14.68
v  -11.56 33.25 -15.44
v  -12.14 32.39 -14.66
v  -11.89 33.31 -15.54
v  -16.38 33.34 -9.96
v  -16.06 33.43 -9.75
v  -16.43 34.54 -9.88
v  -16.32 34.59 -9.73
v  -15.77 33.56 -9.87
v  -16.06 34.71 -9.75
v  -15.81 33.54 -10.25
v  -16.11 34.70 -10.04
v  -16.13 33.48 -10.31
v  -16.32 34.57 -10.02
v  -19.52 29.09 -6.33
v  -19.41 29.26 -5.77
v  -20.29 30.33 -6.03
v  -20.22 30.30 -5.82
v  -19.24 29.78 -5.72
v  -20.07 30.56 -5.81
v  -19.21 30.05 -6.31
v  -20.20 30.60 -6.08
v  -19.38 29.52 -6.66
v  -20.27 30.47 -6.13
v  -8.86 43.38 13.49
v  -9.99 45.45 13.54
v  -9.02 43.42 12.94
v  -10.04 45.42 13.43
v  -8.34 43.81 13.47
v  -9.91 45.53 13.54
v  -8.28 43.95 12.83
v  -9.90 45.60 13.38
v  -8.71 43.68 12.59
v  -9.98 45.56 13.31
v  -4.24 49.04 15.32
v  -4.21 48.97 15.76
v  -4.16 50.21 15.54
v  -4.15 50.22 15.85
v  -3.79 48.90 15.87
v  -3.85 50.16 15.93
v  -3.53 48.98 15.45
v  -3.87 50.29 15.78
v  -3.81 49.02 15.13
v  -3.93 50.15 15.53
v  -10.68 43.31 -1.01
v  -10.76 43.35 -0.56
v  -12.11 43.80 -1.11
v  -12.12 43.84 -0.85
v  -10.66 43.93 -0.44
v  -12.06 44.09 -0.86
v  -10.67 43.93 -1.12
v  -12.05 44.13 -1.14
v  -10.63 43.54 -1.22
v  -12.10 43.95 -1.24
v  -3.58 45.80 13.31
v  -4.15 45.42 13.52
v  -3.70 46.54 14.51
v  -4.24 46.15 14.81
v  -3.78 44.77 13.76
v  -3.94 45.33 14.99
v  -3.03 44.87 13.80
v  -3.10 45.45 15.03
v  -2.93 45.62 13.55
v  -3.02 46.35 14.84
v  -4.04 47.03 9.56
v  -4.41 46.42 9.37
v  -3.91 46.53 10.48
v  -4.26 45.92 10.28
v  -3.79 45.91 9.15
v  -3.66 45.49 9.70
v  -3.21 46.42 9.16
v  -3.05 46.02 9.92
v  -3.51 47.03 9.57
v  -3.30 46.58 10.32
v  1.53 10.44 -4.00
v  -1.06 9.85 -5.21
v  0.19 12.80 -3.95
v  -1.95 12.30 -4.25
v  -4.25 9.25 -3.51
v  -4.13 12.15 -2.81
v  -5.18 8.33 -0.56
v  -5.52 10.98 -0.31
v  -4.48 7.82 3.16
v  -3.52 11.15 2.87
v  -1.15 8.54 5.48
v  -1.31 11.68 4.14
v  2.53 8.93 3.48
v  4.27 10.86 -0.81
v  3.03 12.15 0.32
v  2.70 10.70 -3.78
v  3.15 13.73 -1.43
v  1.14 13.80 -3.90
v  12.22 32.49 -4.42
v  14.10 33.07 -4.76
v  12.67 31.23 -4.97
v  14.47 32.03 -5.10
v  12.57 32.63 -3.10
v  14.39 33.31 -3.47
v  13.09 31.57 -2.67
v  14.89 32.37 -3.11
v  13.16 30.75 -3.70
v  14.91 31.52 -4.23
v  10.57 44.02 -8.73
v  9.92 45.09 -8.42
v  11.77 45.24 -9.68
v  11.20 46.09 -9.49
v  10.31 45.68 -7.49
v  11.49 46.70 -8.64
v  11.35 45.16 -6.90
v  12.55 46.20 -8.02
v  11.56 44.02 -7.72
v  12.73 45.07 -8.87
v  7.87 35.40 -6.57
v  6.03 36.05 -5.95
v  7.81 37.43 -7.29
v  6.56 37.77 -6.61
v  6.35 36.96 -4.23
v  6.80 38.30 -5.08
v  8.12 36.26 -3.54
v  8.44 38.31 -4.85
v  8.92 35.56 -5.06
v  9.07 37.74 -6.19
v  16.92 50.56 -11.97
v  17.66 51.36 -11.79
v  17.03 50.59 -12.34
v  17.82 51.31 -12.43
v  17.15 50.08 -11.63
v  18.07 50.86 -11.52
v  17.47 49.82 -12.26
v  18.42 50.58 -12.03
v  17.34 50.26 -12.56
v  18.25 50.85 -12.52
v  13.02 49.93 -13.99
v  12.20 50.96 -14.68
v  13.65 50.18 -14.22
v  12.92 51.48 -15.02
v  12.92 50.27 -13.30
v  12.30 51.26 -13.86
v  13.72 50.63 -13.20
v  12.93 51.68 -13.90
v  13.96 50.64 -13.77
v  13.18 51.76 -14.44
v  20.47 54.00 -12.20
v  22.13 54.54 -12.72
v  20.52 53.73 -12.41
v  22.17 54.40 -12.86
v  20.60 54.01 -11.85
v  22.22 54.55 -12.51
v  20.82 53.60 -11.75
v  22.39 54.34 -12.46
v  20.74 53.39 -12.25
v  22.33 54.20 -12.76
v  20.88 34.01 -3.20
v  20.82 34.10 -2.64
v  22.80 34.76 -2.84
v  22.68 34.94 -2.68
v  21.02 33.75 -2.41
v  22.65 34.89 -2.28
v  21.26 33.21 -2.86
v  22.77 34.59 -2.32
v  21.16 33.54 -3.35
v  22.88 34.49 -2.81
v  -4.08 38.93 6.68
v  -4.47 40.41 8.37
v  -2.86 40.13 6.43
v  -3.39 41.45 8.05
v  -3.40 38.09 7.68
v  -3.98 39.81 9.22
v  -2.16 38.62 8.07
v  -2.89 40.04 9.41
v  -1.89 39.84 7.24
v  -2.55 41.06 8.80
v  7.85 55.72 -14.56
v  7.84 55.71 -14.17
v  7.54 56.93 -14.44
v  7.51 56.92 -14.25
v  8.18 55.82 -14.08
v  7.68 56.91 -14.17
v  8.43 55.91 -14.38
v  7.86 56.91 -14.32
v  8.28 55.87 -14.65
v  7.76 56.89 -14.48
v  0.21 50.85 -6.20
v  0.14 51.07 -5.62
v  -0.57 52.04 -6.25
v  -0.45 52.19 -5.74
v  0.63 51.51 -5.60
v  -0.13 52.40 -5.73
v  0.82 51.69 -6.03
v  0.10 52.54 -6.06
v  0.51 51.27 -6.53
v  -0.14 52.39 -6.49
v  -1.29 16.21 -2.94
v  -3.52 15.56 -2.56
v  -5.16 14.32 -1.90
v  -6.40 12.97 0.31
v  -1.21 13.17 3.28
v  2.40 12.09 2.69
v  0.84 14.51 2.56
v  1.51 16.18 0.59
v  0.66 17.35 -0.40
v  3.86 25.35 -0.59
v  3.51 21.51 0.49
v  1.65 22.63 -0.79
v  0.25 24.65 0.14
v  2.72 27.49 0.03
v  -0.27 25.26 1.88
v  2.62 28.03 2.12
v  1.35 25.48 4.19
v  4.71 27.99 4.05
v  5.12 26.61 4.14
v  2.74 24.37 4.69
v  4.15 22.60 5.49
v  5.41 25.47 3.45
v  6.64 24.29 2.94
v  5.05 21.42 3.57
v  6.53 23.29 1.44
v  1.15 21.82 6.32
v  -0.25 23.63 4.32
v  -2.11 20.54 5.83
v  -2.83 22.41 3.96
v  -5.02 18.69 4.37
v  -5.66 20.42 2.82
v  2.52 20.26 5.35
v  -0.82 19.31 5.93
v  -1.49 23.32 1.80
v  -1.20 22.01 0.06
v  -0.29 19.71 -0.68
v  1.93 19.33 -0.13
v  4.52 21.09 1.38
v  5.26 23.65 -0.47
v  7.72 26.79 2.30
v  7.13 25.12 0.10
v  7.30 26.03 1.45
v  4.28 29.70 1.08
v  6.61 29.06 2.60
v  3.75 28.88 -1.16
v  4.68 27.10 -2.75
v  6.50 26.00 -2.32
v  7.62 29.94 0.59
v  8.82 27.73 -0.15
v  5.47 31.39 -0.46
v  8.89 30.72 -1.87
v  9.49 29.63 -2.44
v  7.98 26.75 -1.04
v  9.26 28.97 -4.07
v  8.14 29.28 -5.39
v  5.53 29.37 -4.89
v  4.41 29.45 -2.06
v  4.60 30.32 -4.03
v  3.56 31.67 -2.16
v  4.56 32.39 -0.91
v  6.41 32.48 -1.15
v  5.23 33.31 -1.05
v  6.95 34.69 -2.53
v  5.62 34.99 -2.13
v  5.63 36.04 -3.66
v  5.00 35.80 -3.15
v  8.50 33.89 -4.38
v  7.22 33.34 -6.27
v  4.63 34.72 -4.88
v  7.96 33.08 -2.47
v  8.99 32.26 -4.25
v  6.95 31.60 -6.09
v  8.88 31.98 -2.77
v  3.88 32.63 -4.49
v  2.63 19.15 3.58
v  2.05 18.73 2.23
v  0.51 17.57 5.09
v  0.62 16.86 3.58
v  -3.69 17.66 5.43
v  -1.44 16.01 5.16
v  -1.07 14.94 3.75
v  -2.98 22.43 1.84
v  4.48 7.66 -1.88
v  5.26 8.43 0.55
v  3.74 6.62 4.07
v  0.61 6.79 5.27
v  -0.78 0.43 -2.74
v  -1.98 -0.20 1.95
v  -4.08 12.37 2.58
v  -2.47 13.91 3.51
v  -2.12 18.89 -1.33
v  -4.52 17.61 -1.62
v  -5.76 16.35 -0.61
v  -6.56 15.28 1.41
v  -5.43 12.86 3.31
v  -6.08 14.87 3.70
v  -5.06 20.91 0.81
v  -2.59 20.89 -0.22
v  -4.19 20.21 -0.48
v  -5.88 18.69 -1.87
v  -5.49 20.53 -1.24
v  -7.60 18.03 -1.26
v  -6.67 19.63 -3.55
v  -8.66 19.12 -3.03
v  -6.13 21.03 -2.37
v  -8.24 18.31 0.49
v  -9.21 19.88 -1.42
v  -6.95 21.53 -1.11
v  -6.21 21.22 0.61
v  -6.63 19.47 3.24
v  -5.80 16.74 3.68
v  -6.99 17.52 2.78
v  -6.99 16.63 1.20
v  -8.27 21.16 -0.64
v  -7.87 20.36 1.25
v  -3.27 14.46 4.81
v  -4.66 16.03 5.01
v  12.89 46.08 -11.08
v  12.46 46.86 -10.87
v  14.05 47.20 -12.35
v  13.67 47.81 -12.32
v  12.66 47.34 -10.18
v  13.72 48.38 -11.69
v  13.60 46.96 -9.57
v  14.74 47.91 -11.06
v  13.75 45.90 -10.34
v  14.65 47.04 -11.82
v  9.22 42.58 -8.55
v  8.40 40.89 -8.60
v  8.29 42.99 -8.05
v  6.93 41.66 -7.99
v  8.59 43.70 -7.24
v  7.27 42.42 -6.93
v  9.58 43.10 -6.50
v  8.04 41.44 -6.13
v  10.26 42.59 -7.49
v  9.35 41.18 -7.35
v  2.55 51.04 -1.57
v  2.96 50.78 -1.24
v  3.46 50.89 -1.55
v  3.37 51.18 -2.03
v  2.74 51.47 -1.97
v  2.83 49.94 -2.00
v  2.31 50.38 -2.32
v  2.75 49.26 -3.48
v  2.00 49.66 -3.56
v  3.42 50.25 -2.49
v  3.26 49.71 -3.67
v  3.20 50.62 -2.94
v  2.96 50.38 -3.92
v  2.57 50.79 -2.74
v  2.29 50.45 -3.86
v  1.22 50.02 -4.81
v  1.35 49.44 -5.57
v  1.61 50.64 -4.93
v  1.96 50.67 -5.51
v  1.90 49.98 -5.97
v  5.64 43.76 -5.40
v  5.36 43.86 -6.48
v  4.78 45.17 -5.07
v  4.73 45.33 -6.32
v  3.48 44.66 -6.49
v  4.16 43.05 -6.83
v  3.15 44.24 -5.44
v  4.02 42.57 -5.75
v  3.84 44.42 -4.56
v  4.77 42.75 -4.86
v  3.93 48.21 -6.08
v  3.09 49.43 -5.74
v  4.11 48.02 -4.89
v  3.42 49.35 -4.54
v  2.84 47.65 -6.05
v  2.13 48.70 -5.81
v  2.71 47.44 -5.27
v  1.97 48.60 -4.98
v  3.17 47.64 -4.67
v  2.59 48.79 -4.14
v  3.25 46.25 -6.26
v  4.43 46.77 -6.28
v  2.96 45.97 -5.39
v  3.58 46.14 -4.70
v  4.50 46.60 -5.00
v  6.63 42.48 -5.85
v  5.81 41.28 -5.38
v  6.98 39.88 -5.23
v  6.33 42.63 -6.80
v  8.94 39.42 -6.90
v  8.45 39.69 -5.75
v  7.94 39.37 -8.10
v  6.49 39.58 -7.48
v  5.24 41.73 -7.35
v  6.06 39.68 -6.12
v  5.12 41.14 -6.23
v  -4.13 47.29 15.79
v  -4.17 47.46 15.17
v  -3.51 47.26 15.82
v  -3.28 47.35 15.24
v  -3.77 47.44 14.94
v  -4.06 46.13 15.62
v  -3.28 46.26 15.71
v  -3.56 45.27 11.83
v  -4.14 44.66 12.09
v  -3.72 44.14 12.75
v  -2.90 44.20 12.76
v  -2.91 45.10 12.03
v  -4.39 46.88 8.34
v  -4.00 47.29 8.59
v  -4.08 46.46 7.96
v  -3.38 46.84 8.07
v  -3.63 47.29 8.52
v  -3.52 45.37 11.43
v  -4.02 44.83 11.11
v  -3.54 44.53 10.23
v  -2.79 44.82 10.80
v  -3.01 45.35 11.31
v  -4.31 47.53 7.71
v  -3.98 47.89 7.98
v  -4.17 47.32 7.35
v  -3.60 47.45 7.38
v  -3.54 47.79 7.87
v  -3.83 42.67 9.81
v  -4.80 41.84 10.00
v  -4.28 40.85 10.93
v  -2.97 41.47 11.34
v  -2.78 42.51 10.53
v  -0.78 39.15 3.64
v  -1.26 37.82 3.24
v  -2.23 39.32 5.08
v  -2.96 37.96 5.31
v  -0.64 36.90 3.92
v  -2.46 37.17 6.42
v  0.59 37.41 4.68
v  -1.16 37.74 6.75
v  0.25 38.93 4.35
v  -0.94 39.10 6.16
v  -8.23 42.73 12.56
v  -7.98 42.65 13.14
v  -7.61 43.27 13.24
v  -7.66 43.62 12.46
v  -8.05 43.24 12.19
v  -6.14 42.39 12.24
v  -6.47 42.58 11.46
v  -5.83 43.12 12.30
v  -6.01 43.47 11.72
v  -6.21 43.07 11.25
v  -5.23 42.96 10.82
v  -4.19 43.48 10.60
v  -4.67 41.83 11.88
v  -5.59 42.27 10.89
v  -3.14 42.34 12.10
v  -4.45 42.99 12.00
v  -4.67 43.34 11.32
v  -4.32 43.72 11.47
v  -3.96 43.48 12.21
v  -2.88 43.32 12.10
v  -3.65 43.56 10.29
v  -2.83 43.49 10.75
v  7.11 41.43 7.67
v  7.48 40.87 7.47
v  6.14 39.87 6.76
v  6.50 39.26 6.55
v  6.74 41.13 8.14
v  5.78 39.73 7.18
v  7.05 40.55 8.32
v  6.10 38.93 7.65
v  7.47 40.42 7.74
v  6.68 38.76 7.09
v  4.00 38.39 4.81
v  4.53 37.58 4.39
v  2.56 38.42 3.10
v  3.18 37.55 2.56
v  3.64 38.30 5.67
v  1.79 38.60 3.90
v  3.49 37.42 6.09
v  1.84 37.26 4.93
v  4.17 36.50 4.92
v  2.80 36.13 4.23
v  3.06 36.07 3.36
v  8.41 41.67 8.42
v  8.37 41.27 8.56
v  8.04 41.36 9.12
v  7.89 41.75 9.06
v  8.11 41.97 8.53
v  5.20 38.78 6.06
v  5.56 38.32 5.71
v  4.91 38.75 6.51
v  4.90 37.85 6.99
v  5.77 37.41 6.24
v  1.49 35.97 3.21
v  0.04 36.36 2.36
v  -0.53 37.33 1.84
v  0.43 38.42 1.81
v  1.21 38.71 3.01
v  1.83 38.06 1.76
v  2.64 36.95 1.18
v  2.62 35.71 1.54
v  1.45 35.21 1.38
v  0.26 35.79 0.85
v  -0.20 36.80 0.51
v  0.80 37.65 0.26
v  2.00 37.38 0.47
v  -9.06 20.40 -4.02
v  -7.36 20.74 -4.56
v  -6.54 21.87 -3.19
v  -7.33 22.22 -2.18
v  -8.51 21.99 -1.90
v  -9.52 21.21 -2.72
v  -7.40 26.33 -4.44
v  -8.13 26.61 -3.22
v  -9.59 25.87 -3.45
v  -10.06 24.79 -4.68
v  -8.59 24.93 -5.56
v  -9.26 26.98 -4.18
v  -8.42 26.63 -5.33
v  -10.95 26.33 -4.55
v  -10.39 27.15 -5.19
v  -10.95 25.02 -5.33
v  -9.98 25.25 -6.44
v  -9.66 26.80 -6.20
v  8.26 54.20 -14.72
v  8.63 53.48 -14.73
v  8.26 54.18 -14.16
v  8.77 53.37 -14.26
v  8.74 54.60 -14.08
v  9.33 54.04 -14.17
v  8.91 54.82 -14.44
v  9.43 54.27 -14.55
v  8.69 54.76 -14.83
v  9.04 53.98 -15.05
v  10.03 52.98 -15.11
v  10.26 53.07 -14.30
v  10.52 53.61 -14.30
v  10.57 53.88 -14.68
v  10.16 53.57 -15.25
v  11.02 52.49 -15.22
v  11.18 52.67 -14.36
v  11.72 53.28 -14.30
v  11.76 53.66 -14.84
v  11.43 53.22 -15.54
v  11.68 51.87 -15.06
v  11.81 52.07 -14.27
v  12.30 52.58 -14.22
v  12.60 52.86 -14.77
v  12.19 52.51 -15.54
v  8.50 30.68 -5.62
v  14.42 48.12 -13.10
v  13.81 48.96 -13.25
v  14.00 49.46 -12.22
v  15.17 48.97 -11.52
v  15.25 47.88 -12.49
v  15.46 48.53 -11.61
v  15.25 49.97 -12.25
v  14.41 50.15 -12.62
v  15.30 48.86 -13.42
v  14.19 49.65 -13.83
v  16.09 49.31 -11.67
v  16.30 49.02 -12.58
v  15.95 50.10 -12.05
v  14.60 50.10 -13.50
v  15.46 49.74 -13.24
v  16.11 50.18 -12.43
v  16.34 49.83 -12.78
v  18.93 53.01 -12.14
v  18.75 53.09 -11.74
v  19.08 52.65 -11.39
v  19.34 52.43 -11.95
v  19.16 52.69 -12.23
v  19.49 53.60 -12.05
v  19.45 53.66 -11.63
v  19.78 53.20 -11.42
v  19.84 52.95 -12.09
v  19.60 53.32 -12.24
v  2.75 50.19 -4.85
v  1.74 49.48 -4.24
v  2.05 50.32 -4.38
v  16.39 33.13 -5.65
v  16.19 34.25 -5.58
v  16.15 34.53 -4.96
v  16.35 34.25 -4.15
v  16.46 33.18 -3.80
v  16.51 32.55 -4.87
v  17.98 34.46 -5.08
v  19.26 34.01 -4.12
v  18.11 33.64 -5.19
v  19.29 33.39 -4.34
v  17.19 34.81 -4.76
v  18.83 34.18 -3.38
v  16.97 34.37 -4.07
v  17.37 33.51 -3.73
v  18.63 33.41 -3.20
v  17.56 32.86 -4.75
v  18.89 32.78 -4.03
v  10.45 32.29 -4.44
v  10.25 30.84 -5.46
v  10.24 31.93 -3.20
v  10.80 30.82 -3.03
v  10.79 30.05 -3.92
v  17.12 34.54 -5.54
v  17.31 33.49 -5.56
v  20.16 33.32 -3.76
v  20.06 33.91 -3.49
v  19.76 34.01 -2.95
v  19.80 33.38 -2.68
v  20.17 32.81 -3.33
v  9.78 29.64 -5.08
v  3.21 36.20 -0.52
v  3.19 34.98 0.06
v  4.47 35.57 -1.52
v  4.13 34.03 -0.93
v  3.84 33.06 -1.22
v  2.26 34.14 -0.36
v  2.57 36.88 -1.50
v  3.68 36.15 -2.67
v  3.20 32.59 -2.24
v  1.71 33.75 -1.73
v  0.43 34.99 -0.98
v  3.29 33.09 -3.86
v  3.79 34.93 -4.13
v  2.66 35.49 -3.85
v  1.28 36.92 -3.80
v  0.71 37.88 -2.16
v  0.26 37.70 -1.02
v  1.94 34.25 -3.49
v  0.40 35.58 -3.86
v  -0.02 35.01 -2.23
v  -0.45 36.70 -0.42
v  -0.21 35.86 -0.49
v  -0.75 35.91 -1.35
v  -17.56 27.94 -6.74
v  -16.43 28.17 -6.73
v  -17.49 28.08 -5.95
v  -16.37 28.32 -5.97
v  -17.46 28.95 -5.82
v  -16.39 29.24 -5.81
v  -17.50 29.31 -6.71
v  -16.58 29.44 -6.85
v  -17.57 28.70 -7.14
v  -16.56 28.84 -7.19
v  -15.46 28.45 -6.73
v  -14.49 28.51 -6.75
v  -15.42 28.56 -5.98
v  -14.37 28.62 -5.97
v  -15.39 29.44 -5.80
v  -14.00 29.54 -5.96
v  -15.54 29.72 -6.96
v  -14.38 29.87 -7.07
v  -15.56 29.00 -7.20
v  -14.54 29.12 -7.30
v  -15.66 31.64 -9.96
v  -14.46 30.96 -9.49
v  -15.15 31.89 -9.45
v  -14.34 31.36 -9.13
v  -14.76 32.16 -9.70
v  -13.83 31.76 -9.49
v  -14.91 32.06 -10.31
v  -14.17 31.61 -10.20
v  -15.26 31.77 -10.32
v  -14.44 31.24 -10.11
v  -12.44 31.44 -12.16
v  -12.83 31.42 -11.13
v  -12.14 31.49 -12.20
v  -12.37 31.53 -10.80
v  -11.87 31.29 -12.15
v  -12.13 31.22 -10.54
v  -12.09 30.79 -12.41
v  -12.45 30.69 -10.93
v  -12.64 31.13 -12.41
v  -13.01 30.97 -11.27
v  -16.26 32.47 -10.03
v  -15.90 32.65 -10.44
v  -15.47 32.74 -10.35
v  -15.36 32.68 -9.87
v  -15.82 32.51 -9.63
v  -12.35 31.63 -13.68
v  -12.19 31.89 -13.34
v  -11.73 31.45 -13.83
v  -11.63 31.70 -13.33
v  -11.93 31.89 -13.24
v  -18.52 28.90 -6.98
v  -18.67 28.30 -6.59
v  -18.42 29.55 -6.50
v  -18.51 29.24 -5.82
v  -18.65 28.56 -5.89
v  -13.44 28.38 -5.97
v  -12.81 29.18 -6.03
v  -12.60 27.80 -5.91
v  -12.01 26.97 -5.63
v  -11.87 28.41 -5.86
v  -11.09 27.73 -5.68
v  -11.77 25.58 -5.80
v  -12.20 26.96 -6.70
v  -12.77 27.83 -6.74
v  -11.19 25.59 -6.94
v  -10.61 27.40 -6.69
v  -13.60 28.34 -6.75
v  -13.06 29.82 -6.75
v  -12.13 29.38 -6.54
v  -11.38 28.73 -6.81
v  -11.56 26.99 -7.21
v  -11.98 28.25 -7.56
v  -13.39 28.94 -7.51
v  -11.85 29.61 -7.71
v  -12.43 29.00 -8.07
v  -12.30 30.05 -7.35
v  -13.65 29.68 -7.43
v  -13.45 29.81 -8.39
v  -12.71 29.66 -8.71
v  -13.75 30.38 -9.06
v  -13.66 30.67 -9.91
v  -12.85 30.22 -9.48
v  -12.92 30.54 -10.24
v  -13.64 30.31 -8.22
v  -13.79 30.76 -8.61
v  -12.07 30.17 -8.48
v  -12.20 30.65 -9.27
v  -12.41 30.65 -8.09
v  -12.48 31.27 -9.01
v  -12.24 30.96 -10.05
v  -12.63 31.55 -10.11
v  -13.29 30.94 -10.62
v  -13.72 31.05 -10.18
v  -13.17 31.38 -10.51
v  -13.54 31.44 -10.20
v  -13.23 31.65 -9.72
v  -13.21 31.29 -8.78
v  -13.16 30.66 -7.99
v  -9.81 42.95 -1.10
v  -9.80 43.01 -0.62
v  -9.61 43.49 -0.51
v  -9.55 43.55 -1.26
v  -9.78 43.12 -1.33
v  -5.74 40.75 -7.80
v  -5.53 40.02 -7.46
v  -4.90 41.11 -7.66
v  -4.57 40.47 -7.16
v  -4.39 41.09 -8.18
v  -3.98 40.28 -7.82
v  -4.65 40.57 -9.04
v  -4.39 39.62 -8.49
v  -5.76 40.22 -8.81
v  -5.32 39.48 -8.41
v  -5.91 42.93 -8.23
v  -5.85 42.72 -8.97
v  -5.92 41.63 -8.05
v  -5.95 41.12 -8.96
v  -5.21 42.89 -9.24
v  -5.00 41.62 -9.25
v  -4.66 43.14 -8.60
v  -4.58 41.99 -8.37
v  -5.28 43.10 -7.90
v  -5.13 41.92 -7.82
v  -8.96 42.04 -1.20
v  -9.02 42.11 -1.56
v  -8.55 42.43 -1.04
v  -8.57 42.59 -1.72
v  -8.95 42.37 -1.75
v  -8.26 40.64 -1.79
v  -8.72 40.78 -2.39
v  -7.82 41.11 -2.00
v  -7.99 41.28 -2.56
v  -8.41 41.07 -2.78
v  -7.51 39.48 -2.88
v  -8.25 39.57 -3.46
v  -7.13 40.17 -3.03
v  -7.47 40.57 -3.39
v  -8.01 40.44 -3.67
v  -7.35 39.06 -4.59
v  -6.57 38.99 -3.98
v  -6.10 39.69 -4.08
v  -6.55 40.19 -4.51
v  -7.22 40.00 -4.76
v  -0.50 38.27 -3.37
v  -0.19 37.37 -4.37
v  -0.73 36.19 -4.27
v  -1.20 35.71 -3.03
v  -1.62 36.31 -2.12
v  -1.47 37.08 -1.74
v  -1.08 38.15 -2.30
v  -2.89 37.40 -3.14
v  -3.19 36.60 -3.45
v  -2.77 36.03 -4.21
v  -2.42 38.20 -3.50
v  -1.81 38.32 -4.39
v  -1.49 37.66 -5.23
v  -1.86 36.48 -5.14
v  -2.50 37.83 -6.16
v  -2.67 36.80 -5.97
v  -3.19 37.19 -6.50
v  -3.72 37.85 -6.99
v  -4.12 38.66 -7.63
v  -3.09 38.62 -6.67
v  -3.41 39.23 -7.17
v  -3.64 36.27 -5.12
v  -4.17 36.94 -5.81
v  -4.90 38.23 -6.60
v  -4.54 37.65 -6.25
v  -3.83 39.78 -6.44
v  -3.41 39.11 -5.94
v  -4.34 37.45 -5.27
v  -3.94 36.91 -4.37
v  -4.03 37.94 -4.87
v  -5.11 38.56 -5.35
v  -4.73 38.14 -5.57
v  -4.82 39.01 -5.15
v  -4.38 38.65 -5.33
v  -4.35 39.64 -5.72
v  -3.94 38.98 -5.48
v  -3.50 38.44 -4.95
v  -2.96 38.57 -5.41
v  -5.97 38.81 -5.82
v  -5.24 38.80 -6.83
v  -5.86 39.92 -5.92
v  -5.05 38.99 -7.82
v  -5.27 39.79 -6.80
v  -5.10 39.91 -5.35
v  -4.62 40.02 -6.40
v  26.70 54.44 20.94
v  35.34 57.78 10.09
v  24.75 58.73 12.24
v  37.42 53.17 18.88
v  15.89 54.76 12.52
v  17.76 49.88 20.99
v  38.45 47.10 26.60
v  28.35 46.82 28.39
v  19.65 44.18 29.30
v  25.12 57.96 12.87
v  32.35 63.39 23.94
v  35.05 58.44 15.52
v  21.94 62.14 20.85
v  18.48 49.76 14.41
v  14.78 54.13 22.65
v  20.54 65.15 30.85
v  29.66 66.09 33.14
v  12.96 56.87 32.13
v  28.79 57.54 21.73
v  24.03 48.10 12.20
v  24.89 58.29 12.74
v  27.04 47.40 21.65
v  22.55 67.86 14.13
v  25.56 67.15 23.59
v  29.56 56.97 32.38
v  29.41 46.56 31.46
v  27.62 65.50 33.76
v  -22.45 38.34 -14.43
v  -17.96 33.21 -6.00
v  -15.46 36.95 -12.00
v  -24.90 35.43 -8.34
v  -29.51 38.25 -17.04
v  -32.01 34.52 -11.04
v  -20.45 29.48 0.00
v  -27.47 30.26 -2.50
v  -34.51 30.79 -5.04
v  -22.46 38.28 -14.97
v  -21.00 30.41 -7.95
v  -20.34 31.20 -15.37
v  -22.45 37.95 -6.97
v  -27.78 43.75 -7.12
v  -27.50 44.21 -14.58
v  -23.80 36.69 -0.13
v  -23.04 29.02 -0.70
v  -29.81 42.37 0.12
v  -22.37 45.47 -13.33
v  -15.73 37.38 -11.64
v  -14.50 45.03 -13.10
v  -22.76 38.03 -14.16
v  -30.04 45.96 -14.07
v  -29.79 38.69 -16.68
v  -23.15 30.60 -15.00
v  -16.77 29.78 -10.70
v  -30.83 31.09 -15.74
v  -22.46 43.44 -5.15
v  -22.30 38.01 -14.29
v  -27.80 39.84 -9.54
v  -16.97 41.61 -9.91
v  -25.89 31.38 -16.26
v  -31.46 33.37 -11.65
v  -27.83 44.59 -0.06
v  -32.85 40.97 -4.13
v  -36.52 34.64 -6.31
v  3.43 44.14 -14.66
v  -7.83 40.61 -13.81
v  -1.23 40.63 -8.67
v  -3.17 44.12 -19.80
v  -12.48 37.10 -7.82
v  -5.88 37.11 -2.68
v  10.02 44.16 -9.53
v  5.37 40.64 -3.53
v  0.71 37.13 2.46
v  3.07 34.63 -15.40
v  -7.34 40.89 -13.43
v  -1.67 37.63 -8.79
v  -2.49 38.79 -20.05
v  -12.52 40.25 -6.76
v  -6.97 36.09 -2.10
v  8.52 29.57 -10.73
v  3.58 30.95 -4.09
v  -1.50 31.11 2.56
v  -7.14 40.52 -13.53
v  2.51 46.54 -9.82
v  -0.73 44.49 -17.25
v  -3.90 42.57 -6.10
v  -10.64 33.25 -9.83
v  -7.40 35.30 -2.40
v  6.21 47.74 -2.34
v  0.02 43.76 1.48
v  -2.77 36.13 5.20
v  -6.93 40.47 -13.43
v  4.08 38.10 -14.81
v  -2.63 33.43 -13.06
v  -0.34 44.95 -16.60
v  -11.74 47.31 -11.04
v  -5.03 51.98 -12.79
v  10.57 42.67 -15.34
v  6.51 49.80 -16.92
v  1.46 56.54 -13.32
v  18.35 42.04 -12.02
v  22.25 40.91 -20.92
v  14.75 45.01 -23.84
v  10.98 45.86 -14.98
v  13.87 37.98 -5.43
v  6.71 42.33 -8.34
v  28.44 35.50 -17.78
v  24.65 35.26 -9.46
v  20.92 32.90 -2.62
v  23.40 50.01 -14.65
v  11.64 45.18 -14.94
v  15.88 48.90 -8.57
v  18.59 45.61 -20.88
v  9.41 37.87 -9.28
v  13.58 41.76 -2.41
v  22.51 51.58 -2.49
v  28.80 52.41 -8.02
v  19.62 44.21 3.71
v  11.42 45.47 -14.83
v  19.05 35.77 -11.91
v  10.59 36.40 -14.48
v  19.98 44.80 -13.15
v  19.72 53.36 -9.84
v  11.26 53.99 -12.41
v  27.43 35.03 -8.69
v  28.18 44.29 -8.34
v  28.22 51.89 -6.22
v  21.09 47.91 9.12
v  30.54 42.73 11.09
v  27.50 46.50 5.27
v  24.22 44.97 14.96
v  14.50 47.82 12.91
v  17.53 44.05 18.73
v  33.57 38.97 16.91
v  27.09 39.75 20.73
v  20.57 40.28 24.55
v  26.87 47.51 13.94
v  21.73 40.70 6.88
v  20.66 47.85 8.78
v  27.05 39.90 12.20
v  17.71 53.84 12.94
v  23.31 53.37 17.98
v  31.30 46.24 19.42
v  31.35 38.50 18.46
v  27.61 51.98 24.24
v  22.00 55.11 9.77
v  21.10 47.60 9.53
v  27.27 54.67 3.82
v  27.60 46.94 5.71
v  16.45 55.61 15.24
v  14.60 48.26 13.35
v  20.20 40.09 9.30
v  27.65 39.27 7.13
v  14.65 40.58 14.77
v  21.29 47.57 9.10
v  28.27 53.06 15.13
v  28.14 51.21 7.80
v  21.42 49.43 16.43
v  17.44 40.88 10.61
v  17.42 42.89 17.90
v  28.75 54.22 22.59
v  22.35 50.57 23.84
v  18.29 44.18 25.29
v  -14.49 50.00 1.19
v  -8.14 53.34 9.76
v  -7.35 53.32 1.90
v  -15.28 50.01 9.05
v  -21.63 46.68 0.48
v  -22.41 46.69 8.35
v  -8.92 53.35 17.63
v  -16.06 50.03 16.92
v  -23.20 46.71 16.21
v  -14.54 50.26 1.77
v  -7.73 44.34 9.11
v  -6.80 48.28 2.31
v  -15.40 47.18 8.64
v  -22.49 49.66 0.98
v  -23.42 45.72 7.77
v  -8.72 39.56 15.82
v  -16.51 40.86 15.21
v  -24.40 41.02 14.49
v  -12.47 55.61 11.47
v  -14.36 49.91 1.87
v  -18.68 51.85 8.21
v  -8.16 53.67 5.13
v  -23.40 44.98 7.28
v  -19.09 43.04 0.94
v  -16.59 56.74 18.19
v  -22.76 52.97 15.16
v  -27.15 45.76 14.81
v  -14.34 49.86 2.10
v  -7.69 47.62 10.21
v  -12.47 43.21 5.72
v  -8.48 54.10 5.77
v  -18.67 56.33 -0.55
v  -13.89 60.74 3.94
v  -4.00 51.94 15.14
v  -4.78 58.68 11.09
v  -10.20 65.06 8.87
v  -6.08 46.52 11.57
v  4.69 51.86 18.40
v  3.51 46.79 9.84
v  -5.39 52.41 19.98
v  -14.96 44.28 13.58
v  -14.44 49.98 22.04
v  5.81 55.54 27.27
v  -3.66 55.33 28.87
v  -13.02 53.69 30.78
v  -6.29 60.89 17.83
v  -11.34 52.71 25.31
v  -12.55 60.86 23.70
v  -4.79 52.30 19.71
v  2.15 62.27 15.62
v  3.89 54.21 17.39
v  -1.16 46.03 24.87
v  -8.39 45.15 29.89
v  6.73 46.02 21.11
v  -8.41 60.56 20.36
v  -4.17 52.69 28.64
v  -5.18 61.24 28.32
v  -5.18 52.23 19.53
v  -11.63 59.88 12.40
v  -10.62 51.34 12.72
v  -6.39 43.47 21.00
v  -3.16 44.15 28.96
v  -9.61 42.79 13.04
v  13.59 57.36 -6.41
v  24.55 50.71 -0.61
v  22.87 55.55 -8.87
v  15.38 53.59 1.92
v  4.11 57.25 -4.07
v  5.79 52.41 4.19
v  26.23 45.87 7.65
v  16.86 46.88 10.06
v  7.47 47.56 12.45
v  19.86 47.07 -0.49
v  13.18 57.28 -6.98
v  19.01 56.85 1.60
v  15.17 48.10 -8.95
v  8.05 64.97 -2.89
v  13.18 64.38 5.32
v  22.54 55.22 9.94
v  22.94 45.27 8.77
v  16.26 62.58 14.58
v  14.48 66.61 -5.28
v  13.45 56.96 -5.89
v  23.10 66.04 -10.76
v  22.83 56.12 -8.30
v  5.69 67.24 -0.50
v  4.07 57.81 -3.49
v  12.42 47.32 -6.50
v  22.39 46.25 -6.53
v  3.63 47.95 -1.72
v  13.84 56.93 -6.36
v  20.32 63.98 3.57
v  22.76 61.60 -5.53
v  11.40 59.31 2.74
v  5.93 50.91 3.14
v  8.56 48.33 -5.86
v  18.26 65.46 12.94
v  9.91 60.77 12.22
v  4.38 52.56 12.56
v  -12.68 61.29 -15.86
v  -20.21 56.39 -6.93
v  -12.50 61.79 -6.52
v  -20.59 56.65 -15.84
v  -19.49 54.35 1.38
v  -11.75 59.57 1.95
v  -4.50 64.66 -15.77
v  -4.22 64.47 -6.98
v  -3.64 62.96 1.75
v  -14.56 69.56 -5.97
v  -8.40 62.07 -0.46
v  -10.01 69.53 0.44
v  -12.67 61.69 -7.10
v  -15.52 70.82 -13.90
v  -13.70 63.44 -15.26
v  -3.88 55.15 -2.57
v  -7.53 55.95 -9.75
v  -9.97 55.94 -17.37
v  6.63 41.10 16.68
v  -3.27 35.44 20.38
v  2.94 39.57 23.99
v  0.31 37.89 13.11
v  10.51 41.01 9.31
v  4.29 36.88 5.70
v  -9.49 31.31 16.77
v  -5.72 32.16 9.44
v  -1.92 32.75 2.09
v  -1.55 40.67 15.60
v  7.35 33.21 19.13
v  7.23 41.04 16.74
v  -0.69 32.33 17.32
v  -0.61 47.09 9.77
v  7.53 47.60 11.16
v  -8.86 39.28 13.12
v  -8.34 30.80 14.04
v  -8.27 45.56 6.49
v  5.41 49.00 16.61
v  2.60 40.05 23.64
v  4.02 48.51 25.21
v  6.38 40.77 16.30
v  7.34 49.54 8.29
v  10.16 41.49 8.96
v  7.35 32.54 15.99
v  1.72 31.63 22.36
v  9.28 33.08 7.68
v  6.46 40.74 16.82
v  -3.54 46.75 15.32
v  0.87 44.72 22.03
v  2.04 42.77 10.10
v  9.14 33.41 13.17
v  4.89 35.60 6.39
v  -8.35 48.02 8.69
v  -3.16 44.02 3.78
v  -0.24 37.02 0.06
v  22.87 40.15 -3.02
v  33.74 45.08 1.43
v  31.28 40.41 -6.14
v  24.85 45.58 4.48
v  15.14 38.10 0.23
v  16.99 43.35 7.81
v  36.18 48.46 9.29
v  27.86 48.27 12.26
v  19.68 46.76 15.51
v  23.69 53.39 2.68
v  25.36 45.48 4.14
v  18.96 53.36 9.01
v  20.33 45.86 10.28
v  30.99 54.66 -0.68
v  32.85 47.24 0.64
v  29.48 39.70 8.24
v  23.74 38.90 13.95
v  36.02 39.70 3.55
v  22.18 53.09 5.32
v  27.36 45.84 12.14
v  26.39 53.72 12.01
v  24.97 45.42 4.04
v  17.97 52.46 -1.38
v  18.94 44.59 -1.25
v  24.12 37.35 5.57
v  28.32 37.97 12.27
v  19.91 36.72 -1.12
v  -4.24 43.28 -9.76
v  -1.21 47.56 -17.58
v  -13.52 44.47 -13.81
v  -10.45 48.44 -21.50
v  -20.39 40.23 -18.47
v  -17.38 44.76 -25.93
v  -7.51 37.65 -3.31
v  -16.18 37.39 -7.25
v  -23.31 34.93 -11.12
v  -10.77 52.77 -8.55
v  -10.49 47.73 -20.82
v  -17.12 51.61 -16.39
v  -4.29 48.18 -13.58
v  -16.39 40.11 -23.13
v  -23.54 44.17 -18.76
v  -23.44 54.40 -9.46
v  -17.67 55.27 -2.92
v  -29.91 46.72 -12.47
v  -10.60 48.03 -21.04
v  -13.64 37.93 -13.09
v  -10.98 38.58 -21.91
v  -12.34 47.33 -12.12
v  -15.79 56.26 -12.39
v  -13.13 56.91 -21.21
v  -16.98 37.15 -4.34
v  -17.34 46.81 -3.56
v  -19.55 54.73 -3.52
v  8.93 52.56 0.68
v  -2.66 56.18 0.12
v  3.41 56.17 6.20
v  2.85 52.57 -5.40
v  14.44 48.94 -4.83
v  8.37 48.96 -10.91
v  -8.73 56.20 -5.97
v  -3.22 52.59 -11.48
v  2.30 48.98 -17.00
v  8.48 52.84 0.24
v  -2.39 46.41 0.91
v  2.68 50.69 6.37
v  3.29 49.49 -5.22
v  14.62 52.18 -5.90
v  9.55 47.90 -11.36
v  -7.35 41.20 -4.55
v  -1.47 42.62 -10.68
v  4.57 42.79 -16.82
v  -1.10 58.65 -4.71
v  8.26 52.46 0.32
v  5.91 54.57 -7.68
v  1.25 56.54 3.29
v  12.30 44.99 -3.01
v  9.95 47.10 -11.01
v  -3.92 59.88 -12.81
v  2.88 55.79 -15.91
v  6.20 47.95 -19.35
v  8.06 52.41 0.18
v  -3.35 49.97 0.18
v  3.72 45.18 -0.74
v  0.93 57.01 2.57
v  13.27 59.44 -1.64
v  6.20 64.24 -0.72
v  -10.04 54.67 -0.11
v  -6.09 62.00 2.02
v  -0.49 68.93 -1.01
v  9.73 37.91 -33.09
v  -0.21 36.73 -34.94
v  -1.39 41.00 -26.65
v  8.47 41.88 -24.92
v  17.46 33.69 -30.10
v  16.21 38.21 -22.16
v  1.52 31.11 -41.94
v  10.84 30.85 -40.06
v  18.65 28.40 -37.90
v  8.36 41.17 -25.59
v  5.87 46.20 -37.58
v  0.70 41.62 -31.24
v  13.81 45.04 -31.39
v  14.61 33.57 -24.67
v  20.59 37.62 -30.52
v  18.40 47.82 -39.54
v  11.32 48.70 -44.61
v  25.37 40.16 -38.07
v  8.51 41.47 -25.40
v  9.68 31.39 -33.81
v  9.07 32.04 -24.64
v  8.20 40.77 -34.47
v  11.62 49.68 -34.98
v  11.01 50.33 -25.81
v  10.96 30.61 -43.07
v  11.14 40.25 -43.91
v  13.28 48.16 -44.45
v  17.62 43.65 13.38
v  24.43 38.26 20.78
v  25.38 42.19 14.01
v  16.74 40.60 20.23
v  9.74 43.56 12.60
v  8.78 39.64 19.37
v  23.48 34.33 27.55
v  15.66 35.15 26.86
v  7.83 35.71 26.14
v  17.46 43.59 12.83
v  20.81 35.31 19.60
v  19.52 36.15 11.87
v  19.60 43.24 20.97
v  12.43 49.83 14.57
v  14.13 49.34 22.24
v  20.03 41.91 28.30
v  20.66 33.85 27.51
v  13.98 47.89 30.15
v  17.99 51.16 14.48
v  25.20 42.65 14.44
v  26.07 50.69 12.63
v  17.37 43.33 13.74
v  9.98 51.67 15.76
v  9.55 44.02 13.03
v  16.75 35.51 12.99
v  24.38 34.65 15.67
v  8.74 36.02 14.27
v  20.06 49.02 22.83
v  17.80 43.30 13.48
v  13.47 45.24 19.78
v  24.39 47.09 16.53
v  9.18 38.42 18.60
v  13.63 36.33 12.43
v  15.95 50.23 29.43
v  9.76 46.42 26.62
v  5.45 39.76 25.38
v  0.57 47.46 -20.76
v  10.31 53.05 -17.08
v  7.94 49.88 -23.83
v  2.83 51.53 -14.05
v  17.97 52.95 -20.02
v  15.71 48.89 -26.73
v  -1.70 43.39 -27.47
v  5.86 44.24 -30.46
v  13.44 44.82 -33.44
v  4.47 44.40 -21.36
v  10.71 52.98 -16.65
v  4.95 52.62 -23.19
v  9.25 45.27 -14.80
v  14.56 59.45 -20.59
v  9.43 58.94 -26.90
v  1.14 51.25 -29.77
v  0.93 42.89 -28.75
v  5.88 57.43 -34.30
v  9.45 60.82 -17.93
v  10.37 52.71 -17.52
v  2.84 60.34 -12.46
v  2.80 52.00 -14.54
v  16.28 61.35 -22.83
v  17.94 53.43 -20.51
v  11.29 44.61 -17.12
v  2.98 43.72 -16.06
v  18.12 45.14 -22.03
v  3.66 58.61 -24.69
v  10.09 52.68 -17.09
v  11.18 54.69 -24.93
v  2.57 56.61 -16.85
v  14.45 45.46 -18.06
v  15.69 47.63 -25.83
v  4.40 59.86 -32.72
v  11.43 55.91 -32.99
v  16.00 49.02 -33.85
v  -0.73 56.86 8.21
v  1.60 55.82 -0.30
v  -5.51 59.55 -1.93
v  -7.74 60.32 6.51
v  -3.90 53.17 14.70
v  -10.70 57.11 13.03
v  7.57 50.92 1.72
v  5.25 50.70 9.68
v  2.80 48.56 16.30
v  3.46 64.08 5.18
v  -7.14 59.70 6.47
v  -2.50 63.07 11.63
v  -1.68 60.09 0.22
v  -8.40 53.07 11.83
v  -3.76 56.60 17.45
v  4.25 65.50 16.21
v  9.16 66.26 10.42
v  2.46 58.82 22.16
v  -7.33 59.96 6.59
v  -0.10 51.16 8.22
v  -8.03 51.73 7.02
v  0.58 59.35 6.98
v  0.78 67.12 9.98
v  -7.15 67.69 8.78
v  7.85 50.49 10.01
v  8.57 58.89 10.22
v  8.88 65.79 12.12
v  12.88 64.50 -2.53
v  3.54 67.66 1.32
v  10.58 67.65 3.86
v  5.84 64.52 -5.07
v  15.17 61.36 -8.92
v  8.14 61.38 -11.46
v  -3.50 67.68 -1.22
v  -1.20 64.53 -7.61
v  1.10 61.39 -14.00
v  12.36 64.76 -2.72
v  4.05 59.15 1.85
v  10.07 62.88 4.26
v  6.24 61.84 -5.09
v  14.92 64.18 -9.83
v  8.90 60.45 -12.25
v  -1.89 54.62 -0.61
v  0.47 55.86 -7.63
v  2.96 56.01 -14.70
v  12.22 64.42 -2.57
v  2.98 69.81 -3.06
v  7.79 67.98 2.37
v  7.40 66.26 -8.00
v  14.16 57.92 -6.70
v  9.35 59.75 -12.12
v  -2.25 70.88 -8.39
v  1.96 67.32 -13.36
v  3.30 60.50 -17.30
v  12.01 64.38 -2.60
v  3.02 62.26 1.62
v  8.25 58.08 -1.72
v  7.28 68.39 1.92
v  15.44 70.50 -5.97
v  10.21 74.67 -2.62
v  -2.35 66.34 3.88
v  1.54 72.72 4.09
v  4.84 78.76 -0.37
v  -17.07 39.83 -27.61
v  -27.73 38.52 -24.14
v  -24.49 43.25 -15.44
v  -13.96 44.23 -18.98
v  -7.96 35.15 -28.80
v  -4.97 40.16 -20.41
v  -29.76 32.29 -31.88
v  -19.69 32.01 -34.99
v  -10.95 29.28 -37.03
v  -23.21 49.02 -29.94
v  -14.43 43.44 -19.58
v  -12.20 47.74 -28.12
v  -24.88 43.94 -21.02
v  -7.85 35.02 -22.00
v  -5.14 39.51 -30.87
v  -12.06 50.82 -38.50
v  -21.64 51.79 -39.67
v  -4.49 42.33 -40.76
v  -19.29 43.01 -28.14
v  -13.23 33.32 -19.03
v  -14.17 43.78 -19.48
v  -17.50 32.60 -28.29
v  -11.96 53.61 -21.20
v  -16.24 52.89 -30.45
v  -21.44 42.42 -38.89
v  -21.17 31.74 -37.98
v  -19.64 51.19 -40.55
v  -17.86 22.74 -8.40
v  -25.54 27.39 -3.73
v  -24.79 20.57 -6.93
v  -19.14 29.61 -5.83
v  -21.34 36.57 -4.40
v  -28.27 34.41 -2.93
v  -33.39 25.31 -3.36
v  -31.73 18.40 -5.46
v  -35.20 32.24 -1.46
v  -18.89 29.97 -6.15
v  -27.15 23.97 -8.77
v  -22.33 28.28 -12.39
v  -23.37 24.79 -2.17
v  -17.68 33.78 0.43
v  -22.10 29.17 4.15
v  -28.53 21.35 1.08
v  -32.95 20.77 -5.12
v  -27.89 25.96 7.81
v  -17.90 22.73 -7.79
v  -14.93 29.19 -0.08
v  -19.64 29.65 -5.79
v  -11.41 23.12 -3.48
v  -21.38 36.57 -3.78
v  -18.05 35.44 3.01
v  -23.98 22.54 -12.41
v  -24.34 30.12 -11.49
v  -27.46 36.38 -8.41
v  -23.42 30.55 0.03
v  -16.63 22.75 -3.28
v  -19.36 29.40 -6.06
v  -20.69 23.90 2.81
v  -28.44 34.33 -4.32
v  -24.52 33.03 -10.47
v  -28.07 30.91 5.77
v  -25.32 24.71 8.52
v  -32.97 34.75 1.50
v  -2.14 57.67 -20.51
v  -13.31 61.28 -17.67
v  -5.77 61.26 -13.66
v  -9.68 57.69 -24.51
v  1.49 54.09 -27.35
v  -6.05 54.10 -31.36
v  -20.85 61.30 -21.67
v  -17.22 57.71 -28.52
v  -13.59 54.12 -35.37
v  -2.70 57.96 -20.80
v  -12.82 51.56 -16.99
v  -6.41 55.82 -13.29
v  -9.22 54.63 -24.47
v  1.34 57.31 -28.43
v  -5.07 53.05 -32.13
v  -19.13 46.40 -20.73
v  -15.33 47.81 -28.27
v  -11.38 47.98 -35.86
v  -2.88 57.58 -20.66
v  -13.24 63.73 -22.70
v  -8.67 61.64 -15.80
v  -7.44 59.68 -27.57
v  -0.02 50.16 -25.01
v  -4.58 52.25 -31.91
v  -18.28 64.95 -29.57
v  -12.73 60.89 -34.50
v  -10.57 53.10 -38.74
v  -3.11 57.53 -20.73
v  -13.95 55.11 -17.41
v  -7.50 50.35 -20.34
v  -9.18 62.10 -16.38
v  1.31 64.52 -23.98
v  -5.14 69.28 -21.04
v  -20.38 59.77 -15.73
v  -16.01 67.05 -14.86
v  -11.57 73.94 -19.37
v  34.39 59.88 9.07
v  24.90 64.97 9.19
v  29.16 62.08 14.13
v  30.23 63.59 4.13
v  19.39 64.89 14.24
v  23.54 61.18 19.17
v  38.54 56.18 14.01
v  33.13 56.95 19.06
v  27.70 57.47 24.11
v  31.48 64.58 12.59
v  25.04 57.89 6.90
v  24.41 64.91 8.96
v  31.28 57.09 10.87
v  22.47 70.80 13.58
v  28.92 70.34 17.22
v  36.90 63.33 16.90
v  36.74 55.72 15.96
v  34.39 68.97 22.32
v  25.91 72.05 9.62
v  30.42 64.02 4.54
v  29.70 71.61 2.79
v  25.00 64.67 9.59
v  21.76 72.54 16.06
v  19.57 65.32 14.64
v  24.08 57.28 9.55
v  30.77 56.47 5.89
v  19.93 57.77 15.99
v  25.09 64.64 9.13
v  33.08 70.04 13.43
v  31.39 68.21 6.42
v  26.78 66.46 16.14
v  21.72 58.06 11.40
v  23.25 60.03 18.41
v  35.12 71.17 20.48
v  29.25 67.58 23.05
v  25.66 61.30 25.31
v  33.18 36.00 -2.97
v  22.10 34.54 -3.37
v  27.42 35.46 2.42
v  27.86 35.09 -8.75
v  16.33 34.00 2.02
v  21.65 34.91 7.81
v  38.50 36.91 2.81
v  32.74 36.37 8.20
v  26.97 35.83 13.59
v  31.25 27.44 -0.81
v  22.54 34.86 -3.02
v  26.49 32.84 3.13
v  27.56 30.24 -7.23
v  16.71 37.12 1.99
v  20.39 34.33 8.41
v  34.66 23.88 5.87
v  29.43 27.89 10.29
v  23.83 30.85 15.06
v  22.67 34.47 -2.96
v  32.08 39.82 0.36
v  29.80 35.95 -6.16
v  24.94 38.34 3.55
v  17.62 29.73 1.79
v  19.89 33.60 8.30
v  34.62 42.89 7.27
v  27.67 41.41 10.59
v  23.20 36.28 15.61
v  30.15 36.52 -5.65
v  25.46 27.86 0.47
v  22.84 34.43 -2.81
v  32.72 30.56 -1.14
v  26.57 44.52 -5.36
v  19.32 41.81 -3.74
v  39.57 33.62 -1.71
v  37.35 39.85 -6.05
v  33.43 47.57 -5.93
v  -11.19 37.72 9.35
v  -0.05 43.31 16.65
v  -1.15 38.01 7.69
v  -10.60 43.88 18.14
v  -20.49 35.39 11.30
v  -20.08 41.34 20.15
v  0.98 47.15 25.93
v  -8.93 46.93 27.45
v  -18.74 45.22 29.30
v  -11.50 52.74 15.88
v  -16.89 44.19 23.61
v  -18.14 52.70 21.91
v  -9.96 43.76 17.86
v  -2.65 54.18 13.70
v  -0.87 45.76 15.58
v  -6.26 37.21 23.31
v  -13.88 36.30 28.44
v  2.04 37.21 19.51
v  -13.75 52.40 18.49
v  -9.46 44.18 27.20
v  -10.51 53.11 26.85
v  -10.37 43.70 17.67
v  -17.00 51.69 10.12
v  -15.95 42.76 10.48
v  -11.65 34.54 19.19
v  -8.41 35.25 27.55
v  -14.90 33.83 10.83
v  2.98 45.88 9.04
v  -7.09 43.06 3.02
v  -4.15 41.98 11.77
v  -0.01 46.69 0.40
v  -8.14 39.21 -4.47
v  -1.26 43.34 -6.99
v  -10.51 36.85 13.51
v  -13.15 36.62 5.24
v  -14.89 34.38 -1.95
v  -0.50 46.04 0.79
v  -8.96 50.63 8.10
v  -1.61 46.45 9.40
v  -7.55 49.57 -0.98
v  -2.55 39.10 -4.61
v  -9.87 42.80 -6.78
v  -16.09 52.11 -1.02
v  -16.98 52.91 6.88
v  -18.01 45.12 -7.23
v  -7.51 45.68 4.86
v  -0.06 37.70 -0.21
v  -0.42 46.32 0.58
v  -7.65 37.11 3.38
v  -1.85 54.40 -1.23
v  -9.44 53.81 2.36
v  -16.35 45.20 6.71
v  -15.60 36.40 6.47
v  -17.73 52.42 5.24
v  1.34 58.14 -24.28
v  -8.04 53.10 -23.82
v  -3.75 56.77 -19.09
v  -3.05 55.28 -29.02
v  6.62 58.06 -29.48
v  2.33 54.39 -34.22
v  -12.33 49.43 -28.56
v  -7.16 50.20 -33.75
v  -1.96 50.72 -38.95
v  -5.29 57.75 -27.41
v  1.29 51.13 -22.02
v  1.83 58.09 -24.08
v  -5.03 50.34 -25.72
v  3.59 63.92 -28.72
v  -2.93 63.46 -32.09
v  -10.81 56.52 -31.48
v  -10.62 48.98 -30.56
v  -8.52 62.10 -36.93
v  0.33 65.16 -24.68
v  -3.95 57.20 -19.48
v  -3.17 64.72 -17.77
v  1.23 57.84 -24.68
v  4.21 65.64 -31.20
v  6.42 58.48 -29.87
v  2.14 50.53 -24.68
v  -4.35 49.73 -20.80
v  6.02 51.01 -31.19
v  -6.90 63.16 -28.19
v  1.16 57.81 -24.22
v  -0.77 59.62 -31.10
v  -4.97 61.35 -21.31
v  4.41 51.30 -26.59
v  2.64 53.25 -33.47
v  -9.18 64.28 -35.09
v  -3.46 60.73 -37.85
v  0.01 54.51 -40.21
v  13.08 57.69 -25.28
v  18.14 62.18 -34.74
v  11.03 57.92 -33.21
v  20.09 62.64 -26.38
v  15.32 55.81 -17.95
v  22.38 60.60 -18.92
v  25.51 65.27 -36.22
v  27.43 65.10 -28.38
v  29.62 63.72 -20.65
v  18.34 69.77 -25.49
v  19.82 62.55 -26.87
v  23.65 69.75 -20.60
v  24.93 62.89 -21.72
v  15.96 70.94 -32.43
v  17.34 64.16 -34.00
v  23.93 57.28 -30.23
v  28.58 56.54 -24.48
v  20.28 57.27 -36.61
v  20.59 69.50 -23.87
v  27.28 62.88 -27.94
v  27.07 70.07 -27.07
v  19.69 62.50 -26.53
v  14.12 68.93 -20.68
v  14.33 61.74 -21.54
v  21.01 55.12 -25.61
v  27.48 55.69 -28.80
v  14.53 54.55 -22.41
v  -20.23 61.78 2.43
v  -13.11 60.69 8.54
v  -8.30 64.65 2.44
v  -15.42 65.47 -3.54
v  -25.04 57.86 -3.56
v  -20.34 62.06 -9.35
v  -17.76 55.47 13.36
v  -24.36 55.23 7.52
v  -29.62 52.96 2.15
v  -19.22 69.47 7.84
v  -15.64 64.81 -2.95
v  -22.71 68.40 -0.83
v  -12.12 65.22 5.15
v  -20.23 57.75 -6.59
v  -27.75 61.51 -4.68
v  -30.19 70.98 3.58
v  -26.86 71.79 10.94
v  -35.10 63.87 -0.84
v  -15.67 65.09 -3.17
v  -20.53 55.73 3.04
v  -15.77 56.33 -4.04
v  -19.64 64.44 4.25
v  -22.62 72.71 3.08
v  -17.87 73.31 -4.01
v  -25.86 55.01 9.87
v  -26.39 63.95 10.47
v  -28.36 71.29 9.90
v  6.61 44.79 -26.46
v  -2.13 51.98 -20.80
v  6.30 49.61 -18.92
v  -1.81 47.16 -28.33
v  6.93 39.97 -33.99
v  -1.49 42.34 -35.87
v  -10.55 54.36 -22.67
v  -10.23 49.54 -30.21
v  -9.91 44.72 -37.74
v  -2.28 43.96 -28.10
v  4.15 44.38 -17.80
v  6.08 45.25 -26.62
v  -4.39 42.14 -19.26
v  7.44 43.21 -35.36
v  -1.10 40.97 -36.81
v  -11.34 39.06 -29.48
v  -13.12 38.95 -20.68
v  -9.80 37.88 -38.24
v  5.83 44.93 -26.39
v  -2.84 54.35 -26.12
v  2.98 50.88 -20.27
v  0.01 48.40 -32.24
v  5.01 36.55 -30.80
v  -0.81 40.02 -36.65
v  -9.37 57.10 -31.71
v  -6.78 51.21 -37.81
v  -8.35 42.70 -41.88
v  5.57 44.95 -26.39
v  -4.52 46.03 -19.72
v  -0.68 39.18 -24.01
v  2.46 51.50 -20.76
v  10.94 50.48 -31.62
v  7.09 57.32 -27.33
v  -8.76 52.76 -16.69
v  -2.12 58.64 -17.80
v  2.85 64.05 -24.30
v  3.53 40.06 2.47
v  10.35 45.85 -9.54
v  1.16 40.36 -7.81
v  12.58 46.44 1.28
v  6.16 37.64 11.96
v  15.28 43.81 10.95
v  19.88 49.83 -11.20
v  22.10 49.60 -1.05
v  24.66 47.82 8.97
v  10.31 55.62 2.36
v  18.66 46.76 7.43
v  16.97 55.58 8.83
v  12.26 46.32 0.64
v  7.48 57.11 -6.65
v  9.31 48.39 -8.62
v  17.65 39.53 -3.55
v  23.45 38.58 4.01
v  13.18 39.53 -11.88
v  13.15 55.26 4.52
v  21.88 46.75 -0.48
v  21.59 56.00 0.63
v  12.08 46.25 1.07
v  4.71 54.53 8.42
v  5.01 45.28 7.31
v  13.74 36.76 2.30
v  22.18 37.50 -1.59
v  5.30 36.03 6.20
v  18.71 48.41 -18.87
v  20.86 49.29 -9.20
v  28.80 45.36 -11.14
v  26.73 44.19 -20.92
v  29.00 41.18 -2.95
v  21.27 45.66 -1.09
v  33.79 38.63 -21.99
v  35.60 38.38 -12.77
v  36.58 35.96 -4.82
v  31.45 53.56 -16.36
v  21.44 48.58 -9.56
v  28.80 52.41 -6.77
v  23.70 49.03 -18.69
v  22.96 41.07 -3.50
v  30.57 45.07 -0.25
v  39.93 56.03 -14.05
v  37.98 55.17 -5.66
v  39.28 47.59 1.26
v  29.48 48.19 -13.06
v  20.84 39.55 -8.54
v  21.32 48.88 -9.34
v  29.45 38.91 -11.46
v  22.64 57.65 -7.22
v  31.25 57.01 -10.13
v  39.23 47.67 -13.95
v  38.39 38.15 -13.79
v  40.52 55.49 -12.20
v  -8.06 32.45 -8.39
v  -18.07 34.88 -9.95
v  -12.88 35.58 -4.01
v  -13.24 31.52 -14.45
v  -9.50 32.69 1.51
v  -4.80 29.12 -2.73
v  -8.71 27.09 -17.89
v  -3.93 26.89 -12.12
v  -0.21 24.96 -6.93
v  -12.61 35.02 -4.48
v  -8.20 38.98 -13.06
v  -14.51 35.37 -11.73
v  -6.40 38.07 -5.33
v  -9.24 29.03 -0.82
v  -2.68 32.22 -1.45
v  0.45 40.26 -8.06
v  -1.39 40.95 -14.67
v  3.99 34.23 -3.71
v  -12.61 35.26 -4.28
v  -7.73 27.31 -8.86
v  -12.65 27.82 -3.54
v  -8.32 34.71 -10.00
v  -5.97 41.73 -8.62
v  -10.88 42.24 -3.30
v  -1.84 34.29 -14.33
v  -2.36 26.70 -13.90
v  -0.26 40.53 -13.60
v  18.77 55.14 -21.51
v  23.61 60.72 -12.29
v  26.32 57.56 -18.91
v  16.01 59.21 -14.99
v  31.29 60.63 -9.41
v  34.05 56.56 -15.93
v  21.53 51.07 -28.03
v  29.16 51.92 -25.26
v  36.81 52.50 -22.45
v  23.63 60.66 -11.70
v  22.08 52.08 -19.37
v  21.31 52.95 -11.28
v  23.65 60.30 -20.42
v  29.47 66.62 -20.22
v  29.12 67.12 -12.10
v  25.17 58.92 -27.87
v  24.34 50.57 -27.25
v  31.73 65.11 -28.11
v  23.53 68.50 -13.49
v  16.31 59.68 -15.37
v  14.95 68.02 -13.79
v  23.95 60.39 -12.58
v  31.89 69.03 -12.63
v  31.59 61.11 -9.79
v  24.37 52.29 -11.67
v  17.45 51.40 -16.39
v  32.74 52.82 -10.81
v  23.45 60.36 -12.44
v  23.69 66.29 -22.40
v  17.67 64.28 -17.25
v  29.47 62.37 -17.59
v  27.35 53.14 -10.28
v  33.45 55.31 -15.27
v  29.56 67.53 -27.91
v  35.00 63.59 -23.45
v  39.00 56.70 -21.06
v  5.21 64.66 -10.26
v  2.46 59.26 -22.83
v  -3.08 65.21 -16.37
v  10.51 59.54 -17.19
v  -5.29 57.00 -27.77
v  -10.98 62.76 -21.39
v  -0.36 68.37 -3.16
v  -8.22 68.15 -8.82
v  -16.25 66.50 -14.17
v  -2.18 73.77 -18.54
v  -2.46 65.10 -16.13
v  -10.83 73.73 -18.86
v  -11.13 65.51 -16.84
v  5.40 75.16 -14.05
v  5.36 67.02 -11.55
v  -3.58 58.77 -9.86
v  -12.31 57.88 -11.48
v  4.71 58.76 -6.88
v  -2.60 65.03 -16.54
v  -8.91 74.12 -10.30
v  -5.49 73.44 -18.26
v  -8.43 65.50 -9.34
v  -1.59 64.12 -25.27
v  -2.08 72.75 -26.22
v  -7.94 56.87 -8.39
v  -4.52 56.18 -16.36
v  -1.10 55.50 -24.32
v  -21.17 43.92 -10.39
v  -11.18 48.52 -5.88
v  -13.22 44.16 -13.02
v  -19.57 48.99 -3.32
v  -28.49 42.00 -7.61
v  -27.02 46.90 -0.47
v  -9.16 51.68 1.54
v  -17.03 51.50 4.04
v  -24.76 50.09 6.80
v  -20.59 56.28 -5.04
v  -19.09 48.90 -3.62
v  -25.22 56.26 0.71
v  -23.99 49.25 1.94
v  -13.67 57.47 -7.94
v  -11.98 50.54 -6.64
v  -15.38 43.50 0.34
v  -20.93 42.75 5.48
v  -9.12 43.50 -3.82
v  -22.09 56.00 -2.63
v  -17.49 49.24 3.91
v  -18.39 56.59 3.76
v  -19.44 48.84 -3.73
v  -25.80 55.42 -9.02
v  -24.90 48.07 -8.87
v  -20.29 41.30 -2.33
v  -16.59 41.89 4.06
v  -24.00 40.72 -8.72
v  34.01 29.95 -24.05
v  26.74 40.21 -17.98
v  33.13 34.15 -15.17
v  28.08 36.96 -27.02
v  24.56 41.75 -8.65
v  30.49 34.74 -5.69
v  39.93 22.93 -21.09
v  38.24 25.47 -11.93
v  36.41 27.72 -2.72
v  30.86 27.64 -19.63
v  26.07 40.38 -17.89
v  35.54 36.39 -18.74
v  22.19 31.88 -19.77
v  29.85 47.70 -12.16
v  38.65 43.82 -12.55
v  43.40 31.91 -17.60
v  39.25 22.87 -17.66
v  47.04 39.05 -10.58
v  31.19 48.31 -19.00
v  28.73 37.35 -26.76
v  30.17 47.14 -29.03
v  26.97 39.74 -17.57
v  31.58 49.75 -9.16
v  25.21 42.14 -8.39
v  22.76 31.18 -16.15
v  26.68 27.83 -24.67
v  23.15 32.62 -6.31
v  40.14 42.21 -19.53
v  26.74 39.74 -18.14
v  34.03 40.20 -11.83
v  32.85 41.75 -25.83
v  21.97 32.87 -12.59
v  29.17 33.58 -6.20
v  41.73 39.48 -6.09
v  47.51 41.67 -13.35
v  36.86 33.07 -0.45
v  26.18 57.76 22.98
v  25.35 51.67 8.47
v  18.03 58.39 14.70
v  33.32 51.99 16.20
v  17.59 49.12 1.59
v  10.11 55.62 7.69
v  18.71 61.95 29.91
v  10.95 61.71 22.20
v  2.95 59.84 14.81
v  19.42 68.05 12.44
v  18.68 58.26 15.08
v  9.82 68.01 10.54
v  9.14 58.73 12.74
v  27.07 69.62 18.79
v  26.58 60.44 21.57
v  16.31 51.11 21.87
v  6.86 50.12 18.51
v  25.03 51.11 26.67
v  18.59 58.19 14.60
v  10.44 68.45 20.43
v  15.67 67.68 12.16
v  10.82 58.71 21.58
v  21.27 57.16 5.04
v  20.90 66.90 3.89
v  11.19 48.97 22.73
v  16.42 48.20 14.46
v  21.64 47.42 6.19
v  -21.81 57.93 10.54
v  -16.46 56.97 16.71
v  -11.54 60.42 12.07
v  -16.90 61.14 6.01
v  -25.19 54.51 4.76
v  -20.40 58.17 0.38
v  -21.08 52.43 20.27
v  -26.02 52.22 14.39
v  -29.87 50.24 9.09
v  -21.63 64.62 15.32
v  -17.17 60.56 6.49
v  -23.53 63.69 7.41
v  -15.17 60.92 13.92
v  -20.65 54.42 2.76
v  -27.38 57.69 3.45
v  -30.54 65.94 10.25
v  -28.61 66.64 17.02
v  -34.20 59.75 5.82
v  -17.17 60.81 6.29
v  -22.14 52.66 11.02
v  -17.14 53.18 5.53
v  -21.54 60.24 12.18
v  -23.95 67.44 10.79
v  -18.95 67.97 5.29
v  -28.15 59.82 16.67
v  -27.61 52.03 16.23
v  -29.77 66.21 15.93
v  7.21 50.93 20.51
v  11.08 49.92 28.27
v  17.37 53.58 24.81
v  13.46 54.34 17.15
v  5.27 47.31 13.67
v  11.35 51.19 10.43
v  5.39 45.09 30.71
v  1.86 44.87 23.36
v  -0.69 42.77 16.89
v  13.06 53.73 17.58
v  6.13 58.04 25.47
v  13.14 54.11 25.74
v  6.27 57.05 16.84
v  10.46 47.21 12.82
v  3.36 50.68 11.75
v  -1.69 59.44 17.91
v  -1.50 60.18 25.38
v  -4.28 52.86 12.37
v  7.06 53.39 22.27
v  13.34 45.89 16.60
v  13.11 53.99 17.37
v  6.74 45.33 20.92
v  11.54 61.59 15.87
v  4.94 61.03 20.20
v  -0.93 52.94 25.14
v  -0.26 44.67 24.82
v  -2.40 59.72 23.95
v  11.13 50.34 -2.44
v  22.49 56.48 -0.89
v  18.28 53.00 -7.55
v  15.21 54.81 4.20
v  29.97 56.38 -5.94
v  25.89 51.90 -12.57
v  7.05 45.86 -9.07
v  14.41 46.79 -14.15
v  21.81 47.43 -19.21
v  15.23 56.01 -6.12
v  21.92 47.93 1.82
v  23.03 56.42 -0.53
v  15.17 46.97 -4.04
v  26.17 63.52 -5.70
v  19.11 62.97 -11.21
v  9.52 54.50 -12.24
v  9.54 45.31 -11.09
v  13.49 61.31 -18.26
v  21.36 65.04 -1.59
v  22.44 56.12 -1.38
v  15.62 64.51 5.91
v  15.06 55.33 3.69
v  27.47 65.62 -8.53
v  29.82 56.90 -6.45
v  23.53 47.20 -1.18
v  14.88 46.22 2.01
v  29.64 47.79 -8.13
v  13.47 62.61 -7.41
v  22.25 56.08 -0.85
v  21.48 58.29 -9.53
v  14.24 60.40 1.26
v  26.68 48.14 -2.96
v  26.10 50.52 -11.61
v  12.28 63.98 -16.20
v  19.76 59.64 -18.23
v  24.45 52.05 -20.28
v  13.04 62.88 -33.83
v  10.30 59.47 -19.88
v  19.08 58.16 -26.81
v  4.41 63.86 -26.88
v  2.18 54.79 -15.62
v  -3.51 59.79 -22.45
v  23.65 51.94 -20.27
v  15.30 51.66 -13.88
v  7.82 48.94 -8.95
v  5.06 63.07 -26.48
v  16.85 68.63 -19.82
v  15.34 63.56 -28.75
v  5.92 67.35 -17.72
v  -0.26 54.66 -21.95
v  0.26 59.14 -12.71
v  9.37 70.43 -7.96
v  18.74 71.39 -10.18
v  3.07 61.96 -3.23
v  4.78 63.41 -26.50
v  10.94 52.25 -19.39
v  3.74 52.97 -26.58
v  12.56 62.63 -20.15
v  10.50 72.49 -16.93
v  3.31 73.21 -24.12
v  18.29 62.05 -10.83
v  17.72 51.39 -11.59
v  17.17 70.80 -8.66
v  35.33 53.52 9.67
v  30.57 47.68 -3.42
v  25.56 54.12 4.31
v  40.01 47.98 1.48
v  21.55 45.24 -7.61
v  16.37 51.47 0.06
v  30.37 57.54 18.08
v  21.12 57.31 13.15
v  11.75 55.52 8.56
v  26.22 63.38 1.86
v  16.86 54.44 4.95
v  16.89 63.34 2.75
v  26.26 54.00 4.48
v  34.98 64.89 5.57
v  35.31 56.08 8.27
v  25.95 47.15 11.36
v  16.36 46.19 10.88
v  35.28 47.14 13.37
v  26.04 53.93 4.06
v  20.17 63.76 11.66
v  22.70 63.02 2.63
v  20.83 54.43 12.61
v  25.88 52.95 -5.45
v  25.22 62.28 -6.40
v  24.02 44.35 4.53
v  21.49 45.10 13.56
v  26.54 43.61 -4.50
v  15.44 46.56 -23.79
v  20.60 52.19 -14.63
v  23.14 49.00 -21.40
v  12.85 50.67 -17.13
v  28.44 52.10 -11.96
v  31.03 48.00 -18.62
v  18.03 42.46 -30.45
v  25.82 43.31 -27.88
v  33.62 43.89 -25.28
v  20.64 52.13 -14.04
v  18.85 43.47 -21.73
v  18.31 44.35 -13.55
v  20.41 51.76 -22.83
v  26.27 58.15 -22.81
v  26.16 58.65 -14.61
v  21.72 50.38 -30.39
v  20.89 41.95 -29.75
v  28.32 56.62 -30.83
v  20.49 60.04 -15.85
v  13.15 51.14 -17.53
v  11.83 59.55 -15.89
v  20.94 51.86 -14.94
v  28.95 60.58 -15.23
v  28.73 52.58 -12.35
v  21.39 43.68 -14.03
v  14.27 42.78 -18.59
v  29.85 44.22 -13.41
v  20.44 51.83 -14.79
v  20.38 57.81 -24.84
v  14.46 55.79 -19.47
v  26.36 53.85 -20.15
v  24.44 44.54 -12.72
v  30.44 46.73 -17.93
v  26.14 59.07 -30.57
v  31.77 55.09 -26.23
v  35.86 48.13 -23.94
v  -14.26 54.25 -14.86
v  -27.91 58.54 -15.88
v  -20.93 58.52 -8.52
v  -21.23 54.27 -22.22
v  -7.58 49.99 -21.19
v  -14.56 50.01 -28.55
v  -34.88 58.56 -23.24
v  -28.21 54.29 -29.58
v  -21.54 50.03 -35.91
v  -14.77 54.60 -15.40
v  -27.61 47.00 -14.93
v  -21.79 52.05 -8.34
v  -20.73 50.64 -21.99
v  -7.34 53.82 -22.45
v  -13.16 48.77 -29.05
v  -33.30 40.86 -21.52
v  -26.17 42.54 -28.58
v  -18.85 42.74 -35.64
v  -25.92 61.45 -21.52
v  -15.03 54.15 -15.31
v  -17.56 56.63 -24.81
v  -23.39 58.96 -12.02
v  -10.16 45.32 -19.12
v  -12.69 47.81 -28.62
v  -29.00 62.90 -31.16
v  -20.88 58.07 -34.61
v  -16.86 48.82 -38.57
v  -15.27 54.08 -15.48
v  -28.72 51.21 -15.83
v  -20.35 45.55 -16.70
v  -23.74 59.52 -12.87
v  -9.05 62.38 -17.46
v  -17.43 68.04 -16.59
v  -36.60 56.75 -16.37
v  -32.01 65.39 -13.73
v  -25.31 73.58 -17.14
v  -3.98 59.26 17.02
v  -15.64 65.44 26.01
v  -5.89 59.58 28.11
v  -13.37 66.07 14.46
v  -2.65 56.68 6.60
v  -12.04 63.26 3.83
v  -25.70 69.68 23.72
v  -23.70 69.44 12.82
v  -22.08 67.54 1.91
v  -10.69 75.85 14.33
v  -16.81 66.41 5.90
v  -14.58 75.82 5.22
v  -13.32 65.94 15.22
v  -11.62 77.45 24.36
v  -14.23 68.14 25.54
v  -22.94 57.69 7.29
v  -20.35 58.70 17.11
v  -19.38 58.69 27.15
v  -12.60 75.48 11.03
v  -23.25 66.39 12.36
v  -22.50 76.26 11.39
v  -12.97 65.86 14.87
v  -2.69 74.69 10.68
v  -3.44 64.83 11.65
v  -14.09 55.74 12.97
v  -23.99 56.53 13.33
v  -4.18 54.96 12.62
v  14.94 39.04 -33.27
v  5.11 45.40 -26.65
v  12.94 41.80 -24.40
v  7.22 43.67 -35.59
v  2.81 45.29 -17.60
v  10.53 40.66 -15.28
v  22.67 34.41 -30.96
v  20.48 35.38 -21.98
v  18.25 36.03 -12.97
v  4.45 45.33 -26.56
v  12.93 35.56 -29.26
v  3.69 36.55 -29.13
v  14.31 44.91 -27.61
v  5.58 52.69 -20.39
v  14.82 52.11 -21.01
v  22.93 43.35 -26.81
v  22.13 33.84 -27.68
v  24.02 50.40 -19.43
v  6.46 54.25 -26.89
v  7.69 44.21 -35.29
v  5.74 53.70 -36.63
v  5.48 45.02 -26.30
v  6.53 54.86 -17.32
v  3.28 45.83 -17.30
v  4.51 35.80 -25.71
v  8.99 34.78 -34.13
v  4.57 36.40 -16.14
v  16.56 51.73 -27.82
v  5.27 44.99 -26.84
v  11.84 47.27 -20.67
v  9.99 49.45 -33.99
v  3.30 36.77 -22.16
v  9.70 39.23 -15.89
v  23.53 53.15 -21.85
v  19.15 48.66 -15.14
v  16.95 40.82 -10.32
v  29.39 37.66 -19.30
v  17.75 42.74 -15.97
v  24.56 37.93 -11.41
v  22.99 43.26 -24.11
v  33.56 35.54 -26.85
v  27.24 40.95 -31.82
v  10.77 46.22 -20.78
v  15.61 46.03 -28.49
v  20.15 44.47 -36.33
v  25.08 51.30 -23.39
v  22.97 43.54 -31.69
v  24.88 51.27 -31.53
v  22.80 43.15 -23.51
v  21.32 52.61 -16.02
v  18.97 44.96 -15.90
v  16.86 37.20 -24.20
v  17.86 36.37 -32.48
v  14.55 37.20 -16.24
v  23.18 43.09 -23.67
v  16.95 51.64 -29.22
v  24.63 50.99 -26.49
v  16.09 43.53 -28.71
v  31.43 42.24 -23.23
v  32.30 50.35 -23.75
v  15.23 35.42 -28.20
v  22.90 34.77 -25.46
v  30.57 34.13 -22.72
v  -19.31 46.60 17.09
v  -19.44 43.41 6.89
v  -24.45 43.42 12.55
v  -14.30 46.58 11.43
v  -24.58 40.23 2.35
v  -29.59 40.25 8.01
v  -24.32 46.61 22.75
v  -29.46 43.44 18.21
v  -34.60 40.26 13.67
v  -18.63 38.00 16.81
v  -19.81 43.66 7.31
v  -24.32 40.71 12.16
v  -14.11 41.76 12.06
v  -25.53 43.08 2.25
v  -30.05 39.32 7.00
v  -23.15 33.42 21.46
v  -28.86 34.67 16.63
v  -34.57 34.82 11.66
v  -23.63 48.77 15.99
v  -19.73 43.33 7.49
v  -26.62 45.18 9.99
v  -16.74 46.92 13.49
v  -22.87 36.75 4.13
v  -29.76 38.61 6.63
v  -30.59 49.85 18.90
v  -33.68 46.25 13.10
v  -36.88 39.36 10.37
v  -19.84 43.28 7.68
v  -19.22 41.14 17.69
v  -20.41 36.92 11.53
v  -17.35 47.33 13.81
v  -21.71 49.46 3.20
v  -20.52 53.68 9.36
v  -19.11 45.26 23.58
v  -17.45 51.71 20.00
v  -20.42 57.81 15.25
v  24.44 48.53 17.97
v  28.74 51.70 8.77
v  21.80 51.69 11.68
v  31.39 48.54 15.07
v  27.08 45.36 24.27
v  34.03 45.38 21.37
v  35.69 51.72 5.86
v  38.33 48.56 12.16
v  40.97 45.39 18.46
v  24.95 48.78 17.76
v  28.01 43.14 8.72
v  21.90 46.89 11.03
v  31.10 45.84 15.36
v  27.89 48.20 24.77
v  34.00 44.45 22.47
v  34.08 38.58 6.51
v  37.10 39.83 13.32
v  40.08 39.98 20.25
v  32.14 53.87 11.63
v  24.96 48.45 17.56
v  32.22 50.29 18.30
v  24.88 52.02 10.89
v  26.32 41.90 21.94
v  33.58 43.75 22.68
v  39.64 54.94 12.03
v  39.90 51.36 18.57
v  41.59 44.49 22.41
v  25.14 48.40 17.44
v  28.92 46.26 8.19
v  27.32 42.07 14.23
v  25.56 52.43 10.87
v  24.88 54.56 22.27
v  26.48 58.76 16.23
v  31.37 50.38 2.86
v  28.33 56.80 5.36
v  28.93 62.87 10.90
v  1.43 49.36 -6.19
v  -0.53 55.88 -18.18
v  -5.98 52.18 -11.85
v  6.89 54.11 -12.39
v  -7.98 55.77 -24.20
v  -13.43 51.02 -18.00
v  -4.03 44.62 0.01
v  -11.46 45.61 -5.87
v  -18.89 46.28 -11.79
v  -3.58 55.38 -9.20
v  2.39 46.81 -18.45
v  -0.34 55.81 -18.84
v  -1.45 45.79 -9.78
v  -9.94 62.76 -11.56
v  -6.56 63.34 -20.42
v  -8.00 53.78 -1.51
v  -6.85 44.03 -1.89
v  -15.35 61.00 -3.66
v  -0.89 64.95 -16.82
v  6.41 54.66 -12.08
v  8.49 64.39 -13.33
v  -1.02 55.49 -17.98
v  -9.83 65.57 -20.85
v  -8.45 56.32 -23.89
v  -1.15 46.04 -19.15
v  4.77 45.00 -11.37
v  -10.09 46.66 -23.18
v  -4.34 62.37 -7.01
v  -0.42 55.45 -17.95
v  -8.98 57.79 -14.47
v  4.21 60.03 -10.50
v  -3.94 47.03 -21.79
v  -12.52 49.56 -18.51
v  -12.88 63.82 -3.08
v  -17.26 59.22 -10.03
v  -20.80 51.18 -14.14
v  11.31 59.28 16.51
v  18.73 52.89 25.84
v  20.44 57.55 17.91
v  9.68 55.66 24.54
v  2.05 59.18 14.92
v  0.34 54.52 22.85
v  17.03 48.23 33.77
v  7.85 49.20 32.29
v  -1.36 49.86 30.78
v  11.16 59.22 15.85
v  14.55 49.39 24.14
v  13.68 50.38 14.88
v  13.00 58.79 25.66
v  5.07 66.61 17.48
v  6.42 66.04 26.69
v  12.89 57.22 34.37
v  13.70 47.66 33.49
v  5.57 64.31 36.04
v  11.66 68.19 17.85
v  20.18 58.09 18.41
v  21.37 67.64 16.34
v  10.99 58.91 16.91
v  2.06 68.80 18.67
v  1.79 59.72 15.41
v  10.32 49.62 15.98
v  19.12 48.60 19.80
v  0.72 50.23 16.80
v  13.39 65.66 27.90
v  11.51 58.87 16.65
v  5.85 61.17 23.73
v  19.06 63.36 20.82
v  6.66 50.60 15.05
v  0.88 53.08 21.97
v  7.96 67.08 35.36
v  0.88 62.57 31.51
v  -4.12 54.67 29.68
v  7.94 70.05 -6.85
v  9.88 67.83 2.60
v  9.73 59.15 -0.27
v  7.62 61.54 -9.51
v  1.70 63.85 -15.53
v  1.46 72.36 -12.72
v  8.19 76.18 5.15
v  5.19 78.63 -3.24
v  0.54 81.02 -9.61
v  17.69 69.10 -5.38
v  7.37 62.29 -8.97
v  12.19 67.84 -13.45
v  11.98 63.49 -1.02
v  4.27 72.60 -16.74
v  -0.61 66.86 -11.75
v  21.96 76.12 -9.01
v  17.40 75.30 -16.15
v  8.95 79.75 -19.67
v  2.91 72.94 -4.19
v  7.50 62.09 -9.27
v  11.27 69.50 -6.22
v  -0.76 65.08 -6.45
v  14.50 60.30 -14.57
v  18.17 68.16 -12.31
v  6.38 81.19 -2.43
v  14.69 78.50 -5.92
v  21.03 77.00 -10.54
v  -25.89 47.66 22.02
v  -25.17 52.39 10.75
v  -31.31 47.90 15.31
v  -19.66 52.87 17.90
v  -20.55 45.68 28.06
v  -14.21 50.72 24.05
v  -18.76 55.64 6.12
v  -13.50 55.46 12.78
v  -8.03 54.00 19.23
v  -20.94 60.38 19.51
v  -20.12 52.77 17.55
v  -13.72 60.35 21.88
v  -12.99 53.14 20.25
v  -26.25 61.60 13.90
v  -25.61 54.46 11.80
v  -17.66 47.22 12.54
v  -10.69 46.45 16.02
v  -23.93 47.22 8.02
v  -18.08 60.09 20.08
v  -13.45 53.12 13.28
v  -13.27 60.69 14.20
v  -20.10 52.72 17.93
v  -23.07 51.92 25.05
v  -22.89 59.49 25.97
v  -18.44 44.96 18.24
v  -13.63 45.56 12.36
v  -23.25 44.36 24.13
v  -30.38 35.44 -19.04
v  -20.39 29.34 -8.46
v  -18.79 36.06 -17.95
v  -31.48 29.65 -9.24
v  -10.00 26.78 -8.18
v  -8.20 33.29 -17.68
v  -29.12 39.64 -29.17
v  -18.19 39.40 -28.27
v  -7.30 37.52 -27.75
v  -18.40 45.74 -15.32
v  -10.71 36.40 -22.17
v  -9.81 45.71 -20.05
v  -19.53 35.94 -17.82
v  -28.35 47.32 -15.25
v  -29.78 38.12 -17.70
v  -12.68 27.78 -28.07
v  -22.09 28.78 -24.56
v  -31.87 28.77 -22.62
v  -15.34 45.37 -17.52
v  -17.69 36.39 -27.87
v  -16.67 46.15 -27.24
v  -19.15 35.86 -17.51
v  -14.02 44.60 -7.81
v  -15.04 34.84 -8.45
v  -17.39 25.85 -18.80
v  -18.72 26.63 -28.51
v  -16.07 25.08 -9.09
v  -11.17 32.99 -16.89
v  -11.34 27.30 -27.49
v  -16.84 31.45 -22.83
v  -5.67 29.77 -21.67
v  -5.51 32.89 -10.75
v  -0.01 28.75 -15.42
v  -5.84 23.16 -32.16
v  -0.18 24.03 -26.13
v  5.49 24.61 -20.08
v  -7.40 32.55 -24.26
v  -13.72 25.07 -17.04
v  -11.42 32.93 -16.35
v  -9.31 24.19 -24.03
v  -6.25 39.50 -14.20
v  -2.21 38.99 -21.42
v  -2.60 31.16 -30.34
v  -3.65 22.65 -30.16
v  3.46 37.46 -27.55
v  -10.69 40.90 -18.03
v  -16.39 31.93 -23.04
v  -18.34 40.41 -22.23
v  -10.72 32.65 -17.00
v  -3.48 41.44 -13.41
v  -5.06 33.38 -10.96
v  -10.76 24.40 -15.98
v  -14.88 23.49 -23.44
v  -3.55 24.94 -11.36
v  -11.24 32.62 -17.10
v  -6.46 38.65 -26.05
v  -14.29 36.61 -24.13
v  -3.41 34.66 -19.02
v  -8.69 25.27 -13.35
v  -0.86 27.47 -15.09
v  1.41 39.92 -28.36
v  4.31 35.91 -21.81
v  6.84 28.89 -17.81
v  -12.94 58.60 -0.60
v  -7.33 60.35 5.41
v  -2.81 64.06 0.12
v  -8.89 64.33 -4.89
v  -14.98 64.60 -9.90
v  -19.50 60.88 -4.61
v  -11.85 56.63 10.70
v  -17.94 56.90 5.69
v  -24.02 57.17 0.68
v  -1.48 68.55 4.50
v  -7.73 60.82 -1.09
v  -9.09 68.21 1.85
v  -0.12 61.16 1.57
v  -15.34 60.48 -3.75
v  -16.70 67.87 -0.81
v  -2.83 75.94 7.44
v  -10.44 75.60 4.78
v  -18.06 75.26 2.13
v  -11.04 66.76 3.47
v  -7.12 64.35 10.46
v  -3.12 59.45 5.45
v  -7.65 61.46 -1.05
v  -14.06 62.29 -6.07
v  -18.06 67.19 -1.06
v  -16.76 70.57 9.84
v  -11.73 68.87 15.95
v  -22.62 71.74 4.39
v  -10.37 68.91 -1.92
v  -0.82 64.44 2.24
v  -7.76 61.38 -0.65
v  -3.44 71.97 0.97
v  -15.88 58.91 0.50
v  -18.50 66.44 -0.77
v  -13.43 76.64 -2.22
v  -6.48 79.50 0.55
v  -21.57 74.49 -0.38
v  -7.80 61.57 -0.51
v  -5.00 66.64 8.79
v  -11.17 61.87 6.70
v  -0.84 65.27 2.03
v  -0.35 67.39 -6.65
v  -6.52 62.63 -8.74
v  0.23 72.01 10.43
v  4.54 71.10 3.68
v  4.88 72.76 -5.00
v  10.03 69.49 18.34
v  6.97 63.15 14.86
v  15.49 69.94 12.71
v  12.42 63.60 9.23
v  20.95 70.39 7.08
v  17.88 64.05 3.60
v  13.10 75.83 21.82
v  18.56 76.28 16.19
v  24.02 76.73 10.56
v  5.30 66.34 11.31
v  14.76 71.15 10.24
v  7.17 73.97 11.11
v  12.72 63.92 9.70
v  19.58 62.71 5.86
v  21.45 70.34 5.66
v  16.12 79.89 8.00
v  8.85 81.99 10.19
v  23.15 78.32 4.81
v  12.49 64.22 9.54
v  15.08 69.14 19.31
v  8.76 65.52 16.38
v  18.81 67.85 12.47
v  14.77 66.72 1.92
v  21.10 70.35 4.85
v  21.13 73.56 21.87
v  24.90 72.47 15.14
v  26.97 75.66 7.66
v  12.53 64.44 9.62
v  8.30 73.07 14.24
v  10.20 71.28 6.83
v  9.35 65.77 16.91
v  17.34 58.21 11.81
v  15.44 59.99 19.22
v  7.50 75.13 21.37
v  8.73 68.01 24.44
v  14.64 62.06 26.35
# 2816 vertices

vn 0.31 -0.15 -0.94
vn -0.77 -0.16 -0.61
vn 0.30 -0.09 -0.95
vn -0.72 -0.54 -0.44
vn -1.00 -0.04 -0.08
vn -0.95 -0.19 0.24
vn -0.33 0.26 0.91
vn 0.48 0.27 0.83
vn -0.37 0.15 0.92
vn 0.42 0.27 0.87
vn 0.80 0.25 0.55
vn 0.80 0.31 0.52
vn 0.81 -0.05 -0.59
vn 0.71 0.03 -0.70
vn 0.15 0.13 -0.98
vn 0.22 0.18 -0.96
vn 0.26 0.23 -0.94
vn 0.28 0.26 -0.92
vn 0.43 0.74 0.52
vn 0.80 0.41 0.45
vn 0.35 0.94 -0.02
vn 0.47 0.88 0.07
vn 0.19 -0.24 0.95
vn 0.63 -0.33 0.71
vn 0.07 -0.59 0.80
vn -0.02 -0.72 0.70
vn -0.03 -0.96 -0.28
vn 0.02 -0.94 -0.35
vn 0.05 -0.85 -0.53
vn 0.09 -0.79 -0.60
vn 0.98 -0.21 -0.02
vn 0.98 -0.20 0.02
vn 0.98 -0.19 0.00
vn 0.78 0.49 0.39
vn 0.60 0.56 0.57
vn 0.97 -0.03 0.23
vn 0.98 0.14 0.13
vn -0.33 0.82 0.47
vn -0.27 0.64 0.72
vn -0.95 -0.14 0.27
vn -0.69 0.04 0.72
vn -0.80 -0.57 0.17
vn -0.66 -0.26 0.71
vn 0.26 -0.97 -0.02
vn 0.27 -0.95 0.16
vn 0.31 -0.95 -0.04
vn 0.23 -0.96 0.18
vn -0.11 0.11 0.99
vn -0.63 0.21 -0.75
vn -0.50 0.12 -0.86
vn -0.78 -0.35 -0.52
vn -0.84 -0.35 -0.41
vn 0.38 0.78 -0.50
vn 0.40 0.48 -0.78
vn 0.99 -0.07 0.09
vn 0.88 -0.21 -0.43
vn 0.74 -0.63 0.23
vn 0.67 -0.64 -0.39
vn -0.19 -0.98 0.00
vn -0.17 -0.99 0.02
vn -0.15 -0.99 0.00
vn -0.18 -0.98 0.02
vn 0.27 -0.34 -0.90
vn -0.82 -0.36 0.44
vn -0.92 0.29 0.27
vn -0.84 -0.36 0.42
vn -0.94 0.03 -0.35
vn -0.11 0.83 -0.54
vn -0.04 0.26 -0.96
vn 0.76 -0.25 -0.60
vn 0.70 -0.48 -0.54
vn 0.67 -0.63 -0.39
vn 0.05 -0.74 -0.67
vn -0.19 -0.97 0.14
vn -0.27 -0.95 0.17
vn -0.31 -0.93 0.21
vn -0.33 -0.92 0.22
vn -0.51 -0.74 -0.44
vn 0.17 -0.57 -0.80
vn -0.08 0.49 0.87
vn -0.33 0.45 0.83
vn 0.26 -0.00 0.97
vn 0.32 0.29 0.90
vn -0.67 0.74 -0.05
vn -0.88 0.45 0.14
vn -0.69 -0.11 -0.72
vn -0.92 -0.29 -0.28
vn -0.38 -0.64 -0.67
vn -0.84 -0.51 -0.20
vn 0.15 -0.98 0.12
vn 0.33 -0.91 0.24
vn 0.20 -0.97 0.14
vn 0.39 -0.87 0.29
vn -0.92 -0.07 0.40
vn -0.86 0.18 0.47
vn -0.79 -0.34 0.51
vn -0.95 0.13 0.27
vn -0.96 -0.25 -0.10
vn -0.20 0.93 -0.31
vn -0.56 0.69 -0.46
vn 0.53 0.20 -0.82
vn 0.22 0.00 -0.98
vn 0.54 -0.33 -0.77
vn 0.55 -0.48 -0.69
vn 0.19 -0.98 0.04
vn 0.24 -0.97 -0.01
vn 0.16 -0.99 0.02
vn 0.16 -0.99 -0.00
vn 0.15 -0.07 0.99
vn -0.25 -0.37 0.90
vn -0.19 0.43 0.88
vn -0.42 0.31 0.85
vn -0.48 0.87 -0.13
vn -0.67 0.73 -0.14
vn -0.47 0.13 -0.87
vn -0.50 0.16 -0.85
vn -0.37 -0.54 -0.75
vn -0.48 -0.27 -0.83
vn 0.13 -0.99 0.10
vn 0.01 -1.00 0.08
vn 0.05 -1.00 0.08
vn -0.05 -1.00 0.08
vn 0.66 0.47 0.59
vn 0.95 -0.08 0.31
vn 0.43 0.21 0.88
vn 0.66 -0.44 0.61
vn -0.29 0.77 0.56
vn -0.24 0.67 0.70
vn -0.97 0.03 0.26
vn -0.72 -0.08 0.69
vn -0.89 -0.45 0.06
vn -0.71 -0.59 0.38
vn 0.11 -0.99 -0.05
vn 0.08 -0.98 -0.17
vn 0.01 -0.99 -0.10
vn -0.05 -1.00 -0.06
vn 0.41 -0.03 -0.91
vn 0.85 -0.15 -0.50
vn 0.45 0.06 -0.89
vn 0.92 0.10 -0.38
vn 0.38 0.82 0.43
vn 0.46 0.88 -0.15
vn 0.54 0.67 0.50
vn 0.76 0.64 0.11
vn 0.13 -0.02 0.99
vn -0.00 0.06 1.00
vn 0.01 -0.47 0.88
vn -0.17 -0.34 0.92
vn -0.15 -0.97 -0.17
vn -0.09 -0.99 -0.09
vn -0.09 -0.98 -0.18
vn -0.04 -1.00 -0.04
vn -0.78 -0.22 -0.59
vn -0.46 -0.46 -0.76
vn -0.51 0.18 -0.84
vn -0.38 -0.02 -0.93
vn 0.41 0.73 -0.55
vn 0.04 0.52 -0.85
vn 0.56 0.63 -0.54
vn 0.96 0.24 0.13
vn 0.98 0.09 -0.15
vn 0.84 -0.38 0.40
vn 0.90 -0.44 0.02
vn -0.34 -0.94 0.05
vn -0.32 -0.95 0.05
vn -0.22 -0.97 -0.15
vn -0.17 -0.98 0.06
vn 0.96 -0.07 -0.27
vn 0.81 -0.43 -0.40
vn 0.36 -0.56 -0.75
vn 0.30 -0.35 -0.89
vn 0.33 -0.07 -0.94
vn -0.31 0.59 -0.74
vn -0.76 0.32 -0.57
vn -0.92 -0.14 -0.37
vn -0.75 -0.30 -0.59
vn -0.73 -0.21 -0.65
vn -0.89 -0.25 -0.37
vn -0.92 0.01 -0.39
vn -0.80 -0.49 -0.34
vn -0.99 -0.10 0.07
vn 0.24 -0.19 0.95
vn 0.32 -0.55 0.77
vn 0.57 -0.02 0.82
vn 0.47 -0.58 0.67
vn 0.08 -0.97 -0.21
vn 0.36 0.41 0.84
vn -0.19 0.50 0.85
vn -0.44 0.50 0.74
vn -0.83 0.52 0.20
vn -0.73 0.37 -0.58
vn -0.97 0.23 -0.11
vn -0.93 0.25 0.26
vn -0.88 0.10 -0.47
vn -0.89 0.11 -0.44
vn -0.66 0.35 -0.66
vn -0.21 0.60 -0.77
vn 0.46 0.24 -0.85
vn 0.30 0.16 -0.94
vn 0.05 -1.00 -0.03
vn 0.00 -1.00 0.06
vn -0.04 -1.00 0.02
vn 0.06 -1.00 -0.02
vn -0.05 -0.99 -0.14
vn 0.92 0.35 -0.17
vn 0.86 0.41 -0.29
vn 0.59 0.54 -0.60
vn 0.37 0.29 -0.88
vn 0.39 0.27 -0.88
vn -0.18 0.38 -0.91
vn -0.89 0.41 -0.21
vn -0.75 0.37 -0.54
vn -0.97 0.25 -0.01
vn 0.51 0.28 0.81
vn 0.54 0.59 0.60
vn 0.76 0.48 0.44
vn -0.23 -0.18 0.96
vn 0.05 0.46 0.89
vn -0.94 -0.03 0.35
vn -0.98 0.00 0.18
vn 0.68 -0.11 0.73
vn 0.51 -0.16 0.85
vn 0.63 0.32 -0.71
vn 0.62 0.67 -0.41
vn 0.98 0.10 -0.15
vn 0.89 0.46 -0.06
vn -0.75 0.26 -0.60
vn -0.23 0.68 -0.70
vn 0.25 0.97 0.08
vn -0.52 -0.09 -0.85
vn -0.95 0.08 0.30
vn -0.64 0.57 -0.52
vn -0.98 0.09 0.20
vn -0.05 0.21 0.98
vn 0.30 0.18 0.94
vn -0.41 0.08 0.91
vn 0.98 0.08 0.20
vn 0.67 0.73 -0.15
vn 0.57 -0.09 -0.82
vn 0.39 0.20 -0.90
vn -0.03 1.00 -0.06
vn 0.05 0.96 0.28
vn -0.87 -0.33 -0.37
vn -0.56 -0.26 0.79
vn -0.92 0.02 0.39
vn 0.40 0.24 0.89
vn 0.37 0.18 0.91
vn 0.83 0.52 0.20
vn 0.74 0.52 -0.44
vn 0.14 0.98 0.13
vn -0.15 0.08 -0.98
vn -0.53 0.46 -0.71
vn -0.25 0.34 0.91
vn 0.13 0.98 -0.15
vn 0.27 0.94 -0.20
vn 0.58 0.65 -0.49
vn 0.79 0.22 0.58
vn -0.41 0.87 0.28
vn -0.17 0.96 0.24
vn -0.61 -0.32 0.73
vn -0.32 -0.82 0.48
vn -0.59 -0.21 0.78
vn -0.11 -0.72 0.69
vn 0.49 -0.82 -0.30
vn 0.82 -0.19 -0.55
vn 0.72 -0.38 -0.58
vn 0.74 0.38 -0.56
vn 0.54 -0.53 0.65
vn 0.12 -0.22 0.97
vn 0.13 0.37 0.92
vn 0.01 0.85 0.53
vn -0.86 0.13 0.50
vn -0.95 0.08 0.29
vn 0.96 0.26 -0.04
vn 0.83 0.55 -0.03
vn 0.63 0.46 0.63
vn 0.24 -0.06 -0.97
vn -0.08 0.06 -0.99
vn -0.84 -0.12 -0.52
vn -0.89 -0.13 -0.44
vn 0.44 0.90 -0.02
vn 0.54 0.84 0.05
vn 0.70 0.69 0.16
vn 0.15 0.78 0.61
vn 0.35 0.91 0.20
vn -0.76 0.57 0.31
vn -0.60 0.79 0.11
vn 0.66 0.55 0.51
vn 0.74 0.49 0.46
vn 0.94 -0.28 -0.19
vn 0.47 -0.61 -0.64
vn 0.97 -0.18 -0.16
vn 0.57 -0.57 -0.59
vn -0.22 -0.65 -0.72
vn 0.08 -0.70 -0.71
vn -0.96 0.28 0.03
vn -0.97 0.22 -0.05
vn 0.32 0.76 -0.57
vn 0.32 0.77 -0.55
vn 0.29 0.78 -0.56
vn -0.98 -0.12 0.16
vn -0.57 -0.11 0.82
vn -0.99 -0.11 0.10
vn -0.76 -0.18 0.63
vn 0.35 0.13 0.93
vn 0.80 0.28 0.53
vn 0.15 -0.05 0.99
vn 0.42 0.73 0.53
vn 0.64 0.35 -0.69
vn 0.25 0.78 -0.58
vn 0.13 0.23 -0.96
vn -0.12 0.16 -0.98
vn -0.80 -0.06 -0.60
vn -0.81 0.01 -0.59
vn -0.47 0.88 -0.05
vn -0.53 0.81 -0.24
vn -0.43 0.90 0.03
vn -0.77 -0.60 -0.23
vn -0.70 -0.64 0.31
vn -0.83 -0.48 -0.30
vn -0.78 -0.59 0.20
vn -0.01 -0.09 1.00
vn 0.32 0.38 0.87
vn -0.09 0.01 1.00
vn -0.05 0.77 0.63
vn 0.58 0.74 0.32
vn -0.46 0.85 0.28
vn -0.34 0.11 -0.93
vn -0.33 0.13 -0.93
vn 0.08 0.52 -0.85
vn -0.02 0.35 -0.94
vn -0.87 0.35 0.35
vn -0.89 0.34 0.29
vn -0.82 0.39 0.41
vn -0.42 -0.51 0.75
vn -0.65 0.14 0.75
vn -0.81 -0.52 -0.28
vn -0.89 -0.43 -0.17
vn 0.49 0.33 0.81
vn 0.02 0.68 0.73
vn 0.51 0.85 -0.12
vn 0.65 0.72 -0.26
vn 0.10 0.57 -0.81
vn -0.19 0.27 -0.94
vn 0.20 0.46 -0.86
vn -0.64 -0.24 -0.73
vn -0.72 0.65 0.24
vn -0.69 0.66 0.29
vn -0.67 0.64 0.37
vn -0.84 0.11 -0.52
vn -0.79 -0.02 0.61
vn -0.74 0.66 -0.16
vn -0.65 0.53 0.54
vn 0.36 0.02 0.93
vn 0.98 0.16 -0.09
vn 0.67 0.73 0.11
vn 0.23 0.22 -0.95
vn 0.43 0.51 -0.75
vn -0.02 0.19 -0.98
vn -0.26 0.97 -0.03
vn -0.34 -0.86 -0.38
vn -0.28 -0.69 0.66
vn -0.29 -0.87 -0.40
vn -0.79 -0.33 0.52
vn 0.09 0.64 0.77
vn -0.55 0.67 0.51
vn 0.19 0.80 -0.57
vn 0.13 0.87 -0.47
vn -0.14 -0.19 -0.97
vn 0.08 0.42 -0.90
vn -0.16 -0.63 -0.76
vn -0.98 0.19 -0.01
vn -0.98 0.20 0.02
vn -0.97 0.20 0.14
vn -0.15 0.88 -0.45
vn -0.97 0.16 -0.16
vn -0.11 0.66 -0.75
vn -0.89 0.25 -0.37
vn -0.48 -0.79 0.39
vn -0.49 -0.72 0.49
vn -0.97 -0.16 0.17
vn 0.69 -0.60 0.40
vn 0.65 -0.56 0.52
vn 0.87 0.46 -0.16
vn 0.94 0.32 -0.13
vn -0.50 0.80 0.34
vn -0.85 0.46 0.25
vn -0.42 0.64 0.64
vn -0.98 0.02 0.20
vn -0.67 -0.68 -0.29
vn -0.06 -0.86 -0.51
vn -0.67 -0.69 -0.27
vn -0.07 -0.66 -0.75
vn 0.95 -0.14 -0.27
vn 0.96 -0.02 -0.28
vn 0.51 0.82 0.25
vn 0.59 0.69 0.42
vn 0.35 0.17 -0.92
vn -0.09 0.26 -0.96
vn 0.07 0.21 -0.98
vn -0.27 0.28 -0.92
vn -0.76 0.15 -0.64
vn -0.70 0.10 -0.70
vn -0.95 0.08 -0.30
vn -0.88 -0.07 -0.46
vn -0.74 0.38 0.55
vn -0.69 0.09 0.72
vn -0.95 0.23 0.22
vn -0.78 -0.29 0.55
vn -0.08 0.31 0.95
vn -0.12 0.42 0.90
vn 0.57 0.39 0.72
vn 0.76 0.43 0.48
vn 0.85 0.35 0.39
vn 0.87 0.21 -0.44
vn 0.55 0.01 -0.83
vn 0.74 0.42 -0.53
vn 0.33 0.36 -0.87
vn -0.25 0.81 -0.54
vn -0.45 0.65 -0.61
vn 0.15 -0.38 -0.91
vn 0.01 -0.39 -0.92
vn -0.24 0.76 0.60
vn -0.20 0.79 0.58
vn 0.06 -0.12 0.99
vn 0.39 -0.17 0.91
vn 0.36 -0.92 0.14
vn 0.45 -0.89 -0.02
vn 0.47 -0.67 0.57
vn 0.07 -0.44 -0.89
vn -0.72 0.43 -0.54
vn -0.21 -0.64 -0.73
vn -0.77 0.29 -0.57
vn -0.73 0.67 -0.14
vn -0.72 0.66 -0.22
vn -0.16 0.59 0.79
vn 0.35 0.21 0.91
vn 0.04 0.82 0.57
vn 0.56 0.38 0.74
vn 0.69 -0.34 0.64
vn 0.82 -0.25 0.51
vn 0.47 -0.73 -0.50
vn 0.22 -0.87 -0.45
vn 0.33 -0.32 -0.89
vn -0.77 0.15 -0.62
vn 0.12 -0.34 -0.93
vn -0.87 -0.16 -0.47
vn -0.90 0.44 -0.06
vn -0.96 0.09 0.25
vn 0.51 0.32 0.80
vn 0.56 0.36 0.75
vn -0.10 0.56 0.82
vn -0.13 0.37 0.92
vn 0.90 0.05 0.44
vn 0.92 0.17 0.36
vn 0.78 -0.37 -0.51
vn 0.70 -0.26 -0.66
vn -0.53 0.70 0.47
vn -0.73 0.50 0.46
vn -0.45 0.70 -0.56
vn -0.45 0.46 -0.77
vn 0.11 -0.21 0.97
vn 0.15 -0.25 0.96
vn 0.63 -0.76 -0.19
vn 0.74 -0.67 0.08
vn 0.18 -0.08 -0.98
vn 0.54 -0.39 -0.75
vn -0.04 0.14 -0.99
vn -0.56 -0.72 -0.41
vn -0.63 -0.65 -0.43
vn 0.39 -0.28 -0.88
vn 0.49 -0.15 -0.86
vn -0.77 -0.10 0.63
vn -0.68 -0.05 0.73
vn 0.16 0.75 0.64
vn 0.27 0.59 0.76
vn 0.79 0.56 -0.25
vn 0.80 0.58 0.14
vn 0.84 0.18 -0.52
vn -0.40 0.85 -0.35
vn -0.39 0.85 -0.35
vn -0.23 0.07 -0.97
vn -0.42 0.56 -0.71
vn -0.07 0.78 0.62
vn 0.41 0.86 0.30
vn 0.47 -0.34 0.82
vn 0.90 0.02 0.43
vn 0.32 -0.85 -0.41
vn 0.33 -0.87 -0.35
vn -0.04 -0.48 -0.88
vn 0.78 0.51 -0.36
vn 0.80 0.48 -0.38
vn 0.77 0.54 -0.35
vn 0.02 0.77 -0.63
vn -0.33 0.81 0.48
vn 0.59 0.50 -0.63
vn 0.27 0.92 -0.27
vn -0.10 -0.16 0.98
vn -0.31 0.58 0.75
vn 0.42 -0.89 0.19
vn 0.65 0.10 0.76
vn 0.42 -0.21 -0.88
vn 0.88 -0.29 -0.39
vn 0.59 -0.76 0.28
vn 0.93 0.36 0.12
vn -0.92 -0.10 -0.38
vn -0.97 0.03 -0.25
vn -0.25 0.75 -0.61
vn -0.11 0.78 -0.61
vn -0.46 -0.77 0.44
vn -0.53 -0.71 0.47
vn 0.56 -0.40 0.73
vn 0.60 -0.54 0.59
vn 0.85 0.48 0.23
vn 0.93 0.37 -0.04
vn 0.17 0.78 -0.60
vn 0.56 0.72 -0.41
vn -0.76 -0.13 -0.64
vn -0.77 -0.21 0.60
vn -0.74 0.42 -0.53
vn -0.78 0.51 0.37
vn 0.11 0.07 0.99
vn -0.01 0.12 0.99
vn 0.69 0.31 0.65
vn 0.63 0.77 0.11
vn 0.68 0.34 0.65
vn 0.78 0.41 -0.47
vn 0.36 0.30 -0.89
vn 0.22 0.26 -0.94
vn 0.14 0.96 -0.24
vn 0.03 1.00 0.04
vn -0.63 -0.63 -0.46
vn -0.70 -0.30 0.65
vn -0.83 -0.38 -0.41
vn -0.57 -0.21 0.79
vn 0.18 0.52 0.83
vn 0.27 0.23 0.93
vn 0.74 0.65 -0.15
vn 0.61 0.59 0.53
vn 0.83 0.55 0.05
vn 0.15 -0.05 -0.99
vn 0.17 0.18 -0.97
vn 0.10 0.50 -0.86
vn -0.41 0.25 -0.88
vn -0.71 0.08 -0.70
vn -0.87 -0.06 -0.49
vn 0.10 0.07 0.99
vn 0.72 0.33 0.61
vn 0.69 0.07 0.72
vn 0.87 0.38 0.32
vn 0.98 0.15 0.10
vn 0.63 0.00 -0.78
vn 0.50 0.49 -0.71
vn -0.36 -0.23 -0.90
vn 0.43 -0.45 -0.78
vn 0.06 0.01 -1.00
vn -0.56 0.41 -0.72
vn -0.77 0.41 -0.49
vn -0.73 0.57 -0.38
vn -0.71 0.67 -0.21
vn -0.72 0.58 0.38
vn -0.43 0.50 0.76
vn -0.51 0.71 0.50
vn 0.01 0.52 0.85
vn 0.38 -0.03 0.92
vn 0.04 0.55 0.84
vn 0.50 0.02 0.87
vn 0.52 0.36 0.77
vn 0.86 -0.05 0.51
vn 0.76 -0.57 0.29
vn 0.85 -0.51 -0.15
vn 0.01 0.18 0.98
vn -0.36 0.70 0.61
vn -0.37 0.27 0.89
vn -0.54 0.72 0.43
vn -0.60 0.24 0.76
vn -0.63 0.66 0.40
vn 0.50 -0.47 0.73
vn 0.04 -0.18 0.98
vn -0.03 0.20 0.98
vn -0.64 0.52 0.57
vn -0.70 0.69 -0.18
vn -0.49 0.29 -0.82
vn -0.67 0.72 -0.20
vn 0.06 -0.02 -1.00
vn 0.66 -0.27 -0.70
vn 0.59 -0.70 -0.41
vn 0.21 -0.55 -0.81
vn 0.80 -0.24 0.55
vn 0.84 -0.51 -0.18
vn 0.95 -0.20 0.24
vn -0.13 0.81 0.57
vn 0.39 0.63 0.67
vn -0.87 0.38 -0.33
vn -0.80 0.59 -0.07
vn -0.60 -0.40 -0.69
vn 0.21 -0.74 -0.64
vn 0.55 -0.39 0.74
vn 0.71 -0.67 0.21
vn 0.55 0.57 0.61
vn 0.95 -0.22 0.21
vn 0.04 0.56 0.83
vn 0.65 0.35 0.68
vn 0.84 -0.33 0.43
vn 0.81 -0.58 -0.06
vn 0.74 -0.65 0.16
vn 0.71 -0.65 -0.26
vn 0.45 -0.79 -0.41
vn 0.12 -0.55 -0.83
vn -0.55 -0.36 -0.76
vn -0.98 0.03 -0.21
vn -0.80 -0.35 -0.49
vn -0.89 0.13 0.44
vn -0.90 -0.37 0.25
vn -0.65 -0.31 0.70
vn 0.33 0.45 0.83
vn -0.01 0.28 0.96
vn 0.19 0.25 0.95
vn 0.54 0.45 0.72
vn 0.41 0.38 0.83
vn 0.33 0.78 0.53
vn -0.19 0.97 0.16
vn 0.40 0.80 0.45
vn 0.03 1.00 -0.00
vn -0.09 0.58 0.81
vn 0.37 0.30 0.88
vn 1.00 0.06 0.03
vn 0.22 -0.26 -0.94
vn 0.80 -0.36 -0.48
vn -0.75 0.33 -0.57
vn -0.78 0.62 -0.13
vn 0.84 0.38 0.40
vn 0.69 0.44 0.58
vn 0.41 0.42 -0.81
vn 0.17 -0.04 -0.98
vn -0.03 -0.11 -0.99
vn 0.53 0.79 0.31
vn 0.55 0.66 0.51
vn -0.56 0.05 -0.83
vn -0.71 -0.20 -0.68
vn 0.71 -0.68 0.17
vn 0.83 -0.55 -0.07
vn 0.51 -0.52 0.69
vn 0.75 -0.50 0.43
vn -0.31 -0.03 0.95
vn 0.30 -0.45 0.84
vn 0.45 -0.46 0.76
vn -0.56 0.83 0.04
vn 0.79 0.43 -0.43
vn 0.86 0.38 -0.33
vn 0.68 0.51 0.53
vn 0.51 0.49 0.71
vn 0.25 0.40 0.88
vn 0.02 -0.98 -0.21
vn -0.01 -1.00 0.00
vn -0.46 -0.53 0.72
vn 0.17 -0.54 0.82
vn 0.18 0.23 -0.96
vn 0.10 0.44 -0.89
vn -0.35 0.29 -0.89
vn -0.79 0.12 -0.60
vn -0.94 0.09 -0.32
vn -0.48 -0.70 0.54
vn -0.78 -0.48 0.40
vn -0.82 -0.17 0.54
vn -0.98 -0.21 0.01
vn -0.60 0.80 0.02
vn -0.17 0.59 -0.79
vn -0.36 0.71 -0.60
vn -0.30 0.56 -0.77
vn -0.16 0.61 -0.77
vn -0.24 0.76 -0.60
vn 0.06 -0.16 -0.99
vn 0.37 -0.32 -0.87
vn 0.48 0.24 -0.85
vn 0.71 0.08 -0.70
vn -0.49 -0.61 -0.63
vn -0.47 -0.77 -0.43
vn 0.54 -0.48 -0.69
vn -0.52 -0.74 -0.44
vn 0.89 0.01 -0.45
vn -0.75 -0.64 -0.17
vn -0.84 -0.54 -0.08
vn 0.65 0.74 0.17
vn 0.29 0.92 0.25
vn 0.47 0.87 -0.12
vn 0.06 0.98 0.18
vn 0.28 0.96 -0.01
vn 0.36 0.90 -0.24
vn -0.27 0.77 0.57
vn -0.53 0.15 0.83
vn -0.60 0.33 0.73
vn -0.68 -0.22 0.70
vn -0.80 -0.23 0.56
vn -0.86 -0.37 0.35
vn -0.90 -0.37 0.21
vn -0.89 -0.11 0.44
vn -0.56 0.70 0.45
vn -0.70 0.49 0.52
vn -0.81 0.10 0.57
vn 0.06 -0.56 0.83
vn -0.44 -0.14 0.89
vn -0.28 -0.65 -0.71
vn -0.81 0.22 -0.55
vn -0.14 -0.64 -0.75
vn -0.83 -0.10 -0.55
vn -0.74 0.63 -0.22
vn -0.93 0.34 -0.15
vn 0.62 0.43 0.66
vn 0.60 0.16 0.78
vn 0.04 0.87 0.50
vn -0.16 0.65 0.75
vn 0.86 -0.25 0.44
vn 0.88 -0.36 0.30
vn 0.21 -0.87 -0.44
vn 0.29 -0.78 -0.55
vn 0.14 -0.15 -0.98
vn 0.19 -0.03 -0.98
vn -0.59 0.47 -0.66
vn -0.50 0.48 -0.72
vn -0.76 0.61 -0.22
vn -0.10 0.99 -0.02
vn -0.33 0.47 0.82
vn 0.20 0.03 0.98
vn 0.12 0.11 0.99
vn 0.64 -0.41 0.65
vn 0.87 -0.45 0.20
vn 0.60 -0.56 -0.58
vn 0.95 -0.31 -0.04
vn -0.93 -0.05 0.35
vn -0.07 -0.47 0.88
vn 0.58 -0.46 0.67
vn 0.99 0.12 -0.12
vn 0.77 0.41 -0.49
vn -0.55 0.51 -0.66
vn -0.07 -0.81 0.59
vn -0.96 -0.08 0.26
vn 0.15 -0.85 0.50
vn -0.86 -0.24 0.44
vn 0.95 -0.30 0.06
vn 0.96 -0.26 0.14
vn 0.93 0.26 -0.25
vn 0.64 0.66 -0.40
vn 0.55 0.79 -0.27
vn -0.51 0.80 -0.32
vn -0.49 0.87 -0.06
vn -0.76 -0.11 0.64
vn -0.74 -0.57 -0.35
vn 0.00 0.76 0.65
vn 0.67 0.71 -0.25
vn 0.25 0.07 -0.97
vn 0.78 0.40 0.48
vn 0.82 0.56 -0.12
vn 0.78 0.23 0.58
vn 0.96 0.29 -0.01
vn 0.04 0.11 -0.99
vn 0.08 0.25 -0.96
vn -0.57 -0.02 -0.82
vn -0.54 -0.12 -0.83
vn -0.94 -0.30 0.17
vn -0.81 -0.57 0.17
vn -0.71 -0.28 0.64
vn -0.59 -0.54 0.60
vn 0.46 0.06 0.89
vn 0.42 0.09 0.90
vn 0.88 0.46 -0.07
vn 0.82 0.55 -0.15
vn 0.80 0.26 0.55
vn 0.88 0.37 0.28
vn -0.10 0.15 -0.98
vn -0.58 -0.12 -0.81
vn -0.09 0.18 -0.98
vn -0.60 -0.22 -0.77
vn -0.89 -0.40 0.21
vn -0.73 -0.59 0.33
vn -0.67 -0.40 0.63
vn -0.58 -0.59 0.56
vn 0.31 -0.05 0.95
vn 0.51 -0.14 0.85
vn -0.58 -0.01 -0.82
vn -0.06 0.07 -1.00
vn -0.97 -0.13 0.19
vn -0.73 -0.12 0.67
vn 0.32 0.06 0.95
vn 0.80 0.17 0.58
vn 0.97 0.26 -0.04
vn 0.44 0.62 0.65
vn 0.29 0.25 0.92
vn 0.55 0.33 0.77
vn 0.23 0.32 0.92
vn 0.23 0.97 0.08
vn 0.87 0.19 0.45
vn 0.72 0.34 0.60
vn 0.15 -0.36 -0.92
vn 0.21 -0.33 -0.92
vn 0.73 -0.32 -0.60
vn -0.66 -0.30 -0.69
vn -0.33 0.19 -0.93
vn -0.62 -0.01 -0.78
vn -0.09 0.75 -0.66
vn -0.90 -0.35 0.25
vn -0.86 -0.50 0.07
vn -0.68 -0.11 0.72
vn -0.65 -0.40 0.65
vn -0.69 -0.10 0.71
vn -0.90 0.08 -0.43
vn 0.52 0.03 0.86
vn 0.93 0.28 -0.23
vn 0.04 0.31 -0.95
vn -0.59 -0.36 0.72
vn 0.54 -0.23 0.81
vn -0.28 0.90 -0.33
vn -0.71 0.64 -0.28
vn -0.98 0.12 0.17
vn -0.53 -0.73 0.43
vn 0.75 -0.54 0.38
vn 0.73 0.64 -0.22
vn -1.00 -0.02 0.02
vn -0.45 0.78 0.43
vn -0.27 -0.78 -0.56
vn 0.89 -0.30 -0.36
vn 0.61 0.70 0.36
vn -0.31 0.54 0.78
vn -0.73 0.31 0.61
vn 0.13 -0.31 -0.94
vn -0.97 0.18 -0.13
vn 0.94 -0.03 -0.34
vn 0.70 0.53 0.47
vn -0.96 0.21 0.18
vn -0.31 0.44 0.84
vn -0.47 -0.39 -0.79
vn -0.95 -0.15 -0.28
vn 0.64 -0.28 -0.71
vn 0.88 0.33 0.33
vn -0.12 0.60 -0.79
vn -0.90 -0.02 -0.43
vn -0.46 -0.75 0.48
vn 0.68 -0.48 0.56
vn 0.95 0.21 -0.24
vn 0.63 0.70 -0.33
vn -0.61 0.43 -0.67
vn -0.74 -0.19 -0.64
vn -0.37 0.77 -0.52
vn -0.80 -0.31 -0.51
vn -0.21 -0.98 -0.05
vn -0.26 -0.94 0.20
vn 0.67 -0.47 0.58
vn 0.60 -0.49 0.64
vn 0.59 0.75 0.31
vn 0.70 0.63 0.33
vn 0.17 0.98 0.03
vn -0.54 -0.76 -0.36
vn -0.10 -0.80 0.60
vn 0.45 0.24 0.86
vn 0.13 0.96 -0.23
vn -0.46 0.15 -0.88
vn 0.02 -0.82 0.57
vn -0.48 -0.64 -0.60
vn 0.33 0.44 0.83
vn 0.04 0.99 -0.11
vn -0.38 0.41 -0.83
vn -0.54 0.38 -0.75
vn -0.55 0.35 -0.75
vn -0.32 -0.65 0.69
vn -0.77 -0.44 -0.47
vn -0.53 -0.58 -0.62
vn -0.06 -0.66 0.75
vn 0.50 -0.32 0.80
vn 0.23 0.46 0.86
vn -0.24 0.60 -0.76
vn 0.08 1.00 0.03
vn -0.43 0.12 0.90
vn -0.86 0.44 -0.25
vn -0.77 0.59 -0.22
vn -0.56 0.80 -0.21
vn -0.47 0.87 -0.14
vn -0.51 -0.15 0.85
vn -0.89 0.27 0.36
vn -0.73 0.48 0.48
vn 0.78 -0.23 0.58
vn -0.87 0.26 -0.41
vn -0.79 0.30 -0.54
vn -0.48 0.49 -0.73
vn 0.03 0.19 -0.98
vn 0.89 0.05 -0.45
vn 0.90 0.42 0.15
vn 0.96 0.08 -0.26
vn 0.78 -0.36 0.51
vn -0.43 -0.46 0.78
vn -0.97 0.05 0.23
vn -0.38 0.91 0.19
vn -0.35 0.91 0.21
vn 0.67 0.73 0.15
vn -0.26 0.80 -0.53
vn 0.24 0.46 -0.86
vn -0.27 0.65 -0.71
vn 0.16 0.45 -0.88
vn -0.67 0.73 -0.09
vn -0.64 0.70 -0.31
vn -0.61 -0.08 0.79
vn -0.70 0.10 0.71
vn -0.14 -0.49 0.86
vn -0.13 -0.36 0.92
vn 0.82 -0.58 0.00
vn 0.81 -0.58 0.12
vn 0.82 -0.31 -0.48
vn 0.82 -0.27 -0.50
vn 0.25 0.92 -0.30
vn 0.52 0.64 -0.56
vn 0.39 0.87 -0.29
vn 0.58 0.69 -0.44
vn -0.15 0.99 0.03
vn 0.11 0.99 -0.04
vn -0.45 -0.27 0.85
vn -0.57 0.44 0.70
vn -0.45 -0.17 0.88
vn -0.13 0.49 0.86
vn 0.44 -0.89 0.09
vn -0.10 -0.91 0.39
vn 0.46 -0.87 -0.19
vn 0.76 -0.41 -0.51
vn 0.75 -0.36 -0.55
vn 0.77 -0.28 -0.57
vn 0.68 -0.70 -0.20
vn -0.30 -0.67 0.68
vn -0.63 -0.14 0.76
vn -0.05 0.94 -0.33
vn -0.48 0.86 0.17
vn 0.43 0.62 -0.66
vn -0.12 0.85 -0.52
vn 0.26 0.68 -0.68
vn -0.44 0.87 -0.23
vn -0.65 0.33 0.68
vn -0.31 -0.35 0.88
vn 0.66 -0.75 0.07
vn 0.81 -0.17 -0.57
vn -0.02 -0.01 1.00
vn 0.32 0.27 0.91
vn -0.22 -0.85 0.48
vn -0.66 -0.75 0.10
vn -0.15 -0.93 0.34
vn -0.52 -0.83 0.21
vn -0.10 -0.74 0.66
vn -0.82 -0.56 -0.09
vn -0.75 -0.63 -0.17
vn -0.65 0.58 -0.48
vn -0.66 0.47 -0.58
vn -0.23 0.85 -0.48
vn -0.24 0.88 -0.41
vn 0.21 0.98 -0.01
vn 0.19 0.96 -0.20
vn 0.39 0.83 -0.41
vn 0.36 0.87 -0.33
vn 0.64 0.67 -0.38
vn 0.55 0.68 -0.49
vn 1.00 -0.03 -0.04
vn 0.96 -0.15 -0.24
vn 0.76 -0.60 0.27
vn 0.67 -0.75 -0.02
vn -0.14 -0.90 0.41
vn -0.73 -0.64 0.23
vn -0.91 -0.38 0.16
vn -0.65 0.64 -0.41
vn -0.21 0.86 -0.47
vn 0.48 0.80 -0.36
vn -0.63 -0.44 -0.64
vn 0.34 -0.32 -0.89
vn 0.86 -0.01 -0.51
vn 0.47 0.61 0.64
vn 0.77 0.47 0.44
vn -0.44 0.52 0.73
vn -0.96 -0.23 -0.16
vn -0.75 -0.56 -0.36
vn -0.69 0.18 0.70
vn -0.68 0.01 0.73
vn -0.73 0.30 0.61
vn -0.85 0.29 0.45
vn 0.63 0.74 0.23
vn 0.27 0.72 0.64
vn -0.44 0.40 0.80
vn -0.57 -0.81 0.15
vn 0.30 -0.39 -0.87
vn 0.67 0.03 -0.74
vn -0.06 0.93 0.36
vn 0.28 0.96 -0.09
vn 0.62 0.04 -0.78
vn -0.34 0.68 0.65
vn 0.05 0.92 0.39
vn -0.48 -0.85 0.21
vn -0.67 -0.36 0.65
vn 0.25 -0.59 -0.77
vn 0.49 0.02 -0.87
vn 0.36 0.93 -0.05
vn -0.79 -0.23 -0.56
vn -0.65 -0.62 -0.45
vn -0.68 -0.33 0.66
vn -0.42 -0.69 0.59
vn 0.21 0.08 0.97
vn 0.26 0.29 0.92
vn 0.84 0.45 0.30
vn 0.64 0.48 0.60
vn 0.54 0.84 -0.05
vn 0.61 0.66 -0.44
vn 0.24 0.33 -0.91
vn -0.08 0.18 -0.98
vn -0.37 -0.74 -0.57
vn -0.15 -0.60 0.78
vn 0.19 0.41 0.89
vn 0.25 0.95 0.19
vn -0.05 0.37 -0.93
vn 0.20 0.79 -0.58
vn -0.50 -0.69 -0.51
vn -0.35 -0.48 0.80
vn 0.25 0.45 0.85
vn 0.55 0.82 0.15
vn 0.07 0.35 -0.94
vn 0.08 0.83 -0.56
vn -0.59 -0.67 -0.44
vn -0.60 -0.24 0.76
vn 0.27 0.37 0.89
vn 0.80 0.59 -0.02
vn 0.33 0.02 -0.95
vn 0.25 0.11 -0.96
vn 0.35 0.41 -0.84
vn -0.43 -0.44 -0.79
vn -0.09 -0.55 -0.83
vn -0.62 -0.33 -0.71
vn -0.96 0.27 0.05
vn -0.01 0.38 0.93
vn -0.25 0.54 0.80
vn 0.78 -0.55 0.30
vn 0.66 -0.37 0.66
vn 0.39 -0.66 -0.64
vn -0.15 0.89 0.43
vn 0.07 0.91 0.40
vn 0.08 0.81 0.59
vn -0.66 0.08 0.75
vn -0.69 -0.72 -0.08
vn 0.39 -0.32 -0.86
vn 0.16 -0.22 -0.96
vn 0.29 -0.29 -0.91
vn 0.34 0.01 0.94
vn 0.73 -0.60 0.32
vn -0.30 0.77 0.57
vn 0.57 0.52 -0.64
vn 0.38 0.93 0.03
vn 0.51 0.05 -0.86
vn -0.36 0.86 -0.36
vn -0.40 0.69 0.60
vn 0.21 -0.43 0.88
vn 0.59 -0.77 -0.23
vn 0.31 -0.05 -0.95
vn -0.05 0.54 -0.84
vn 0.58 -0.30 -0.76
vn -0.09 0.95 -0.29
vn 0.23 0.76 -0.60
vn -0.49 0.45 -0.75
vn -0.74 0.62 0.27
vn 0.11 -0.10 0.99
vn 0.80 -0.59 -0.10
vn 0.33 -0.26 -0.91
vn -0.07 0.21 -0.98
vn -0.45 0.74 -0.50
vn -0.40 0.76 0.52
vn 0.26 -0.20 0.94
vn 0.51 -0.74 -0.44
vn 0.13 -0.32 -0.94
vn -0.32 0.40 -0.86
vn 0.09 0.37 -0.92
vn -0.52 -0.08 -0.85
vn -0.76 -0.63 0.15
vn -0.57 -0.60 0.56
vn 0.76 0.39 0.51
vn 0.47 0.02 0.88
vn 0.76 0.63 -0.14
vn 0.42 0.90 -0.04
vn 0.68 0.59 -0.44
vn 0.99 -0.07 0.13
vn 0.09 -0.84 0.53
vn -0.90 -0.19 0.39
vn -0.56 -0.61 0.56
vn -0.82 -0.19 0.54
vn -0.82 -0.57 0.04
vn -0.08 0.94 0.34
vn -0.88 0.40 0.27
vn 0.05 -0.37 -0.93
vn -0.31 0.49 -0.81
vn -0.40 0.91 -0.06
vn -0.20 0.69 0.69
vn 0.28 -0.28 0.92
vn 0.42 -0.77 0.47
vn 0.28 -0.74 -0.61
vn 0.51 0.64 -0.58
vn 0.51 0.72 -0.47
vn 0.52 -0.07 -0.85
vn 0.54 -0.19 -0.82
vn -0.01 1.00 0.06
vn -0.05 0.81 0.58
vn -0.21 0.63 0.74
vn -0.21 -0.31 0.93
vn -0.39 -0.31 0.87
vn 0.17 -0.98 0.00
vn 0.01 -1.00 -0.02
vn 0.34 -0.63 -0.70
vn -0.05 0.92 -0.38
vn 0.22 -0.17 -0.96
vn -0.17 0.68 0.71
vn 0.03 -0.37 0.93
vn 0.55 -0.83 0.08
vn 0.29 -0.85 -0.44
vn 0.13 0.61 -0.79
vn 0.32 -0.30 -0.90
vn 0.27 0.82 -0.51
vn -0.18 0.84 0.52
vn -0.28 -0.29 0.91
vn 0.08 -0.97 0.23
vn 0.40 -0.59 -0.70
vn 0.65 -0.13 0.75
vn 0.25 0.78 0.57
vn 0.02 0.96 0.29
vn 0.27 0.09 -0.96
vn -0.12 0.58 -0.81
vn 0.46 -0.62 -0.64
vn 0.84 0.21 0.49
vn 0.66 -0.30 0.68
vn 0.73 0.18 0.66
vn 0.48 -0.26 0.84
vn 0.54 0.19 0.82
vn 0.25 0.11 0.96
vn -0.13 -0.67 0.73
vn -0.15 -0.81 0.57
vn -0.12 -0.03 0.99
vn 0.57 0.81 -0.12
vn 0.51 0.86 -0.05
vn 0.64 0.77 0.04
vn 0.64 0.76 -0.12
vn 0.25 0.93 -0.28
vn 0.47 0.86 0.19
vn -0.92 -0.34 0.21
vn -0.67 -0.32 0.67
vn -0.58 -0.80 0.15
vn -0.55 -0.83 0.11
vn -0.60 -0.75 0.28
vn -0.81 -0.25 -0.52
vn -0.66 0.09 -0.74
vn -0.32 0.83 -0.45
vn -0.04 0.82 -0.57
vn 0.35 0.78 -0.52
vn 0.56 0.74 -0.36
vn 0.35 0.93 -0.05
vn -0.15 0.99 0.06
vn -0.23 0.91 0.34
vn -0.14 -0.12 -0.98
vn -0.30 -0.08 -0.95
vn -0.45 -0.55 -0.70
vn -0.59 -0.49 -0.65
vn 0.16 -0.06 -0.99
vn -0.14 -0.55 -0.83
vn -0.57 -0.82 -0.04
vn -0.63 0.77 0.09
vn -0.59 0.72 0.36
vn -0.80 -0.50 0.34
vn -0.87 -0.29 0.40
vn -0.72 -0.56 0.41
vn -0.08 -0.90 -0.42
vn 0.21 -0.89 -0.40
vn -0.05 -0.98 0.21
vn 0.24 -0.96 0.17
vn 0.02 -0.15 0.99
vn 0.05 -0.16 0.99
vn 0.02 0.40 0.92
vn -0.11 0.53 0.84
vn 0.05 0.94 0.33
vn -0.17 0.96 0.22
vn -0.10 -0.01 -1.00
vn -0.08 0.56 -0.82
vn -0.03 -0.04 -1.00
vn -0.16 0.44 -0.88
vn 0.14 -0.92 -0.37
vn -0.07 -0.93 -0.35
vn 0.15 -0.98 0.14
vn -0.10 -0.99 0.13
vn 0.02 -0.20 0.98
vn 0.04 -0.07 1.00
vn -0.06 0.54 0.84
vn 0.06 0.60 0.80
vn -0.16 0.96 0.25
vn -0.02 0.98 0.17
vn -0.05 -0.17 -0.98
vn -0.15 0.32 -0.94
vn -0.17 -0.20 -0.96
vn -0.24 0.33 -0.91
vn -0.70 -0.71 -0.01
vn -0.65 -0.74 0.13
vn -0.54 -0.41 0.73
vn -0.69 -0.36 0.63
vn 0.16 0.55 0.82
vn -0.05 0.64 0.76
vn 0.44 0.83 0.34
vn 0.17 0.96 0.24
vn 0.44 0.36 -0.82
vn 0.20 0.42 -0.88
vn 0.13 -0.07 -0.99
vn -0.03 -0.18 -0.98
vn -0.40 -0.62 -0.67
vn -0.37 -0.80 -0.47
vn -0.52 0.85 -0.00
vn -0.56 0.80 -0.22
vn 0.23 0.95 0.23
vn 0.30 0.95 0.07
vn 0.57 0.79 0.23
vn 0.71 0.65 0.28
vn 0.30 -0.94 -0.18
vn 0.88 -0.47 0.10
vn 0.32 -0.95 -0.07
vn 0.85 -0.52 0.01
vn -0.48 -0.81 -0.34
vn -0.37 -0.91 -0.18
vn -0.82 0.57 -0.06
vn -0.83 0.47 -0.30
vn -0.94 -0.35 0.01
vn -0.66 -0.28 -0.69
vn 0.18 0.12 -0.98
vn 0.59 0.34 -0.73
vn 0.68 0.58 0.44
vn 0.32 0.35 0.88
vn -0.62 -0.27 0.74
vn -0.90 0.43 0.08
vn -0.60 0.74 0.30
vn 0.43 -0.79 -0.44
vn -0.37 -0.77 -0.53
vn 0.92 -0.38 -0.00
vn 0.58 0.67 0.47
vn 0.23 0.84 0.50
vn -0.25 0.03 -0.97
vn -0.52 -0.79 -0.32
vn 0.06 0.57 -0.82
vn 0.25 0.38 0.89
vn 0.42 0.82 0.39
vn 0.01 -0.12 0.99
vn -0.50 -0.81 0.32
vn 0.03 0.01 1.00
vn 0.18 0.44 0.88
vn -0.14 0.12 0.98
vn -0.21 0.37 0.91
vn 0.22 0.44 0.87
vn 0.34 0.63 0.70
vn -0.80 -0.58 0.14
vn -0.90 -0.32 0.31
vn -0.74 -0.66 0.13
vn -0.81 -0.45 -0.37
vn -0.63 -0.70 -0.34
vn -0.18 -0.56 -0.81
vn 0.45 0.05 -0.89
vn 0.69 0.71 0.13
vn -0.18 -0.58 0.80
vn 0.17 0.48 0.86
vn -0.54 -0.83 0.13
vn -0.49 -0.82 -0.30
vn -0.23 -0.93 -0.29
vn 0.13 0.94 0.30
vn 0.50 0.68 0.53
vn 0.24 0.77 0.59
vn 0.68 0.61 0.40
vn -0.01 -0.18 -0.98
vn 0.72 0.00 -0.69
vn 0.25 -0.38 -0.89
vn -0.36 -0.66 -0.66
vn -0.23 -0.42 -0.88
vn 0.92 0.26 -0.30
vn 0.16 -0.49 -0.86
vn 0.58 0.68 0.45
vn -0.24 0.17 -0.96
vn -0.77 0.48 -0.43
vn -0.65 -0.57 -0.51
vn -0.71 -0.60 -0.38
vn 0.17 -0.67 -0.72
vn 0.11 -0.74 -0.66
vn -0.66 -0.74 -0.12
vn -0.42 -0.78 -0.46
vn 0.13 -0.86 -0.48
vn 0.01 -0.94 -0.35
vn -0.95 -0.31 -0.02
vn -0.89 -0.35 0.30
vn 0.75 -0.41 -0.52
vn 0.66 -0.51 -0.55
vn 0.61 -0.67 -0.43
vn 0.84 0.50 0.19
vn 0.48 0.75 0.45
vn 0.55 0.70 0.46
vn 0.60 0.74 0.30
vn 0.91 0.39 0.13
vn 0.66 -0.74 -0.14
vn 0.37 0.93 0.04
vn -0.43 -0.80 -0.43
vn -0.47 -0.55 -0.69
vn -0.47 0.76 -0.46
vn -0.75 0.35 -0.56
vn -0.19 0.68 -0.70
vn -0.36 0.07 -0.93
vn 0.13 0.99 -0.02
vn -0.02 0.82 0.58
vn -0.27 0.74 0.62
vn -0.40 0.56 0.72
vn -0.64 0.50 0.58
vn -0.27 0.79 0.55
vn -0.66 0.59 0.46
vn 0.74 0.61 0.30
vn -0.61 -0.76 -0.23
vn -0.20 -0.65 0.73
vn 0.45 0.46 0.77
vn 0.37 0.76 -0.53
vn -0.38 -0.21 -0.90
vn -0.78 0.04 0.62
vn -0.89 -0.21 0.40
vn 0.23 0.50 0.84
vn 0.59 0.72 0.37
vn 0.92 0.39 0.07
vn 0.92 0.36 -0.14
vn 0.49 -0.13 -0.86
vn 0.51 -0.43 -0.75
vn -0.70 -0.43 -0.57
vn -0.51 -0.69 -0.51
vn -0.92 0.07 0.37
vn -0.81 -0.04 -0.59
vn -0.82 0.06 0.57
vn -0.80 -0.15 -0.58
vn 0.25 -0.05 -0.97
vn 0.36 0.02 -0.93
vn 0.99 0.12 0.00
vn 0.98 0.18 0.11
vn 0.44 0.24 0.87
vn 0.25 0.20 0.95
vn -0.48 0.03 0.87
vn -0.47 0.00 0.88
vn -0.39 -0.68 0.62
vn -0.89 -0.39 -0.23
vn 0.69 0.10 0.71
vn 0.52 0.68 -0.52
vn -0.51 0.17 -0.84
vn -0.71 -0.52 -0.48
vn -0.07 -0.56 0.83
vn -0.95 -0.30 -0.04
vn 0.87 0.16 0.47
vn 0.50 0.73 -0.47
vn -0.47 0.52 -0.71
vn -0.92 -0.07 -0.39
vn 0.13 -0.73 0.67
vn -0.83 -0.56 -0.10
vn 0.82 0.23 0.53
vn 0.41 0.89 -0.22
vn -0.50 0.59 -0.63
vn -0.84 0.19 -0.51
vn -0.63 -0.68 -0.37
vn 0.24 -0.82 0.52
vn 0.68 0.25 0.69
vn -0.52 0.56 -0.65
vn -0.79 0.07 -0.60
vn 0.27 0.94 -0.18
vn 0.44 0.74 -0.51
vn 0.16 -0.65 -0.74
vn 0.37 -0.23 -0.90
vn -0.37 -0.93 -0.03
vn -0.66 -0.52 0.54
vn -0.73 -0.23 0.64
vn -0.24 0.86 0.44
vn -0.50 0.57 0.65
vn -0.72 -0.00 0.70
vn -0.70 -0.45 0.56
vn -0.26 -0.96 0.00
vn -0.33 0.86 0.40
vn -0.55 0.58 0.60
vn 0.25 0.95 -0.16
vn 0.49 0.76 -0.42
vn 0.37 -0.67 -0.64
vn 0.58 -0.25 -0.77
vn 0.59 -0.20 -0.78
vn 0.32 -0.64 -0.70
vn 0.17 -0.58 -0.80
vn 0.10 -0.56 -0.83
vn 0.00 -0.70 -0.72
vn 0.61 -0.20 -0.77
vn 0.66 -0.24 -0.71
vn 0.49 -0.39 -0.78
vn -0.45 -0.88 -0.15
vn -0.65 -0.69 -0.31
vn -0.61 -0.69 -0.38
vn -0.71 -0.63 -0.32
vn 0.82 0.57 0.06
vn 0.71 0.68 0.18
vn 0.85 0.53 0.05
vn 0.84 0.54 -0.01
vn 0.75 0.65 0.16
vn -0.90 -0.28 0.34
vn -0.85 -0.28 0.44
vn -0.79 0.10 0.61
vn -0.52 -0.84 0.14
vn -0.86 -0.41 0.31
vn 0.41 -0.07 0.91
vn 0.09 -0.68 0.72
vn 0.20 -0.24 0.95
vn 0.03 -0.44 0.90
vn 0.44 0.68 0.58
vn 0.41 0.43 0.81
vn 0.50 0.63 0.60
vn 0.39 0.80 0.46
vn -0.68 0.14 0.72
vn 0.07 0.72 0.69
vn -0.23 0.53 0.82
vn -0.16 0.79 0.58
vn -0.43 0.56 0.70
vn 0.46 0.88 0.10
vn 0.67 0.69 -0.27
vn -0.49 -0.87 -0.03
vn -0.55 -0.68 -0.49
vn -0.70 -0.49 -0.52
vn -0.75 0.02 -0.66
vn -0.28 -0.93 -0.23
vn -0.38 -0.74 -0.55
vn -0.92 -0.01 -0.40
vn -0.98 -0.21 -0.04
vn 0.41 0.81 0.41
vn 0.05 0.95 0.31
vn -0.02 0.99 -0.11
vn -0.40 0.90 0.16
vn -0.28 0.83 0.49
vn -0.49 0.74 0.46
vn -0.32 0.09 0.94
vn 0.04 -1.00 -0.04
vn -0.08 0.82 0.56
vn 0.18 0.89 0.41
vn -0.11 0.87 0.47
vn 0.20 0.84 0.51
vn -0.33 0.78 0.53
vn -0.37 0.75 0.54
vn 0.16 0.75 0.65
vn -0.02 0.70 0.72
vn -0.25 0.71 0.66
vn -0.34 0.76 -0.56
vn 0.01 0.92 -0.38
vn 0.09 0.87 -0.48
vn -0.40 0.80 -0.44
vn -0.69 0.46 -0.55
vn -0.72 0.54 -0.43
vn -0.39 0.86 -0.31
vn -0.03 0.96 -0.29
vn -0.74 0.61 -0.30
vn 0.97 0.09 -0.21
vn 0.93 -0.11 -0.36
vn 0.92 0.11 -0.39
vn 0.96 -0.12 -0.23
vn 0.90 0.31 -0.31
vn 0.93 0.32 -0.18
vn 0.99 0.11 -0.13
vn 0.97 0.01 -0.23
vn 0.96 0.24 -0.15
vn -0.05 0.90 0.44
vn 0.07 0.85 0.53
vn -0.01 0.85 0.52
vn -0.10 0.86 0.51
vn -0.21 0.89 0.40
vn -0.24 0.84 0.48
vn -0.03 0.80 0.59
vn -0.18 0.80 0.57
vn -0.11 0.86 0.49
vn 0.89 0.46 0.05
vn 0.97 0.17 0.16
vn 0.95 0.28 0.12
vn 0.88 0.45 0.14
vn 0.73 0.66 0.18
vn 0.76 0.64 0.07
vn 0.86 0.43 0.27
vn 0.96 0.07 0.28
vn 0.68 0.67 0.29
vn -0.21 -0.08 0.98
vn -0.32 0.05 0.95
vn -0.02 0.19 0.98
vn -0.34 -0.09 0.94
vn -0.11 -0.34 0.93
vn -0.22 -0.10 0.97
vn -0.33 0.04 0.94
vn -0.53 0.18 0.83
vn -0.09 0.13 0.99
vn -0.19 0.86 -0.47
vn -0.33 0.69 -0.65
vn -0.37 0.71 -0.60
vn -0.16 0.85 -0.51
vn -0.46 0.49 -0.74
vn -0.50 0.51 -0.70
vn -0.25 0.87 -0.43
vn -0.42 0.72 -0.55
vn -0.54 0.54 -0.64
vn -0.26 0.91 0.33
vn 0.58 0.81 0.08
vn 0.41 0.90 0.18
vn 0.48 0.84 0.27
vn 0.53 0.84 0.12
vn 0.28 0.89 0.37
vn 0.38 0.82 0.44
vn 0.63 0.74 0.22
vn 0.55 0.75 0.38
vn 0.46 0.82 0.33
vn -0.70 0.70 0.11
vn -0.51 0.86 0.05
vn -0.53 0.85 -0.00
vn -0.68 0.72 0.16
vn -0.83 0.51 0.22
vn -0.80 0.51 0.30
vn -0.48 0.87 0.11
vn -0.66 0.71 0.26
vn -0.77 0.49 0.42
vn -0.31 -0.12 -0.94
vn -0.06 -0.24 -0.97
vn -0.15 -0.14 -0.98
vn -0.20 -0.04 -0.98
vn -0.41 0.12 -0.90
vn -0.34 0.26 -0.90
vn 0.07 -0.19 -0.98
vn -0.10 0.07 -0.99
vn -0.27 0.30 -0.91
vn 0.53 0.84 0.13
vn 0.44 0.89 0.09
vn 0.33 0.87 0.36
vn 0.24 0.75 0.61
vn 0.24 0.78 0.57
vn 0.62 0.75 0.24
vn 0.58 0.70 0.42
vn 0.41 0.71 0.58
vn -0.30 0.92 -0.23
vn -0.65 0.76 -0.03
vn -0.59 0.80 0.09
vn -0.35 0.87 -0.35
vn -0.84 0.48 0.26
vn -0.76 0.55 0.35
vn -0.49 0.86 0.15
vn -0.25 0.96 -0.14
vn -0.67 0.61 0.42
vn 0.29 -0.14 -0.95
vn 0.29 -0.06 -0.96
vn 0.33 0.10 -0.94
vn 0.34 0.33 -0.88
vn 0.30 0.27 -0.92
vn 0.43 -0.08 -0.90
vn 0.51 0.12 -0.85
vn 0.46 0.28 -0.84
vn 0.31 0.90 0.32
vn 0.45 0.85 0.29
vn 0.39 0.85 0.35
vn 0.32 0.86 0.41
vn 0.17 0.89 0.42
vn 0.21 0.84 0.49
vn 0.43 0.80 0.41
vn 0.33 0.80 0.50
vn 0.31 0.86 0.40
vn 0.68 0.45 -0.58
vn 0.67 0.23 -0.71
vn 0.58 0.48 -0.66
vn 0.76 0.14 -0.63
vn 0.52 0.66 -0.54
vn 0.60 0.68 -0.43
vn 0.77 0.41 -0.48
vn 0.83 0.07 -0.55
vn 0.66 0.68 -0.30
vn 0.72 -0.11 0.69
vn 0.59 -0.06 0.81
vn 0.64 0.06 0.77
vn 0.46 0.14 0.88
vn 0.58 -0.22 0.78
vn 0.50 -0.09 0.86
vn 0.56 -0.03 0.83
vn 0.29 0.18 0.94
vn 0.61 0.03 0.79
vn -0.70 0.69 -0.17
vn -0.49 0.86 -0.16
vn -0.49 0.85 -0.21
vn -0.70 0.71 -0.10
vn -0.87 0.47 -0.13
vn -0.86 0.51 -0.05
vn -0.49 0.87 -0.09
vn -0.70 0.72 -0.03
vn -0.84 0.54 0.01
vn -0.42 0.91 -0.04
vn 0.07 0.90 0.44
vn 0.24 0.81 0.53
vn 0.18 0.84 0.51
vn 0.03 0.84 0.55
vn -0.16 0.89 0.44
vn -0.17 0.82 0.55
vn 0.15 0.74 0.65
vn -0.03 0.75 0.66
vn -0.04 0.82 0.57
vn -0.31 0.86 -0.40
vn -0.47 0.70 -0.53
vn -0.51 0.71 -0.48
vn -0.28 0.85 -0.45
vn -0.68 0.54 -0.50
vn -0.63 0.51 -0.59
vn -0.57 0.69 -0.45
vn -0.73 0.51 -0.46
vn 0.63 -0.12 -0.77
vn 0.79 -0.24 -0.57
vn 0.75 -0.14 -0.65
vn 0.72 -0.03 -0.69
vn 0.54 0.12 -0.83
vn 0.59 0.26 -0.76
vn 0.87 -0.19 -0.46
vn 0.78 0.07 -0.62
vn 0.63 0.28 -0.72
vn -0.20 0.82 -0.53
vn -0.05 0.89 -0.46
vn -0.11 0.86 -0.49
vn -0.18 0.89 -0.42
vn -0.32 0.79 -0.52
vn -0.30 0.86 -0.41
vn -0.04 0.94 -0.34
vn -0.17 0.94 -0.30
vn -0.23 0.91 -0.35
vn -0.44 -0.26 -0.86
vn -0.57 -0.47 -0.68
vn -0.66 -0.24 -0.71
vn -0.37 -0.50 -0.78
vn -0.20 -0.25 -0.95
vn -0.21 -0.42 -0.88
vn -0.34 -0.62 -0.71
vn -0.41 -0.58 -0.70
vn -0.38 -0.49 -0.79
vn -0.90 -0.30 0.31
vn -0.96 -0.10 0.25
vn -0.92 -0.09 0.38
vn -0.93 -0.06 0.36
vn -0.83 -0.22 0.51
vn -0.82 -0.00 0.57
vn -0.93 0.05 0.37
vn 0.21 0.90 0.39
vn 0.35 0.85 0.40
vn 0.28 0.85 0.44
vn 0.20 0.86 0.48
vn 0.05 0.89 0.45
vn 0.07 0.84 0.53
vn 0.30 0.80 0.51
vn 0.18 0.80 0.57
vn 0.18 0.86 0.47
vn 0.89 0.17 -0.42
vn 0.76 0.45 -0.46
vn 0.82 0.44 -0.38
vn 0.85 0.28 -0.44
vn 0.65 0.66 -0.38
vn 0.69 0.68 -0.25
vn 0.88 0.41 -0.25
vn 0.95 0.07 -0.30
vn 0.72 0.68 -0.11
vn 0.50 -0.11 0.86
vn 0.34 -0.06 0.94
vn 0.40 0.06 0.91
vn 0.20 0.14 0.97
vn 0.34 -0.22 0.91
vn 0.24 -0.09 0.97
vn 0.31 -0.03 0.95
vn 0.02 0.18 0.98
vn 0.37 0.03 0.93
vn -0.63 0.69 -0.36
vn -0.42 0.86 -0.28
vn -0.41 0.85 -0.33
vn -0.64 0.71 -0.29
vn -0.81 0.51 -0.29
vn -0.80 0.47 -0.37
vn -0.45 0.87 -0.22
vn -0.66 0.72 -0.21
vn -0.82 0.53 -0.22
vn -0.46 0.89 -0.02
vn -0.56 0.82 0.12
vn -0.44 0.89 0.13
vn -0.56 0.79 0.25
vn -0.45 0.86 0.24
vn -0.34 0.94 -0.01
vn -0.32 0.94 0.13
vn -0.38 0.91 0.18
vn -0.91 -0.26 0.31
vn -0.75 -0.42 0.51
vn -0.79 -0.24 0.56
vn -0.84 -0.48 0.25
vn -0.96 -0.25 0.08
vn -0.90 -0.42 0.09
vn -0.67 -0.65 0.36
vn -0.74 -0.65 0.19
vn -0.83 -0.49 0.27
vn -0.43 0.90 -0.10
vn -0.52 0.85 -0.08
vn -0.49 0.86 -0.17
vn -0.37 0.89 -0.26
vn -0.44 0.84 -0.30
vn -0.58 0.80 -0.11
vn -0.55 0.80 -0.25
vn -0.47 0.86 -0.18
vn -0.26 0.45 0.85
vn -0.18 0.23 0.96
vn -0.14 0.48 0.86
vn -0.31 0.14 0.94
vn -0.26 0.67 0.69
vn -0.17 0.64 0.75
vn -0.39 0.41 0.82
vn -0.41 0.07 0.91
vn -0.40 0.68 0.61
vn -0.94 -0.08 -0.33
vn -0.90 0.05 -0.44
vn -0.97 0.19 -0.15
vn -0.88 -0.09 -0.46
vn -0.91 -0.34 -0.23
vn -0.93 -0.10 -0.35
vn -0.89 0.04 -0.45
vn -0.75 0.18 -0.64
vn -0.97 0.13 -0.22
vn 0.68 0.69 -0.24
vn 0.49 0.86 -0.13
vn 0.52 0.85 -0.09
vn 0.65 0.71 -0.29
vn 0.80 0.49 -0.36
vn 0.76 0.51 -0.40
vn 0.46 0.87 -0.19
vn 0.60 0.72 -0.35
vn 0.71 0.54 -0.46
vn -0.29 0.82 -0.49
vn -0.13 0.89 -0.45
vn -0.20 0.86 -0.47
vn -0.26 0.89 -0.38
vn -0.41 0.79 -0.46
vn -0.37 0.86 -0.35
vn -0.10 0.94 -0.33
vn -0.22 0.94 -0.27
vn -0.29 0.91 -0.30
vn -0.59 -0.26 -0.77
vn -0.51 -0.50 -0.70
vn -0.76 -0.25 -0.59
vn -0.67 -0.46 -0.58
vn -0.37 -0.25 -0.90
vn -0.36 -0.42 -0.83
vn -0.46 -0.62 -0.64
vn -0.53 -0.58 -0.61
vn -0.51 -0.49 -0.71
vn -0.83 -0.30 0.47
vn -0.90 -0.10 0.41
vn -0.84 -0.09 0.54
vn -0.86 -0.06 0.51
vn -0.73 -0.22 0.65
vn -0.71 -0.00 0.70
vn -0.85 0.05 0.53
vn -0.13 0.84 0.53
vn -0.09 0.89 0.44
vn -0.39 0.82 0.42
vn -0.36 0.87 0.33
vn -0.61 0.75 0.24
vn -0.57 0.78 0.24
vn -0.24 0.75 0.62
vn -0.42 0.70 0.58
vn -0.58 0.71 0.41
vn 0.23 0.92 -0.31
vn 0.02 0.76 -0.65
vn -0.09 0.80 -0.59
vn 0.35 0.87 -0.35
vn -0.26 0.48 -0.84
vn -0.35 0.55 -0.76
vn -0.15 0.86 -0.49
vn 0.14 0.96 -0.25
vn -0.42 0.61 -0.67
vn 0.96 0.11 0.25
vn 0.95 -0.14 0.29
vn 0.96 -0.06 0.28
vn 0.94 0.10 0.32
vn 0.92 0.27 0.30
vn 0.90 -0.08 0.43
vn 0.85 0.12 0.51
vn 0.84 0.28 0.46
vn 0.30 0.91 -0.30
vn -0.38 0.90 -0.23
vn -0.57 0.81 -0.15
vn -0.51 0.84 -0.19
vn -0.44 0.84 -0.33
vn -0.23 0.89 -0.40
vn -0.32 0.82 -0.48
vn -0.60 0.74 -0.30
vn -0.49 0.75 -0.44
vn -0.42 0.82 -0.39
vn 0.51 0.86 0.02
vn 0.71 0.70 -0.02
vn 0.69 0.72 -0.08
vn 0.52 0.85 0.07
vn 0.85 0.51 -0.12
vn 0.84 0.51 -0.20
vn 0.49 0.87 -0.05
vn 0.69 0.71 -0.17
vn 0.82 0.49 -0.32
vn 0.18 -0.07 0.98
vn -0.06 -0.24 0.97
vn 0.03 -0.14 0.99
vn 0.10 -0.03 0.99
vn 0.20 0.10 0.97
vn 0.24 0.21 0.95
vn -0.19 -0.19 0.96
vn -0.03 0.07 1.00
vn 0.16 0.30 0.94
vn 0.28 0.82 -0.49
vn 0.00 0.84 -0.55
vn -0.01 0.89 -0.45
vn 0.27 0.87 -0.40
vn 0.54 0.75 -0.37
vn 0.50 0.78 -0.37
vn 0.09 0.75 -0.66
vn 0.28 0.70 -0.66
vn 0.47 0.71 -0.53
vn 0.12 0.76 0.64
vn -0.15 0.92 0.35
vn -0.26 0.87 0.42
vn 0.22 0.80 0.56
vn 0.44 0.48 0.76
vn 0.51 0.55 0.66
vn 0.25 0.86 0.44
vn -0.08 0.96 0.28
vn 0.56 0.61 0.56
vn -0.99 0.11 -0.02
vn -0.99 -0.14 -0.07
vn -1.00 -0.06 -0.06
vn -0.99 0.10 -0.11
vn -0.94 0.33 -0.13
vn -0.96 0.27 -0.08
vn -0.97 -0.08 -0.21
vn -0.95 0.12 -0.30
vn -0.92 0.28 -0.26
vn 0.06 0.90 0.44
vn 0.20 0.85 0.49
vn 0.12 0.85 0.51
vn 0.03 0.86 0.52
vn -0.11 0.89 0.44
vn -0.11 0.84 0.52
vn 0.12 0.80 0.58
vn -0.02 0.80 0.60
vn 0.02 0.86 0.50
vn 0.87 0.45 -0.18
vn 0.98 0.17 -0.09
vn 0.95 0.28 -0.13
vn 0.90 0.44 -0.09
vn 0.74 0.66 -0.14
vn 0.73 0.68 -0.00
vn 0.91 0.41 0.06
vn 1.00 0.07 0.03
vn 0.72 0.68 0.14
vn 0.05 -0.08 1.00
vn -0.07 0.05 1.00
vn 0.23 0.19 0.95
vn -0.10 -0.09 0.99
vn 0.13 -0.34 0.93
vn 0.03 -0.10 0.99
vn -0.09 0.04 1.00
vn -0.31 0.18 0.93
vn 0.16 0.13 0.98
vn -0.47 0.69 -0.55
vn -0.51 0.71 -0.49
vn -0.67 0.51 -0.55
vn -0.63 0.47 -0.61
vn -0.35 0.87 -0.36
vn -0.55 0.72 -0.42
vn -0.70 0.53 -0.48
vn -0.25 0.90 -0.36
vn -0.26 0.86 -0.45
vn -0.34 0.85 -0.40
vn -0.10 0.89 -0.44
vn -0.13 0.84 -0.52
vn -0.37 0.80 -0.47
vn -0.25 0.80 -0.55
vn -0.24 0.86 -0.44
vn -0.83 0.17 0.52
vn -0.70 0.45 0.56
vn -0.76 0.44 0.48
vn -0.79 0.28 0.54
vn -0.59 0.66 0.46
vn -0.65 0.68 0.33
vn -0.84 0.41 0.36
vn -0.91 0.07 0.42
vn -0.70 0.68 0.20
vn -0.60 -0.11 -0.79
vn -0.46 -0.06 -0.89
vn -0.51 0.06 -0.86
vn -0.32 0.14 -0.94
vn -0.45 -0.22 -0.86
vn -0.36 -0.09 -0.93
vn -0.42 -0.03 -0.91
vn -0.14 0.18 -0.97
vn -0.48 0.03 -0.88
vn 0.46 0.86 0.23
vn 0.67 0.69 0.28
vn 0.67 0.71 0.21
vn 0.45 0.85 0.28
vn 0.84 0.47 0.27
vn 0.84 0.51 0.19
vn 0.47 0.87 0.16
vn 0.68 0.72 0.13
vn 0.84 0.53 0.12
vn 0.47 0.82 0.32
vn 0.45 0.89 0.03
vn 0.38 0.87 0.31
vn 0.33 0.75 0.57
vn 0.32 0.78 0.53
vn 0.65 0.75 0.14
vn 0.64 0.70 0.33
vn 0.48 0.71 0.51
vn -0.33 0.92 -0.18
vn -0.65 0.76 0.07
vn -0.58 0.80 0.17
vn -0.40 0.87 -0.29
vn -0.79 0.48 0.38
vn -0.70 0.55 0.45
vn -0.46 0.86 0.21
vn -0.27 0.96 -0.10
vn -0.60 0.61 0.51
vn 0.11 0.11 -0.99
vn 0.15 -0.14 -0.98
vn 0.14 -0.06 -0.99
vn 0.19 0.10 -0.98
vn 0.21 0.33 -0.92
vn 0.16 0.27 -0.95
vn 0.29 -0.08 -0.95
vn 0.38 0.12 -0.92
vn 0.34 0.28 -0.90
vn 0.14 0.91 -0.39
vn -0.44 0.90 -0.04
vn -0.58 0.81 0.11
vn -0.54 0.84 0.05
vn -0.54 0.84 -0.11
vn -0.38 0.89 -0.26
vn -0.50 0.82 -0.30
vn -0.67 0.74 -0.01
vn -0.63 0.75 -0.19
vn -0.54 0.82 -0.17
vn 0.63 0.70 -0.32
vn 0.47 0.86 -0.20
vn 0.50 0.85 -0.16
vn 0.59 0.72 -0.37
vn 0.72 0.51 -0.47
vn 0.67 0.51 -0.53
vn 0.43 0.87 -0.25
vn 0.55 0.71 -0.45
vn 0.60 0.49 -0.63
vn 0.59 -0.12 0.80
vn 0.36 -0.24 0.90
vn 0.45 -0.14 0.88
vn 0.50 -0.03 0.87
vn 0.67 0.12 0.73
vn 0.60 0.26 0.76
vn 0.23 -0.19 0.95
vn 0.41 0.07 0.91
vn 0.55 0.28 0.79
vn 0.01 0.82 -0.57
vn -0.26 0.84 -0.48
vn -0.23 0.89 -0.39
vn 0.05 0.87 -0.48
vn 0.30 0.75 -0.59
vn 0.27 0.78 -0.56
vn -0.24 0.75 -0.62
vn -0.07 0.70 -0.71
vn 0.16 0.71 -0.69
vn 0.03 0.92 0.38
vn 0.41 0.76 0.51
vn 0.46 0.80 0.38
vn -0.03 0.87 0.49
vn 0.76 0.46 0.46
vn 0.77 0.55 0.33
vn 0.43 0.86 0.27
vn 0.06 0.96 0.28
vn 0.76 0.61 0.22
vn -0.94 0.09 0.33
vn -0.88 -0.11 0.47
vn -0.86 0.11 0.50
vn -0.93 -0.12 0.35
vn -0.85 0.31 0.42
vn -0.90 0.32 0.29
vn -0.96 0.11 0.25
vn -0.94 0.01 0.35
vn -0.93 0.24 0.27
vn 0.34 -0.32 0.88
vn 0.22 -0.22 0.95
vn 0.25 -0.35 0.90
vn 0.36 -0.17 0.92
vn 0.28 -0.06 0.96
vn 0.19 -0.09 0.98
vn 0.19 -0.23 0.96
vn 0.27 -0.22 0.94
vn 0.26 -0.19 0.95
vn 0.73 -0.68 -0.01
vn 0.53 -0.83 -0.19
vn 0.61 -0.78 -0.12
vn 0.67 -0.74 0.03
vn 0.80 -0.57 0.20
vn 0.72 -0.62 0.30
vn 0.56 -0.82 0.10
vn 0.38 -0.90 -0.19
vn 0.62 -0.67 0.40
vn -0.57 -0.43 0.70
vn -0.68 -0.48 0.55
vn -0.72 -0.32 0.61
vn -0.41 -0.62 0.67
vn -0.70 -0.47 0.54
vn -0.79 -0.54 0.30
vn -0.67 -0.24 0.70
vn -0.71 -0.30 0.64
vn -0.49 -0.57 0.66
vn 0.77 0.49 0.42
vn 0.65 0.70 0.29
vn 0.73 0.50 0.46
vn 0.46 0.86 0.21
vn 0.49 0.86 0.13
vn 0.58 0.71 0.41
vn 0.70 0.53 0.49
vn 0.42 0.86 0.28
vn 0.20 0.91 -0.37
vn -0.43 0.90 -0.11
vn -0.59 0.81 0.02
vn -0.54 0.84 -0.03
vn -0.52 0.84 -0.18
vn -0.34 0.89 -0.31
vn -0.45 0.82 -0.36
vn -0.66 0.74 -0.11
vn -0.60 0.75 -0.28
vn -0.51 0.82 -0.25
vn 0.67 0.70 -0.23
vn 0.64 0.72 -0.28
vn 0.74 0.51 -0.43
vn 0.60 0.71 -0.37
vn 0.69 0.49 -0.54
vn 0.47 -0.12 0.87
vn 0.22 -0.24 0.95
vn 0.32 -0.14 0.94
vn 0.37 -0.03 0.93
vn 0.56 0.12 0.82
vn 0.48 0.26 0.84
vn 0.10 -0.19 0.98
vn 0.27 0.07 0.96
vn 0.43 0.28 0.86
vn 0.50 0.85 0.18
vn 0.37 0.90 0.24
vn 0.40 0.86 0.33
vn 0.46 0.85 0.25
vn 0.26 0.89 0.37
vn 0.31 0.84 0.44
vn 0.51 0.80 0.30
vn 0.43 0.80 0.42
vn 0.39 0.86 0.32
vn 0.54 0.45 -0.71
vn 0.50 0.23 -0.84
vn 0.42 0.48 -0.77
vn 0.61 0.14 -0.78
vn 0.39 0.66 -0.64
vn 0.49 0.68 -0.55
vn 0.65 0.41 -0.64
vn 0.69 0.07 -0.72
vn 0.58 0.68 -0.44
vn 0.77 -0.08 0.63
vn 0.70 0.05 0.72
vn 0.86 0.19 0.47
vn 0.70 -0.06 0.71
vn 0.78 -0.34 0.53
vn 0.72 -0.03 0.69
vn 0.49 0.18 0.85
vn 0.77 0.03 0.64
vn -0.73 0.69 -0.00
vn -0.51 0.86 -0.05
vn -0.52 0.85 -0.09
vn -0.71 0.71 0.05
vn -0.87 0.49 0.07
vn -0.85 0.51 0.12
vn -0.50 0.87 0.02
vn -0.68 0.72 0.12
vn -0.82 0.54 0.19
vn -0.13 0.99 -0.04
vn 0.71 0.70 -0.07
vn 0.54 0.84 -0.04
vn 0.65 0.75 -0.05
vn 0.39 0.91 0.12
vn 0.46 0.86 0.22
vn 0.72 0.69 0.09
vn 0.61 0.76 0.22
vn 0.55 0.82 0.14
vn -0.56 0.78 -0.27
vn -0.33 0.88 -0.34
vn -0.35 0.85 -0.38
vn -0.55 0.81 -0.22
vn -0.74 0.66 -0.13
vn -0.73 0.68 -0.06
vn -0.32 0.91 -0.28
vn -0.54 0.83 -0.13
vn -0.72 0.69 0.07
vn -0.07 -0.32 -0.95
vn -0.08 -0.55 -0.83
vn -0.22 -0.33 -0.92
vn 0.11 -0.57 -0.81
vn -0.16 -0.08 -0.98
vn -0.15 -0.19 -0.97
vn 0.18 -0.53 -0.83
vn 0.07 -0.27 -0.96
vn -0.07 -0.00 -1.00
vn -0.19 0.82 -0.54
vn -0.04 0.89 -0.46
vn -0.11 0.86 -0.50
vn -0.18 0.89 -0.43
vn -0.32 0.79 -0.53
vn -0.30 0.86 -0.42
vn -0.03 0.94 -0.34
vn -0.16 0.94 -0.30
vn -0.42 -0.26 -0.87
vn -0.56 -0.47 -0.69
vn -0.65 -0.24 -0.72
vn -0.36 -0.50 -0.79
vn -0.19 -0.25 -0.95
vn -0.20 -0.42 -0.89
vn -0.33 -0.62 -0.71
vn -0.40 -0.58 -0.70
vn -0.36 -0.49 -0.79
vn -0.90 -0.30 0.30
vn -0.97 -0.10 0.23
vn -0.93 -0.09 0.37
vn -0.94 -0.06 0.34
vn -0.84 -0.22 0.50
vn -0.83 -0.00 0.55
vn -0.93 0.05 0.36
vn -0.39 0.89 0.23
vn -0.57 0.82 -0.01
vn -0.48 0.84 0.26
vn -0.48 0.87 -0.04
vn -0.59 0.75 -0.29
vn -0.56 0.78 -0.26
vn -0.62 0.75 0.24
vn -0.71 0.70 0.08
vn -0.69 0.71 -0.16
vn 0.51 0.76 -0.41
vn 0.38 0.92 -0.04
vn 0.49 0.87 0.02
vn 0.38 0.80 -0.46
vn 0.46 0.46 -0.76
vn 0.32 0.55 -0.77
vn 0.26 0.86 -0.44
vn 0.28 0.96 -0.06
vn 0.22 0.61 -0.76
vn 0.34 0.09 0.94
vn 0.48 -0.11 0.87
vn 0.51 0.11 0.86
vn 0.36 -0.12 0.92
vn 0.43 0.31 0.85
vn 0.30 0.32 0.90
vn 0.26 0.11 0.96
vn 0.36 0.01 0.93
vn 0.28 0.24 0.93
vn -0.50 0.85 -0.16
vn -0.47 0.85 -0.24
vn -0.41 0.86 -0.31
vn -0.27 0.89 -0.36
vn -0.33 0.84 -0.42
vn -0.52 0.80 -0.28
vn -0.45 0.80 -0.40
vn -0.40 0.86 -0.31
vn -0.52 0.45 0.73
vn -0.47 0.23 0.85
vn -0.39 0.48 0.79
vn -0.58 0.14 0.80
vn -0.36 0.66 0.66
vn -0.47 0.68 0.57
vn -0.63 0.41 0.66
vn -0.66 0.07 0.75
vn -0.57 0.68 0.46
vn -0.79 -0.08 -0.60
vn -0.72 0.05 -0.69
vn -0.88 0.19 -0.43
vn -0.73 -0.06 -0.69
vn -0.80 -0.34 -0.50
vn -0.75 -0.03 -0.66
vn -0.52 0.18 -0.84
vn -0.79 0.03 -0.61
vn 0.51 0.86 0.03
vn 0.72 0.69 -0.02
vn 0.70 0.71 -0.08
vn 0.52 0.85 0.08
vn 0.87 0.49 -0.10
vn 0.84 0.51 -0.15
vn 0.50 0.87 -0.04
vn 0.68 0.72 -0.15
vn 0.81 0.54 -0.22
vn -0.52 0.82 0.24
vn -0.46 0.89 0.08
vn -0.48 0.86 0.15
vn -0.41 0.89 0.22
vn -0.50 0.79 0.36
vn -0.39 0.86 0.33
vn -0.34 0.94 0.06
vn -0.29 0.94 0.19
vn -0.33 0.91 0.26
vn -0.82 -0.26 0.50
vn -0.75 -0.50 0.43
vn -0.67 -0.25 0.70
vn -0.65 -0.46 0.61
vn -0.93 -0.25 0.27
vn -0.86 -0.42 0.28
vn -0.68 -0.62 0.39
vn -0.67 -0.58 0.46
vn -0.76 -0.49 0.43
vn 0.38 -0.30 0.87
vn 0.32 -0.10 0.94
vn 0.45 -0.09 0.89
vn 0.42 -0.06 0.90
vn 0.57 -0.22 0.79
vn 0.63 -0.00 0.78
vn 0.44 0.05 0.90
vn -0.49 0.82 0.29
vn -0.28 0.84 0.47
vn -0.44 0.87 0.21
vn -0.65 0.75 0.05
vn -0.62 0.78 0.07
vn -0.41 0.75 0.52
vn -0.57 0.70 0.43
vn -0.67 0.71 0.22
vn 0.31 0.92 -0.22
vn 0.22 0.76 -0.62
vn 0.09 0.80 -0.59
vn 0.43 0.87 -0.23
vn -0.00 0.48 -0.88
vn -0.11 0.55 -0.83
vn 0.00 0.86 -0.51
vn 0.21 0.96 -0.20
vn -0.20 0.61 -0.76
vn 0.85 0.11 0.52
vn 0.82 -0.14 0.55
vn 0.83 -0.06 0.55
vn 0.80 0.11 0.60
vn 0.74 0.30 0.60
vn 0.79 0.27 0.55
vn 0.74 -0.08 0.67
vn 0.68 0.15 0.72
vn 0.72 0.24 0.65
vn 0.34 0.80 -0.50
vn -0.31 0.94 -0.12
vn -0.22 0.97 0.10
vn -0.14 0.99 -0.09
vn -0.35 0.93 0.07
vn -0.15 0.94 -0.29
vn -0.28 0.91 -0.31
vn -0.39 0.91 -0.13
vn -0.33 0.94 -0.06
vn -0.30 0.94 -0.18
vn 0.75 0.46 -0.47
vn 0.66 0.67 -0.35
vn 0.70 0.65 -0.31
vn 0.70 0.48 -0.52
vn 0.76 0.25 -0.61
vn 0.69 0.28 -0.67
vn 0.61 0.69 -0.39
vn 0.67 0.46 -0.58
vn 0.64 0.27 -0.72
vn 0.65 -0.25 0.72
vn 0.41 -0.28 0.87
vn 0.52 -0.22 0.82
vn 0.60 -0.13 0.79
vn 0.79 -0.05 0.62
vn 0.76 0.11 0.64
vn 0.31 -0.20 0.93
vn 0.55 -0.00 0.84
vn 0.72 0.15 0.68
vn -0.52 0.82 0.22
vn -0.46 0.89 0.07
vn -0.49 0.86 0.14
vn -0.41 0.89 0.20
vn -0.50 0.79 0.35
vn -0.40 0.86 0.32
vn -0.29 0.94 0.18
vn -0.34 0.91 0.25
vn -0.84 -0.26 0.48
vn -0.65 -0.47 0.60
vn -0.68 -0.24 0.70
vn -0.76 -0.50 0.41
vn -0.94 -0.25 0.25
vn -0.87 -0.42 0.25
vn -0.69 -0.62 0.37
vn -0.68 -0.58 0.45
vn -0.77 -0.49 0.41
vn 0.36 -0.30 0.88
vn 0.29 -0.10 0.95
vn 0.42 -0.09 0.90
vn 0.40 -0.06 0.91
vn 0.55 -0.22 0.80
vn 0.61 -0.00 0.80
vn 0.41 0.05 0.91
vn 0.41 0.89 -0.18
vn 0.47 0.87 0.10
vn 0.57 0.82 0.07
vn 0.51 0.84 -0.21
vn 0.55 0.75 0.36
vn 0.53 0.78 0.32
vn 0.64 0.75 -0.17
vn 0.72 0.70 0.00
vn 0.67 0.71 0.23
vn -0.38 0.92 -0.01
vn -0.55 0.76 0.35
vn -0.43 0.80 0.41
vn -0.49 0.87 -0.08
vn -0.54 0.46 0.70
vn -0.41 0.54 0.73
vn -0.29 0.96 0.03
vn -0.31 0.86 0.40
vn -0.29 0.61 0.74
vn -0.23 0.09 -0.97
vn -0.37 -0.11 -0.92
vn -0.40 0.11 -0.91
vn -0.25 -0.12 -0.96
vn -0.33 0.31 -0.89
vn -0.20 0.32 -0.93
vn -0.15 0.11 -0.98
vn -0.25 0.01 -0.97
vn -0.17 0.24 -0.95
vn 0.53 0.82 -0.21
vn 0.27 0.89 -0.36
vn 0.46 0.87 -0.14
vn 0.35 0.84 -0.42
vn 0.62 0.78 0.03
vn 0.65 0.75 0.05
vn 0.48 0.75 -0.46
vn 0.63 0.70 -0.34
vn 0.70 0.71 -0.11
vn -0.31 0.76 0.58
vn -0.34 0.92 0.18
vn -0.46 0.87 0.16
vn -0.13 0.48 0.87
vn -0.02 0.55 0.83
vn -0.08 0.86 0.50
vn -0.24 0.96 0.17
vn 0.08 0.61 0.79
vn -0.76 0.11 -0.64
vn -0.70 -0.10 -0.71
vn -0.74 -0.06 -0.67
vn -0.68 0.09 -0.73
vn -0.64 0.30 -0.71
vn -0.70 0.27 -0.67
vn -0.60 0.11 -0.79
vn -0.68 0.01 -0.73
vn -0.61 0.24 -0.76
vn -0.06 0.85 -0.53
vn 0.05 0.90 -0.44
vn 0.11 0.86 -0.51
vn 0.02 0.85 -0.52
vn 0.22 0.89 -0.40
vn 0.25 0.84 -0.48
vn 0.04 0.80 -0.59
vn 0.18 0.80 -0.57
vn 0.11 0.86 -0.49
vn -0.89 0.46 -0.06
vn -0.97 0.17 -0.16
vn -0.95 0.28 -0.12
vn -0.88 0.45 -0.15
vn -0.73 0.66 -0.19
vn -0.76 0.64 -0.07
vn -0.86 0.43 -0.28
vn -0.95 0.07 -0.29
vn -0.68 0.67 -0.30
vn 0.21 -0.08 -0.97
vn 0.32 0.05 -0.95
vn 0.02 0.19 -0.98
vn 0.35 -0.09 -0.93
vn 0.23 -0.10 -0.97
vn 0.34 0.04 -0.94
vn 0.54 0.18 -0.82
vn 0.09 0.13 -0.99
vn 0.33 0.69 0.65
vn 0.19 0.86 0.47
vn 0.15 0.85 0.51
vn 0.37 0.71 0.60
vn 0.46 0.49 0.75
vn 0.50 0.51 0.70
vn 0.25 0.87 0.44
vn 0.42 0.72 0.55
vn 0.54 0.54 0.65
vn 0.30 0.89 -0.36
vn 0.24 0.82 -0.52
vn 0.17 0.89 -0.43
vn 0.27 0.86 -0.43
vn 0.14 0.79 -0.60
vn 0.08 0.86 -0.50
vn 0.22 0.94 -0.27
vn 0.09 0.94 -0.33
vn 0.09 0.91 -0.41
vn 0.30 -0.27 -0.92
vn 0.26 -0.47 -0.84
vn 0.05 -0.25 -0.97
vn 0.09 -0.46 -0.88
vn 0.53 -0.25 -0.81
vn 0.53 -0.35 -0.77
vn 0.18 -0.68 -0.71
vn 0.20 -0.58 -0.79
vn 0.40 -0.58 -0.71
vn -0.94 -0.09 -0.32
vn -0.84 -0.24 -0.49
vn -0.91 -0.30 -0.29
vn -0.78 -0.11 -0.62
vn -0.97 -0.08 -0.25
vn -0.92 -0.09 -0.39
vn -0.85 0.04 -0.52
vn -0.93 0.12 -0.34
vn -0.27 0.82 -0.50
vn -0.11 0.89 -0.45
vn -0.18 0.86 -0.47
vn -0.24 0.89 -0.39
vn -0.39 0.79 -0.47
vn -0.09 0.94 -0.33
vn -0.21 0.94 -0.27
vn -0.56 -0.26 -0.79
vn -0.48 -0.50 -0.72
vn -0.74 -0.25 -0.62
vn -0.65 -0.46 -0.60
vn -0.33 -0.25 -0.91
vn -0.33 -0.42 -0.84
vn -0.43 -0.62 -0.65
vn -0.51 -0.58 -0.63
vn -0.48 -0.49 -0.73
vn -0.85 -0.30 0.44
vn -0.92 -0.10 0.38
vn -0.86 -0.09 0.51
vn -0.87 -0.06 0.48
vn -0.75 -0.22 0.62
vn -0.74 -0.00 0.68
vn -0.87 0.05 0.50
vn 0.77 0.61 -0.18
vn 0.72 0.69 -0.07
vn 0.78 0.63 -0.01
vn 0.78 0.62 -0.10
vn 0.70 0.70 0.10
vn 0.76 0.64 0.13
vn 0.83 0.55 -0.09
vn 0.83 0.56 0.06
vn 0.77 0.64 -0.01
vn 0.10 0.06 -0.99
vn 0.10 0.36 -0.93
vn 0.19 0.32 -0.93
vn 0.10 0.17 -0.98
vn 0.19 0.56 -0.80
vn 0.33 0.52 -0.79
vn 0.30 0.26 -0.92
vn 0.19 -0.08 -0.98
vn 0.43 0.49 -0.76
vn 0.91 -0.40 0.13
vn 0.94 -0.26 0.23
vn 0.98 -0.16 -0.08
vn 0.90 -0.37 0.24
vn 0.77 -0.64 0.06
vn 0.92 -0.35 0.20
vn 0.89 -0.09 0.45
vn 0.94 -0.30 0.13
vn -0.13 0.98 0.16
vn -0.33 0.89 0.32
vn -0.28 0.89 0.35
vn -0.17 0.98 0.12
vn -0.48 0.74 0.48
vn -0.43 0.75 0.51
vn -0.22 0.89 0.39
vn -0.11 0.97 0.21
vn -0.36 0.75 0.56
vn 0.35 0.89 -0.31
vn 0.32 0.82 -0.47
vn 0.24 0.89 -0.40
vn 0.34 0.86 -0.38
vn 0.23 0.79 -0.57
vn 0.16 0.86 -0.48
vn 0.26 0.94 -0.23
vn 0.15 0.94 -0.31
vn 0.15 0.91 -0.39
vn 0.44 -0.27 -0.86
vn 0.39 -0.47 -0.79
vn 0.20 -0.25 -0.95
vn 0.23 -0.46 -0.86
vn 0.65 -0.25 -0.72
vn 0.65 -0.35 -0.68
vn 0.29 -0.68 -0.67
vn 0.33 -0.58 -0.74
vn 0.50 -0.58 -0.64
vn -0.75 -0.24 -0.62
vn -0.85 -0.30 -0.43
vn -0.67 -0.11 -0.74
vn -0.91 -0.08 -0.40
vn -0.85 -0.09 -0.53
vn -0.76 0.04 -0.65
vn -0.87 0.12 -0.48
vn -0.53 0.82 0.21
vn -0.34 0.84 0.43
vn -0.27 0.89 0.36
vn -0.46 0.87 0.14
vn -0.65 0.75 -0.05
vn -0.62 0.78 -0.03
vn -0.48 0.75 0.46
vn -0.63 0.70 0.34
vn -0.70 0.71 0.12
vn 0.34 0.92 -0.18
vn 0.30 0.76 -0.58
vn 0.18 0.80 -0.58
vn 0.46 0.87 -0.17
vn 0.13 0.48 -0.87
vn 0.01 0.55 -0.83
vn 0.24 0.96 -0.17
vn -0.09 0.61 -0.78
vn 0.70 -0.10 0.70
vn 0.74 -0.06 0.67
vn 0.69 0.09 0.72
vn 0.64 0.30 0.70
vn 0.70 0.27 0.66
vn 0.61 0.11 0.79
vn 0.69 0.01 0.72
vn 0.61 0.24 0.75
vn -0.56 0.82 0.07
vn -0.44 0.84 0.33
vn -0.35 0.89 0.28
vn -0.48 0.87 0.02
vn -0.62 0.75 -0.21
vn -0.60 0.78 -0.18
vn -0.58 0.75 0.32
vn -0.70 0.70 0.18
vn -0.70 0.71 -0.06
vn 0.45 0.76 -0.48
vn 0.37 0.92 -0.09
vn 0.31 0.80 -0.51
vn 0.35 0.46 -0.82
vn 0.21 0.55 -0.81
vn 0.20 0.86 -0.47
vn 0.27 0.96 -0.10
vn 0.11 0.61 -0.78
vn 0.46 0.09 0.88
vn 0.59 -0.11 0.80
vn 0.62 0.11 0.78
vn 0.48 -0.12 0.87
vn 0.54 0.31 0.78
vn 0.42 0.32 0.85
vn 0.39 0.11 0.91
vn 0.49 0.01 0.87
vn 0.41 0.24 0.88
vn -0.47 0.85 -0.25
vn -0.33 0.90 -0.30
vn -0.35 0.86 -0.38
vn -0.42 0.85 -0.32
vn -0.20 0.89 -0.41
vn -0.25 0.84 -0.48
vn -0.46 0.80 -0.37
vn -0.36 0.80 -0.48
vn -0.33 0.86 -0.38
vn -0.64 0.45 0.62
vn -0.61 0.23 0.75
vn -0.53 0.48 0.70
vn -0.71 0.14 0.68
vn -0.48 0.66 0.58
vn -0.56 0.68 0.47
vn -0.74 0.41 0.54
vn -0.79 0.07 0.61
vn -0.64 0.68 0.35
vn -0.76 -0.11 -0.64
vn -0.64 -0.06 -0.76
vn -0.69 0.06 -0.72
vn -0.52 0.14 -0.84
vn -0.64 -0.22 -0.74
vn -0.56 -0.09 -0.83
vn -0.61 -0.03 -0.79
vn -0.36 0.18 -0.92
vn -0.67 0.03 -0.75
vn 0.50 0.86 0.12
vn 0.72 0.69 0.11
vn 0.71 0.71 0.05
vn 0.50 0.85 0.17
vn 0.87 0.49 0.06
vn 0.86 0.51 0.00
vn 0.50 0.87 0.05
vn 0.70 0.72 -0.02
vn 0.84 0.54 -0.06
vn 0.35 0.89 0.29
vn 0.19 0.82 0.54
vn 0.41 0.84 0.36
vn 0.12 0.87 0.47
vn -0.08 0.75 0.65
vn -0.05 0.78 0.62
vn 0.44 0.75 0.50
vn 0.31 0.70 0.64
vn 0.09 0.71 0.70
vn -0.56 0.76 -0.33
vn -0.16 0.92 -0.34
vn -0.15 0.87 -0.47
vn -0.57 0.80 -0.20
vn -0.86 0.48 -0.17
vn -0.83 0.55 -0.05
vn -0.50 0.86 -0.10
vn -0.16 0.96 -0.24
vn -0.79 0.61 0.05
vn 0.67 0.11 -0.73
vn 0.74 -0.10 -0.67
vn 0.70 -0.06 -0.71
vn 0.75 0.09 -0.65
vn 0.73 0.30 -0.61
vn 0.69 0.27 -0.67
vn 0.81 0.11 -0.57
vn 0.76 0.01 -0.66
vn 0.78 0.24 -0.58
vn 0.25 0.89 -0.39
vn 0.17 0.82 -0.54
vn 0.11 0.89 -0.45
vn 0.21 0.86 -0.46
vn 0.06 0.79 -0.61
vn 0.01 0.86 -0.51
vn 0.18 0.94 -0.30
vn 0.05 0.94 -0.34
vn 0.03 0.91 -0.42
vn 0.18 -0.26 -0.95
vn -0.03 -0.47 -0.88
vn -0.09 -0.24 -0.97
vn 0.15 -0.47 -0.87
vn 0.41 -0.25 -0.87
vn 0.43 -0.35 -0.83
vn 0.09 -0.68 -0.73
vn 0.10 -0.58 -0.81
vn 0.30 -0.58 -0.75
vn -0.97 -0.06 -0.22
vn -0.89 -0.24 -0.38
vn -0.94 -0.30 -0.17
vn -0.89 -0.04 -0.46
vn -0.99 -0.08 -0.12
vn -0.96 -0.09 -0.26
vn -0.96 0.05 -0.27
vn -0.08 0.85 -0.52
vn 0.04 0.90 -0.44
vn 0.09 0.86 -0.51
vn 0.00 0.85 -0.52
vn 0.20 0.89 -0.41
vn 0.23 0.84 -0.48
vn 0.02 0.80 -0.59
vn 0.16 0.80 -0.58
vn 0.10 0.86 -0.49
vn -0.89 0.46 -0.03
vn -0.98 0.17 -0.13
vn -0.96 0.28 -0.09
vn -0.89 0.45 -0.12
vn -0.73 0.66 -0.17
vn -0.76 0.64 -0.05
vn -0.87 0.43 -0.25
vn -0.96 0.07 -0.26
vn -0.69 0.67 -0.28
vn 0.29 0.05 -0.95
vn -0.01 0.19 -0.98
vn 0.32 -0.09 -0.94
vn 0.09 -0.34 -0.94
vn 0.20 -0.10 -0.97
vn 0.31 0.04 -0.95
vn 0.51 0.18 -0.84
vn 0.06 0.13 -0.99
vn 0.34 0.69 0.64
vn 0.20 0.86 0.47
vn 0.17 0.85 0.50
vn 0.39 0.71 0.59
vn 0.48 0.49 0.73
vn 0.52 0.51 0.69
vn 0.26 0.87 0.43
vn 0.44 0.72 0.54
vn 0.56 0.54 0.63
vn 0.31 0.91 -0.29
vn -0.37 0.90 -0.24
vn -0.56 0.81 -0.16
vn -0.50 0.84 -0.20
vn -0.43 0.84 -0.34
vn -0.22 0.89 -0.41
vn -0.31 0.82 -0.49
vn -0.59 0.74 -0.31
vn -0.48 0.75 -0.45
vn -0.41 0.82 -0.40
vn 0.71 0.70 -0.01
vn 0.69 0.72 -0.06
vn 0.85 0.51 -0.09
vn 0.84 0.51 -0.17
vn 0.49 0.87 -0.03
vn 0.69 0.71 -0.15
vn 0.82 0.49 -0.30
vn 0.16 -0.07 0.98
vn -0.09 -0.24 0.97
vn 0.01 -0.14 0.99
vn 0.08 -0.03 1.00
vn 0.17 0.10 0.98
vn 0.21 0.21 0.95
vn -0.22 -0.19 0.96
vn -0.05 0.07 1.00
vn 0.13 0.30 0.94
vn 0.57 0.82 -0.00
vn 0.45 0.89 0.12
vn 0.50 0.86 0.06
vn 0.46 0.89 -0.03
vn 0.60 0.79 -0.13
vn 0.49 0.86 -0.14
vn 0.34 0.94 0.08
vn 0.34 0.94 -0.06
vn 0.41 0.91 -0.10
vn 0.96 -0.26 -0.11
vn 0.84 -0.42 -0.34
vn 0.89 -0.24 -0.38
vn 0.88 -0.48 -0.06
vn 0.96 -0.25 0.13
vn 0.90 -0.42 0.10
vn 0.73 -0.65 -0.21
vn 0.76 -0.65 -0.02
vn 0.87 -0.49 -0.08
vn 0.01 -0.30 -0.95
vn 0.10 -0.10 -0.99
vn -0.04 -0.09 -0.99
vn -0.02 -0.06 -1.00
vn -0.20 -0.22 -0.95
vn -0.25 -0.00 -0.97
vn -0.03 0.05 -1.00
vn 0.52 0.85 -0.12
vn 0.44 0.90 0.00
vn 0.52 0.86 0.05
vn 0.52 0.85 -0.04
vn 0.42 0.89 0.17
vn 0.50 0.84 0.19
vn 0.59 0.80 -0.03
vn 0.59 0.80 0.11
vn -0.05 0.45 -0.89
vn 0.05 0.17 -0.98
vn 0.02 0.28 -0.96
vn 0.06 0.44 -0.89
vn -0.03 0.66 -0.75
vn 0.12 0.67 -0.74
vn 0.18 0.43 -0.89
vn 0.18 0.07 -0.98
vn 0.22 0.67 -0.71
vn 0.99 -0.08 0.10
vn 0.97 0.05 0.22
vn 0.98 0.19 -0.08
vn 0.97 -0.09 0.24
vn 0.94 -0.34 0.02
vn 0.99 -0.10 0.12
vn 0.97 0.04 0.24
vn 0.88 0.18 0.45
vn 0.99 0.13 -0.02
vn -0.61 0.69 0.39
vn -0.56 0.71 0.43
vn -0.49 0.85 0.21
vn -0.69 0.49 0.53
vn -0.65 0.51 0.57
vn -0.41 0.87 0.29
vn -0.50 0.72 0.48
vn -0.58 0.53 0.62
vn 0.53 0.82 0.21
vn 0.38 0.89 0.27
vn 0.45 0.86 0.24
vn 0.44 0.89 0.14
vn 0.60 0.79 0.10
vn 0.51 0.86 0.05
vn 0.28 0.94 0.20
vn 0.34 0.94 0.07
vn 0.41 0.91 0.06
vn 0.93 -0.26 0.25
vn 0.88 -0.47 0.03
vn 0.97 -0.24 -0.02
vn 0.85 -0.47 0.21
vn 0.84 -0.25 0.47
vn 0.80 -0.35 0.48
vn 0.72 -0.68 0.14
vn 0.80 -0.58 0.16
vn 0.73 -0.58 0.35
vn 0.26 -0.09 -0.96
vn 0.44 -0.24 -0.87
vn 0.23 -0.30 -0.93
vn 0.57 -0.11 -0.81
vn 0.33 -0.09 -0.94
vn 0.47 0.04 -0.88
vn 0.28 0.12 -0.95
vn -0.31 0.91 -0.28
vn -0.11 0.81 0.58
vn -0.20 0.90 0.39
vn -0.30 0.84 0.46
vn -0.15 0.84 0.52
vn -0.39 0.89 0.26
vn -0.46 0.82 0.35
vn -0.26 0.74 0.62
vn -0.36 0.82 0.44
vn -0.02 0.86 -0.51
vn -0.12 0.72 -0.69
vn 0.04 0.85 -0.53
vn -0.17 0.51 -0.84
vn -0.25 0.51 -0.82
vn -0.08 0.87 -0.49
vn -0.21 0.71 -0.67
vn -0.37 0.49 -0.79
vn 0.97 -0.07 -0.24
vn 0.97 -0.24 0.00
vn 0.99 -0.14 -0.09
vn 0.99 -0.03 -0.16
vn 0.96 0.10 -0.26
vn 0.93 0.21 -0.29
vn 0.97 -0.19 0.13
vn 1.00 0.07 -0.03
vn 0.93 0.30 -0.21
vn 0.16 0.91 0.39
vn 0.35 0.90 -0.27
vn 0.35 0.81 -0.47
vn 0.36 0.84 -0.40
vn 0.47 0.84 -0.28
vn 0.46 0.89 -0.07
vn 0.57 0.82 -0.12
vn 0.50 0.74 -0.44
vn 0.59 0.75 -0.29
vn 0.52 0.82 -0.24
vn -0.21 0.86 0.46
vn -0.25 0.70 0.67
vn -0.19 0.72 0.67
vn -0.26 0.85 0.46
vn -0.22 0.51 0.83
vn -0.14 0.51 0.85
vn -0.14 0.87 0.47
vn -0.10 0.71 0.70
vn -0.02 0.49 0.87
vn -0.98 -0.07 -0.20
vn -0.87 -0.24 -0.42
vn -0.93 -0.14 -0.35
vn -0.96 -0.03 -0.28
vn -0.98 0.10 -0.19
vn -0.97 0.21 -0.14
vn -0.82 -0.19 -0.54
vn -0.91 0.07 -0.40
vn -0.93 0.30 -0.21
vn -0.11 0.85 0.52
vn -0.19 0.90 0.40
vn -0.26 0.86 0.45
vn -0.18 0.85 0.49
vn -0.33 0.89 0.31
vn -0.38 0.84 0.38
vn -0.22 0.80 0.55
vn -0.35 0.80 0.49
vn -0.26 0.86 0.43
vn 0.79 0.45 0.42
vn 0.90 0.23 0.37
vn 0.82 0.48 0.31
vn 0.86 0.14 0.48
vn 0.63 0.67 0.39
vn 0.70 0.64 0.31
vn 0.73 0.41 0.55
vn 0.82 0.07 0.57
vn 0.52 0.68 0.51
vn -0.51 -0.08 0.86
vn -0.60 0.05 0.80
vn -0.33 0.19 0.92
vn -0.63 -0.09 0.78
vn -0.41 -0.34 0.85
vn -0.52 -0.10 0.85
vn -0.62 0.04 0.78
vn -0.77 0.18 0.61
vn -0.40 0.13 0.91
vn -0.03 0.86 -0.51
vn -0.10 0.69 -0.72
vn -0.16 0.71 -0.69
vn 0.02 0.85 -0.53
vn -0.20 0.49 -0.85
vn -0.10 0.87 -0.49
vn -0.22 0.72 -0.66
vn -0.31 0.54 -0.78
vn 0.03 0.90 0.44
vn 0.16 0.85 0.50
vn 0.08 0.85 0.52
vn -0.01 0.86 0.52
vn -0.14 0.89 0.43
vn 0.07 0.80 0.59
vn -0.07 0.80 0.60
vn -0.02 0.86 0.50
vn 0.89 0.45 -0.12
vn 0.98 0.17 -0.02
vn 0.96 0.28 -0.06
vn 0.90 0.44 -0.02
vn 0.74 0.66 -0.09
vn 0.73 0.68 0.05
vn 0.90 0.41 0.12
vn 0.99 0.07 0.10
vn 0.70 0.68 0.19
vn -0.03 -0.08 1.00
vn -0.14 0.05 0.99
vn 0.16 0.19 0.97
vn -0.17 -0.09 0.98
vn 0.06 -0.34 0.94
vn -0.04 -0.10 0.99
vn -0.16 0.04 0.99
vn -0.38 0.18 0.91
vn 0.09 0.13 0.99
vn -0.27 0.86 -0.43
vn -0.44 0.69 -0.58
vn -0.47 0.71 -0.53
vn -0.24 0.85 -0.47
vn -0.59 0.49 -0.65
vn -0.62 0.51 -0.60
vn -0.32 0.87 -0.38
vn -0.52 0.72 -0.46
vn -0.66 0.53 -0.53
vn 0.89 0.24 -0.40
vn 0.97 0.18 -0.19
vn 0.98 0.04 -0.20
vn 0.88 0.11 -0.45
vn 0.72 0.21 -0.67
vn 0.70 0.28 -0.66
vn 0.93 0.27 -0.26
vn 0.87 0.38 -0.31
vn 0.76 0.38 -0.53
vn 0.65 -0.69 -0.32
vn 0.31 -0.76 -0.57
vn 0.37 -0.66 -0.65
vn 0.59 -0.78 -0.22
vn 0.03 -0.53 -0.85
vn -0.08 -0.62 -0.78
vn 0.69 -0.62 -0.37
vn 0.47 -0.57 -0.67
vn 0.13 -0.43 -0.89
vn 0.13 -0.32 0.94
vn 0.28 -0.46 0.84
vn 0.35 -0.35 0.87
vn 0.19 -0.35 0.92
vn 0.49 -0.49 0.73
vn 0.55 -0.37 0.74
vn 0.24 -0.21 0.95
vn 0.46 -0.23 0.86
vn 0.51 -0.32 0.80
vn -0.37 0.82 0.43
vn -0.38 0.89 0.26
vn -0.38 0.86 0.34
vn -0.28 0.89 0.37
vn -0.30 0.79 0.53
vn -0.22 0.86 0.46
vn -0.28 0.94 0.20
vn -0.18 0.94 0.29
vn -0.19 0.91 0.37
vn -0.54 -0.26 0.80
vn -0.50 -0.50 0.71
vn -0.32 -0.25 0.91
vn -0.33 -0.46 0.82
vn -0.73 -0.25 0.63
vn -0.67 -0.42 0.61
vn -0.46 -0.62 0.64
vn -0.41 -0.58 0.70
vn -0.51 -0.49 0.71
vn 0.76 -0.23 0.60
vn 0.68 -0.10 0.72
vn 0.78 -0.09 0.62
vn 0.86 -0.08 0.51
vn 0.77 0.05 0.64
vn -0.07 0.89 0.46
vn 0.06 0.82 0.57
vn 0.07 0.89 0.46
vn -0.01 0.86 0.51
vn 0.19 0.79 0.58
vn -0.05 0.94 0.34
vn 0.09 0.94 0.33
vn 0.14 0.91 0.39
vn 0.21 -0.26 0.94
vn 0.43 -0.42 0.80
vn 0.47 -0.24 0.85
vn 0.15 -0.48 0.86
vn -0.03 -0.25 0.97
vn -0.01 -0.42 0.91
vn 0.28 -0.65 0.71
vn 0.10 -0.65 0.76
vn 0.17 -0.49 0.86
vn 0.95 -0.30 -0.08
vn 0.99 -0.10 -0.00
vn 0.99 -0.09 -0.14
vn 0.99 -0.10 -0.08
vn 0.93 -0.22 -0.29
vn 0.91 -0.07 -0.42
vn 0.99 0.11 -0.05
vn 0.96 0.06 -0.27
vn 0.24 0.90 -0.37
vn 0.18 0.85 -0.50
vn 0.25 0.85 -0.46
vn 0.32 0.86 -0.40
vn 0.37 0.89 -0.26
vn 0.43 0.84 -0.32
vn 0.30 0.80 -0.51
vn 0.42 0.80 -0.43
vn 0.32 0.86 -0.39
vn -0.71 0.45 -0.54
vn -0.84 0.23 -0.49
vn -0.78 0.48 -0.42
vn -0.78 0.14 -0.60
vn -0.65 0.66 -0.38
vn -0.55 0.68 -0.49
vn -0.64 0.41 -0.65
vn -0.72 0.07 -0.69
vn -0.44 0.68 -0.58
vn 0.63 -0.08 -0.77
vn 0.71 0.05 -0.70
vn 0.46 0.19 -0.87
vn 0.71 -0.06 -0.70
vn 0.53 -0.34 -0.78
vn 0.69 -0.03 -0.73
vn 0.85 0.18 -0.49
vn 0.64 0.03 -0.77
vn -0.00 0.69 0.73
vn -0.05 0.86 0.51
vn -0.09 0.85 0.52
vn 0.06 0.71 0.71
vn 0.07 0.49 0.87
vn 0.13 0.51 0.85
vn 0.02 0.87 0.50
vn 0.13 0.72 0.68
vn 0.19 0.54 0.82
vn -0.39 0.90 0.20
vn -0.46 0.80 0.38
vn -0.43 0.72 0.55
vn -0.24 0.79 0.56
vn -0.06 0.89 0.46
vn -0.28 0.88 0.38
vn -0.19 0.94 0.28
vn 0.29 0.40 -0.87
vn 0.50 0.82 -0.27
vn 0.61 0.78 -0.12
vn 0.69 0.69 -0.20
vn 0.59 0.71 -0.39
vn 0.42 0.76 -0.49
vn 0.36 0.85 -0.40
vn 0.46 0.86 -0.22
vn 0.54 0.81 -0.22
vn 0.46 0.83 -0.31
vn 0.14 -0.05 -0.99
vn 0.39 -0.02 -0.92
vn 0.16 -0.11 -0.98
vn 0.37 0.04 -0.93
vn -0.08 -0.19 -0.98
vn -0.12 -0.12 -0.98
vn 0.08 0.01 -1.00
vn 0.34 0.08 -0.94
vn -0.21 -0.03 -0.98
vn 0.51 -0.85 0.12
vn 0.49 -0.77 0.40
vn 0.53 -0.80 0.28
vn 0.57 -0.80 0.16
vn 0.65 -0.75 -0.11
vn 0.61 -0.79 -0.01
vn 0.57 -0.68 0.47
vn 0.70 -0.69 0.18
vn 0.74 -0.67 -0.11
vn 0.60 -0.59 0.54
vn 0.14 -0.06 0.99
vn 0.18 0.07 0.98
vn 0.32 -0.16 0.94
vn 0.51 -0.15 0.85
vn 0.53 -0.01 0.85
vn 0.37 0.10 0.92
vn 0.30 0.05 0.95
vn 0.41 0.01 0.91
vn 0.45 -0.88 0.12
vn 0.39 -0.85 0.37
vn 0.34 -0.87 0.35
vn 0.51 -0.85 0.14
vn 0.53 -0.84 -0.12
vn 0.61 -0.79 -0.08
vn 0.44 -0.81 0.39
vn 0.57 -0.82 0.11
vn 0.66 -0.75 -0.09
vn -0.84 -0.49 -0.23
vn -0.96 -0.24 -0.16
vn -0.92 -0.37 -0.15
vn -0.88 -0.47 -0.09
vn -0.72 -0.69 -0.10
vn -0.70 -0.71 0.06
vn -0.98 -0.17 -0.05
vn -0.89 -0.46 0.06
vn -0.72 -0.68 0.12
# 3063 vertex normals

vt 0.51 0.27 0.00
vt 0.48 0.27 0.00
vt 0.51 0.24 0.00
vt 0.48 0.23 0.00
vt 0.46 0.27 0.00
vt 0.45 0.24 0.00
vt 0.44 0.27 0.00
vt 0.42 0.27 0.00
vt 0.44 0.24 0.00
vt 0.42 0.24 0.00
vt 0.40 0.27 0.00
vt 0.39 0.24 0.00
vt 0.54 0.27 0.00
vt 0.54 0.24 0.00
vt 0.48 0.58 0.00
vt 0.47 0.55 0.00
vt 0.51 0.55 0.00
vt 0.47 0.77 0.00
vt 0.43 0.78 0.00
vt 0.46 0.75 0.00
vt 0.43 0.77 0.00
vt 0.47 0.79 0.00
vt 0.43 0.79 0.00
vt 0.47 0.81 0.00
vt 0.43 0.80 0.00
vt 0.09 0.21 0.00
vt 0.10 0.21 0.00
vt 0.09 0.23 0.00
vt 0.10 0.23 0.00
vt 0.42 0.79 0.00
vt 0.42 0.78 0.00
vt 0.42 0.80 0.00
vt 0.67 0.86 0.00
vt 0.67 0.91 0.00
vt 0.64 0.88 0.00
vt 0.66 0.91 0.00
vt 0.69 0.87 0.00
vt 0.68 0.91 0.00
vt 0.71 0.88 0.00
vt 0.72 0.90 0.00
vt 0.69 0.92 0.00
vt 0.03 0.11 0.00
vt 0.00 0.11 0.00
vt 0.02 0.10 0.00
vt 0.67 0.92 0.00
vt 0.68 0.92 0.00
vt 0.24 0.68 0.00
vt 0.25 0.73 0.00
vt 0.22 0.70 0.00
vt 0.24 0.73 0.00
vt 0.27 0.68 0.00
vt 0.26 0.73 0.00
vt 0.29 0.70 0.00
vt 0.27 0.73 0.00
vt 0.31 0.71 0.00
vt 0.28 0.74 0.00
vt 0.20 0.16 0.00
vt 0.22 0.17 0.00
vt 0.20 0.17 0.00
vt 0.22 0.18 0.00
vt 0.25 0.74 0.00
vt 0.26 0.74 0.00
vt 0.01 0.62 0.00
vt 0.03 0.62 0.00
vt 0.01 0.66 0.00
vt 0.02 0.66 0.00
vt 0.05 0.64 0.00
vt 0.03 0.67 0.00
vt 0.06 0.65 0.00
vt 0.04 0.67 0.00
vt 0.08 0.66 0.00
vt 0.04 0.68 0.00
vt 0.20 0.05 0.00
vt 0.20 0.04 0.00
vt 0.22 0.03 0.00
vt 0.01 0.67 0.00
vt 0.02 0.67 0.00
vt 0.02 0.68 0.00
vt 0.86 0.83 0.00
vt 0.89 0.86 0.00
vt 0.85 0.85 0.00
vt 0.88 0.81 0.00
vt 0.90 0.85 0.00
vt 0.90 0.81 0.00
vt 0.91 0.85 0.00
vt 0.92 0.81 0.00
vt 0.08 0.03 0.00
vt 0.07 0.01 0.00
vt 0.08 0.02 0.00
vt 0.07 0.00 0.00
vt 0.90 0.86 0.00
vt 0.91 0.86 0.00
vt 0.04 0.58 0.00
vt 0.02 0.57 0.00
vt 0.05 0.55 0.00
vt 0.01 0.52 0.00
vt 0.07 0.60 0.00
vt 0.09 0.56 0.00
vt 0.09 0.62 0.00
vt 0.12 0.60 0.00
vt 0.11 0.64 0.00
vt 0.14 0.62 0.00
vt 0.19 0.07 0.00
vt 0.18 0.09 0.00
vt 0.18 0.06 0.00
vt 0.15 0.07 0.00
vt 0.83 0.84 0.00
vt 0.80 0.84 0.00
vt 0.84 0.81 0.00
vt 0.80 0.79 0.00
vt 0.86 0.78 0.00
vt 0.84 0.76 0.00
vt 0.88 0.78 0.00
vt 0.88 0.75 0.00
vt 0.92 0.78 0.00
vt 0.91 0.76 0.00
vt 0.09 0.03 0.00
vt 0.10 0.04 0.00
vt 0.08 0.04 0.00
vt 0.08 0.06 0.00
vt 0.66 0.83 0.00
vt 0.63 0.85 0.00
vt 0.65 0.79 0.00
vt 0.61 0.84 0.00
vt 0.70 0.83 0.00
vt 0.71 0.80 0.00
vt 0.72 0.85 0.00
vt 0.75 0.81 0.00
vt 0.75 0.87 0.00
vt 0.77 0.85 0.00
vt 0.05 0.12 0.00
vt 0.05 0.09 0.00
vt 0.07 0.12 0.00
vt 0.07 0.09 0.00
vt 0.46 0.59 0.00
vt 0.42 0.61 0.00
vt 0.44 0.56 0.00
vt 0.40 0.57 0.00
vt 0.50 0.76 0.00
vt 0.49 0.74 0.00
vt 0.54 0.74 0.00
vt 0.51 0.71 0.00
vt 0.51 0.79 0.00
vt 0.56 0.78 0.00
vt 0.51 0.81 0.00
vt 0.55 0.81 0.00
vt 0.08 0.19 0.00
vt 0.08 0.16 0.00
vt 0.10 0.19 0.00
vt 0.12 0.18 0.00
vt 0.21 0.67 0.00
vt 0.19 0.64 0.00
vt 0.23 0.64 0.00
vt 0.21 0.61 0.00
vt 0.27 0.63 0.00
vt 0.24 0.59 0.00
vt 0.27 0.59 0.00
vt 0.30 0.65 0.00
vt 0.33 0.61 0.00
vt 0.34 0.68 0.00
vt 0.37 0.66 0.00
vt 0.18 0.14 0.00
vt 0.17 0.16 0.00
vt 0.17 0.13 0.00
vt 0.15 0.16 0.00
vt 0.37 0.60 0.00
vt 0.38 0.64 0.00
vt 0.17 0.63 0.00
vt 0.19 0.60 0.00
vt 0.15 0.59 0.00
vt 0.14 0.55 0.00
vt 0.10 0.52 0.00
vt 0.06 0.51 0.00
vt 0.00 0.50 0.00
vt 0.03 0.47 0.00
vt 0.92 0.72 0.00
vt 0.88 0.73 0.00
vt 0.93 0.69 0.00
vt 0.89 0.69 0.00
vt 0.58 0.78 0.00
vt 0.58 0.82 0.00
vt 0.62 0.78 0.00
vt 0.60 0.81 0.00
vt 0.17 0.11 0.00
vt 0.64 0.75 0.00
vt 0.71 0.76 0.00
vt 0.75 0.76 0.00
vt 0.81 0.73 0.00
vt 0.85 0.74 0.00
vt 0.86 0.72 0.00
vt 0.87 0.68 0.00
vt 0.08 0.49 0.00
vt 0.06 0.47 0.00
vt 0.11 0.50 0.00
vt 0.16 0.54 0.00
vt 0.18 0.57 0.00
vt 0.20 0.58 0.00
vt 0.09 0.14 0.00
vt 0.14 0.16 0.00
vt 0.12 0.06 0.00
vt 0.09 0.12 0.00
vt 0.14 0.13 0.00
vt 0.37 0.54 0.00
vt 0.34 0.56 0.00
vt 0.27 0.55 0.00
vt 0.22 0.55 0.00
vt 0.21 0.54 0.00
vt 0.18 0.52 0.00
vt 0.08 0.45 0.00
vt 0.12 0.49 0.00
vt 0.84 0.69 0.00
vt 0.60 0.75 0.00
vt 0.58 0.72 0.00
vt 0.54 0.68 0.00
vt 0.88 0.33 0.00
vt 0.88 0.29 0.00
vt 0.87 0.33 0.00
vt 0.88 0.30 0.00
vt 0.90 0.33 0.00
vt 0.89 0.30 0.00
vt 0.89 0.33 0.00
vt 0.89 0.29 0.00
vt 0.58 0.86 0.00
vt 0.57 0.86 0.00
vt 0.58 0.84 0.00
vt 0.60 0.86 0.00
vt 0.59 0.84 0.00
vt 0.61 0.86 0.00
vt 0.60 0.84 0.00
vt 0.59 0.86 0.00
vt 0.58 0.85 0.00
vt 0.04 0.35 0.00
vt 0.03 0.35 0.00
vt 0.04 0.32 0.00
vt 0.03 0.32 0.00
vt 0.05 0.35 0.00
vt 0.05 0.32 0.00
vt 0.04 0.31 0.00
vt 0.05 0.31 0.00
vt 0.25 0.80 0.00
vt 0.24 0.78 0.00
vt 0.26 0.80 0.00
vt 0.25 0.78 0.00
vt 0.24 0.81 0.00
vt 0.24 0.79 0.00
vt 0.23 0.79 0.00
vt 0.23 0.81 0.00
vt 0.23 0.78 0.00
vt 0.22 0.81 0.00
vt 0.16 0.21 0.00
vt 0.15 0.18 0.00
vt 0.17 0.21 0.00
vt 0.16 0.17 0.00
vt 0.15 0.21 0.00
vt 0.14 0.21 0.00
vt 0.15 0.17 0.00
vt 0.13 0.21 0.00
vt 0.12 0.20 0.00
vt 0.14 0.17 0.00
vt 0.03 0.95 0.00
vt 0.03 0.97 0.00
vt 0.04 0.95 0.00
vt 0.05 0.95 0.00
vt 0.04 0.97 0.00
vt 0.02 0.95 0.00
vt 0.02 0.97 0.00
vt 0.10 0.92 0.00
vt 0.11 0.92 0.00
vt 0.10 0.94 0.00
vt 0.11 0.94 0.00
vt 0.01 0.06 0.00
vt 0.02 0.06 0.00
vt 0.02 0.08 0.00
vt 0.03 0.06 0.00
vt 0.03 0.08 0.00
vt 0.09 0.92 0.00
vt 0.84 0.36 0.00
vt 0.85 0.37 0.00
vt 0.83 0.38 0.00
vt 0.84 0.38 0.00
vt 0.81 0.37 0.00
vt 0.82 0.37 0.00
vt 0.82 0.38 0.00
vt 0.83 0.37 0.00
vt 0.83 0.36 0.00
vt 0.83 0.39 0.00
vt 0.82 0.39 0.00
vt 0.48 0.63 0.00
vt 0.48 0.60 0.00
vt 0.49 0.63 0.00
vt 0.47 0.64 0.00
vt 0.46 0.63 0.00
vt 0.47 0.60 0.00
vt 0.45 0.63 0.00
vt 0.50 0.63 0.00
vt 0.48 0.59 0.00
vt 0.98 0.74 0.00
vt 0.97 0.75 0.00
vt 0.98 0.72 0.00
vt 0.97 0.73 0.00
vt 0.96 0.75 0.00
vt 0.97 0.72 0.00
vt 0.95 0.75 0.00
vt 0.96 0.73 0.00
vt 0.95 0.74 0.00
vt 0.96 0.72 0.00
vt 0.06 0.16 0.00
vt 0.05 0.16 0.00
vt 0.05 0.13 0.00
vt 0.04 0.15 0.00
vt 0.04 0.13 0.00
vt 0.03 0.15 0.00
vt 0.02 0.16 0.00
vt 0.03 0.13 0.00
vt 0.94 0.82 0.00
vt 0.93 0.81 0.00
vt 0.94 0.79 0.00
vt 0.93 0.79 0.00
vt 0.98 0.82 0.00
vt 0.98 0.80 0.00
vt 0.99 0.82 0.00
vt 0.99 0.79 0.00
vt 0.97 0.82 0.00
vt 0.97 0.80 0.00
vt 0.95 0.82 0.00
vt 0.96 0.79 0.00
vt 0.61 0.91 0.00
vt 0.62 0.91 0.00
vt 0.61 0.93 0.00
vt 0.62 0.93 0.00
vt 0.56 0.91 0.00
vt 0.57 0.92 0.00
vt 0.56 0.93 0.00
vt 0.57 0.93 0.00
vt 0.58 0.92 0.00
vt 0.58 0.93 0.00
vt 0.60 0.92 0.00
vt 0.60 0.93 0.00
vt 0.25 0.48 0.00
vt 0.20 0.48 0.00
vt 0.25 0.44 0.00
vt 0.21 0.43 0.00
vt 0.15 0.45 0.00
vt 0.17 0.41 0.00
vt 0.10 0.43 0.00
vt 0.12 0.40 0.00
vt 0.77 0.70 0.00
vt 0.75 0.64 0.00
vt 0.81 0.67 0.00
vt 0.81 0.64 0.00
vt 0.70 0.70 0.00
vt 0.70 0.64 0.00
vt 0.64 0.67 0.00
vt 0.58 0.61 0.00
vt 0.61 0.60 0.00
vt 0.32 0.47 0.00
vt 0.27 0.48 0.00
vt 0.31 0.43 0.00
vt 0.26 0.43 0.00
vt 0.91 0.12 0.00
vt 0.90 0.15 0.00
vt 0.88 0.12 0.00
vt 0.88 0.15 0.00
vt 0.93 0.12 0.00
vt 0.93 0.15 0.00
vt 0.95 0.12 0.00
vt 0.95 0.16 0.00
vt 0.97 0.12 0.00
vt 0.97 0.16 0.00
vt 0.86 0.13 0.00
vt 0.87 0.16 0.00
vt 0.88 0.61 0.00
vt 0.86 0.60 0.00
vt 0.88 0.57 0.00
vt 0.87 0.57 0.00
vt 0.84 0.60 0.00
vt 0.85 0.57 0.00
vt 0.95 0.60 0.00
vt 0.93 0.60 0.00
vt 0.95 0.57 0.00
vt 0.93 0.57 0.00
vt 0.90 0.60 0.00
vt 0.90 0.57 0.00
vt 0.59 0.13 0.00
vt 0.56 0.13 0.00
vt 0.59 0.10 0.00
vt 0.57 0.09 0.00
vt 0.53 0.11 0.00
vt 0.54 0.09 0.00
vt 0.65 0.14 0.00
vt 0.65 0.10 0.00
vt 0.68 0.12 0.00
vt 0.68 0.10 0.00
vt 0.62 0.14 0.00
vt 0.62 0.10 0.00
vt 0.98 0.39 0.00
vt 0.98 0.37 0.00
vt 0.99 0.37 0.00
vt 0.96 0.39 0.00
vt 0.96 0.37 0.00
vt 0.95 0.39 0.00
vt 0.95 0.37 0.00
vt 0.94 0.39 0.00
vt 0.94 0.37 0.00
vt 0.99 0.39 0.00
vt 1.00 0.37 0.00
vt 0.54 0.42 0.00
vt 0.54 0.44 0.00
vt 0.53 0.42 0.00
vt 0.53 0.44 0.00
vt 0.56 0.42 0.00
vt 0.56 0.44 0.00
vt 0.57 0.41 0.00
vt 0.57 0.44 0.00
vt 0.58 0.42 0.00
vt 0.58 0.44 0.00
vt 0.52 0.41 0.00
vt 0.52 0.44 0.00
vt 0.98 0.31 0.00
vt 0.97 0.28 0.00
vt 0.98 0.28 0.00
vt 0.97 0.31 0.00
vt 0.96 0.31 0.00
vt 0.96 0.28 0.00
vt 0.95 0.31 0.00
vt 0.95 0.28 0.00
vt 0.97 0.27 0.00
vt 0.92 0.27 0.00
vt 0.93 0.27 0.00
vt 0.92 0.30 0.00
vt 0.94 0.27 0.00
vt 0.93 0.30 0.00
vt 0.95 0.27 0.00
vt 0.91 0.27 0.00
vt 0.91 0.30 0.00
vt 0.90 0.27 0.00
vt 0.91 0.31 0.00
vt 0.92 0.31 0.00
vt 0.93 0.31 0.00
vt 0.31 0.81 0.00
vt 0.32 0.85 0.00
vt 0.29 0.81 0.00
vt 0.29 0.85 0.00
vt 0.34 0.81 0.00
vt 0.34 0.85 0.00
vt 0.36 0.81 0.00
vt 0.36 0.85 0.00
vt 0.38 0.81 0.00
vt 0.38 0.85 0.00
vt 0.40 0.81 0.00
vt 0.40 0.84 0.00
vt 0.54 0.55 0.00
vt 0.55 0.55 0.00
vt 0.55 0.57 0.00
vt 0.56 0.55 0.00
vt 0.56 0.57 0.00
vt 0.53 0.55 0.00
vt 0.54 0.57 0.00
vt 0.04 0.39 0.00
vt 0.03 0.39 0.00
vt 0.04 0.37 0.00
vt 0.03 0.37 0.00
vt 0.02 0.39 0.00
vt 0.02 0.37 0.00
vt 0.07 0.39 0.00
vt 0.06 0.39 0.00
vt 0.06 0.37 0.00
vt 0.05 0.39 0.00
vt 0.05 0.37 0.00
vt 0.24 0.37 0.00
vt 0.21 0.37 0.00
vt 0.17 0.37 0.00
vt 0.13 0.36 0.00
vt 0.70 0.60 0.00
vt 0.64 0.62 0.00
vt 0.66 0.57 0.00
vt 0.59 0.57 0.00
vt 0.63 0.54 0.00
vt 0.61 0.52 0.00
vt 0.30 0.35 0.00
vt 0.31 0.19 0.00
vt 0.34 0.26 0.00
vt 0.30 0.25 0.00
vt 0.27 0.22 0.00
vt 0.27 0.16 0.00
vt 0.24 0.21 0.00
vt 0.23 0.16 0.00
vt 0.80 0.37 0.00
vt 0.75 0.37 0.00
vt 0.75 0.31 0.00
vt 0.71 0.33 0.00
vt 0.70 0.34 0.00
vt 0.72 0.39 0.00
vt 0.69 0.41 0.00
vt 0.68 0.36 0.00
vt 0.65 0.37 0.00
vt 0.66 0.42 0.00
vt 0.63 0.38 0.00
vt 0.73 0.44 0.00
vt 0.77 0.41 0.00
vt 0.76 0.48 0.00
vt 0.80 0.45 0.00
vt 0.80 0.52 0.00
vt 0.83 0.49 0.00
vt 0.70 0.45 0.00
vt 0.73 0.49 0.00
vt 0.81 0.41 0.00
vt 0.25 0.27 0.00
vt 0.23 0.24 0.00
vt 0.28 0.30 0.00
vt 0.32 0.30 0.00
vt 0.62 0.43 0.00
vt 0.59 0.39 0.00
vt 0.65 0.32 0.00
vt 0.61 0.35 0.00
vt 0.64 0.34 0.00
vt 0.72 0.27 0.00
vt 0.68 0.30 0.00
vt 0.28 0.13 0.00
vt 0.24 0.13 0.00
vt 0.32 0.14 0.00
vt 0.34 0.20 0.00
vt 0.35 0.16 0.00
vt 0.57 0.33 0.00
vt 0.66 0.27 0.00
vt 0.62 0.29 0.00
vt 0.69 0.24 0.00
vt 0.62 0.24 0.00
vt 0.60 0.25 0.00
vt 0.60 0.31 0.00
vt 0.57 0.26 0.00
vt 0.41 0.11 0.00
vt 0.39 0.09 0.00
vt 0.34 0.09 0.00
vt 0.29 0.11 0.00
vt 0.32 0.08 0.00
vt 0.25 0.09 0.00
vt 0.28 0.07 0.00
vt 0.25 0.07 0.00
vt 0.67 0.22 0.00
vt 0.70 0.22 0.00
vt 0.69 0.21 0.00
vt 0.67 0.17 0.00
vt 0.69 0.17 0.00
vt 0.69 0.14 0.00
vt 0.70 0.15 0.00
vt 0.62 0.17 0.00
vt 0.59 0.17 0.00
vt 0.54 0.16 0.00
vt 0.52 0.13 0.00
vt 0.64 0.20 0.00
vt 0.41 0.01 0.00
vt 0.41 0.04 0.00
vt 0.37 0.02 0.00
vt 0.37 0.05 0.00
vt 0.61 0.19 0.00
vt 0.62 0.21 0.00
vt 0.32 0.00 0.00
vt 0.31 0.04 0.00
vt 0.60 0.44 0.00
vt 0.67 0.47 0.00
vt 0.65 0.49 0.00
vt 0.70 0.51 0.00
vt 0.68 0.53 0.00
vt 0.77 0.52 0.00
vt 0.72 0.54 0.00
vt 0.70 0.57 0.00
vt 0.83 0.43 0.00
vt 0.31 0.53 0.00
vt 0.34 0.51 0.00
vt 0.57 0.65 0.00
vt 0.61 0.71 0.00
vt 0.67 0.72 0.00
vt 0.15 0.11 0.00
vt 0.10 0.10 0.00
vt 0.61 0.49 0.00
vt 0.76 0.62 0.00
vt 0.73 0.59 0.00
vt 0.25 0.32 0.00
vt 0.21 0.33 0.00
vt 0.17 0.33 0.00
vt 0.14 0.32 0.00
vt 0.78 0.60 0.00
vt 0.82 0.62 0.00
vt 0.79 0.57 0.00
vt 0.83 0.58 0.00
vt 0.86 0.47 0.00
vt 0.24 0.29 0.00
vt 0.22 0.25 0.00
vt 0.21 0.30 0.00
vt 0.19 0.28 0.00
vt 0.54 0.38 0.00
vt 0.52 0.35 0.00
vt 0.57 0.35 0.00
vt 0.55 0.33 0.00
vt 0.51 0.39 0.00
vt 0.49 0.36 0.00
vt 0.52 0.32 0.00
vt 0.49 0.32 0.00
vt 0.54 0.31 0.00
vt 0.46 0.37 0.00
vt 0.46 0.33 0.00
vt 0.39 0.30 0.00
vt 0.41 0.32 0.00
vt 0.38 0.32 0.00
vt 0.40 0.35 0.00
vt 0.38 0.35 0.00
vt 0.36 0.33 0.00
vt 0.39 0.39 0.00
vt 0.40 0.43 0.00
vt 0.41 0.40 0.00
vt 0.44 0.44 0.00
vt 0.44 0.41 0.00
vt 0.48 0.42 0.00
vt 0.47 0.40 0.00
vt 0.43 0.32 0.00
vt 0.43 0.36 0.00
vt 0.80 0.55 0.00
vt 0.74 0.57 0.00
vt 0.77 0.55 0.00
vt 0.89 0.54 0.00
vt 0.87 0.54 0.00
vt 0.89 0.51 0.00
vt 0.88 0.50 0.00
vt 0.86 0.54 0.00
vt 0.86 0.50 0.00
vt 0.92 0.54 0.00
vt 0.92 0.51 0.00
vt 0.94 0.54 0.00
vt 0.94 0.51 0.00
vt 0.90 0.54 0.00
vt 0.90 0.51 0.00
vt 0.88 0.64 0.00
vt 0.88 0.67 0.00
vt 0.86 0.65 0.00
vt 0.85 0.68 0.00
vt 0.85 0.63 0.00
vt 0.84 0.66 0.00
vt 0.95 0.64 0.00
vt 0.95 0.67 0.00
vt 0.92 0.64 0.00
vt 0.93 0.68 0.00
vt 0.90 0.64 0.00
vt 0.90 0.66 0.00
vt 0.88 0.36 0.00
vt 0.87 0.36 0.00
vt 0.86 0.36 0.00
vt 0.91 0.36 0.00
vt 0.90 0.36 0.00
vt 0.89 0.36 0.00
vt 0.87 0.38 0.00
vt 0.88 0.38 0.00
vt 0.87 0.40 0.00
vt 0.88 0.40 0.00
vt 0.86 0.38 0.00
vt 0.86 0.40 0.00
vt 0.91 0.37 0.00
vt 0.92 0.39 0.00
vt 0.91 0.38 0.00
vt 0.91 0.39 0.00
vt 0.90 0.38 0.00
vt 0.90 0.40 0.00
vt 0.02 0.42 0.00
vt 0.04 0.42 0.00
vt 0.01 0.41 0.00
vt 0.06 0.41 0.00
vt 0.07 0.41 0.00
vt 0.05 0.42 0.00
vt 0.46 0.94 0.00
vt 0.44 0.93 0.00
vt 0.46 0.91 0.00
vt 0.44 0.91 0.00
vt 0.53 0.90 0.00
vt 0.54 0.93 0.00
vt 0.51 0.91 0.00
vt 0.52 0.94 0.00
vt 0.50 0.91 0.00
vt 0.50 0.94 0.00
vt 0.48 0.91 0.00
vt 0.48 0.94 0.00
vt 0.44 0.86 0.00
vt 0.44 0.83 0.00
vt 0.46 0.86 0.00
vt 0.46 0.83 0.00
vt 0.53 0.86 0.00
vt 0.51 0.86 0.00
vt 0.52 0.83 0.00
vt 0.51 0.84 0.00
vt 0.49 0.86 0.00
vt 0.49 0.84 0.00
vt 0.48 0.86 0.00
vt 0.48 0.84 0.00
vt 0.51 0.88 0.00
vt 0.53 0.88 0.00
vt 0.50 0.89 0.00
vt 0.48 0.89 0.00
vt 0.46 0.88 0.00
vt 0.44 0.88 0.00
vt 0.68 0.03 0.00
vt 0.69 0.05 0.00
vt 0.65 0.04 0.00
vt 0.67 0.07 0.00
vt 0.67 0.01 0.00
vt 0.66 0.02 0.00
vt 0.62 0.04 0.00
vt 0.62 0.07 0.00
vt 0.64 0.07 0.00
vt 0.60 0.06 0.00
vt 0.60 0.04 0.00
vt 0.57 0.06 0.00
vt 0.58 0.03 0.00
vt 0.55 0.02 0.00
vt 0.56 0.00 0.00
vt 0.58 0.00 0.00
vt 0.55 0.07 0.00
vt 0.54 0.04 0.00
vt 0.53 0.08 0.00
vt 0.52 0.05 0.00
vt 0.98 0.77 0.00
vt 0.99 0.77 0.00
vt 0.97 0.77 0.00
vt 0.96 0.77 0.00
vt 0.95 0.77 0.00
vt 0.94 0.77 0.00
vt 0.98 0.79 0.00
vt 0.97 0.79 0.00
vt 0.94 0.84 0.00
vt 0.92 0.84 0.00
vt 1.00 0.85 0.00
vt 0.98 0.84 0.00
vt 0.97 0.84 0.00
vt 0.95 0.84 0.00
vt 0.61 0.90 0.00
vt 0.60 0.90 0.00
vt 0.57 0.90 0.00
vt 0.56 0.90 0.00
vt 0.58 0.90 0.00
vt 0.61 0.95 0.00
vt 0.62 0.96 0.00
vt 0.57 0.95 0.00
vt 0.55 0.95 0.00
vt 0.58 0.96 0.00
vt 0.60 0.95 0.00
vt 0.61 0.88 0.00
vt 0.60 0.88 0.00
vt 0.57 0.88 0.00
vt 0.58 0.88 0.00
vt 0.59 0.88 0.00
vt 0.29 0.88 0.00
vt 0.32 0.88 0.00
vt 0.34 0.88 0.00
vt 0.36 0.89 0.00
vt 0.38 0.89 0.00
vt 0.40 0.88 0.00
vt 0.29 0.75 0.00
vt 0.31 0.74 0.00
vt 0.29 0.78 0.00
vt 0.31 0.78 0.00
vt 0.33 0.74 0.00
vt 0.34 0.79 0.00
vt 0.36 0.74 0.00
vt 0.36 0.78 0.00
vt 0.39 0.75 0.00
vt 0.38 0.78 0.00
vt 0.41 0.75 0.00
vt 0.41 0.78 0.00
vt 0.49 0.65 0.00
vt 0.48 0.65 0.00
vt 0.47 0.65 0.00
vt 0.46 0.65 0.00
vt 0.45 0.65 0.00
vt 0.50 0.65 0.00
vt 0.48 0.68 0.00
vt 0.49 0.68 0.00
vt 0.47 0.68 0.00
vt 0.45 0.68 0.00
vt 0.44 0.68 0.00
vt 0.50 0.68 0.00
vt 0.31 0.91 0.00
vt 0.29 0.90 0.00
vt 0.34 0.90 0.00
vt 0.32 0.91 0.00
vt 0.50 0.70 0.00
vt 0.48 0.71 0.00
vt 0.37 0.90 0.00
vt 0.46 0.71 0.00
vt 0.51 0.70 0.00
vt 0.45 0.70 0.00
vt 0.44 0.70 0.00
vt 0.35 0.92 0.00
vt 0.43 0.88 0.00
vt 0.42 0.88 0.00
vt 0.42 0.87 0.00
vt 0.41 0.87 0.00
vt 0.36 0.93 0.00
vt 0.35 0.93 0.00
vt 0.34 0.93 0.00
vt 0.38 0.92 0.00
vt 0.43 0.90 0.00
vt 0.42 0.90 0.00
vt 0.41 0.89 0.00
vt 0.39 0.90 0.00
vt 0.40 0.93 0.00
vt 0.41 0.92 0.00
vt 0.38 0.93 0.00
vt 0.37 0.94 0.00
vt 0.36 0.95 0.00
vt 0.41 0.95 0.00
vt 0.41 0.94 0.00
vt 0.42 0.94 0.00
vt 0.35 0.95 0.00
vt 0.41 0.93 0.00
vt 0.26 0.85 0.00
vt 0.27 0.85 0.00
vt 0.26 0.88 0.00
vt 0.27 0.88 0.00
vt 0.25 0.85 0.00
vt 0.25 0.88 0.00
vt 0.24 0.85 0.00
vt 0.24 0.88 0.00
vt 0.23 0.85 0.00
vt 0.23 0.88 0.00
vt 0.22 0.85 0.00
vt 0.21 0.88 0.00
vt 0.28 0.93 0.00
vt 0.29 0.92 0.00
vt 0.30 0.96 0.00
vt 0.31 0.95 0.00
vt 0.26 0.93 0.00
vt 0.28 0.97 0.00
vt 0.25 0.94 0.00
vt 0.25 0.97 0.00
vt 0.22 0.94 0.00
vt 0.23 0.97 0.00
vt 0.21 0.97 0.00
vt 0.20 0.94 0.00
vt 0.18 0.97 0.00
vt 0.22 0.83 0.00
vt 0.23 0.83 0.00
vt 0.24 0.82 0.00
vt 0.25 0.82 0.00
vt 0.26 0.82 0.00
vt 0.27 0.90 0.00
vt 0.28 0.90 0.00
vt 0.26 0.91 0.00
vt 0.24 0.91 0.00
vt 0.22 0.91 0.00
vt 0.21 0.91 0.00
vt 0.26 0.99 0.00
vt 0.29 1.00 0.00
vt 0.23 1.00 0.00
vt 0.83 0.07 0.00
vt 0.82 0.04 0.00
vt 0.86 0.06 0.00
vt 0.85 0.03 0.00
vt 0.84 0.08 0.00
vt 0.86 0.07 0.00
vt 0.19 0.79 0.00
vt 0.22 0.80 0.00
vt 0.18 0.81 0.00
vt 0.21 0.82 0.00
vt 0.18 0.85 0.00
vt 0.18 0.83 0.00
vt 0.21 0.84 0.00
vt 0.16 0.82 0.00
vt 0.16 0.84 0.00
vt 0.14 0.82 0.00
vt 0.14 0.84 0.00
vt 0.78 0.02 0.00
vt 0.79 0.00 0.00
vt 0.79 0.04 0.00
vt 0.81 0.02 0.00
vt 0.79 0.06 0.00
vt 0.81 0.08 0.00
vt 0.82 0.09 0.00
vt 0.17 0.77 0.00
vt 0.16 0.79 0.00
vt 0.14 0.80 0.00
vt 0.48 0.30 0.00
vt 0.51 0.29 0.00
vt 0.54 0.29 0.00
vt 0.42 0.29 0.00
vt 0.39 0.29 0.00
vt 0.44 0.30 0.00
vt 0.46 0.30 0.00
vt 0.40 0.22 0.00
vt 0.42 0.22 0.00
vt 0.44 0.22 0.00
vt 0.47 0.22 0.00
vt 0.50 0.22 0.00
vt 0.54 0.22 0.00
vt 0.43 0.20 0.00
vt 0.40 0.20 0.00
vt 0.53 0.21 0.00
vt 0.45 0.19 0.00
vt 0.43 0.18 0.00
vt 0.47 0.20 0.00
vt 0.49 0.20 0.00
vt 0.52 0.19 0.00
vt 0.41 0.17 0.00
vt 0.54 0.52 0.00
vt 0.54 0.51 0.00
vt 0.55 0.53 0.00
vt 0.55 0.51 0.00
vt 0.56 0.53 0.00
vt 0.56 0.51 0.00
vt 0.57 0.53 0.00
vt 0.57 0.51 0.00
vt 0.53 0.53 0.00
vt 0.52 0.52 0.00
vt 0.53 0.51 0.00
vt 0.54 0.49 0.00
vt 0.56 0.49 0.00
vt 0.57 0.49 0.00
vt 0.53 0.50 0.00
vt 0.52 0.50 0.00
vt 0.54 0.47 0.00
vt 0.56 0.47 0.00
vt 0.57 0.47 0.00
vt 0.58 0.48 0.00
vt 0.53 0.48 0.00
vt 0.51 0.48 0.00
vt 0.54 0.46 0.00
vt 0.56 0.46 0.00
vt 0.57 0.46 0.00
vt 0.58 0.46 0.00
vt 0.53 0.46 0.00
vt 0.51 0.46 0.00
vt 0.39 0.07 0.00
vt 0.06 0.44 0.00
vt 0.04 0.44 0.00
vt 0.89 0.49 0.00
vt 0.87 0.48 0.00
vt 0.85 0.49 0.00
vt 0.93 0.49 0.00
vt 0.95 0.49 0.00
vt 0.90 0.49 0.00
vt 0.92 0.49 0.00
vt 0.95 0.47 0.00
vt 0.96 0.48 0.00
vt 0.57 0.40 0.00
vt 0.56 0.39 0.00
vt 0.54 0.39 0.00
vt 0.89 0.47 0.00
vt 0.87 0.46 0.00
vt 0.53 0.40 0.00
vt 0.93 0.47 0.00
vt 0.91 0.46 0.00
vt 0.94 0.46 0.00
vt 0.59 0.40 0.00
vt 0.97 0.47 0.00
vt 0.96 0.46 0.00
vt 0.52 0.40 0.00
vt 0.88 0.45 0.00
vt 0.89 0.45 0.00
vt 0.98 0.41 0.00
vt 0.96 0.42 0.00
vt 0.95 0.42 0.00
vt 0.94 0.41 0.00
vt 0.99 0.41 0.00
vt 0.91 0.45 0.00
vt 0.94 0.45 0.00
vt 0.98 0.34 0.00
vt 0.96 0.34 0.00
vt 0.95 0.34 0.00
vt 0.99 0.34 0.00
vt 0.98 0.33 0.00
vt 0.97 0.33 0.00
vt 0.96 0.33 0.00
vt 0.95 0.33 0.00
vt 0.99 0.33 0.00
vt 0.55 0.96 0.00
vt 0.52 0.97 0.00
vt 0.50 0.97 0.00
vt 0.48 0.97 0.00
vt 0.45 0.96 0.00
vt 0.44 0.96 0.00
vt 0.46 0.82 0.00
vt 0.08 0.43 0.00
vt 0.93 0.40 0.00
vt 0.91 0.41 0.00
vt 0.85 0.41 0.00
vt 0.87 0.41 0.00
vt 0.89 0.41 0.00
vt 0.49 0.82 0.00
vt 0.02 0.43 0.00
vt 0.03 0.44 0.00
vt 0.01 0.42 0.00
vt 0.90 0.41 0.00
vt 0.08 0.42 0.00
vt 0.89 0.19 0.00
vt 0.90 0.19 0.00
vt 0.91 0.19 0.00
vt 0.93 0.19 0.00
vt 0.94 0.19 0.00
vt 0.97 0.19 0.00
vt 0.87 0.19 0.00
vt 0.91 0.21 0.00
vt 0.91 0.24 0.00
vt 0.89 0.22 0.00
vt 0.90 0.24 0.00
vt 0.92 0.20 0.00
vt 0.93 0.23 0.00
vt 0.93 0.20 0.00
vt 0.94 0.21 0.00
vt 0.94 0.23 0.00
vt 0.96 0.21 0.00
vt 0.96 0.23 0.00
vt 0.88 0.21 0.00
vt 0.89 0.24 0.00
vt 0.91 0.09 0.00
vt 0.88 0.08 0.00
vt 0.93 0.08 0.00
vt 0.95 0.09 0.00
vt 0.97 0.08 0.00
vt 0.85 0.09 0.00
vt 0.91 0.20 0.00
vt 0.89 0.20 0.00
vt 0.91 0.25 0.00
vt 0.92 0.25 0.00
vt 0.93 0.25 0.00
vt 0.94 0.25 0.00
vt 0.95 0.25 0.00
vt 0.90 0.26 0.00
vt 0.57 0.23 0.00
vt 0.59 0.22 0.00
vt 0.60 0.21 0.00
vt 0.59 0.19 0.00
vt 0.42 0.07 0.00
vt 0.44 0.05 0.00
vt 0.41 0.09 0.00
vt 0.44 0.10 0.00
vt 0.75 0.03 0.00
vt 0.76 0.05 0.00
vt 0.73 0.04 0.00
vt 0.73 0.06 0.00
vt 0.71 0.17 0.00
vt 0.71 0.20 0.00
vt 0.73 0.07 0.00
vt 0.76 0.08 0.00
vt 0.72 0.21 0.00
vt 0.11 0.79 0.00
vt 0.11 0.81 0.00
vt 0.08 0.79 0.00
vt 0.08 0.81 0.00
vt 0.06 0.80 0.00
vt 0.28 0.05 0.00
vt 0.26 0.05 0.00
vt 0.72 0.09 0.00
vt 0.75 0.10 0.00
vt 0.78 0.10 0.00
vt 0.30 0.04 0.00
vt 0.30 0.00 0.00
vt 0.05 0.81 0.00
vt 0.04 0.78 0.00
vt 0.05 0.77 0.00
vt 0.07 0.76 0.00
vt 0.10 0.74 0.00
vt 0.13 0.75 0.00
vt 0.15 0.76 0.00
vt 0.72 0.15 0.00
vt 0.71 0.14 0.00
vt 0.74 0.13 0.00
vt 0.71 0.11 0.00
vt 0.74 0.17 0.00
vt 0.76 0.15 0.00
vt 0.78 0.13 0.00
vt 0.17 0.76 0.00
vt 0.80 0.10 0.00
vt 0.81 0.11 0.00
vt 0.80 0.12 0.00
vt 0.85 0.33 0.00
vt 0.85 0.31 0.00
vt 0.86 0.33 0.00
vt 0.86 0.31 0.00
vt 0.79 0.34 0.00
vt 0.79 0.32 0.00
vt 0.81 0.33 0.00
vt 0.81 0.31 0.00
vt 0.82 0.33 0.00
vt 0.82 0.31 0.00
vt 0.83 0.33 0.00
vt 0.83 0.31 0.00
vt 0.85 0.30 0.00
vt 0.85 0.28 0.00
vt 0.86 0.30 0.00
vt 0.86 0.28 0.00
vt 0.79 0.30 0.00
vt 0.79 0.28 0.00
vt 0.80 0.30 0.00
vt 0.80 0.28 0.00
vt 0.82 0.30 0.00
vt 0.82 0.28 0.00
vt 0.83 0.30 0.00
vt 0.83 0.28 0.00
vt 0.10 0.89 0.00
vt 0.09 0.87 0.00
vt 0.10 0.88 0.00
vt 0.10 0.87 0.00
vt 0.01 0.03 0.00
vt 0.00 0.02 0.00
vt 0.02 0.03 0.00
vt 0.01 0.01 0.00
vt 0.03 0.03 0.00
vt 0.03 0.01 0.00
vt 0.03 0.02 0.00
vt 0.09 0.89 0.00
vt 0.08 0.88 0.00
vt 0.03 0.91 0.00
vt 0.03 0.89 0.00
vt 0.04 0.91 0.00
vt 0.04 0.88 0.00
vt 0.05 0.91 0.00
vt 0.05 0.88 0.00
vt 0.06 0.91 0.00
vt 0.06 0.89 0.00
vt 0.02 0.89 0.00
vt 0.10 0.90 0.00
vt 0.09 0.91 0.00
vt 0.03 0.05 0.00
vt 0.03 0.04 0.00
vt 0.02 0.04 0.00
vt 0.01 0.04 0.00
vt 0.11 0.90 0.00
vt 0.03 0.93 0.00
vt 0.05 0.93 0.00
vt 0.06 0.93 0.00
vt 0.04 0.93 0.00
vt 0.83 0.35 0.00
vt 0.85 0.35 0.00
vt 0.82 0.35 0.00
vt 0.81 0.35 0.00
vt 0.80 0.35 0.00
vt 0.86 0.35 0.00
vt 0.78 0.27 0.00
vt 0.79 0.26 0.00
vt 0.46 0.15 0.00
vt 0.46 0.16 0.00
vt 0.45 0.15 0.00
vt 0.44 0.16 0.00
vt 0.47 0.18 0.00
vt 0.48 0.16 0.00
vt 0.48 0.14 0.00
vt 0.49 0.18 0.00
vt 0.51 0.17 0.00
vt 0.42 0.16 0.00
vt 0.46 0.13 0.00
vt 0.45 0.13 0.00
vt 0.47 0.12 0.00
vt 0.85 0.27 0.00
vt 0.86 0.27 0.00
vt 0.81 0.26 0.00
vt 0.44 0.13 0.00
vt 0.44 0.11 0.00
vt 0.43 0.14 0.00
vt 0.49 0.16 0.00
vt 0.51 0.14 0.00
vt 0.50 0.14 0.00
vt 0.48 0.12 0.00
vt 0.84 0.26 0.00
vt 0.51 0.12 0.00
vt 0.50 0.12 0.00
vt 0.43 0.11 0.00
vt 0.82 0.27 0.00
vt 0.08 0.82 0.00
vt 0.07 0.84 0.00
vt 0.06 0.82 0.00
vt 0.06 0.84 0.00
vt 0.08 0.86 0.00
vt 0.07 0.87 0.00
vt 0.06 0.86 0.00
vt 0.06 0.87 0.00
vt 0.08 0.84 0.00
vt 0.09 0.83 0.00
vt 0.09 0.85 0.00
vt 0.05 0.82 0.00
vt 0.05 0.84 0.00
vt 0.05 0.85 0.00
vt 0.04 0.82 0.00
vt 0.04 0.84 0.00
vt 0.04 0.85 0.00
vt 0.05 0.87 0.00
vt 0.03 0.87 0.00
vt 0.07 0.88 0.00
vt 0.02 0.88 0.00
vt 0.02 0.87 0.00
vt 0.01 0.88 0.00
vt 0.02 0.00 0.00
vt 0.03 0.00 0.00
vt 0.01 0.86 0.00
vt 0.02 0.85 0.00
vt 0.02 0.84 0.00
vt 0.01 0.84 0.00
vt 0.00 0.86 0.00
vt 0.01 0.83 0.00
vt 0.03 0.81 0.00
vt 0.01 0.82 0.00
vt 0.42 0.12 0.00
vt 0.06 0.17 0.00
vt 0.05 0.17 0.00
vt 0.04 0.17 0.00
vt 0.03 0.17 0.00
vt 0.02 0.17 0.00
vt 0.18 0.27 0.00
vt 0.18 0.28 0.00
vt 0.16 0.27 0.00
vt 0.17 0.28 0.00
vt 0.15 0.27 0.00
vt 0.15 0.29 0.00
vt 0.14 0.27 0.00
vt 0.14 0.29 0.00
vt 0.12 0.27 0.00
vt 0.12 0.29 0.00
vt 0.10 0.27 0.00
vt 0.10 0.28 0.00
vt 0.11 0.23 0.00
vt 0.13 0.23 0.00
vt 0.11 0.25 0.00
vt 0.12 0.26 0.00
vt 0.14 0.23 0.00
vt 0.14 0.25 0.00
vt 0.15 0.23 0.00
vt 0.15 0.25 0.00
vt 0.17 0.23 0.00
vt 0.17 0.25 0.00
vt 0.18 0.23 0.00
vt 0.18 0.26 0.00
vt 0.05 0.19 0.00
vt 0.06 0.20 0.00
vt 0.04 0.19 0.00
vt 0.03 0.20 0.00
vt 0.02 0.20 0.00
vt 0.06 0.19 0.00
vt 0.05 0.22 0.00
vt 0.06 0.22 0.00
vt 0.04 0.22 0.00
vt 0.03 0.22 0.00
vt 0.02 0.23 0.00
vt 0.07 0.22 0.00
vt 0.05 0.25 0.00
vt 0.07 0.25 0.00
vt 0.04 0.25 0.00
vt 0.03 0.24 0.00
vt 0.02 0.24 0.00
vt 0.08 0.24 0.00
vt 0.07 0.27 0.00
vt 0.05 0.27 0.00
vt 0.04 0.27 0.00
vt 0.03 0.27 0.00
vt 0.02 0.26 0.00
vt 0.09 0.27 0.00
vt 0.13 0.73 0.00
vt 0.11 0.72 0.00
vt 0.78 0.17 0.00
vt 0.76 0.18 0.00
vt 0.79 0.15 0.00
vt 0.81 0.14 0.00
vt 0.82 0.13 0.00
vt 0.15 0.73 0.00
vt 0.17 0.74 0.00
vt 0.83 0.16 0.00
vt 0.82 0.17 0.00
vt 0.81 0.18 0.00
vt 0.15 0.70 0.00
vt 0.17 0.70 0.00
vt 0.13 0.70 0.00
vt 0.11 0.70 0.00
vt 0.79 0.19 0.00
vt 0.78 0.20 0.00
vt 0.79 0.22 0.00
vt 0.80 0.20 0.00
vt 0.81 0.22 0.00
vt 0.82 0.23 0.00
vt 0.82 0.25 0.00
vt 0.80 0.24 0.00
vt 0.81 0.25 0.00
vt 0.15 0.31 0.00
vt 0.13 0.31 0.00
vt 0.82 0.19 0.00
vt 0.83 0.21 0.00
vt 0.84 0.23 0.00
vt 0.83 0.22 0.00
vt 0.13 0.64 0.00
vt 0.13 0.66 0.00
vt 0.12 0.65 0.00
vt 0.12 0.66 0.00
vt 0.17 0.31 0.00
vt 0.84 0.20 0.00
vt 0.83 0.18 0.00
vt 0.85 0.19 0.00
vt 0.86 0.21 0.00
vt 0.85 0.21 0.00
vt 0.16 0.65 0.00
vt 0.15 0.66 0.00
vt 0.16 0.66 0.00
vt 0.14 0.64 0.00
vt 0.14 0.66 0.00
vt 0.16 0.67 0.00
vt 0.15 0.67 0.00
vt 0.13 0.67 0.00
vt 0.11 0.67 0.00
vt 0.04 0.30 0.00
vt 0.05 0.30 0.00
vt 0.86 0.23 0.00
vt 0.85 0.24 0.00
vt 0.07 0.30 0.00
vt 0.09 0.30 0.00
vt 0.84 0.25 0.00
vt 0.12 0.30 0.00
vt 0.86 0.25 0.00
vt 0.09 0.32 0.00
vt 0.10 0.30 0.00
vt 0.03 0.30 0.00
vt 0.03 0.31 0.00
vt 0.01 0.31 0.00
vt 0.01 0.29 0.00
vt 0.00 0.30 0.00
vt 0.14 0.63 0.00
vt 0.18 0.30 0.00
vt 0.18 0.29 0.00
vt 0.14 0.07 0.00
vt 0.75 0.25 0.00
vt 0.50 0.00 0.00
vt 0.75 0.00 0.00
vt 0.50 0.25 0.00
vt 1.00 0.00 0.00
vt 1.00 0.25 0.00
vt 0.50 0.50 0.00
vt 0.75 0.50 0.00
vt 1.00 0.50 0.00
vt 0.50 0.75 0.00
vt 0.75 0.75 0.00
vt 1.00 0.75 0.00
vt 0.75 1.00 0.00
vt 0.50 1.00 0.00
vt 1.00 1.00 0.00
vt 0.25 0.75 0.00
vt 0.25 0.50 0.00
vt 0.00 0.75 0.00
vt 0.25 1.00 0.00
vt 0.00 1.00 0.00
vt 0.25 0.00 0.00
vt 0.00 0.25 0.00
vt 0.00 0.00 0.00
vt 0.25 0.25 0.00
# 1345 texture coords

o Tr_01_Stem_autumn_001
g Tr_01_Stem_autumn_001
usemtl MAT_Stem
f 1/1/1 2/2/2 3/3/3 
f 3/3/3 2/2/2 4/4/4 
f 2/2/2 5/5/5 4/4/4 
f 4/4/4 5/5/5 6/6/6 
f 7/7/7 8/8/8 9/9/9 
f 9/9/9 8/8/8 10/10/10 
f 11/11/11 12/12/12 8/8/8 
f 8/8/8 12/12/12 10/10/10 
f 1/1/1 3/3/3 11/13/13 
f 11/13/13 3/3/3 12/14/14 
f 13/15/15 14/16/16 15/17/17 
f 15/17/17 14/16/16 16/17/18 
f 17/18/19 18/19/20 14/20/21 
f 14/20/21 18/19/20 16/21/22 
f 17/18/19 19/22/23 18/19/20 
f 18/19/20 19/22/23 20/23/24 
f 21/24/25 22/25/26 19/22/23 
f 19/22/23 22/25/26 20/23/24 
f 21/26/27 13/27/28 22/28/29 
f 22/28/29 13/27/28 15/29/30 
f 15/30/31 16/31/32 22/32/33 
f 16/31/32 18/19/20 22/32/33 
f 18/19/20 20/23/24 22/32/33 
f 23/33/34 24/34/35 25/35/36 
f 25/35/36 24/34/35 26/36/37 
f 27/37/38 28/38/39 23/33/34 
f 23/33/34 28/38/39 24/34/35 
f 27/37/38 29/39/40 28/38/39 
f 28/38/39 29/39/40 30/38/41 
f 29/39/40 31/40/42 30/38/41 
f 30/38/41 31/40/42 32/41/43 
f 25/42/44 26/43/45 31/44/46 
f 31/44/46 26/43/45 32/43/47 
f 26/45/48 24/34/48 32/46/48 
f 24/34/35 28/38/39 32/46/43 
f 28/38/39 30/38/41 32/46/43 
f 33/47/49 34/48/50 35/49/51 
f 35/49/51 34/48/50 36/50/52 
f 33/47/49 37/51/53 34/48/50 
f 34/48/50 37/51/53 38/52/54 
f 37/51/53 39/53/55 38/52/54 
f 38/52/54 39/53/55 40/54/56 
f 39/53/55 41/55/57 40/54/56 
f 40/54/56 41/55/57 42/56/58 
f 35/57/59 36/58/60 41/59/61 
f 41/59/61 36/58/60 42/60/62 
f 36/61/63 34/48/63 42/62/63 
f 34/48/50 38/52/54 42/62/58 
f 38/52/54 40/54/56 42/62/58 
f 43/63/64 44/64/65 45/65/66 
f 45/65/66 44/64/65 46/66/67 
f 44/64/65 47/67/68 46/66/67 
f 46/66/67 47/67/68 48/68/69 
f 49/69/70 50/70/71 47/67/68 
f 47/67/68 50/70/71 48/68/69 
f 49/69/70 51/71/72 50/70/71 
f 50/70/71 51/71/72 52/72/73 
f 51/73/74 43/74/75 52/75/76 
f 52/75/76 43/74/75 45/75/77 
f 45/76/78 46/66/78 52/77/78 
f 46/66/67 48/68/69 52/77/73 
f 48/68/69 50/78/79 52/77/73 
f 53/79/80 54/80/81 55/81/82 
f 55/81/82 54/80/81 56/80/83 
f 57/82/84 58/83/85 53/79/80 
f 53/79/80 58/83/85 54/80/81 
f 57/82/84 59/84/86 58/83/85 
f 58/83/85 59/84/86 60/85/87 
f 59/84/86 61/86/88 60/85/87 
f 60/85/87 61/86/88 62/85/89 
f 55/87/90 56/88/91 61/89/92 
f 61/89/92 56/88/91 62/90/93 
f 56/91/94 54/80/94 62/92/94 
f 54/80/81 58/83/85 62/92/89 
f 58/83/85 60/85/87 62/92/89 
f 63/93/95 64/94/96 65/95/97 
f 65/95/97 64/94/96 66/96/98 
f 67/97/99 63/93/95 68/98/100 
f 68/98/100 63/93/95 65/95/97 
f 67/97/99 68/98/100 69/99/101 
f 69/99/101 68/98/100 70/100/102 
f 69/99/101 70/100/102 71/101/103 
f 71/101/103 70/100/102 72/102/104 
f 71/103/105 72/104/106 64/105/107 
f 64/105/107 72/104/106 66/106/108 
f 73/107/109 74/108/110 75/109/111 
f 75/109/111 74/108/110 76/110/112 
f 77/111/113 75/109/111 78/112/114 
f 78/112/114 75/109/111 76/110/112 
f 79/113/115 77/111/113 80/114/116 
f 80/114/116 77/111/113 78/112/114 
f 81/115/117 79/113/115 82/116/118 
f 82/116/118 79/113/115 80/114/116 
f 81/117/119 82/118/120 73/119/121 
f 73/119/121 82/118/120 74/120/122 
f 83/121/123 84/122/124 85/123/125 
f 85/123/125 84/122/124 86/124/126 
f 87/125/127 83/121/123 88/126/128 
f 88/126/128 83/121/123 85/123/125 
f 87/125/127 88/126/128 89/127/129 
f 89/127/129 88/126/128 90/128/130 
f 89/127/129 90/128/130 91/129/131 
f 91/129/131 90/128/130 92/130/132 
f 84/131/133 91/132/134 86/133/135 
f 86/133/135 91/132/134 92/134/136 
f 93/135/137 94/136/138 95/137/139 
f 95/137/139 94/136/138 96/138/140 
f 97/139/141 95/140/142 98/141/143 
f 98/141/143 95/140/142 96/142/144 
f 97/139/141 98/141/143 99/143/145 
f 99/143/145 98/141/143 100/144/146 
f 101/145/147 99/143/145 102/146/148 
f 102/146/148 99/143/145 100/144/146 
f 101/147/149 102/148/150 93/149/151 
f 93/149/151 102/148/150 94/150/152 
f 31/44/46 91/132/134 25/42/44 
f 25/42/44 91/132/134 84/131/133 
f 29/39/40 89/127/129 31/40/42 
f 31/40/42 89/127/129 91/129/131 
f 29/39/40 27/37/38 89/127/129 
f 89/127/129 27/37/38 87/125/127 
f 27/37/38 23/33/34 87/125/127 
f 87/125/127 23/33/34 83/121/123 
f 25/35/36 84/122/124 23/33/34 
f 23/33/34 84/122/124 83/121/123 
f 61/89/92 81/117/119 55/87/90 
f 55/87/90 81/117/119 73/119/121 
f 61/86/88 59/84/86 81/115/117 
f 81/115/117 59/84/86 79/113/115 
f 59/84/86 57/82/84 79/113/115 
f 79/113/115 57/82/84 77/111/113 
f 57/82/84 53/79/80 77/111/113 
f 77/111/113 53/79/80 75/109/111 
f 55/81/82 73/107/109 53/79/80 
f 53/79/80 73/107/109 75/109/111 
f 43/74/75 51/73/74 64/105/107 
f 64/105/107 51/73/74 71/103/105 
f 49/69/70 69/99/101 51/71/72 
f 51/71/72 69/99/101 71/101/103 
f 49/69/70 47/67/68 69/99/101 
f 69/99/101 47/67/68 67/97/99 
f 47/67/68 44/64/65 67/97/99 
f 67/97/99 44/64/65 63/93/95 
f 44/64/65 43/63/64 63/93/95 
f 63/93/95 43/63/64 64/94/96 
f 103/151/153 104/152/154 105/153/155 
f 105/153/155 104/152/154 106/154/156 
f 107/155/157 108/156/158 109/157/159 
f 110/158/160 107/155/157 111/159/161 
f 111/159/161 107/155/157 109/157/159 
f 110/158/160 111/159/161 112/160/162 
f 112/160/162 111/159/161 113/161/163 
f 103/162/164 112/163/165 104/164/166 
f 104/164/166 112/163/165 113/165/167 
f 41/59/61 112/163/165 35/57/59 
f 35/57/59 112/163/165 103/162/164 
f 41/55/57 39/53/55 112/160/162 
f 112/160/162 39/53/55 110/158/160 
f 39/53/55 37/51/53 110/158/160 
f 110/158/160 37/51/53 107/155/157 
f 33/47/49 105/153/155 37/51/53 
f 37/51/53 105/153/155 107/155/157 
f 35/49/51 103/151/153 33/47/49 
f 33/47/49 103/151/153 105/153/155 
f 13/27/28 21/26/27 93/149/151 
f 93/149/151 21/26/27 101/147/149 
f 19/22/23 99/143/145 21/24/25 
f 21/24/25 99/143/145 101/145/147 
f 19/22/23 17/18/19 99/143/145 
f 99/143/145 17/18/19 97/139/141 
f 14/20/21 95/140/142 17/18/19 
f 17/18/19 95/140/142 97/139/141 
f 14/16/16 13/15/15 95/137/139 
f 95/137/139 13/15/15 93/135/137 
f 114/166/168 115/167/169 111/159/161 
f 111/159/161 115/167/169 113/161/163 
f 116/168/170 117/169/171 104/152/154 
f 104/152/154 117/169/171 106/154/156 
f 118/170/172 72/102/104 70/100/102 
f 116/168/170 72/102/104 117/169/171 
f 117/169/171 72/102/104 118/170/172 
f 68/98/100 119/171/173 70/100/102 
f 70/100/102 119/171/173 118/170/172 
f 68/98/100 65/95/97 120/172/174 
f 120/172/174 65/95/97 121/173/175 
f 65/95/97 66/96/98 121/173/175 
f 66/96/98 122/174/176 121/173/175 
f 121/173/175 122/174/176 123/175/177 
f 124/176/178 82/116/118 125/177/179 
f 125/177/179 82/116/118 80/114/116 
f 122/178/180 124/176/178 123/179/181 
f 123/179/181 124/176/178 125/177/179 
f 92/130/132 90/128/130 74/108/110 
f 74/108/110 90/128/130 76/110/112 
f 100/144/146 126/180/182 102/146/148 
f 102/146/148 126/180/182 127/181/183 
f 128/182/184 85/123/125 129/183/185 
f 129/183/185 85/123/125 86/124/126 
f 127/181/183 126/180/182 129/183/185 
f 129/183/185 126/180/182 128/182/184 
f 116/184/186 66/106/108 72/104/106 
f 115/167/169 114/166/168 94/136/138 
f 94/136/138 114/166/168 96/138/140 
f 85/123/125 128/182/184 130/185/187 
f 88/126/128 85/123/125 131/186/188 
f 131/186/188 85/123/125 130/185/187 
f 90/128/130 88/126/128 132/187/189 
f 132/187/189 88/126/128 131/186/188 
f 132/187/189 76/110/112 90/128/130 
f 78/112/114 76/110/112 133/188/190 
f 133/188/190 76/110/112 132/187/189 
f 80/114/116 78/112/114 134/189/191 
f 134/189/191 78/112/114 133/188/190 
f 135/190/192 125/177/179 134/189/191 
f 134/189/191 125/177/179 80/114/116 
f 136/191/193 123/179/181 135/190/192 
f 135/190/192 123/179/181 125/177/179 
f 137/192/194 121/173/175 136/193/195 
f 136/193/195 121/173/175 123/175/177 
f 138/194/196 120/172/174 137/192/194 
f 137/192/194 120/172/174 121/173/175 
f 119/171/173 68/98/100 120/172/174 
f 119/171/173 120/172/174 139/195/197 
f 139/195/197 120/172/174 138/194/196 
f 117/169/171 118/170/172 140/196/198 
f 118/170/172 119/171/173 140/196/198 
f 140/196/198 119/171/173 139/195/197 
f 117/169/171 141/197/199 106/154/156 
f 106/154/156 141/197/199 108/156/158 
f 107/155/157 105/153/155 108/156/158 
f 108/156/158 105/153/155 106/154/156 
f 140/196/198 141/197/199 117/169/171 
f 102/148/150 127/198/200 94/150/152 
f 94/150/152 127/198/200 115/199/201 
f 82/118/120 124/200/202 74/120/122 
f 142/201/203 143/202/204 127/198/200 
f 104/164/166 143/202/204 116/184/186 
f 104/164/166 113/165/167 143/202/204 
f 143/202/204 113/165/167 115/199/201 
f 96/138/140 114/166/168 144/203/205 
f 144/203/205 114/166/168 145/204/206 
f 145/204/206 114/166/168 111/159/161 
f 146/205/207 145/204/206 109/157/159 
f 109/157/159 145/204/206 111/159/161 
f 147/206/208 146/205/207 108/156/158 
f 108/156/158 146/205/207 109/157/159 
f 147/206/208 108/156/158 141/197/199 
f 147/206/208 141/197/199 148/207/209 
f 148/207/209 141/197/199 140/196/198 
f 149/208/210 148/207/209 139/195/197 
f 139/195/197 148/207/209 140/196/198 
f 150/209/211 151/210/212 137/192/194 
f 137/192/194 151/210/212 138/194/196 
f 150/209/211 137/192/194 136/193/195 
f 150/211/213 136/191/193 135/190/192 
f 150/211/213 135/190/192 133/188/190 
f 133/188/190 135/190/192 134/189/191 
f 130/185/187 128/182/184 152/212/214 
f 152/212/214 128/182/184 126/180/182 
f 153/213/215 152/212/214 100/144/146 
f 100/144/146 152/212/214 126/180/182 
f 153/213/215 100/144/146 98/141/143 
f 98/141/143 96/142/144 153/213/215 
f 153/213/215 96/142/144 144/214/216 
f 154/215/217 155/216/218 156/215/219 
f 156/215/219 155/216/218 157/216/220 
f 158/217/221 159/218/222 154/215/217 
f 154/215/217 159/218/222 155/216/218 
f 160/219/223 161/220/224 158/219/225 
f 158/219/225 161/220/224 159/220/226 
f 160/219/223 162/221/227 161/220/224 
f 161/220/224 162/221/227 163/220/228 
f 162/221/227 156/215/219 163/220/228 
f 163/220/228 156/215/219 157/216/220 
f 157/222/229 161/220/224 163/220/228 
f 155/222/218 161/220/224 157/222/229 
f 155/222/218 159/220/226 161/220/224 
f 164/223/230 165/224/231 166/225/232 
f 166/225/232 165/224/231 167/225/233 
f 168/226/234 169/227/235 165/228/231 
f 165/228/231 169/227/235 167/229/236 
f 168/226/234 170/230/237 169/227/235 
f 169/227/235 170/230/237 171/227/238 
f 172/223/239 173/231/240 170/230/237 
f 170/230/237 173/231/240 171/227/238 
f 172/223/239 164/223/230 173/231/240 
f 173/231/240 164/223/230 166/225/232 
f 166/225/232 171/227/238 173/231/240 
f 167/225/241 171/227/238 166/225/232 
f 167/225/241 169/227/242 171/227/238 
f 174/232/243 175/233/244 176/234/245 
f 177/233/246 178/235/247 175/233/244 
f 175/233/244 178/235/247 176/234/245 
f 177/236/248 179/236/249 178/237/248 
f 178/237/247 179/236/249 180/237/250 
f 181/232/251 182/234/252 179/236/249 
f 179/236/249 182/234/252 180/237/250 
f 174/232/243 176/234/245 181/232/251 
f 181/232/251 176/234/245 182/234/252 
f 176/238/245 180/237/250 182/234/252 
f 176/238/245 178/239/253 180/237/250 
f 183/240/254 184/241/255 185/242/256 
f 185/242/256 184/241/255 186/243/257 
f 187/244/258 188/245/259 183/240/254 
f 183/240/254 188/245/259 184/241/255 
f 187/244/260 189/244/261 188/245/262 
f 188/245/262 189/244/261 190/246/263 
f 189/244/261 191/247/264 190/246/263 
f 190/246/263 191/247/264 192/248/265 
f 191/247/264 185/249/266 192/248/265 
f 192/248/265 185/249/266 186/248/267 
f 186/241/257 190/246/268 192/241/268 
f 184/241/269 190/246/263 186/241/257 
f 184/241/269 188/245/262 190/246/263 
f 193/250/270 194/251/271 195/252/272 
f 195/252/272 194/251/271 196/253/273 
f 197/254/274 198/251/275 193/250/270 
f 193/250/270 198/251/275 194/251/276 
f 197/254/274 199/255/277 198/251/275 
f 198/251/275 199/255/277 200/256/278 
f 199/255/277 201/257/279 200/256/278 
f 200/256/278 201/257/279 202/256/280 
f 195/258/272 196/259/273 201/257/279 
f 201/257/279 196/259/273 202/256/280 
f 196/256/281 200/256/282 202/256/283 
f 194/256/271 200/256/282 196/256/281 
f 194/256/271 198/251/275 200/256/278 
f 203/260/284 204/261/285 205/260/286 
f 205/260/286 204/261/285 206/261/287 
f 203/260/284 207/262/288 204/261/285 
f 204/261/285 207/262/288 208/261/289 
f 207/262/290 209/263/291 208/261/292 
f 208/261/292 209/263/291 210/264/293 
f 209/263/291 211/263/294 210/264/293 
f 210/264/293 211/263/294 212/264/295 
f 205/260/286 206/261/287 211/265/296 
f 211/265/296 206/261/287 212/266/297 
f 206/261/298 210/261/299 212/261/298 
f 204/261/285 210/261/299 206/261/287 
f 204/261/285 208/261/300 210/261/299 
f 213/267/301 214/268/302 215/269/303 
f 215/269/303 214/268/302 216/270/304 
f 214/271/305 217/272/306 216/273/307 
f 216/273/307 217/272/306 218/273/308 
f 219/274/309 220/273/310 217/272/306 
f 217/272/306 220/273/310 218/273/308 
f 221/274/311 222/275/312 219/274/309 
f 219/274/309 222/275/312 220/273/310 
f 213/267/301 215/269/303 221/276/313 
f 221/276/313 215/269/303 222/269/314 
f 215/273/315 220/273/310 222/275/316 
f 216/273/317 220/273/310 215/273/315 
f 216/273/317 218/273/308 220/273/310 
f 223/277/318 224/278/319 225/279/320 
f 225/279/320 224/278/319 226/280/321 
f 224/281/322 227/282/323 226/283/324 
f 226/283/324 227/282/323 228/283/325 
f 227/282/323 229/284/326 228/283/325 
f 228/283/325 229/284/326 230/279/327 
f 231/285/328 232/279/329 229/284/330 
f 229/284/330 232/279/329 230/279/331 
f 223/277/318 225/279/320 231/285/328 
f 231/285/328 225/279/320 232/279/329 
f 225/286/332 230/279/327 232/286/333 
f 226/287/334 230/279/327 225/286/332 
f 226/287/334 228/283/325 230/279/327 
f 233/288/335 234/289/336 235/290/337 
f 235/290/337 234/289/336 236/289/338 
f 233/288/335 237/291/339 234/289/336 
f 234/289/336 237/291/339 238/289/340 
f 237/291/339 239/292/341 238/289/340 
f 238/289/340 239/292/341 240/293/342 
f 241/294/343 242/293/344 239/292/345 
f 239/292/341 242/293/344 240/293/342 
f 235/290/337 236/289/338 241/295/346 
f 241/295/346 236/289/338 242/289/344 
f 236/289/347 240/296/348 242/296/349 
f 234/289/336 240/296/348 236/289/347 
f 234/289/336 238/289/340 240/296/348 
f 243/297/350 244/298/351 245/299/352 
f 245/299/352 244/298/351 246/300/353 
f 247/298/354 248/300/339 244/298/351 
f 244/298/351 248/300/339 246/300/353 
f 247/298/354 249/301/355 248/300/339 
f 248/300/339 249/301/355 250/302/356 
f 251/303/357 252/304/358 249/301/355 
f 249/301/355 252/304/358 250/302/356 
f 251/303/357 243/305/350 252/304/358 
f 252/304/358 243/305/350 245/306/359 
f 245/306/352 250/302/356 252/304/358 
f 246/300/353 250/302/360 245/299/352 
f 246/300/353 248/300/339 250/302/356 
f 253/307/361 254/308/362 255/309/363 
f 255/309/363 254/308/362 256/309/364 
f 254/308/362 257/310/365 256/309/364 
f 256/309/364 257/310/365 258/311/366 
f 257/310/365 259/312/367 258/311/366 
f 258/311/366 259/312/367 260/311/368 
f 261/313/369 262/314/370 259/312/367 
f 259/312/367 262/314/370 260/311/368 
f 253/307/361 255/309/363 261/307/369 
f 261/307/369 255/309/363 262/309/371 
f 255/309/372 260/311/373 262/311/374 
f 256/309/364 260/311/373 255/309/372 
f 256/309/364 258/311/366 260/311/373 
f 263/315/375 264/316/376 265/317/377 
f 265/317/377 264/316/376 266/318/378 
f 267/319/379 268/320/380 264/321/376 
f 264/321/376 268/320/380 266/322/381 
f 267/319/379 269/323/382 268/320/380 
f 268/320/380 269/323/382 270/324/383 
f 269/323/382 271/325/384 270/324/383 
f 270/324/383 271/325/384 272/326/385 
f 263/315/375 265/317/377 271/325/384 
f 271/325/384 265/317/377 272/326/385 
f 273/327/386 274/328/387 275/329/388 
f 275/329/388 274/328/387 276/330/389 
f 274/331/390 277/332/391 276/333/392 
f 276/333/389 277/332/391 278/334/393 
f 279/335/394 280/336/395 277/332/391 
f 277/332/391 280/336/395 278/334/393 
f 279/335/394 281/337/396 280/336/395 
f 280/336/395 281/337/396 282/338/397 
f 273/327/386 275/329/388 281/337/396 
f 281/337/396 275/329/388 282/338/397 
f 283/339/398 284/340/399 285/341/400 
f 285/341/400 284/340/399 286/342/401 
f 284/340/399 287/343/402 286/342/401 
f 286/342/401 287/343/402 288/344/403 
f 289/345/404 290/346/405 287/343/402 
f 287/343/402 290/346/405 288/344/403 
f 291/347/406 292/348/407 289/349/408 
f 289/349/408 292/348/407 290/350/409 
f 291/347/406 293/351/410 292/348/407 
f 292/348/407 293/351/410 294/352/411 
f 295/353/412 296/354/413 297/355/414 
f 296/356/415 298/357/416 299/358/417 
f 299/358/417 298/357/416 300/359/418 
f 301/360/419 302/361/420 303/362/421 
f 303/362/421 302/361/420 304/363/422 
f 301/360/419 305/364/423 302/361/420 
f 302/361/420 305/364/423 306/365/424 
f 305/364/423 307/366/425 306/365/424 
f 306/365/424 307/366/425 308/367/426 
f 309/368/427 310/369/428 307/366/429 
f 307/366/425 310/369/428 308/367/426 
f 303/362/421 304/363/422 309/370/427 
f 309/370/427 304/363/422 310/371/428 
f 311/372/430 312/373/431 313/374/432 
f 313/374/432 312/373/431 314/375/433 
f 312/373/431 315/376/434 314/375/433 
f 314/375/433 315/376/434 316/377/435 
f 315/378/436 317/379/437 316/380/438 
f 316/380/438 317/379/437 318/381/439 
f 319/382/440 320/383/441 317/379/437 
f 317/379/437 320/383/441 318/381/439 
f 311/372/430 313/374/432 319/382/442 
f 319/382/442 313/374/432 320/383/443 
f 321/384/444 322/385/445 323/386/446 
f 323/386/446 322/385/445 324/387/447 
f 322/385/445 325/388/448 324/387/447 
f 324/387/447 325/388/448 326/389/449 
f 327/390/450 328/391/451 325/392/452 
f 325/392/452 328/391/451 326/393/453 
f 327/390/450 329/394/454 328/391/451 
f 328/391/451 329/394/454 330/395/455 
f 329/394/456 321/384/444 330/395/457 
f 330/395/457 321/384/444 323/386/446 
f 331/396/458 332/397/459 333/396/460 
f 333/396/460 332/397/459 334/398/461 
f 335/399/462 336/400/463 331/396/458 
f 331/396/458 336/400/463 332/397/459 
f 335/399/462 337/401/464 336/400/463 
f 336/400/463 337/401/464 338/402/465 
f 337/401/464 339/403/466 338/402/465 
f 338/402/465 339/403/466 340/404/467 
f 333/396/460 334/398/461 339/405/466 
f 339/405/466 334/398/461 340/406/468 
f 341/407/469 342/408/470 343/409/471 
f 343/409/471 342/408/470 344/410/472 
f 345/411/473 346/412/474 341/407/469 
f 341/407/469 346/412/474 342/408/470 
f 347/413/475 348/414/476 345/411/473 
f 345/411/473 348/414/476 346/412/474 
f 347/413/475 349/415/477 348/414/476 
f 348/414/476 349/415/477 350/416/478 
f 349/417/477 343/409/471 350/418/479 
f 350/418/479 343/409/471 344/410/472 
f 351/419/480 352/420/481 353/419/482 
f 353/419/482 352/420/481 354/421/483 
f 351/419/480 355/422/484 352/420/481 
f 352/420/481 355/422/484 356/420/485 
f 355/422/484 357/423/486 356/420/485 
f 356/420/485 357/423/486 358/424/487 
f 357/423/486 359/423/488 358/424/487 
f 358/424/487 359/423/488 360/424/489 
f 353/425/482 354/426/490 359/423/488 
f 359/423/488 354/426/490 360/424/489 
f 354/427/491 358/424/487 360/427/492 
f 352/420/493 358/424/487 354/427/491 
f 352/420/493 356/420/485 358/424/487 
f 361/428/494 362/429/495 363/430/496 
f 363/430/496 362/429/495 364/430/497 
f 365/431/498 366/432/499 362/429/495 
f 362/429/495 366/432/499 364/430/497 
f 367/433/500 368/432/501 365/431/498 
f 365/431/498 368/432/501 366/432/499 
f 369/434/502 370/435/503 367/436/500 
f 367/436/500 370/435/503 368/437/504 
f 369/434/502 361/428/494 370/435/503 
f 370/435/503 361/428/494 363/430/496 
f 363/430/496 368/438/501 370/438/503 
f 364/430/497 368/438/501 363/430/496 
f 364/430/497 366/439/505 368/438/501 
f 371/440/506 372/441/507 373/442/508 
f 373/442/508 372/441/507 374/443/509 
f 371/440/506 375/444/510 372/441/507 
f 372/441/507 375/444/510 376/445/511 
f 375/444/510 377/446/512 376/445/511 
f 376/445/511 377/446/512 378/447/513 
f 377/446/512 379/448/514 378/447/513 
f 378/447/513 379/448/514 380/449/515 
f 373/450/516 374/451/517 379/448/517 
f 379/448/514 374/451/509 380/449/515 
f 381/452/518 382/453/519 383/454/520 
f 383/454/520 382/453/519 384/454/521 
f 385/455/522 386/454/523 382/453/519 
f 382/453/519 386/454/523 384/454/521 
f 387/455/524 388/456/525 385/455/526 
f 385/455/522 388/456/525 386/454/523 
f 387/457/527 389/452/528 388/458/525 
f 388/458/525 389/452/528 390/458/529 
f 389/452/528 381/452/518 390/458/529 
f 390/458/529 381/452/518 383/454/520 
f 383/454/530 388/454/525 390/454/530 
f 384/454/521 388/454/525 383/454/520 
f 384/454/521 386/454/531 388/454/525 
f 391/459/532 392/460/533 393/461/534 
f 393/461/534 392/460/533 394/462/535 
f 392/460/533 395/463/536 394/462/535 
f 394/462/535 395/463/536 396/464/537 
f 395/465/536 397/466/538 396/467/539 
f 396/467/537 397/466/538 398/467/540 
f 399/468/541 400/469/542 397/466/538 
f 397/466/538 400/469/542 398/467/540 
f 391/459/532 393/461/534 399/468/541 
f 399/468/541 393/461/534 400/469/542 
f 285/341/400 286/342/401 401/470/543 
f 401/470/543 286/342/401 402/471/544 
f 286/342/401 288/344/403 402/471/544 
f 402/471/544 288/344/403 403/472/545 
f 288/344/403 290/346/405 403/472/545 
f 403/472/545 290/346/405 404/473/546 
f 292/348/407 294/352/411 405/474/547 
f 294/352/411 406/475/548 405/474/547 
f 405/474/547 406/475/548 407/476/549 
f 297/355/414 299/477/550 408/478/551 
f 408/478/551 299/477/550 409/479/552 
f 299/358/417 300/359/418 409/480/553 
f 409/480/553 300/359/418 401/470/543 
f 410/481/554 411/482/555 412/483/556 
f 412/483/556 413/484/557 410/481/554 
f 410/481/554 413/484/557 414/485/558 
f 413/484/557 415/486/559 414/485/558 
f 414/485/558 415/486/559 416/487/560 
f 415/488/561 417/489/562 416/490/563 
f 416/490/563 417/489/562 418/491/564 
f 417/489/562 419/492/565 418/491/564 
f 420/493/566 421/494/567 422/495/568 
f 422/495/568 421/494/567 423/496/569 
f 421/494/567 424/497/570 423/496/569 
f 423/496/569 424/497/570 425/498/571 
f 421/494/567 420/493/566 426/499/572 
f 426/499/572 420/493/566 427/500/573 
f 428/501/574 429/502/575 430/503/576 
f 430/503/576 429/502/575 431/504/577 
f 426/499/572 432/505/578 421/494/567 
f 421/494/567 432/505/578 424/497/570 
f 426/499/572 427/500/573 428/501/574 
f 428/501/574 427/500/573 429/502/575 
f 432/505/578 426/499/572 433/506/579 
f 433/506/579 426/499/572 428/501/574 
f 420/493/580 417/489/562 427/500/581 
f 434/507/582 427/500/581 415/488/561 
f 415/488/561 427/500/581 417/489/562 
f 435/508/583 434/509/584 413/484/557 
f 413/484/557 434/509/584 415/486/559 
f 436/510/585 435/508/583 412/483/556 
f 412/483/556 435/508/583 413/484/557 
f 437/511/586 436/510/585 412/483/556 
f 424/497/570 438/512/587 425/498/571 
f 425/498/571 438/512/587 439/513/588 
f 418/491/564 419/492/565 440/514/589 
f 441/515/590 442/516/591 423/496/569 
f 423/496/569 442/516/591 422/495/568 
f 416/490/563 418/491/564 443/517/592 
f 443/517/592 418/491/564 444/518/593 
f 445/519/594 414/485/558 443/520/595 
f 443/520/595 414/485/558 416/487/560 
f 410/481/554 414/485/558 446/521/596 
f 446/521/596 414/485/558 445/519/594 
f 439/522/588 410/481/554 447/523/597 
f 447/523/597 410/481/554 446/521/596 
f 441/515/590 423/496/569 425/498/571 
f 447/524/597 441/515/590 439/513/588 
f 439/513/588 441/515/590 425/498/571 
f 444/518/593 418/491/564 440/514/589 
f 417/489/562 420/493/580 419/492/565 
f 419/492/565 420/493/580 422/495/598 
f 419/492/565 422/495/598 440/514/589 
f 440/514/589 422/495/598 442/516/599 
f 444/518/593 440/514/589 448/525/600 
f 448/525/600 440/514/589 449/526/601 
f 450/527/602 443/517/592 448/525/600 
f 448/525/600 443/517/592 444/518/593 
f 448/525/600 449/526/601 451/528/603 
f 451/528/603 449/526/601 452/529/604 
f 453/530/605 449/526/601 442/516/599 
f 442/516/599 449/526/601 440/514/589 
f 454/531/606 452/529/604 453/530/605 
f 453/530/605 452/529/604 449/526/601 
f 441/515/590 447/524/597 453/530/607 
f 453/530/607 447/524/597 454/531/608 
f 454/532/608 447/523/597 455/533/609 
f 455/533/609 447/523/597 456/534/610 
f 456/534/610 447/523/597 446/521/596 
f 457/535/611 446/521/596 445/519/594 
f 458/536/612 456/534/610 457/535/611 
f 457/535/611 456/534/610 446/521/596 
f 457/535/611 445/519/594 450/537/613 
f 450/537/613 445/519/594 443/520/595 
f 457/535/611 450/537/613 459/538/614 
f 459/538/614 450/537/613 460/539/615 
f 450/527/602 461/540/616 460/541/617 
f 460/541/617 461/540/616 462/542/618 
f 461/540/616 463/543/619 462/542/618 
f 462/542/618 463/543/619 464/544/620 
f 463/543/621 465/545/622 464/544/623 
f 464/544/623 465/545/622 466/546/624 
f 325/392/452 465/545/625 327/390/450 
f 327/390/450 465/545/625 463/543/626 
f 329/394/454 327/390/450 467/547/627 
f 467/547/627 327/390/450 463/543/626 
f 468/548/628 321/384/444 467/547/629 
f 467/547/629 321/384/444 329/394/456 
f 469/549/630 322/385/445 468/548/628 
f 468/548/628 322/385/445 321/384/444 
f 325/388/448 322/385/445 465/550/631 
f 465/550/631 322/385/445 469/549/630 
f 467/547/632 463/543/619 470/551/633 
f 451/528/603 461/540/616 448/525/600 
f 448/525/600 461/540/616 450/527/602 
f 470/551/633 463/543/619 461/540/616 
f 467/552/627 471/553/634 468/554/635 
f 468/554/635 471/553/634 472/555/636 
f 467/547/632 470/551/633 471/556/637 
f 471/556/637 470/551/633 473/557/638 
f 473/557/638 470/551/633 451/528/603 
f 451/528/603 470/551/633 461/540/616 
f 469/558/639 468/554/635 474/559/640 
f 474/559/640 468/554/635 472/555/636 
f 441/515/590 453/530/607 442/516/591 
f 438/512/587 411/560/555 439/513/588 
f 439/522/588 411/482/555 410/481/554 
f 438/512/587 424/497/570 475/561/641 
f 475/561/641 424/497/570 432/505/578 
f 411/560/555 438/512/587 476/562/642 
f 476/562/642 438/512/587 475/561/641 
f 475/561/641 432/505/578 477/563/643 
f 477/563/643 432/505/578 433/506/579 
f 476/562/642 475/561/641 478/564/644 
f 478/564/644 475/561/641 477/563/643 
f 433/506/579 428/501/574 479/565/645 
f 479/565/645 428/501/574 430/503/576 
f 477/563/643 433/506/579 480/566/646 
f 480/566/646 433/506/579 479/565/645 
f 481/567/647 478/564/644 480/566/646 
f 480/566/646 478/564/644 477/563/643 
f 482/568/648 429/502/575 434/507/584 
f 434/507/584 429/502/575 427/500/573 
f 474/559/640 458/536/612 459/538/614 
f 459/538/614 458/536/612 457/535/611 
f 474/559/640 472/555/636 458/536/612 
f 458/536/612 472/555/636 456/534/610 
f 291/347/406 289/349/408 133/188/190 
f 133/188/190 289/349/408 150/211/213 
f 287/343/402 151/210/212 289/345/404 
f 289/345/404 151/210/212 150/209/211 
f 151/210/212 287/343/402 149/208/210 
f 149/208/210 287/343/402 284/340/399 
f 149/208/210 284/340/399 148/207/209 
f 148/207/209 284/340/399 283/339/398 
f 298/357/416 296/356/415 483/569/649 
f 483/569/649 296/356/415 484/570/650 
f 296/354/413 295/353/412 484/571/651 
f 484/571/651 295/353/412 485/572/652 
f 293/351/410 291/347/406 131/186/188 
f 131/186/188 291/347/406 132/187/189 
f 138/194/196 151/210/212 139/195/197 
f 139/195/197 151/210/212 149/208/210 
f 132/187/189 291/347/406 133/188/190 
f 131/186/188 130/185/187 486/573/653 
f 485/572/652 486/573/653 130/185/187 
f 485/572/652 295/353/412 486/573/653 
f 485/572/652 130/185/187 152/212/214 
f 153/213/215 485/572/652 152/212/214 
f 484/571/651 485/572/652 144/214/216 
f 144/214/216 485/572/652 153/213/215 
f 483/569/649 484/570/650 145/204/206 
f 145/204/206 484/570/650 144/203/205 
f 300/359/418 285/341/400 401/470/543 
f 283/339/398 285/341/400 298/357/416 
f 298/357/416 285/341/400 300/359/418 
f 406/475/548 297/355/414 407/476/549 
f 407/476/549 297/355/414 408/478/551 
f 295/353/412 297/355/414 406/475/548 
f 297/355/414 296/354/413 299/477/550 
f 293/351/410 295/353/412 294/352/411 
f 294/352/411 295/353/412 406/475/548 
f 131/186/188 486/573/653 293/351/410 
f 293/351/410 486/573/653 295/353/412 
f 143/202/204 487/574/654 116/184/186 
f 488/575/655 487/574/654 143/202/204 
f 142/201/203 488/575/655 143/202/204 
f 115/199/201 127/198/200 143/202/204 
f 145/204/206 146/205/207 483/569/649 
f 283/339/398 146/205/207 147/206/208 
f 283/339/398 298/357/416 483/569/649 
f 283/339/398 147/206/208 148/207/209 
f 283/339/398 483/569/649 146/205/207 
f 476/562/642 437/576/586 411/560/555 
f 476/562/642 478/564/644 408/478/551 
f 408/478/551 478/564/644 407/476/549 
f 476/562/642 408/478/551 437/576/586 
f 437/576/586 408/478/551 409/479/552 
f 405/474/547 407/476/549 481/567/647 
f 481/567/647 407/476/549 478/564/644 
f 489/577/656 292/348/407 490/578/657 
f 490/578/657 292/348/407 405/474/547 
f 481/567/647 490/578/657 405/474/547 
f 436/510/585 437/511/586 409/480/552 
f 436/510/658 409/480/553 491/579/659 
f 491/579/659 409/480/553 401/470/543 
f 491/579/659 401/470/543 492/580/660 
f 492/580/660 401/470/543 402/471/544 
f 492/580/660 402/471/544 493/581/661 
f 493/581/661 402/471/544 403/472/545 
f 494/582/662 493/581/661 404/473/546 
f 404/473/546 493/581/661 403/472/545 
f 290/350/409 292/348/407 489/577/656 
f 495/583/663 404/584/664 489/577/656 
f 489/577/656 404/584/664 290/350/409 
f 496/585/665 494/586/666 495/583/663 
f 495/583/663 494/586/666 404/584/664 
f 497/587/667 431/504/577 482/568/648 
f 482/568/648 431/504/577 429/502/575 
f 498/588/668 482/589/669 435/508/670 
f 435/508/670 482/589/669 434/509/582 
f 491/579/659 498/588/668 436/510/658 
f 436/510/658 498/588/668 435/508/670 
f 498/588/668 491/579/659 499/590/671 
f 499/590/671 491/579/659 492/580/660 
f 482/589/669 498/588/668 497/591/672 
f 497/591/672 498/588/668 499/590/671 
f 492/592/673 500/593/674 499/594/675 
f 499/594/675 500/593/674 501/595/676 
f 492/592/673 493/596/677 500/593/674 
f 500/593/674 493/596/677 502/597/678 
f 500/593/674 502/597/678 503/598/679 
f 503/598/679 502/597/678 504/599/680 
f 501/595/676 500/593/674 505/600/681 
f 505/600/681 500/593/674 503/598/679 
f 506/601/682 507/602/683 502/597/678 
f 502/597/678 507/602/683 504/599/680 
f 505/603/684 508/604/685 501/605/686 
f 501/605/686 508/604/685 509/606/687 
f 509/606/687 497/607/688 501/605/686 
f 501/605/686 497/607/688 499/608/689 
f 509/606/687 431/609/690 497/607/688 
f 430/610/691 431/609/690 510/611/692 
f 511/612/693 512/613/694 494/614/695 
f 494/614/695 512/613/694 513/615/696 
f 512/613/694 506/601/697 513/615/696 
f 508/604/685 514/616/698 509/606/687 
f 509/606/687 514/616/698 515/617/699 
f 509/606/687 515/617/699 431/609/690 
f 431/609/690 515/617/699 510/611/692 
f 511/618/700 494/586/666 496/585/665 
f 516/619/701 495/583/663 490/578/657 
f 490/578/657 495/583/663 489/577/656 
f 480/566/646 516/619/701 481/567/647 
f 481/567/647 516/619/701 490/578/657 
f 517/620/702 496/585/665 516/619/701 
f 516/619/701 496/585/665 495/583/663 
f 516/619/701 480/566/646 517/620/702 
f 517/620/702 480/566/646 479/565/645 
f 479/565/645 430/503/576 517/620/702 
f 517/620/702 430/503/576 511/618/700 
f 517/620/702 511/618/700 496/585/665 
f 437/511/586 412/483/556 411/482/555 
f 518/621/703 519/622/704 520/623/705 
f 520/623/705 519/622/704 521/624/706 
f 522/625/707 523/626/708 519/622/704 
f 519/622/704 523/626/708 521/624/706 
f 524/627/709 525/628/710 522/629/711 
f 522/629/711 525/628/710 523/630/712 
f 524/627/709 526/631/713 525/628/710 
f 525/628/710 526/631/713 527/632/714 
f 526/631/715 518/621/703 527/632/716 
f 527/632/716 518/621/703 520/623/705 
f 528/633/717 529/634/718 530/635/719 
f 530/635/719 529/634/718 531/636/720 
f 532/637/721 530/635/719 533/638/722 
f 533/638/722 530/635/719 531/636/720 
f 532/639/723 533/640/259 534/641/724 
f 534/641/724 533/640/259 535/642/725 
f 536/643/726 534/641/724 537/644/727 
f 537/644/727 534/641/724 535/642/725 
f 536/643/728 537/644/729 528/633/717 
f 528/633/717 537/644/729 529/634/718 
f 156/215/219 538/645/730 154/215/217 
f 154/215/217 538/645/730 539/646/731 
f 154/215/217 539/646/731 158/217/221 
f 158/217/221 539/646/731 540/647/732 
f 158/219/221 540/648/733 160/219/223 
f 160/219/223 540/648/733 541/649/734 
f 162/221/227 160/219/223 542/650/735 
f 542/650/735 160/219/223 541/649/734 
f 162/221/227 542/650/735 156/215/219 
f 156/215/219 542/650/735 538/645/730 
f 543/651/736 544/652/737 545/653/738 
f 545/653/738 544/652/737 546/654/739 
f 543/651/736 545/653/738 547/655/740 
f 547/655/740 545/653/738 548/656/741 
f 547/657/740 548/658/742 549/659/743 
f 549/659/743 548/658/741 550/660/744 
f 551/661/745 549/659/743 552/662/746 
f 552/662/746 549/659/743 550/660/744 
f 544/652/737 551/661/745 546/654/739 
f 546/654/739 551/661/745 552/662/746 
f 392/460/533 391/459/532 553/663/747 
f 553/663/747 391/459/532 554/664/748 
f 395/463/536 392/460/533 555/665/749 
f 555/665/749 392/460/533 553/663/747 
f 397/466/538 395/465/536 556/666/750 
f 556/666/750 395/465/536 555/667/749 
f 397/466/538 556/666/750 399/468/541 
f 399/468/541 556/666/750 557/668/751 
f 399/468/541 557/668/751 391/459/532 
f 391/459/532 557/668/751 554/664/748 
f 181/232/251 400/469/542 174/232/243 
f 174/232/243 400/469/542 393/461/534 
f 175/233/244 174/232/243 394/462/535 
f 394/462/535 174/232/243 393/461/534 
f 177/233/246 175/233/244 396/464/537 
f 396/464/537 175/233/244 394/462/535 
f 179/236/249 177/236/246 398/467/540 
f 398/467/540 177/236/246 396/467/537 
f 181/232/251 179/236/249 400/469/542 
f 400/469/542 179/236/249 398/467/540 
f 542/650/735 551/661/745 538/645/730 
f 538/645/730 551/661/745 544/652/737 
f 542/650/735 541/649/734 551/661/745 
f 551/661/745 541/649/734 549/659/743 
f 540/648/733 547/657/740 541/649/734 
f 541/649/734 547/657/740 549/659/743 
f 539/646/731 543/651/736 540/647/732 
f 540/647/732 543/651/736 547/655/740 
f 539/646/731 538/645/730 543/651/736 
f 543/651/736 538/645/730 544/652/737 
f 558/669/752 559/670/753 560/671/754 
f 560/671/754 559/670/753 561/672/755 
f 561/673/756 559/674/757 562/675/758 
f 562/675/758 559/674/757 563/676/759 
f 562/675/758 563/676/759 564/677/760 
f 564/677/760 563/676/759 565/678/761 
f 564/677/760 565/678/761 566/679/762 
f 566/679/762 565/678/761 567/680/763 
f 567/680/764 558/669/752 566/679/765 
f 566/679/765 558/669/752 560/671/754 
f 568/681/766 569/682/767 570/683/768 
f 570/683/768 569/682/767 571/684/769 
f 568/685/770 572/686/771 569/687/772 
f 569/687/772 572/686/771 573/688/773 
f 572/686/771 574/689/774 573/688/773 
f 573/688/773 574/689/774 575/690/775 
f 574/689/774 576/691/776 575/690/775 
f 575/690/775 576/691/776 577/692/777 
f 570/683/768 571/684/769 576/691/778 
f 576/691/778 571/684/769 577/692/779 
f 578/693/780 572/686/771 579/694/781 
f 579/694/781 572/686/771 568/685/770 
f 580/695/782 574/689/774 578/693/780 
f 578/693/780 574/689/774 572/686/771 
f 580/695/782 581/696/783 574/689/774 
f 574/689/774 581/696/783 576/691/776 
f 581/696/784 582/697/785 576/691/778 
f 576/691/778 582/697/785 570/683/768 
f 582/697/785 579/698/786 570/683/768 
f 570/683/768 579/698/786 568/681/766 
f 583/699/787 584/700/788 535/701/789 
f 535/701/789 584/700/788 585/702/790 
f 586/703/791 583/699/787 533/704/722 
f 533/704/722 583/699/787 535/701/789 
f 537/705/729 535/701/789 587/706/792 
f 587/706/792 535/701/789 588/707/793 
f 589/708/794 529/709/795 587/706/796 
f 587/706/796 529/709/795 537/705/727 
f 590/710/797 531/711/798 589/708/794 
f 589/708/794 531/711/798 529/709/795 
f 591/712/799 586/713/800 531/711/798 
f 531/711/798 586/713/800 533/714/259 
f 587/706/792 588/707/793 330/395/455 
f 330/395/455 588/707/793 328/391/451 
f 330/395/457 323/386/446 587/706/796 
f 587/706/796 323/386/446 589/708/794 
f 324/387/447 590/710/797 323/386/446 
f 323/386/446 590/710/797 589/708/794 
f 588/707/793 535/701/789 585/702/790 
f 588/707/793 585/702/790 328/391/451 
f 328/391/451 585/702/790 326/393/453 
f 591/712/799 531/711/798 590/710/797 
f 592/715/801 593/716/802 590/710/797 
f 590/710/797 593/716/802 591/712/799 
f 585/717/803 584/718/804 592/715/801 
f 592/715/801 584/718/804 593/716/802 
f 592/715/801 326/389/449 585/717/803 
f 326/389/449 592/715/801 324/387/447 
f 324/387/447 592/715/801 590/710/797 
f 319/382/442 536/643/728 311/372/430 
f 311/372/430 536/643/728 528/633/717 
f 317/379/437 534/641/724 319/382/440 
f 319/382/440 534/641/724 536/643/726 
f 317/379/437 315/378/436 534/641/724 
f 534/641/724 315/378/436 532/639/723 
f 315/376/434 312/373/431 532/637/721 
f 532/637/721 312/373/431 530/635/719 
f 312/373/431 311/372/430 530/635/719 
f 530/635/719 311/372/430 528/633/717 
f 594/719/805 244/298/351 595/720/806 
f 595/720/806 244/298/351 243/297/350 
f 596/721/807 247/298/354 594/719/805 
f 594/719/805 247/298/354 244/298/351 
f 596/721/807 597/722/808 247/298/354 
f 247/298/354 597/722/808 249/301/355 
f 597/722/808 598/723/809 249/301/355 
f 249/301/355 598/723/809 251/303/357 
f 598/723/809 595/724/806 251/303/357 
f 251/303/357 595/724/806 243/305/350 
f 594/719/805 595/720/806 599/725/810 
f 599/725/810 595/720/806 266/322/381 
f 594/719/805 599/725/810 596/721/807 
f 596/721/807 599/725/810 600/726/811 
f 596/721/807 600/726/811 597/722/808 
f 597/722/808 600/726/811 272/326/385 
f 598/723/809 597/722/808 265/317/377 
f 265/317/377 597/722/808 272/326/385 
f 598/723/809 265/317/377 595/724/806 
f 595/724/806 265/317/377 266/318/378 
f 599/725/810 266/322/378 268/320/380 
f 600/726/811 599/725/810 270/324/383 
f 270/324/383 599/725/810 268/320/380 
f 272/326/385 600/726/811 270/324/383 
f 601/727/812 602/728/813 263/315/375 
f 263/315/375 602/728/813 264/316/376 
f 602/729/814 603/730/815 264/321/376 
f 264/321/376 603/730/815 267/319/379 
f 603/730/815 604/731/816 267/319/379 
f 267/319/379 604/731/816 269/323/382 
f 605/732/817 271/325/384 604/731/816 
f 604/731/816 271/325/384 269/323/382 
f 601/727/812 263/315/375 605/732/817 
f 605/732/817 263/315/375 271/325/384 
f 606/733/818 274/328/387 607/734/819 
f 607/734/819 274/328/387 273/327/386 
f 608/735/820 277/332/391 606/736/818 
f 606/736/818 277/332/391 274/331/390 
f 609/737/821 279/335/394 608/735/820 
f 608/735/820 279/335/394 277/332/391 
f 609/737/821 610/734/822 279/335/394 
f 279/335/394 610/734/822 281/337/396 
f 610/734/822 607/734/819 281/337/396 
f 281/337/396 607/734/819 273/327/386 
f 275/329/388 276/330/389 611/738/823 
f 611/738/823 276/330/389 612/739/824 
f 278/334/393 613/740/825 276/333/389 
f 276/333/389 613/740/825 612/741/826 
f 280/336/395 614/742/827 278/334/393 
f 278/334/393 614/742/827 613/740/825 
f 282/338/397 615/743/828 280/336/395 
f 280/336/395 615/743/828 614/742/827 
f 275/329/388 611/738/823 282/338/397 
f 282/338/397 611/738/823 615/743/828 
f 606/733/818 607/734/819 616/744/829 
f 616/744/829 607/734/819 617/745/830 
f 608/735/820 606/736/818 618/746/831 
f 618/746/831 606/736/818 616/746/832 
f 608/735/820 618/746/831 609/737/821 
f 609/737/821 618/746/831 619/747/833 
f 610/734/822 609/737/821 620/748/834 
f 620/748/834 609/737/821 619/747/833 
f 607/734/819 610/734/822 617/745/830 
f 617/745/830 610/734/822 620/748/834 
f 616/744/829 617/745/830 165/228/231 
f 165/228/231 617/745/830 168/226/234 
f 618/746/831 616/746/829 164/223/230 
f 164/223/230 616/746/829 165/224/231 
f 618/746/831 164/223/230 619/747/833 
f 619/747/833 164/223/230 172/223/239 
f 619/747/833 172/223/239 620/748/834 
f 620/748/834 172/223/239 170/230/237 
f 617/745/830 620/748/834 168/226/234 
f 168/226/234 620/748/834 170/230/237 
f 621/749/835 374/443/509 622/750/836 
f 622/750/836 374/443/509 372/441/507 
f 623/751/837 622/750/836 376/445/511 
f 376/445/511 622/750/836 372/441/507 
f 624/752/838 623/751/837 378/447/513 
f 378/447/513 623/751/837 376/445/511 
f 625/753/839 624/752/838 380/449/515 
f 380/449/515 624/752/838 378/447/513 
f 374/451/509 621/754/840 380/449/515 
f 380/449/515 621/754/835 625/753/839 
f 626/755/841 627/756/842 628/757/843 
f 628/757/843 627/756/842 629/758/844 
f 627/756/842 630/759/845 629/758/844 
f 629/758/844 630/759/845 631/760/846 
f 632/761/847 633/762/848 630/759/845 
f 630/759/845 633/762/848 631/760/846 
f 634/763/849 635/764/850 632/761/847 
f 632/761/847 635/764/850 633/762/848 
f 634/763/849 626/765/851 635/764/850 
f 635/764/850 626/765/851 628/766/843 
f 235/290/337 636/767/852 233/288/335 
f 233/288/335 636/767/852 637/768/853 
f 233/288/335 637/768/853 237/291/339 
f 237/291/339 637/768/853 638/769/854 
f 237/291/339 638/769/854 239/292/341 
f 239/292/341 638/769/854 639/770/855 
f 241/294/343 239/292/341 640/771/856 
f 640/771/856 239/292/341 639/770/855 
f 235/290/337 241/295/346 636/767/852 
f 636/767/852 241/295/346 640/772/856 
f 637/768/853 636/767/852 641/773/857 
f 641/773/857 636/767/852 642/774/858 
f 637/768/853 641/773/857 638/769/854 
f 638/769/854 641/773/857 643/775/859 
f 638/769/854 643/775/859 639/770/855 
f 639/770/855 643/775/859 644/776/860 
f 640/771/856 639/770/855 645/777/861 
f 645/777/861 639/770/855 644/776/860 
f 636/767/852 640/772/856 642/774/858 
f 642/774/858 640/772/856 645/778/861 
f 622/750/836 646/779/862 621/749/835 
f 621/749/835 646/779/862 647/780/863 
f 623/751/837 648/781/864 622/750/836 
f 622/750/836 648/781/864 649/782/865 
f 642/774/858 649/783/866 641/773/857 
f 641/773/857 649/783/866 648/784/867 
f 650/785/868 648/781/864 624/752/838 
f 624/752/838 648/781/864 623/751/837 
f 641/773/857 648/784/867 643/775/859 
f 643/775/859 648/784/867 651/786/869 
f 646/779/862 622/750/836 649/782/865 
f 646/787/870 649/783/866 645/778/861 
f 645/778/861 649/783/866 642/774/858 
f 652/788/871 646/789/870 644/776/860 
f 644/776/860 646/789/870 645/777/861 
f 651/786/869 652/788/871 643/775/859 
f 643/775/859 652/788/871 644/776/860 
f 651/790/872 648/781/864 650/785/868 
f 653/791/873 647/792/874 652/793/875 
f 652/793/875 647/792/874 646/794/876 
f 654/795/877 653/796/878 651/790/872 
f 651/790/872 653/796/878 652/797/879 
f 655/798/880 654/795/877 650/785/868 
f 650/785/868 654/795/877 651/790/872 
f 655/798/880 650/785/868 625/753/839 
f 625/753/839 650/785/868 624/752/838 
f 653/791/873 612/799/881 647/792/874 
f 647/792/863 612/799/881 613/800/882 
f 621/754/835 647/792/883 656/801/884 
f 647/792/863 613/800/825 656/801/884 
f 655/798/880 625/753/839 657/802/885 
f 605/803/886 655/798/880 614/804/887 
f 614/804/887 655/798/880 657/802/885 
f 655/798/880 605/803/886 604/805/888 
f 654/795/877 655/798/880 603/806/889 
f 603/806/889 655/798/880 604/805/888 
f 653/796/878 654/795/877 602/807/890 
f 602/807/890 654/795/877 603/806/889 
f 602/808/814 601/809/891 612/810/826 
f 612/810/826 601/809/891 611/809/892 
f 653/796/878 602/807/890 612/811/826 
f 611/809/892 601/809/891 615/812/893 
f 615/812/893 601/809/891 605/803/886 
f 614/804/887 615/812/893 605/803/886 
f 656/801/884 613/800/825 657/802/885 
f 657/802/885 613/800/825 614/804/887 
f 621/754/835 656/801/884 625/753/839 
f 625/753/839 656/801/884 657/802/885 
f 628/757/843 629/758/844 373/442/516 
f 373/442/508 629/758/844 371/440/506 
f 629/758/844 631/760/846 371/440/506 
f 371/440/506 631/760/846 375/444/510 
f 633/762/848 377/446/512 631/760/846 
f 631/760/846 377/446/512 375/444/510 
f 635/764/850 379/448/514 633/762/848 
f 633/762/848 379/448/514 377/446/512 
f 628/766/843 373/450/508 635/764/850 
f 635/764/850 373/450/508 379/448/514 
f 658/813/894 659/814/895 660/815/896 
f 660/815/896 659/814/895 661/816/897 
f 658/813/894 660/815/896 662/817/898 
f 662/817/898 660/815/896 663/818/899 
f 662/817/900 663/818/901 664/819/902 
f 664/819/902 663/818/901 665/820/903 
f 664/819/902 665/820/903 666/821/904 
f 666/821/904 665/820/903 667/822/905 
f 659/823/906 666/821/904 661/824/907 
f 661/824/907 666/821/904 667/822/905 
f 668/825/908 669/826/909 670/827/910 
f 670/827/910 669/826/909 671/828/911 
f 672/829/912 668/825/908 673/830/913 
f 673/830/913 668/825/908 670/827/910 
f 674/831/914 672/829/915 675/832/916 
f 675/832/916 672/829/915 673/830/917 
f 676/833/918 677/834/919 678/835/920 
f 676/833/918 678/835/920 669/836/921 
f 669/836/921 678/835/920 671/837/922 
f 679/838/923 680/839/924 659/823/906 
f 659/823/906 680/839/924 666/821/904 
f 681/840/925 664/819/902 680/839/924 
f 680/839/924 664/819/902 666/821/904 
f 682/841/926 662/817/900 681/840/925 
f 681/840/925 662/817/900 664/819/902 
f 683/842/927 658/813/894 682/841/928 
f 682/841/928 658/813/894 662/817/898 
f 683/842/927 679/842/929 658/813/894 
f 658/813/894 679/842/929 659/814/895 
f 660/815/896 661/816/897 684/843/930 
f 684/843/930 661/816/897 685/844/931 
f 660/815/896 684/843/930 663/818/899 
f 663/818/899 684/843/930 686/845/932 
f 663/818/901 686/845/933 665/820/903 
f 665/820/903 686/845/933 687/846/934 
f 665/820/903 687/846/934 667/822/905 
f 667/822/905 687/846/934 688/847/935 
f 661/824/907 667/822/905 685/848/936 
f 685/848/936 667/822/905 688/847/935 
f 685/848/936 688/847/935 669/836/921 
f 669/836/921 688/847/935 676/833/918 
f 687/846/934 674/831/914 688/847/935 
f 688/847/935 674/831/914 676/833/918 
f 686/845/933 672/829/915 687/846/934 
f 687/846/934 672/829/915 674/831/914 
f 686/845/932 684/843/930 672/829/912 
f 672/829/912 684/843/930 668/825/908 
f 684/843/930 685/844/931 668/825/908 
f 668/825/908 685/844/931 669/826/909 
f 675/832/916 673/830/917 632/849/937 
f 632/849/937 673/830/917 634/850/938 
f 683/842/927 183/240/254 679/842/929 
f 679/842/929 183/240/254 185/242/256 
f 683/842/927 682/841/928 183/240/254 
f 183/240/254 682/841/928 187/244/258 
f 682/841/926 681/840/925 187/244/260 
f 187/244/260 681/840/925 189/244/261 
f 680/839/924 191/247/264 681/840/925 
f 681/840/925 191/247/264 189/244/261 
f 680/839/924 679/838/923 191/247/264 
f 191/247/264 679/838/923 185/249/266 
f 689/851/939 678/835/920 677/834/919 
f 690/852/940 689/853/941 630/854/942 
f 630/854/942 689/853/941 632/855/943 
f 690/852/940 630/854/942 691/856/944 
f 691/856/944 630/854/942 627/857/945 
f 691/858/946 627/859/947 692/860/948 
f 692/860/948 627/859/947 626/861/949 
f 673/862/950 693/863/951 634/864/950 
f 694/865/952 693/863/951 670/866/953 
f 670/866/953 693/863/951 673/862/950 
f 695/867/954 694/865/952 671/868/955 
f 671/868/955 694/865/952 670/866/953 
f 695/869/956 671/870/957 696/871/958 
f 696/871/958 671/870/957 678/872/959 
f 697/873/960 696/871/958 689/853/941 
f 689/853/941 696/871/958 678/872/959 
f 698/874/961 697/873/960 690/852/940 
f 690/852/940 697/873/960 689/853/941 
f 698/874/961 690/852/940 699/875/962 
f 699/875/962 690/852/940 691/856/944 
f 699/876/963 691/858/946 700/877/964 
f 700/877/964 691/858/946 692/860/948 
f 701/878/965 700/877/964 694/865/952 
f 694/865/952 700/877/964 692/860/948 
f 695/867/954 701/878/965 694/865/952 
f 504/599/680 702/879/966 503/598/679 
f 503/598/679 702/879/966 703/880/967 
f 505/600/681 503/598/679 704/881/968 
f 704/881/968 503/598/679 703/880/967 
f 508/604/685 505/603/684 705/882/969 
f 705/882/969 505/603/684 704/883/970 
f 514/616/698 508/604/685 706/884/971 
f 706/884/971 508/604/685 705/882/969 
f 507/602/683 707/885/972 504/599/680 
f 504/599/680 707/885/972 702/879/966 
f 702/879/966 2/2/2 703/880/967 
f 703/880/967 2/2/2 1/1/1 
f 702/879/966 707/885/972 2/2/2 
f 2/2/2 707/885/972 5/5/5 
f 706/884/971 705/882/969 7/7/7 
f 7/7/7 705/882/969 8/8/8 
f 704/883/970 11/11/11 705/882/969 
f 705/882/969 11/11/11 8/8/8 
f 703/880/967 1/1/1 704/881/968 
f 704/881/968 1/1/1 11/13/13 
f 506/601/682 502/597/678 513/615/973 
f 513/615/973 502/597/678 493/596/677 
f 494/614/666 513/615/973 493/596/677 
f 5/5/974 7/7/7 6/6/975 
f 6/6/975 7/7/7 9/9/9 
f 707/885/976 706/884/971 5/5/974 
f 5/5/974 706/884/971 7/7/7 
f 514/616/698 706/884/971 507/602/977 
f 507/602/977 706/884/971 707/885/976 
f 514/616/698 507/602/977 515/617/699 
f 515/617/699 507/602/977 506/601/697 
f 510/611/692 515/617/699 512/613/694 
f 512/613/694 515/617/699 506/601/697 
f 510/611/692 512/613/694 430/610/691 
f 430/610/691 512/613/694 511/612/693 
f 12/12/12 708/886/978 10/10/10 
f 10/10/10 708/886/978 709/887/979 
f 710/888/980 9/9/9 709/887/979 
f 709/887/979 9/9/9 10/10/10 
f 710/888/980 6/6/975 9/9/9 
f 4/4/4 6/6/6 711/889/981 
f 711/889/981 6/6/6 710/888/409 
f 3/3/3 4/4/4 712/890/982 
f 712/890/982 4/4/4 711/889/981 
f 708/891/983 12/14/14 712/890/982 
f 712/890/982 12/14/14 3/3/3 
f 709/887/979 708/886/978 713/892/984 
f 713/892/984 708/886/978 714/893/985 
f 714/894/986 708/891/983 712/890/982 
f 709/887/979 713/892/984 710/888/980 
f 710/888/980 713/892/984 715/895/987 
f 715/895/987 713/892/984 716/896/988 
f 717/897/989 711/889/981 715/895/990 
f 715/895/990 711/889/981 710/888/409 
f 712/890/982 711/889/981 718/898/991 
f 718/898/991 711/889/981 717/897/989 
f 714/894/986 712/890/982 719/899/992 
f 719/899/992 712/890/982 718/898/991 
f 713/892/984 714/893/985 716/896/988 
f 716/896/988 714/893/985 719/900/993 
f 720/901/994 721/902/995 722/903/996 
f 722/903/996 721/902/995 723/904/997 
f 724/905/998 722/903/996 725/906/999 
f 725/906/999 722/903/996 723/904/997 
f 726/907/1000 724/905/1001 727/908/1002 
f 727/908/1002 724/905/998 725/906/999 
f 726/909/1003 727/910/1002 728/909/1004 
f 728/909/1004 727/910/1002 729/911/1005 
f 728/909/1004 729/911/1005 720/901/994 
f 720/901/994 729/911/1005 721/902/995 
f 721/902/995 730/912/1006 723/904/997 
f 723/904/997 730/912/1006 731/913/1007 
f 723/904/997 731/913/1007 725/906/999 
f 725/906/999 731/913/1007 732/914/1008 
f 725/906/999 732/914/1008 727/908/1002 
f 727/908/1002 732/914/1008 733/914/1009 
f 729/911/1005 727/910/1002 734/915/1010 
f 734/915/1010 727/910/1002 733/916/1011 
f 721/902/995 729/911/1005 730/912/1006 
f 730/912/1006 729/911/1005 734/915/1010 
f 720/901/994 722/903/996 381/452/518 
f 381/452/518 722/903/996 382/453/519 
f 722/903/996 724/905/998 382/453/519 
f 382/453/519 724/905/998 385/455/522 
f 724/905/998 726/907/1000 385/455/522 
f 385/455/522 726/907/1000 387/455/524 
f 728/909/1004 389/452/528 726/909/1000 
f 726/909/1000 389/452/528 387/457/527 
f 720/901/994 381/452/518 728/909/1004 
f 728/909/1004 381/452/518 389/452/528 
f 730/912/1006 735/917/1012 731/913/1007 
f 731/913/1007 735/917/1012 736/918/1013 
f 731/913/1007 736/918/1013 732/914/1008 
f 732/914/1008 736/918/1013 737/919/1014 
f 732/914/1008 737/919/1014 733/914/1009 
f 733/914/1009 737/919/1014 738/920/1015 
f 734/915/1010 733/916/1009 739/921/1016 
f 739/921/1016 733/916/1009 738/922/1017 
f 730/912/1006 734/915/1010 735/917/1012 
f 735/917/1012 734/915/1010 739/921/1016 
f 735/917/1012 740/923/1018 736/918/1013 
f 736/918/1013 740/923/1018 741/924/1019 
f 737/919/1014 736/918/1013 742/925/1020 
f 742/925/1020 736/918/1013 741/924/1019 
f 738/920/1015 737/919/1014 743/926/1021 
f 743/926/1021 737/919/1014 742/925/1020 
f 739/921/1016 738/922/1015 744/927/1022 
f 744/927/1022 738/922/1015 743/928/1021 
f 739/921/1016 744/927/1022 735/917/1012 
f 735/917/1012 744/927/1022 740/923/1018 
f 740/923/1018 342/408/470 741/924/1019 
f 741/924/1019 342/408/470 346/412/474 
f 742/925/1020 741/924/1019 348/414/476 
f 348/414/476 741/924/1019 346/412/474 
f 743/926/1021 742/925/1020 350/416/478 
f 350/416/478 742/925/1020 348/414/476 
f 744/927/1022 743/928/1021 344/410/472 
f 344/410/472 743/928/1021 350/418/478 
f 744/927/1022 344/410/472 740/923/1018 
f 740/923/1018 344/410/472 342/408/470 
f 314/375/433 519/622/704 313/374/432 
f 313/374/432 519/622/704 518/621/703 
f 316/377/435 522/625/707 314/375/433 
f 314/375/433 522/625/707 519/622/704 
f 318/381/439 524/627/709 316/380/438 
f 316/380/438 524/627/709 522/629/711 
f 318/381/439 320/383/441 524/627/709 
f 524/627/709 320/383/441 526/631/713 
f 320/383/443 313/374/432 526/631/715 
f 526/631/715 313/374/432 518/621/703 
f 745/929/1023 455/533/609 472/555/636 
f 472/555/636 455/533/609 456/534/610 
f 471/553/634 745/929/1023 472/555/636 
f 569/930/1024 573/931/1025 557/668/751 
f 557/668/751 573/931/1025 554/664/748 
f 520/623/705 521/624/706 746/932/1026 
f 746/932/1026 521/624/706 747/933/1027 
f 521/624/706 523/626/708 747/933/1027 
f 747/933/1027 523/626/708 748/934/1028 
f 525/628/710 749/935/1029 523/630/712 
f 523/630/712 749/935/1029 748/936/1030 
f 527/632/714 750/937/1031 525/628/710 
f 525/628/710 750/937/1031 751/938/1032 
f 527/632/716 520/623/705 750/937/1033 
f 750/937/1033 520/623/705 746/932/1026 
f 749/935/1029 752/939/1034 748/936/1030 
f 748/936/1030 752/939/1034 753/940/1035 
f 753/941/1036 347/413/475 748/942/1037 
f 748/942/1037 347/413/475 345/411/473 
f 748/942/1037 345/411/473 747/943/1038 
f 747/943/1038 345/411/473 341/407/469 
f 746/932/1026 747/933/1027 754/944/1039 
f 754/944/1039 747/933/1027 755/945/1040 
f 343/409/471 755/946/1041 341/407/469 
f 341/407/469 755/946/1041 747/943/1038 
f 754/944/1039 750/937/1033 746/932/1026 
f 756/947/1042 751/938/1032 757/948/1043 
f 757/948/1043 751/938/1032 750/937/1031 
f 758/949/1044 752/939/1034 756/947/1042 
f 756/947/1042 752/939/1034 749/935/1029 
f 349/415/477 347/413/475 759/950/1045 
f 759/950/1045 347/413/475 753/941/1036 
f 759/951/1046 753/940/1035 760/952/530 
f 760/952/530 753/940/1035 752/939/1034 
f 759/953/1045 755/946/1041 349/417/477 
f 349/417/477 755/946/1041 343/409/471 
f 759/954/1045 760/955/1047 755/945/1040 
f 755/945/1040 760/955/1047 754/944/1039 
f 333/396/460 761/956/1048 331/396/458 
f 331/396/458 761/956/1048 758/956/1049 
f 331/396/458 758/956/1049 335/399/462 
f 335/399/462 758/956/1049 756/957/1050 
f 335/399/462 756/957/1050 337/401/464 
f 337/401/464 756/957/1050 757/958/1051 
f 339/403/466 337/401/464 762/959/1052 
f 762/959/1052 337/401/464 757/958/1051 
f 339/405/466 762/960/1053 333/396/460 
f 333/396/460 762/960/1052 761/956/1048 
f 756/947/1042 749/935/1029 751/938/1032 
f 525/628/710 751/938/1032 749/935/1029 
f 757/948/1054 750/937/1033 754/944/1039 
f 754/944/1039 760/955/1047 757/948/1054 
f 757/948/1054 760/955/1047 762/961/1052 
f 752/939/1034 761/949/1055 760/952/530 
f 760/952/530 761/949/1055 762/962/1056 
f 752/939/1034 758/949/1044 761/949/1055 
f 334/398/461 332/397/459 763/963/1057 
f 763/963/1057 332/397/459 764/963/1058 
f 336/400/463 765/964/1059 332/397/459 
f 332/397/459 765/964/1059 764/963/1058 
f 338/402/465 766/965/1060 336/400/463 
f 336/400/463 766/965/1060 765/964/1059 
f 338/402/465 340/404/467 766/965/1060 
f 766/965/1060 340/404/467 767/965/1061 
f 340/406/467 334/398/461 767/966/1062 
f 767/966/1062 334/398/461 763/963/1057 
f 763/963/1057 764/963/1058 768/967/1063 
f 768/967/1063 764/963/1058 769/968/1064 
f 765/964/1059 770/969/1065 764/963/1058 
f 764/963/1058 770/969/1065 769/968/1064 
f 765/964/1059 766/965/1060 770/969/1065 
f 770/969/1065 766/965/1060 771/970/1066 
f 766/965/1060 767/965/1061 771/970/1066 
f 771/970/1066 767/965/1061 772/970/1067 
f 767/966/1061 763/963/1057 772/971/1068 
f 772/971/1068 763/963/1057 768/967/1063 
f 772/971/1068 768/967/1063 353/419/482 
f 353/419/482 768/967/1063 351/419/480 
f 772/970/1067 353/425/482 771/970/1066 
f 771/970/1066 353/425/482 359/423/488 
f 770/969/1065 771/970/1066 357/423/486 
f 357/423/486 771/970/1066 359/423/488 
f 769/968/1064 770/969/1065 355/422/484 
f 355/422/484 770/969/1065 357/423/486 
f 769/968/1064 355/422/484 768/967/1063 
f 768/967/1063 355/422/484 351/419/480 
f 559/674/757 586/972/1069 563/676/759 
f 563/676/759 586/972/1069 591/973/1070 
f 563/676/759 591/973/1070 565/678/761 
f 565/678/761 591/973/1070 593/974/1071 
f 565/678/761 593/974/1071 567/680/763 
f 567/680/763 593/974/1071 584/975/1072 
f 558/669/752 567/680/764 583/976/1073 
f 583/976/1073 567/680/764 584/975/1074 
f 559/670/753 558/669/752 586/977/1075 
f 586/977/1075 558/669/752 583/976/1073 
f 562/675/758 578/693/780 561/673/756 
f 561/673/756 578/693/780 579/694/781 
f 564/677/760 580/695/782 562/675/758 
f 562/675/758 580/695/782 578/693/780 
f 564/677/760 566/679/762 580/695/782 
f 580/695/782 566/679/762 581/696/783 
f 566/679/765 560/671/754 581/696/784 
f 581/696/784 560/671/754 582/697/785 
f 560/671/754 561/672/755 582/697/785 
f 582/697/785 561/672/755 579/698/786 
f 571/684/769 569/682/767 773/978/1076 
f 556/666/750 773/979/1077 557/668/751 
f 557/668/751 773/979/1077 569/930/1024 
f 548/658/741 571/980/1078 550/660/744 
f 550/660/744 571/980/1078 773/981/1077 
f 571/982/1078 548/656/741 577/983/1079 
f 577/983/1079 548/656/741 545/653/738 
f 774/984/1080 577/983/1079 546/654/739 
f 546/654/739 577/983/1079 545/653/738 
f 774/985/1081 575/690/775 577/692/777 
f 553/663/747 554/664/748 774/986/1082 
f 774/986/1082 554/664/748 575/987/1083 
f 554/664/748 573/931/1025 575/987/1083 
f 555/665/749 553/663/747 775/988/1084 
f 775/988/1084 553/663/747 774/986/1082 
f 774/984/1080 546/654/739 775/989/1085 
f 775/989/1085 546/654/739 552/662/746 
f 773/979/1076 556/666/750 775/990/1084 
f 775/990/1084 556/666/750 555/667/749 
f 773/981/1076 775/989/1084 550/660/744 
f 550/660/744 775/989/1084 552/662/746 
f 304/363/422 302/361/420 776/991/1086 
f 776/991/1086 302/361/420 777/992/1087 
f 302/361/420 306/365/424 778/993/1088 
f 778/993/1088 306/365/424 779/994/1089 
f 308/367/426 780/995/1090 306/365/424 
f 306/365/424 780/995/1090 779/994/1089 
f 308/367/426 310/369/428 780/995/1090 
f 780/995/1090 310/369/428 781/996/1091 
f 310/371/428 304/363/422 781/997/1092 
f 781/997/1092 304/363/422 776/991/1086 
f 782/998/1093 783/999/1094 784/1000/1095 
f 784/1000/1095 783/999/1094 785/1001/1096 
f 783/999/1094 786/1002/1097 787/1003/1098 
f 787/1003/1098 786/1002/1097 788/1004/1099 
f 788/1004/1099 789/1005/1100 787/1003/1098 
f 787/1003/1098 789/1005/1100 790/1006/1101 
f 791/1007/1102 792/1008/1103 789/1005/1100 
f 789/1005/1100 792/1008/1103 790/1006/1101 
f 791/1009/1104 784/1000/1104 792/1010/1104 
f 792/1010/1103 784/1000/1095 785/1001/1096 
f 301/360/419 303/362/421 793/1011/1105 
f 793/1011/1105 303/362/421 794/1012/1106 
f 305/364/423 301/360/419 795/1013/1107 
f 795/1013/1107 301/360/419 793/1011/1105 
f 307/366/425 305/364/423 796/1014/1108 
f 796/1014/1108 305/364/423 795/1013/1107 
f 307/366/425 796/1014/1108 309/368/427 
f 309/368/427 796/1014/1108 797/1015/1109 
f 309/370/427 797/1016/1110 303/362/421 
f 303/362/421 797/1016/1109 794/1012/1106 
f 798/1017/1111 782/998/1093 799/1018/1112 
f 799/1018/1112 782/998/1093 784/1000/1095 
f 791/1009/1102 799/1018/1112 784/1000/1095 
f 785/1001/1096 783/999/1094 800/1019/472 
f 800/1019/472 783/999/1094 801/1020/1113 
f 787/1003/1098 802/1021/1114 783/999/1094 
f 783/999/1094 802/1021/1114 801/1020/1113 
f 787/1003/1098 790/1006/1101 802/1021/1114 
f 802/1021/1114 790/1006/1101 803/1022/1115 
f 792/1008/1103 804/1023/1116 790/1006/1101 
f 790/1006/1101 804/1023/1116 803/1022/1115 
f 785/1001/1096 800/1019/472 792/1010/1103 
f 792/1010/1103 800/1019/472 804/1024/1117 
f 776/991/1086 777/992/1087 799/1018/1112 
f 799/1018/1112 777/992/1087 798/1017/1111 
f 778/993/1088 779/994/1089 786/1002/1097 
f 786/1002/1097 779/994/1089 788/1004/1099 
f 779/994/1089 780/995/1090 788/1004/1099 
f 788/1004/1099 780/995/1090 789/1005/1100 
f 781/996/1091 791/1007/1102 780/995/1090 
f 780/995/1090 791/1007/1102 789/1005/1100 
f 776/991/1086 799/1018/1112 781/997/1092 
f 781/997/1092 799/1018/1112 791/1009/1102 
f 800/1019/472 369/434/502 804/1024/1116 
f 804/1024/1116 369/434/502 367/436/500 
f 804/1023/1116 367/433/500 803/1022/1115 
f 803/1022/1115 367/433/500 365/431/498 
f 802/1021/1114 803/1022/1115 362/429/495 
f 362/429/495 803/1022/1115 365/431/498 
f 801/1020/1113 802/1021/1114 361/428/494 
f 361/428/494 802/1021/1114 362/429/495 
f 801/1020/1113 361/428/494 800/1019/472 
f 800/1019/472 361/428/494 369/434/502 
f 782/998/1093 786/1002/1097 783/999/1094 
f 798/1017/1111 786/1002/1097 782/998/1093 
f 777/992/1087 778/993/1088 798/1017/1111 
f 798/1017/1111 778/993/1088 786/1002/1097 
f 302/361/420 778/993/1088 777/992/1087 
f 454/531/606 797/1025/1109 452/529/604 
f 452/529/604 797/1025/1109 796/1026/1118 
f 452/529/604 796/1026/1118 451/528/603 
f 451/528/603 796/1026/1118 795/1027/1119 
f 473/557/638 451/528/603 795/1027/1119 
f 793/1028/1120 471/556/637 795/1027/1119 
f 795/1027/1119 471/556/637 473/557/638 
f 745/929/1023 471/553/634 794/1029/1121 
f 794/1029/1121 471/553/634 793/1030/1122 
f 454/532/608 455/533/609 805/1031/1123 
f 805/1031/1123 455/533/609 745/929/1023 
f 794/1029/1121 805/1031/1123 745/929/1023 
f 797/1032/1109 805/1031/1123 794/1029/1121 
f 454/532/608 805/1031/1123 797/1032/1109 
f 806/1033/1124 807/1034/1125 808/1035/1126 
f 808/1035/1126 807/1034/1125 809/1036/1127 
f 808/1037/1128 809/1038/1129 464/544/620 
f 464/544/620 809/1038/1129 462/542/618 
f 810/1039/1130 809/1036/1127 811/1040/1131 
f 811/1040/1131 809/1036/1127 807/1034/1125 
f 460/541/617 462/542/618 810/1041/1132 
f 810/1041/1132 462/542/618 809/1038/1129 
f 695/869/956 696/871/958 806/1033/1124 
f 806/1033/1124 696/871/958 807/1034/1125 
f 811/1040/1131 807/1034/1125 697/873/960 
f 697/873/960 807/1034/1125 696/871/958 
f 812/1042/1133 701/878/1134 806/1043/1135 
f 806/1043/1135 701/878/1134 695/867/1136 
f 812/1042/1133 806/1043/1135 813/1044/1137 
f 813/1044/1137 806/1043/1135 808/1045/1138 
f 813/1044/1137 808/1045/1138 466/1046/624 
f 466/546/624 808/1037/1138 464/544/623 
f 814/1047/1139 459/538/614 810/1048/1140 
f 810/1048/1140 459/538/614 460/539/615 
f 814/1049/1141 810/1039/1130 815/1050/1142 
f 815/1050/1142 810/1039/1130 811/1040/1131 
f 815/1050/1142 811/1040/1131 816/1051/1143 
f 816/1051/1143 811/1040/1131 697/873/960 
f 474/559/640 459/538/614 817/1052/1144 
f 817/1052/1144 459/538/614 814/1047/1139 
f 469/558/639 474/559/640 818/1053/1145 
f 818/1053/1145 474/559/640 817/1052/1144 
f 465/1054/622 469/1055/1146 466/1046/624 
f 466/1046/624 469/1055/1146 818/1056/1147 
f 819/1057/1148 813/1044/1137 818/1056/1147 
f 818/1056/1147 813/1044/1137 466/1046/624 
f 820/1058/1149 812/1042/1133 819/1057/1148 
f 819/1057/1148 812/1042/1133 813/1044/1137 
f 701/878/1134 812/1042/1133 821/1059/1150 
f 821/1059/1150 812/1042/1133 820/1058/1149 
f 700/877/1151 701/878/1134 822/1060/1152 
f 822/1060/1152 701/878/1134 821/1059/1150 
f 819/1061/1153 818/1062/1154 823/1063/1155 
f 823/1063/1155 818/1062/1154 817/1064/1156 
f 820/1065/1157 819/1061/1153 824/1066/1158 
f 824/1066/1158 819/1061/1153 823/1063/1155 
f 815/1050/1142 823/1063/1155 814/1049/1141 
f 814/1049/1141 823/1063/1155 817/1064/1156 
f 823/1063/1155 815/1050/1142 825/1067/1159 
f 825/1067/1159 815/1050/1142 816/1051/1143 
f 824/1066/1158 823/1063/1155 825/1067/1159 
f 699/876/1160 700/877/1151 826/1068/1161 
f 826/1068/1161 700/877/1151 822/1060/1152 
f 698/874/961 699/875/962 827/1069/1162 
f 827/1069/1162 699/875/962 826/1070/1163 
f 827/1069/1162 816/1051/1143 698/874/961 
f 698/874/961 816/1051/1143 697/873/960 
f 825/1067/1159 816/1051/1143 828/1071/1164 
f 828/1071/1164 816/1051/1143 827/1069/1162 
f 829/1072/1165 830/1073/1166 831/1074/1167 
f 831/1074/1167 830/1073/1166 832/1075/1168 
f 831/1076/1169 832/1077/1170 833/1078/1171 
f 833/1078/1171 832/1077/1170 834/1079/1172 
f 833/1078/1171 834/1079/1172 835/1080/1173 
f 835/1080/1173 834/1079/1172 836/1081/1174 
f 837/1082/1175 835/1080/1176 838/1083/1177 
f 838/1083/1177 835/1080/1176 836/1081/1178 
f 829/1072/1165 837/1082/1175 830/1073/1166 
f 830/1073/1166 837/1082/1175 838/1083/1177 
f 839/1084/1179 840/1085/1180 841/1086/1181 
f 841/1086/1181 840/1085/1180 842/1087/1182 
f 841/1088/1183 842/1089/1184 843/1090/1185 
f 843/1090/1185 842/1089/1184 844/1091/1186 
f 845/1092/1187 843/1090/1185 846/1093/1188 
f 846/1093/1188 843/1090/1185 844/1091/1186 
f 847/1094/1189 845/1092/1190 848/1095/1191 
f 848/1095/1191 845/1092/1190 846/1093/1192 
f 839/1084/1179 847/1094/1189 840/1085/1180 
f 840/1085/1180 847/1094/1189 848/1095/1191 
f 849/1096/1193 850/1097/1194 851/1098/1195 
f 851/1098/1195 850/1097/1194 852/1099/1196 
f 851/1100/1197 852/1101/1198 853/1102/1199 
f 853/1102/1199 852/1101/1198 854/1103/1200 
f 855/1104/1201 853/1102/1199 856/1105/1202 
f 856/1105/1202 853/1102/1199 854/1103/1200 
f 857/1104/1203 855/1104/1201 858/1106/1204 
f 858/1106/1204 855/1104/1201 856/1105/1202 
f 857/1107/1205 858/1108/1206 849/1096/1193 
f 849/1096/1193 858/1108/1206 850/1097/1194 
f 859/1109/1207 860/1110/1208 861/1111/1209 
f 861/1111/1209 860/1110/1208 862/1112/1210 
f 861/1111/1209 862/1112/1210 863/1111/1211 
f 863/1111/1211 862/1112/1210 864/1112/1212 
f 865/1113/1213 863/1111/1214 866/1114/1215 
f 866/1114/1215 863/1111/1214 864/1112/1216 
f 867/1115/1217 865/1113/1213 868/1116/1218 
f 868/1116/1218 865/1113/1213 866/1114/1215 
f 867/1109/1219 868/1117/1220 859/1109/1207 
f 859/1109/1207 868/1117/1220 860/1110/1208 
f 869/1118/1221 870/1119/1222 849/1096/1193 
f 849/1096/1193 870/1119/1222 857/1107/1205 
f 870/1120/1223 871/1121/1224 857/1104/1203 
f 857/1104/1203 871/1121/1224 855/1104/1201 
f 871/1121/1224 872/1122/1225 855/1104/1201 
f 855/1104/1201 872/1122/1225 853/1102/1199 
f 873/1123/1226 851/1100/1197 872/1122/1225 
f 872/1122/1225 851/1100/1197 853/1102/1199 
f 869/1118/1221 849/1096/1193 873/1124/1227 
f 873/1124/1227 849/1096/1193 851/1098/1195 
f 874/1125/1228 867/1109/1219 875/1125/1229 
f 875/1125/1229 867/1109/1219 859/1109/1207 
f 876/1126/1230 865/1113/1213 874/1127/1231 
f 874/1127/1231 865/1113/1213 867/1115/1217 
f 876/1126/1230 877/1128/1232 865/1113/1213 
f 865/1113/1213 877/1128/1232 863/1111/1214 
f 877/1128/1233 878/1128/1234 863/1111/1211 
f 863/1111/1211 878/1128/1234 861/1111/1209 
f 878/1128/1234 875/1125/1229 861/1111/1209 
f 861/1111/1209 875/1125/1229 859/1109/1207 
f 878/1128/1234 203/260/284 875/1125/1229 
f 875/1125/1229 203/260/284 205/260/286 
f 878/1128/1234 877/1128/1233 203/260/284 
f 203/260/284 877/1128/1233 207/262/288 
f 877/1128/1232 876/1126/1230 207/262/290 
f 207/262/290 876/1126/1230 209/263/291 
f 874/1127/1231 211/263/294 876/1126/1230 
f 876/1126/1230 211/263/294 209/263/291 
f 875/1125/1229 205/260/286 874/1125/1228 
f 874/1125/1228 205/260/286 211/265/296 
f 873/1124/1227 214/268/302 869/1118/1221 
f 869/1118/1221 214/268/302 213/267/301 
f 873/1123/1226 872/1122/1225 214/271/305 
f 214/271/305 872/1122/1225 217/272/306 
f 872/1122/1225 871/1121/1224 217/272/306 
f 217/272/306 871/1121/1224 219/274/309 
f 871/1121/1224 870/1120/1223 219/274/309 
f 219/274/309 870/1120/1223 221/274/311 
f 869/1118/1221 213/267/301 870/1119/1222 
f 870/1119/1222 213/267/301 221/276/313 
f 879/1129/1235 837/1082/1175 880/1130/1236 
f 880/1130/1236 837/1082/1175 829/1072/1165 
f 881/1131/1237 835/1080/1176 879/1129/1235 
f 879/1129/1235 835/1080/1176 837/1082/1175 
f 882/1132/1238 833/1078/1171 881/1131/1239 
f 881/1131/1239 833/1078/1171 835/1080/1173 
f 882/1132/1238 883/1133/1240 833/1078/1171 
f 833/1078/1171 883/1133/1240 831/1076/1169 
f 883/1134/1241 880/1130/1236 831/1074/1167 
f 831/1074/1167 880/1130/1236 829/1072/1165 
f 830/1073/1166 838/1083/1177 839/1084/1179 
f 839/1084/1179 838/1083/1177 847/1094/1189 
f 838/1083/1177 836/1081/1178 847/1094/1189 
f 847/1094/1189 836/1081/1178 845/1092/1190 
f 836/1081/1174 834/1079/1172 845/1092/1187 
f 845/1092/1187 834/1079/1172 843/1090/1185 
f 832/1077/1170 841/1088/1183 834/1079/1172 
f 834/1079/1172 841/1088/1183 843/1090/1185 
f 830/1073/1166 839/1084/1179 832/1075/1168 
f 832/1075/1168 839/1084/1179 841/1086/1181 
f 842/1089/1184 884/1135/1242 844/1091/1186 
f 844/1091/1186 884/1135/1242 885/1136/1243 
f 886/1137/1244 887/1138/1245 888/1139/1246 
f 888/1139/1246 887/1138/1245 889/1140/1247 
f 889/1140/1247 887/1138/1245 716/896/988 
f 716/896/988 887/1138/1245 715/895/987 
f 717/897/989 715/895/990 890/1141/1248 
f 890/1141/1248 715/895/990 887/1138/1249 
f 887/1138/1249 886/1137/1250 891/1142/1251 
f 891/1142/1251 886/1137/1250 892/1143/1252 
f 893/1144/1253 890/1141/1248 891/1142/1251 
f 891/1142/1251 890/1141/1248 887/1138/1249 
f 718/898/991 717/897/989 893/1144/1253 
f 893/1144/1253 717/897/989 890/1141/1248 
f 894/1145/1254 719/899/992 893/1144/1253 
f 893/1144/1253 719/899/992 718/898/991 
f 889/1140/1247 716/896/988 894/1146/1255 
f 894/1146/1255 716/896/988 719/900/993 
f 884/1147/1256 886/1137/1244 885/1148/1257 
f 885/1148/1257 886/1137/1244 888/1139/1246 
f 886/1137/1250 884/1147/1258 892/1143/1252 
f 892/1143/1252 884/1147/1258 895/1149/1259 
f 840/1085/1180 895/1150/1260 842/1087/1182 
f 842/1087/1182 895/1150/1260 884/1151/1256 
f 846/1093/1188 844/1091/1186 896/1152/1261 
f 896/1152/1261 844/1091/1186 885/1136/1243 
f 888/1139/1246 897/1153/1262 885/1148/1257 
f 885/1148/1257 897/1153/1262 896/1154/1263 
f 894/1146/1255 898/1155/1264 889/1140/1247 
f 889/1140/1247 898/1155/1264 888/1139/1246 
f 894/1145/1254 899/1156/1265 898/1157/1266 
f 898/1157/1266 899/1156/1265 900/1158/1267 
f 900/1158/1267 899/1156/1265 892/1143/1252 
f 892/1143/1252 899/1156/1265 891/1142/1251 
f 899/1156/1265 893/1144/1253 891/1142/1251 
f 893/1144/1253 899/1156/1265 894/1145/1254 
f 900/1158/1267 892/1143/1252 901/1159/1268 
f 901/1159/1268 892/1143/1252 895/1149/1259 
f 840/1085/1180 848/1095/1191 895/1150/1260 
f 895/1150/1260 848/1095/1191 901/1160/1269 
f 898/1157/1266 900/1158/1267 902/1161/1270 
f 902/1161/1270 900/1158/1267 903/1162/1271 
f 896/1154/1263 897/1153/1262 904/1163/1272 
f 903/1162/1271 900/1158/1267 901/1159/1268 
f 901/1160/1269 848/1095/1191 905/1164/1273 
f 905/1164/1273 848/1095/1191 846/1093/1192 
f 905/1164/1274 846/1093/1188 896/1152/1261 
f 880/1130/1236 883/1134/1241 223/277/318 
f 223/277/318 883/1134/1241 224/278/319 
f 883/1133/1240 882/1132/1238 224/281/322 
f 224/281/322 882/1132/1238 227/282/323 
f 882/1132/1238 881/1131/1239 227/282/323 
f 227/282/323 881/1131/1239 229/284/326 
f 879/1129/1235 231/285/328 881/1131/1237 
f 881/1131/1237 231/285/328 229/284/330 
f 880/1130/1236 223/277/318 879/1129/1235 
f 879/1129/1235 223/277/318 231/285/328 
f 901/1165/1275 906/1166/1276 903/1167/1277 
f 903/1167/1277 906/1166/1276 907/1168/1278 
f 908/1169/1279 909/1170/1280 910/1171/1281 
f 910/1171/1281 909/1170/1280 911/1172/1282 
f 912/1173/1283 906/1166/1276 905/1174/1274 
f 905/1174/1274 906/1166/1276 901/1165/1275 
f 852/1099/1196 850/1097/1194 913/1175/1284 
f 913/1175/1284 850/1097/1194 908/1169/1279 
f 906/1166/1276 908/1169/1279 907/1168/1278 
f 907/1168/1278 908/1169/1279 910/1171/1281 
f 913/1175/1284 908/1169/1279 912/1173/1283 
f 912/1173/1283 908/1169/1279 906/1166/1276 
f 902/1176/1285 903/1167/1277 914/1177/1286 
f 914/1177/1286 903/1167/1277 907/1168/1278 
f 914/1177/1286 907/1168/1278 915/1178/1287 
f 915/1178/1287 907/1168/1278 910/1171/1281 
f 902/1176/1270 914/1177/1288 904/1179/1289 
f 904/1179/1289 914/1177/1288 916/1180/1290 
f 917/1181/1291 916/1180/1290 915/1178/1292 
f 915/1178/1292 916/1180/1290 914/1177/1288 
f 915/1178/1287 910/1171/1281 918/1182/1293 
f 918/1182/1293 910/1171/1281 911/1172/1282 
f 919/1183/1294 917/1181/1291 918/1182/248 
f 918/1182/248 917/1181/1291 915/1178/1292 
f 911/1172/1282 866/1114/1215 918/1182/1293 
f 918/1182/1293 866/1114/1215 864/1112/1216 
f 918/1182/248 864/1112/1212 919/1183/1294 
f 919/1183/1294 864/1112/1212 862/1112/1210 
f 909/1170/1280 908/1169/1279 850/1097/1194 
f 911/1172/1282 920/1184/1295 866/1114/1215 
f 866/1114/1215 920/1184/1295 868/1116/1218 
f 921/1184/1296 920/1184/1295 909/1170/1280 
f 909/1170/1280 920/1184/1295 911/1172/1282 
f 921/1184/1296 909/1170/1280 858/1108/1206 
f 858/1108/1206 909/1170/1280 850/1097/1194 
f 922/1185/1297 860/1110/1208 920/1185/1298 
f 920/1185/1298 860/1110/1208 868/1117/1220 
f 922/1185/1297 920/1185/1298 923/1186/1299 
f 923/1186/1299 920/1185/1298 921/1187/1300 
f 923/1188/1299 921/1189/1300 856/1105/1202 
f 856/1105/1202 921/1189/1300 858/1106/1204 
f 924/1186/1301 923/1186/1299 854/1190/1200 
f 854/1103/1200 923/1188/1299 856/1105/1202 
f 919/1183/1294 922/1185/1297 924/1186/1301 
f 924/1186/1301 922/1185/1297 923/1186/1299 
f 860/1110/1208 922/1185/1297 862/1112/1210 
f 862/1112/1210 922/1185/1297 919/1183/1294 
f 925/1191/1302 917/1181/1291 924/1186/1301 
f 924/1186/1301 917/1181/1291 919/1183/1294 
f 925/1191/1302 924/1186/1301 854/1190/1200 
f 926/1192/1303 916/1180/1290 925/1191/1302 
f 925/1191/1302 916/1180/1290 917/1181/1291 
f 913/1193/1304 925/1191/1302 852/1194/1198 
f 852/1194/1198 925/1191/1302 854/1190/1200 
f 912/1195/1305 926/1192/1303 913/1193/1304 
f 913/1193/1304 926/1192/1303 925/1191/1302 
f 896/1196/1306 904/1179/1289 926/1192/1303 
f 926/1192/1303 904/1179/1289 916/1180/1290 
f 896/1196/1306 926/1192/1303 905/1197/1307 
f 905/1197/1307 926/1192/1303 912/1195/1305 
f 898/1155/1264 897/1153/1262 888/1139/1246 
f 904/1163/1272 897/1153/1262 902/1198/1308 
f 902/1198/1308 897/1153/1262 898/1155/1264 
f 927/1199/1309 928/1200/1310 253/307/361 
f 253/307/361 928/1200/1310 254/308/362 
f 928/1200/1310 929/1201/1311 254/308/362 
f 254/308/362 929/1201/1311 257/310/365 
f 930/1202/1312 259/312/367 929/1201/1311 
f 929/1201/1311 259/312/367 257/310/365 
f 931/1203/1313 261/313/369 930/1202/1312 
f 930/1202/1312 261/313/369 259/312/367 
f 927/1199/1309 253/307/361 931/1199/1313 
f 931/1199/1313 253/307/361 261/307/369 
f 676/833/918 674/831/914 677/834/919 
f 677/834/919 674/831/914 675/832/916 
f 677/834/919 675/832/916 689/851/939 
f 689/851/939 675/832/916 632/849/937 
f 694/865/952 692/860/948 693/863/951 
f 634/864/950 693/863/951 626/861/949 
f 626/861/949 693/863/951 692/860/948 
f 932/1204/1314 933/1205/1315 934/1206/1316 
f 934/1206/1316 933/1205/1315 935/1207/980 
f 934/1206/1316 935/1207/1317 936/1208/1318 
f 936/1208/1318 935/1207/1317 937/1209/1319 
f 936/1208/1318 937/1209/1319 938/1210/1320 
f 938/1210/1320 937/1209/1319 939/1211/1321 
f 940/1212/1322 938/1210/1320 941/1213/1323 
f 941/1213/1323 938/1210/1320 939/1211/1321 
f 932/1214/1314 940/1212/1322 933/1215/1315 
f 933/1215/1315 940/1212/1322 941/1213/1323 
f 942/1216/1324 943/1217/1325 944/1218/1326 
f 944/1218/1326 943/1217/1325 945/1219/1327 
f 946/1220/1328 947/1221/1329 943/1217/1325 
f 943/1217/1325 947/1221/1329 945/1219/1327 
f 948/1222/1330 949/1223/1331 946/1220/1328 
f 946/1220/1328 949/1223/1331 947/1221/1329 
f 948/1222/1330 950/1224/1332 949/1223/1331 
f 949/1223/1331 950/1224/1332 951/1225/1333 
f 950/1224/1334 942/1226/1335 951/1225/1335 
f 951/1225/1333 942/1226/1324 944/1227/1326 
f 928/1200/1310 927/1199/1309 952/1228/1336 
f 952/1228/1336 927/1199/1309 953/1229/1337 
f 929/1201/1311 928/1200/1310 954/1230/1338 
f 954/1230/1338 928/1200/1310 952/1228/1336 
f 929/1201/1311 954/1230/1338 930/1202/1312 
f 930/1202/1312 954/1230/1338 955/1231/1339 
f 930/1202/1312 955/1231/1339 931/1203/1313 
f 931/1203/1313 955/1231/1339 956/1232/1340 
f 931/1199/1313 956/1233/1341 927/1199/1309 
f 927/1199/1309 956/1233/1340 953/1229/1337 
f 952/1228/1336 953/1229/1337 957/1234/1342 
f 957/1234/1342 953/1229/1337 958/1235/1343 
f 954/1230/1338 952/1228/1336 959/1236/1344 
f 959/1236/1344 952/1228/1336 957/1234/1342 
f 954/1230/1338 959/1236/1344 955/1231/1339 
f 955/1231/1339 959/1236/1344 960/1237/1345 
f 955/1231/1339 960/1237/1345 956/1232/1340 
f 956/1232/1340 960/1237/1345 961/1238/1346 
f 956/1233/1340 961/1239/1347 953/1229/1337 
f 953/1229/1337 961/1239/1346 958/1235/1343 
f 957/1234/1342 958/1235/1343 962/1240/1348 
f 962/1240/1348 958/1235/1343 963/1241/1349 
f 959/1236/1344 957/1234/1342 964/1242/1350 
f 964/1242/1350 957/1234/1342 962/1240/1348 
f 959/1236/1344 964/1242/1350 960/1237/1345 
f 960/1237/1345 964/1242/1350 965/1243/1351 
f 960/1237/1345 965/1243/1351 961/1238/1346 
f 961/1238/1346 965/1243/1351 966/1244/1352 
f 961/1239/1346 966/1245/1353 958/1235/1343 
f 958/1235/1343 966/1245/1352 963/1241/1349 
f 963/1241/1349 967/1246/1354 962/1240/1348 
f 962/1240/1348 967/1246/1354 968/1247/1355 
f 962/1240/1348 968/1247/1355 964/1242/1350 
f 964/1242/1350 968/1247/1355 969/1248/1356 
f 965/1243/1351 964/1242/1350 970/1249/950 
f 970/1249/950 964/1242/1350 969/1248/1356 
f 966/1244/1352 965/1243/1351 971/1250/1357 
f 971/1250/1357 965/1243/1351 970/1249/950 
f 966/1245/1352 971/1251/1358 963/1241/1349 
f 963/1241/1349 971/1251/1357 967/1246/1354 
f 821/1059/1150 820/1058/1149 972/1252/1359 
f 972/1252/1359 820/1058/1149 973/1253/1360 
f 974/1254/1361 973/1255/1362 824/1066/1158 
f 824/1066/1158 973/1255/1362 820/1065/1157 
f 974/1254/1361 824/1066/1158 975/1256/1363 
f 975/1256/1363 824/1066/1158 825/1067/1159 
f 976/1257/1364 975/1256/1363 828/1071/1164 
f 828/1071/1164 975/1256/1363 825/1067/1159 
f 826/1070/1163 828/1071/1164 827/1069/1162 
f 977/1258/1365 976/1257/1364 828/1071/1164 
f 978/1259/1366 977/1260/1367 822/1060/1152 
f 822/1060/1152 977/1260/1367 826/1068/1161 
f 972/1252/1359 978/1259/1366 821/1059/1150 
f 821/1059/1150 978/1259/1366 822/1060/1152 
f 977/1258/1365 828/1071/1164 826/1070/1163 
f 977/1258/1365 979/1261/1368 976/1257/1364 
f 976/1257/1364 979/1261/1368 980/1262/1369 
f 981/1263/1370 975/1256/1363 980/1262/1369 
f 980/1262/1369 975/1256/1363 976/1257/1364 
f 982/1264/1371 979/1265/1372 978/1259/1366 
f 978/1259/1366 979/1265/1372 977/1260/1367 
f 983/1266/1373 982/1264/1371 972/1252/1359 
f 972/1252/1359 982/1264/1371 978/1259/1366 
f 984/1267/1374 983/1266/1373 973/1253/1360 
f 973/1253/1360 983/1266/1373 972/1252/1359 
f 985/1268/1375 984/1269/1376 974/1254/1361 
f 974/1254/1361 984/1269/1376 973/1255/1362 
f 985/1268/1375 974/1254/1361 981/1263/1370 
f 981/1263/1370 974/1254/1361 975/1256/1363 
f 986/1270/1377 987/1271/1378 988/1272/1379 
f 989/1273/1380 990/1274/1381 991/1275/1382 
f 991/1275/1382 990/1274/1381 992/1276/1383 
f 992/1277/415 990/1278/1384 937/1209/1319 
f 937/1209/1319 990/1278/1384 939/1211/1321 
f 993/1279/1385 994/1280/1386 987/1271/1378 
f 987/1271/1378 994/1280/1386 988/1272/1379 
f 990/1274/1381 989/1273/1380 995/1281/1387 
f 995/1281/1387 989/1273/1380 996/1282/1388 
f 997/1283/1389 998/1284/1390 992/1285/1391 
f 992/1285/1391 998/1284/1390 991/1286/1392 
f 935/1207/1317 997/1287/1393 937/1209/1319 
f 937/1209/1319 997/1287/1393 992/1277/415 
f 999/1288/1394 1000/1289/1395 1001/1290/1396 
f 994/1280/1386 993/1279/1385 999/1288/1394 
f 999/1288/1394 993/1279/1385 1000/1289/1395 
f 1002/1291/1397 995/1281/1387 1003/1292/1398 
f 1003/1292/1398 995/1281/1387 996/1282/1388 
f 1004/1293/1399 1002/1293/1400 1005/1294/1401 
f 1005/1294/1401 1002/1293/1400 1003/1295/1402 
f 1006/1296/1403 1004/1293/1399 1007/1297/1404 
f 1007/1297/1404 1004/1293/1399 1005/1294/1401 
f 1007/1297/1404 998/1284/1405 1006/1296/1403 
f 1006/1296/1403 998/1284/1405 997/1283/1406 
f 989/1273/1380 988/1272/1379 996/1282/1388 
f 996/1282/1388 988/1272/1379 994/1280/1386 
f 1003/1292/1398 996/1282/1388 999/1288/1394 
f 999/1288/1394 996/1282/1388 994/1280/1386 
f 1005/1294/1407 1003/1295/1398 1001/1298/1396 
f 1001/1290/1396 1003/1292/1398 999/1288/1394 
f 1007/1297/1408 1005/1294/1409 1008/1299/1410 
f 1008/1299/1410 1005/1294/1409 1001/1298/1411 
f 998/1284/1390 1007/1297/1408 1009/1300/1412 
f 1009/1300/1412 1007/1297/1408 1008/1299/1410 
f 998/1284/1390 1009/1300/1412 991/1286/1392 
f 991/1286/1392 1009/1300/1412 986/1301/1413 
f 986/1270/1377 988/1272/1379 991/1275/1382 
f 991/1275/1382 988/1272/1379 989/1273/1380 
f 1004/1302/1399 969/1248/1356 1002/1303/1400 
f 1002/1303/1400 969/1248/1356 968/1247/1355 
f 1002/1291/1397 1010/1304/1414 995/1281/1387 
f 995/1281/1387 1010/1304/1414 1011/1305/1415 
f 967/1246/1354 1010/1306/1416 968/1247/1355 
f 968/1247/1355 1010/1306/1416 1002/1303/1400 
f 967/1246/1354 971/1251/1357 1010/1306/1416 
f 1010/1306/1416 971/1251/1357 1012/1307/1417 
f 1013/1308/1418 990/1274/1381 1011/1305/1415 
f 1011/1305/1415 990/1274/1381 995/1281/1387 
f 990/1278/1384 1013/1309/1419 939/1211/1321 
f 939/1211/1321 1013/1309/1419 941/1213/1323 
f 1011/1305/1420 1010/1304/1416 1014/1310/832 
f 1014/1311/832 1010/1306/1416 1012/1307/1417 
f 933/1215/1315 1013/1309/1421 1014/1312/832 
f 1014/1310/832 1013/1308/1421 1011/1305/1420 
f 1013/1309/1419 933/1215/1315 941/1213/1323 
f 1004/1302/1399 1015/1313/1422 969/1248/1356 
f 969/1248/1356 1015/1313/1422 970/1249/950 
f 1015/1313/1422 1004/1302/1399 1006/1314/1403 
f 1015/1313/1422 1016/1315/1423 1012/1316/1424 
f 1012/1316/1424 1016/1315/1423 1014/1317/1425 
f 1015/1313/1422 1012/1316/1424 970/1249/950 
f 970/1249/950 1012/1316/1424 971/1250/1357 
f 1015/1313/1422 1006/1314/1403 1016/1315/1423 
f 1016/1318/1423 1006/1296/1403 997/1283/1406 
f 935/1207/1426 1016/1319/1423 997/1287/1406 
f 1016/1319/1423 935/1207/1426 1014/1320/1425 
f 1014/1320/1425 935/1207/1426 933/1205/1427 
f 981/1263/1370 993/1279/1385 985/1268/1375 
f 985/1268/1375 993/1279/1385 987/1271/1378 
f 993/1279/1385 981/1263/1370 1000/1289/1395 
f 1000/1289/1395 981/1263/1370 980/1262/1369 
f 1001/1290/1396 1000/1289/1395 979/1261/1368 
f 979/1261/1368 1000/1289/1395 980/1262/1369 
f 1008/1299/1410 1001/1298/1411 982/1264/1371 
f 982/1264/1371 1001/1298/1411 979/1265/1372 
f 1009/1300/1412 1008/1299/1410 983/1266/1373 
f 983/1266/1373 1008/1299/1410 982/1264/1371 
f 986/1301/1413 1009/1300/1412 984/1267/1374 
f 984/1267/1374 1009/1300/1412 983/1266/1373 
f 985/1268/1375 987/1271/1378 984/1269/1376 
f 984/1269/1376 987/1271/1378 986/1270/1377 
f 195/258/272 201/257/279 942/1216/1324 
f 942/1216/1324 201/257/279 943/1217/1325 
f 199/255/277 946/1220/1328 201/257/279 
f 201/257/279 946/1220/1328 943/1217/1325 
f 197/254/274 948/1222/1330 199/255/277 
f 199/255/277 948/1222/1330 946/1220/1328 
f 197/254/274 193/250/270 948/1222/1330 
f 948/1222/1330 193/250/270 950/1224/1332 
f 193/250/270 195/252/272 950/1224/1334 
f 950/1224/1332 195/252/272 942/1226/1324 
f 944/1218/1326 945/1219/1327 932/1214/1314 
f 932/1214/1314 945/1219/1327 940/1212/1322 
f 947/1221/1329 938/1210/1320 945/1219/1327 
f 945/1219/1327 938/1210/1320 940/1212/1322 
f 949/1223/1331 936/1208/1318 947/1221/1329 
f 947/1221/1329 936/1208/1318 938/1210/1320 
f 949/1223/1331 951/1225/1333 936/1208/1318 
f 936/1208/1318 951/1225/1333 934/1206/1316 
f 951/1225/1333 944/1227/1326 934/1206/1428 
f 934/1206/1316 944/1227/1326 932/1204/1314 
f 86/124/126 127/181/183 129/183/185 
f 127/198/200 86/133/135 142/201/203 
f 86/133/135 92/134/136 142/201/203 
f 142/201/203 92/134/136 488/575/655 
f 74/120/122 124/200/202 488/575/655 
f 488/575/655 92/134/136 74/120/122 
f 122/1321/1429 488/575/655 124/200/202 
f 488/575/655 122/1321/1429 487/574/654 
f 66/106/108 487/574/654 122/1321/1429 
f 116/184/186 487/574/654 66/106/108 
usemtl MAT_Leafs
f 1017/1322/1430 1018/1323/1431 1019/1324/1432 
f 1018/1323/1431 1017/1322/1430 1020/1325/1433 
f 1021/1326/1434 1022/1327/1435 1019/1324/1432 
f 1019/1324/1432 1022/1327/1435 1017/1322/1430 
f 1017/1322/1430 1023/1328/1436 1020/1325/1433 
f 1023/1328/1436 1017/1322/1430 1024/1329/1437 
f 1022/1327/1435 1025/1330/1438 1017/1322/1430 
f 1017/1322/1430 1025/1330/1438 1024/1329/1437 
f 1026/1329/1439 1027/1331/1440 1028/1328/1441 
f 1027/1331/1440 1026/1329/1439 1029/1332/1442 
f 1030/1330/1443 1031/1333/1444 1026/1329/1439 
f 1026/1329/1439 1031/1333/1444 1029/1332/1442 
f 1029/1332/1442 1032/1334/1445 1027/1331/1440 
f 1027/1331/1440 1032/1334/1445 1033/1335/1446 
f 1031/1333/1444 1034/1336/1447 1029/1332/1442 
f 1032/1334/1445 1029/1332/1442 1034/1336/1447 
f 1035/1337/1448 1036/174/1449 1037/1338/1450 
f 1036/174/1449 1035/1337/1448 1038/1339/1451 
f 1039/1328/1452 1035/1337/1448 1037/1338/1450 
f 1035/1337/1448 1039/1328/1452 1040/1331/1453 
f 1041/1340/1454 1038/1339/1451 1035/1337/1448 
f 1038/1339/1451 1041/1340/1454 1042/1341/1455 
f 1041/1340/1454 1040/1331/1453 1043/1335/1456 
f 1040/1331/1453 1041/1340/1454 1035/1337/1448 
f 1044/1338/1457 1045/1339/1458 1046/174/1459 
f 1045/1339/1458 1044/1338/1457 1047/1337/1460 
f 1048/1328/1461 1047/1337/1460 1044/1338/1457 
f 1047/1337/1460 1048/1328/1461 1049/1331/1462 
f 1047/1337/1460 1050/1341/1463 1045/1339/1458 
f 1050/1341/1463 1047/1337/1460 1051/1340/1464 
f 1049/1331/1462 1051/1340/1464 1047/1337/1460 
f 1051/1340/1464 1049/1331/1462 1052/1335/1465 
f 1053/1324/1466 1054/1325/1467 1055/1323/1468 
f 1054/1325/1467 1053/1324/1466 1056/1322/1469 
f 1057/1327/1470 1053/1324/1466 1058/1326/1471 
f 1053/1324/1466 1057/1327/1470 1056/1322/1469 
f 1059/1329/1472 1054/1325/1467 1056/1322/1469 
f 1054/1325/1467 1059/1329/1472 1060/1328/1473 
f 1061/1330/1474 1056/1322/1469 1057/1327/1470 
f 1056/1322/1469 1061/1330/1474 1059/1329/1472 
f 1062/1342/1475 1063/1343/1476 1064/1344/1477 
f 1063/1343/1476 1062/1342/1475 1065/1345/1478 
f 1066/1323/1479 1067/1325/1480 1062/1342/1475 
f 1062/1342/1475 1067/1325/1480 1065/1345/1478 
f 1065/1345/1478 1068/1338/1481 1063/1343/1476 
f 1063/1343/1476 1068/1338/1481 1069/174/1482 
f 1067/1325/1480 1068/1338/1481 1065/1345/1478 
f 1068/1338/1481 1067/1325/1480 1070/1328/1483 
f 1071/1331/1484 1072/1329/1485 1073/1332/1486 
f 1072/1329/1485 1071/1331/1484 1074/1328/1487 
f 1075/1330/1488 1073/1332/1486 1072/1329/1485 
f 1073/1332/1486 1075/1330/1488 1076/1333/1489 
f 1077/1335/1490 1073/1332/1486 1078/1334/1491 
f 1073/1332/1486 1077/1335/1490 1071/1331/1484 
f 1076/1333/1489 1078/1334/1491 1073/1332/1486 
f 1078/1334/1491 1076/1333/1489 1079/1336/1492 
f 1080/1325/1493 1081/1324/1493 1082/1322/1493 
f 1081/1324/1493 1080/1325/1493 1083/1323/1493 
f 1082/1322/1493 1084/1326/1493 1085/1327/1493 
f 1084/1326/1493 1082/1322/1493 1081/1324/1493 
f 1086/1328/1493 1082/1322/1493 1087/1329/1493 
f 1082/1322/1493 1086/1328/1493 1080/1325/1493 
f 1087/1329/1493 1085/1327/1493 1088/1330/1493 
f 1085/1327/1493 1087/1329/1493 1082/1322/1493 
f 1089/1339/1494 1090/1338/1495 1091/1337/1496 
f 1090/1338/1495 1089/1339/1494 1092/174/1497 
f 1091/1337/1496 1093/1328/1498 1094/1331/1499 
f 1093/1328/1498 1091/1337/1496 1090/1338/1495 
f 1095/1341/1500 1091/1337/1496 1096/1340/1501 
f 1091/1337/1496 1095/1341/1500 1089/1339/1494 
f 1096/1340/1501 1094/1331/1499 1097/1335/1502 
f 1094/1331/1499 1096/1340/1501 1091/1337/1496 
f 1098/1329/1503 1099/1331/1504 1100/1328/1505 
f 1099/1331/1504 1098/1329/1503 1101/1332/1506 
f 1102/1330/1507 1101/1332/1506 1098/1329/1503 
f 1101/1332/1506 1102/1330/1507 1103/1333/1508 
f 1101/1332/1506 1104/1335/1509 1099/1331/1504 
f 1104/1335/1509 1101/1332/1506 1105/1334/1510 
f 1103/1333/1508 1105/1334/1510 1101/1332/1506 
f 1105/1334/1510 1103/1333/1508 1106/1336/1511 
f 1107/1329/1512 1108/1331/1513 1109/1328/1514 
f 1108/1331/1513 1107/1329/1512 1110/1332/1515 
f 1111/1330/1516 1110/1332/1515 1107/1329/1512 
f 1110/1332/1515 1111/1330/1516 1112/1333/1517 
f 1110/1332/1515 1113/1335/1518 1108/1331/1513 
f 1113/1335/1518 1110/1332/1515 1114/1334/1519 
f 1112/1333/1517 1115/1336/1520 1110/1332/1515 
f 1110/1332/1515 1115/1336/1520 1114/1334/1519 
f 1116/1322/1239 1117/1325/1521 1118/1323/1522 
f 1116/1322/1239 1118/1323/1522 1119/1324/1523 
f 1120/1327/1524 1116/1322/1239 1119/1324/1523 
f 1119/1324/1523 1121/1326/1525 1120/1327/1524 
f 1122/1328/1526 1116/1322/1239 1123/1329/1527 
f 1116/1322/1239 1122/1328/1526 1117/1325/1521 
f 1124/1330/1528 1123/1329/1527 1116/1322/1239 
f 1116/1322/1239 1120/1327/1524 1124/1330/1528 
f 1125/1331/1529 1126/1329/1530 1127/1332/1531 
f 1126/1329/1530 1125/1331/1529 1128/1328/1532 
f 1129/1330/1533 1127/1332/1531 1126/1329/1530 
f 1127/1332/1531 1129/1330/1533 1130/1333/1534 
f 1125/1331/1529 1131/1334/1535 1132/1335/1536 
f 1131/1334/1535 1125/1331/1529 1127/1332/1531 
f 1130/1333/1534 1131/1334/1535 1127/1332/1531 
f 1131/1334/1535 1130/1333/1534 1133/1336/1537 
f 1134/1338/1023 1135/1339/1538 1136/174/1539 
f 1135/1339/1538 1134/1338/1023 1137/1337/1540 
f 1138/1331/1541 1134/1338/1023 1139/1328/1542 
f 1134/1338/1023 1138/1331/1541 1137/1337/1540 
f 1137/1337/1540 1140/1341/1543 1135/1339/1538 
f 1140/1341/1543 1137/1337/1540 1141/1340/1544 
f 1142/1335/1545 1137/1337/1540 1138/1331/1541 
f 1137/1337/1540 1142/1335/1545 1141/1340/1544 
f 1143/1338/1546 1144/1339/1547 1145/174/1548 
f 1144/1339/1547 1143/1338/1546 1146/1337/1549 
f 1147/1328/1550 1146/1337/1549 1143/1338/1546 
f 1146/1337/1549 1147/1328/1550 1148/1331/1551 
f 1146/1337/1549 1149/1341/1552 1144/1339/1547 
f 1149/1341/1552 1146/1337/1549 1150/1340/1553 
f 1148/1331/1551 1150/1340/1553 1146/1337/1549 
f 1150/1340/1553 1148/1331/1551 1151/1335/1554 
f 1152/1322/1555 1153/1323/1556 1154/1324/1557 
f 1153/1323/1556 1152/1322/1555 1155/1325/1558 
f 1152/1322/1555 1156/1326/1559 1157/1327/1560 
f 1156/1326/1559 1152/1322/1555 1154/1324/1557 
f 1155/1325/1558 1158/1329/1561 1159/1328/1562 
f 1158/1329/1561 1155/1325/1558 1152/1322/1555 
f 1158/1329/1561 1157/1327/1560 1160/1330/1563 
f 1157/1327/1560 1158/1329/1561 1152/1322/1555 
f 1161/1342/1564 1162/1345/1565 1163/1344/1566 
f 1163/1344/1566 1162/1345/1565 1164/1343/1567 
f 1165/1323/1568 1162/1345/1565 1161/1342/1564 
f 1162/1345/1565 1165/1323/1568 1166/1325/1569 
f 1162/1345/1565 1167/1338/1570 1164/1343/1567 
f 1164/1343/1567 1167/1338/1570 1168/174/1571 
f 1166/1325/1569 1169/1328/1572 1162/1345/1565 
f 1162/1345/1565 1169/1328/1572 1167/1338/1570 
f 1170/1329/1573 1171/1331/1574 1172/1328/1575 
f 1171/1331/1574 1170/1329/1573 1173/1332/1576 
f 1174/1330/1577 1175/1333/1578 1170/1329/1573 
f 1170/1329/1573 1175/1333/1578 1173/1332/1576 
f 1173/1332/1576 1176/1335/1579 1171/1331/1574 
f 1176/1335/1579 1173/1332/1576 1177/1334/1580 
f 1175/1333/1578 1177/1334/1580 1173/1332/1576 
f 1177/1334/1580 1175/1333/1578 1178/1336/1581 
f 1179/1324/1582 1180/1325/1582 1181/1323/1582 
f 1180/1325/1582 1179/1324/1582 1182/1322/1582 
f 1183/1326/1582 1182/1322/1582 1179/1324/1582 
f 1182/1322/1582 1183/1326/1582 1184/1327/1582 
f 1182/1322/1582 1185/1328/1582 1180/1325/1582 
f 1185/1328/1582 1182/1322/1582 1186/1329/1582 
f 1184/1327/1582 1186/1329/1582 1182/1322/1582 
f 1186/1329/1582 1184/1327/1582 1187/1330/1582 
f 1188/1338/1583 1189/1339/1584 1190/174/1585 
f 1189/1339/1584 1188/1338/1583 1191/1337/1586 
f 1192/1328/1587 1191/1337/1586 1188/1338/1583 
f 1191/1337/1586 1192/1328/1587 1193/1331/1588 
f 1191/1337/1586 1194/1341/1589 1189/1339/1584 
f 1194/1341/1589 1191/1337/1586 1195/1340/1590 
f 1193/1331/1588 1195/1340/1590 1191/1337/1586 
f 1195/1340/1590 1193/1331/1588 1196/1335/1591 
f 1197/1331/1592 1198/1329/1593 1199/1332/1594 
f 1198/1329/1593 1197/1331/1592 1200/1328/1595 
f 1199/1332/1594 1198/1329/1593 1201/1333/1596 
f 1198/1329/1593 1202/1330/1597 1201/1333/1596 
f 1203/1335/1532 1199/1332/1594 1204/1334/1598 
f 1199/1332/1594 1203/1335/1532 1197/1331/1592 
f 1204/1334/1598 1199/1332/1594 1205/1336/1599 
f 1199/1332/1594 1201/1333/1596 1205/1336/1599 
f 1206/1329/1600 1207/1331/1601 1208/1328/1602 
f 1207/1331/1601 1206/1329/1600 1209/1332/1603 
f 1210/1330/1604 1209/1332/1603 1206/1329/1600 
f 1209/1332/1603 1210/1330/1604 1211/1333/1605 
f 1209/1332/1603 1212/1335/1606 1207/1331/1601 
f 1212/1335/1606 1209/1332/1603 1213/1334/1607 
f 1211/1333/1605 1213/1334/1607 1209/1332/1603 
f 1213/1334/1607 1211/1333/1605 1214/1336/1608 
f 1215/1342/1609 1216/1343/1610 1217/1344/1611 
f 1216/1343/1610 1215/1342/1609 1218/1345/1612 
f 1219/1323/1613 1218/1345/1612 1215/1342/1609 
f 1218/1345/1612 1219/1323/1613 1220/1325/1614 
f 1218/1345/1612 1221/174/1615 1216/1343/1610 
f 1221/174/1615 1218/1345/1612 1222/1338/1616 
f 1220/1325/1614 1222/1338/1616 1218/1345/1612 
f 1222/1338/1616 1220/1325/1614 1223/1328/1617 
f 1224/1342/1618 1225/1343/1619 1226/1344/1620 
f 1225/1343/1619 1224/1342/1618 1227/1345/1621 
f 1228/1323/1622 1227/1345/1621 1224/1342/1618 
f 1227/1345/1621 1228/1323/1622 1229/1325/1623 
f 1230/1338/1624 1225/1343/1619 1227/1345/1621 
f 1225/1343/1619 1230/1338/1624 1231/174/1625 
f 1229/1325/1623 1230/1338/1624 1227/1345/1621 
f 1230/1338/1624 1229/1325/1623 1232/1328/1626 
f 1233/1342/1627 1234/1343/1628 1235/1344/1629 
f 1234/1343/1628 1233/1342/1627 1236/1345/1630 
f 1237/1323/1631 1236/1345/1630 1233/1342/1627 
f 1236/1345/1630 1237/1323/1631 1238/1325/1632 
f 1239/1338/1633 1234/1343/1628 1236/1345/1630 
f 1234/1343/1628 1239/1338/1633 1240/174/1629 
f 1238/1325/1632 1239/1338/1633 1236/1345/1630 
f 1239/1338/1633 1238/1325/1632 1241/1328/1629 
f 1242/1338/1634 1243/1339/1635 1244/174/1636 
f 1243/1339/1635 1242/1338/1634 1245/1337/1637 
f 1246/1328/1638 1245/1337/1637 1242/1338/1634 
f 1245/1337/1637 1246/1328/1638 1247/1331/1639 
f 1245/1337/1637 1248/1341/1640 1243/1339/1635 
f 1248/1341/1640 1245/1337/1637 1249/1340/1641 
f 1247/1331/1639 1249/1340/1641 1245/1337/1637 
f 1249/1340/1641 1247/1331/1639 1250/1335/1642 
f 1251/1325/1643 1252/1324/1644 1253/1322/1645 
f 1252/1324/1644 1251/1325/1643 1254/1323/1646 
f 1255/1326/1647 1253/1322/1645 1252/1324/1644 
f 1253/1322/1645 1255/1326/1647 1256/1327/1648 
f 1251/1325/1643 1257/1329/1649 1258/1328/1650 
f 1257/1329/1649 1251/1325/1643 1253/1322/1645 
f 1257/1329/1649 1256/1327/1648 1259/1330/1651 
f 1256/1327/1648 1257/1329/1649 1253/1322/1645 
f 1260/1342/1652 1261/1345/1653 1262/1344/1654 
f 1262/1344/1654 1261/1345/1653 1263/1343/1655 
f 1264/1323/1656 1261/1345/1653 1260/1342/1652 
f 1261/1345/1653 1264/1323/1656 1265/1325/1657 
f 1261/1345/1653 1266/1338/1658 1263/1343/1655 
f 1263/1343/1655 1266/1338/1658 1267/174/1659 
f 1265/1325/1657 1268/1328/1660 1261/1345/1653 
f 1261/1345/1653 1268/1328/1660 1266/1338/1658 
f 1269/1329/1661 1270/1331/1662 1271/1328/1663 
f 1270/1331/1662 1269/1329/1661 1272/1332/1664 
f 1272/1332/1664 1269/1329/1661 1273/1333/1665 
f 1269/1329/1661 1274/1330/1666 1273/1333/1665 
f 1272/1332/1664 1275/1335/1667 1270/1331/1662 
f 1275/1335/1667 1272/1332/1664 1276/1334/1668 
f 1276/1334/1668 1272/1332/1664 1277/1336/1669 
f 1272/1332/1664 1273/1333/1665 1277/1336/1669 
f 1278/1343/1670 1279/1342/1671 1280/1345/1672 
f 1279/1342/1671 1278/1343/1670 1281/1344/1504 
f 1280/1345/1672 1282/1323/1673 1283/1325/1674 
f 1282/1323/1673 1280/1345/1672 1279/1342/1671 
f 1284/174/1675 1280/1345/1672 1285/1338/1676 
f 1280/1345/1672 1284/174/1675 1278/1343/1670 
f 1285/1338/1676 1283/1325/1674 1286/1328/1677 
f 1283/1325/1674 1285/1338/1676 1280/1345/1672 
f 1287/1342/1678 1288/1343/1679 1289/1344/1680 
f 1288/1343/1679 1287/1342/1678 1290/1345/1681 
f 1291/1323/1682 1292/1325/1683 1287/1342/1678 
f 1287/1342/1678 1292/1325/1683 1290/1345/1681 
f 1290/1345/1681 1293/174/1684 1288/1343/1679 
f 1293/174/1684 1290/1345/1681 1294/1338/1685 
f 1292/1325/1683 1294/1338/1685 1290/1345/1681 
f 1294/1338/1685 1292/1325/1683 1295/1328/1686 
f 1296/1338/1687 1297/1339/1505 1298/174/1688 
f 1297/1339/1505 1296/1338/1687 1299/1337/1689 
f 1300/1328/1690 1299/1337/1689 1296/1338/1687 
f 1299/1337/1689 1300/1328/1690 1301/1331/1691 
f 1299/1337/1689 1302/1341/1692 1297/1339/1505 
f 1302/1341/1692 1299/1337/1689 1303/1340/1693 
f 1301/1331/1691 1303/1340/1693 1299/1337/1689 
f 1303/1340/1693 1301/1331/1691 1304/1335/1694 
f 1305/1322/1695 1306/1323/1696 1307/1324/1697 
f 1306/1323/1696 1305/1322/1695 1308/1325/1698 
f 1309/1327/1699 1307/1324/1697 1310/1326/1700 
f 1307/1324/1697 1309/1327/1699 1305/1322/1695 
f 1311/1329/1701 1308/1325/1698 1305/1322/1695 
f 1308/1325/1698 1311/1329/1701 1312/1328/1702 
f 1309/1327/1699 1311/1329/1701 1305/1322/1695 
f 1311/1329/1701 1309/1327/1699 1313/1330/1703 
f 1314/1342/1704 1315/1343/1705 1316/1344/1706 
f 1315/1343/1705 1314/1342/1704 1317/1345/1707 
f 1318/1323/1708 1319/1325/1709 1314/1342/1704 
f 1314/1342/1704 1319/1325/1709 1317/1345/1707 
f 1317/1345/1707 1320/1338/1710 1315/1343/1705 
f 1315/1343/1705 1320/1338/1710 1321/174/1711 
f 1319/1325/1709 1320/1338/1710 1317/1345/1707 
f 1320/1338/1710 1319/1325/1709 1322/1328/1712 
f 1323/1329/1713 1324/1331/1714 1325/1328/1715 
f 1324/1331/1714 1323/1329/1713 1326/1332/1716 
f 1327/1330/1717 1326/1332/1716 1323/1329/1713 
f 1326/1332/1716 1327/1330/1717 1328/1333/1718 
f 1326/1332/1716 1329/1335/1719 1324/1331/1714 
f 1329/1335/1719 1326/1332/1716 1330/1334/1720 
f 1328/1333/1718 1330/1334/1720 1326/1332/1716 
f 1330/1334/1720 1328/1333/1718 1331/1336/1721 
f 1332/1342/1722 1333/1343/1723 1334/1344/1724 
f 1333/1343/1723 1332/1342/1722 1335/1345/1725 
f 1336/1323/1726 1335/1345/1725 1332/1342/1722 
f 1335/1345/1725 1336/1323/1726 1337/1325/1727 
f 1335/1345/1725 1338/174/1728 1333/1343/1723 
f 1338/174/1728 1335/1345/1725 1339/1338/1729 
f 1337/1325/1727 1339/1338/1729 1335/1345/1725 
f 1339/1338/1729 1337/1325/1727 1340/1328/1730 
f 1341/1342/1731 1342/1345/1732 1343/1344/1733 
f 1343/1344/1733 1342/1345/1732 1344/1343/1734 
f 1345/1323/1735 1342/1345/1732 1341/1342/1731 
f 1342/1345/1732 1345/1323/1735 1346/1325/1736 
f 1347/1338/1737 1344/1343/1734 1342/1345/1732 
f 1344/1343/1734 1347/1338/1737 1348/174/1738 
f 1346/1325/1736 1347/1338/1737 1342/1345/1732 
f 1347/1338/1737 1346/1325/1736 1349/1328/1739 
f 1350/1342/1740 1351/1343/1741 1352/1344/1742 
f 1351/1343/1741 1350/1342/1740 1353/1345/1743 
f 1354/1323/1744 1353/1345/1743 1350/1342/1740 
f 1353/1345/1743 1354/1323/1744 1355/1325/1745 
f 1356/1338/1746 1351/1343/1741 1353/1345/1743 
f 1351/1343/1741 1356/1338/1746 1357/174/1742 
f 1355/1325/1745 1356/1338/1746 1353/1345/1743 
f 1356/1338/1746 1355/1325/1745 1358/1328/1742 
f 1359/1325/1747 1360/1323/1748 1361/1322/1749 
f 1360/1323/1748 1362/1324/1750 1361/1322/1749 
f 1361/1322/1749 1362/1324/1750 1363/1327/1751 
f 1362/1324/1750 1364/1326/1752 1363/1327/1751 
f 1365/1328/1753 1361/1322/1749 1366/1329/1754 
f 1361/1322/1749 1365/1328/1753 1359/1325/1747 
f 1366/1329/1754 1361/1322/1749 1367/1330/1755 
f 1361/1322/1749 1363/1327/1751 1367/1330/1755 
f 1368/1331/1756 1369/1329/1757 1370/1332/1758 
f 1369/1329/1757 1368/1331/1756 1371/1328/1759 
f 1372/1330/1760 1370/1332/1758 1369/1329/1757 
f 1370/1332/1758 1372/1330/1760 1373/1333/1761 
f 1374/1334/1762 1375/1335/1763 1368/1331/1756 
f 1368/1331/1756 1370/1332/1758 1374/1334/1762 
f 1373/1333/1761 1374/1334/1762 1370/1332/1758 
f 1374/1334/1762 1373/1333/1761 1376/1336/1764 
f 1377/1338/1765 1378/1339/1766 1379/174/1767 
f 1378/1339/1766 1377/1338/1765 1380/1337/1768 
f 1381/1331/834 1377/1338/1765 1382/1328/1769 
f 1377/1338/1765 1381/1331/834 1380/1337/1768 
f 1380/1337/1768 1383/1341/1770 1378/1339/1766 
f 1383/1341/1770 1380/1337/1768 1384/1340/1771 
f 1385/1335/1772 1380/1337/1768 1381/1331/834 
f 1380/1337/1768 1385/1335/1772 1384/1340/1771 
f 1386/1324/1773 1387/1325/1773 1388/1323/1773 
f 1387/1325/1773 1386/1324/1773 1389/1322/1773 
f 1390/1326/1773 1389/1322/1773 1386/1324/1773 
f 1389/1322/1773 1390/1326/1773 1391/1327/1773 
f 1389/1322/1773 1392/1328/1773 1387/1325/1773 
f 1392/1328/1773 1389/1322/1773 1393/1329/1773 
f 1391/1327/1773 1393/1329/1773 1389/1322/1773 
f 1393/1329/1773 1391/1327/1773 1394/1330/1773 
f 1395/1338/1774 1396/1339/1775 1397/174/1776 
f 1396/1339/1775 1395/1338/1774 1398/1337/1777 
f 1399/1328/1778 1398/1337/1777 1395/1338/1774 
f 1398/1337/1777 1399/1328/1778 1400/1331/1779 
f 1398/1337/1777 1401/1341/1780 1396/1339/1775 
f 1401/1341/1780 1398/1337/1777 1402/1340/1781 
f 1400/1331/1779 1402/1340/1781 1398/1337/1777 
f 1402/1340/1781 1400/1331/1779 1403/1335/1782 
f 1404/1331/1783 1405/1329/1784 1406/1332/1785 
f 1405/1329/1784 1404/1331/1783 1407/1328/1786 
f 1408/1330/1787 1406/1332/1785 1405/1329/1784 
f 1406/1332/1785 1408/1330/1787 1409/1333/1788 
f 1410/1335/1789 1406/1332/1785 1411/1334/1790 
f 1406/1332/1785 1410/1335/1789 1404/1331/1783 
f 1409/1333/1788 1411/1334/1790 1406/1332/1785 
f 1411/1334/1790 1409/1333/1788 1412/1336/1791 
f 1413/1329/1792 1414/1331/1793 1415/1328/1794 
f 1414/1331/1793 1413/1329/1792 1416/1332/1795 
f 1417/1330/1796 1418/1333/1797 1413/1329/1792 
f 1413/1329/1792 1418/1333/1797 1416/1332/1795 
f 1416/1332/1795 1419/1335/1798 1414/1331/1793 
f 1419/1335/1798 1416/1332/1795 1420/1334/1799 
f 1418/1333/1797 1421/1336/1800 1416/1332/1795 
f 1416/1332/1795 1421/1336/1800 1420/1334/1799 
f 1422/1322/1801 1423/1325/1802 1424/1323/1803 
f 1422/1322/1801 1424/1323/1803 1425/1324/1804 
f 1425/1324/1804 1426/1327/1805 1422/1322/1801 
f 1426/1327/1805 1425/1324/1804 1427/1326/1806 
f 1428/1328/1807 1422/1322/1801 1429/1329/1808 
f 1422/1322/1801 1428/1328/1807 1423/1325/1802 
f 1422/1322/1801 1430/1330/1809 1429/1329/1808 
f 1430/1330/1809 1422/1322/1801 1426/1327/1805 
f 1431/1329/1810 1432/1331/1811 1433/1328/1812 
f 1432/1331/1811 1431/1329/1810 1434/1332/1813 
f 1435/1330/1814 1434/1332/1813 1431/1329/1810 
f 1434/1332/1813 1435/1330/1814 1436/1333/1815 
f 1437/1334/1816 1432/1331/1811 1434/1332/1813 
f 1432/1331/1811 1437/1334/1816 1438/1335/1817 
f 1437/1334/1816 1436/1333/1815 1439/1336/1818 
f 1436/1333/1815 1437/1334/1816 1434/1332/1813 
f 1440/1338/1819 1441/1339/1820 1442/174/1821 
f 1441/1339/1820 1440/1338/1819 1443/1337/1822 
f 1444/1331/1823 1440/1338/1819 1445/1328/1824 
f 1440/1338/1819 1444/1331/1823 1443/1337/1822 
f 1443/1337/1822 1446/1341/1825 1441/1339/1820 
f 1446/1341/1825 1443/1337/1822 1447/1340/1826 
f 1448/1335/1827 1443/1337/1822 1444/1331/1823 
f 1443/1337/1822 1448/1335/1827 1447/1340/1826 
f 1449/1338/1828 1450/1339/1829 1451/174/1830 
f 1450/1339/1829 1449/1338/1828 1452/1337/1831 
f 1453/1328/1832 1452/1337/1831 1449/1338/1828 
f 1452/1337/1831 1453/1328/1832 1454/1331/1833 
f 1452/1337/1831 1455/1341/1834 1450/1339/1829 
f 1455/1341/1834 1452/1337/1831 1456/1340/1835 
f 1454/1331/1833 1456/1340/1835 1452/1337/1831 
f 1456/1340/1835 1454/1331/1833 1457/1335/1836 
f 1458/1324/1837 1459/1325/1838 1460/1323/1839 
f 1459/1325/1838 1458/1324/1837 1461/1322/1840 
f 1461/1322/1840 1462/1326/1841 1463/1327/1842 
f 1462/1326/1841 1461/1322/1840 1458/1324/1837 
f 1459/1325/1838 1464/1329/1843 1465/1328/1844 
f 1464/1329/1843 1459/1325/1838 1461/1322/1840 
f 1464/1329/1843 1463/1327/1842 1466/1330/1845 
f 1463/1327/1842 1464/1329/1843 1461/1322/1840 
f 1467/1342/1846 1468/1343/1847 1469/1344/1848 
f 1468/1343/1847 1467/1342/1846 1470/1345/1849 
f 1471/1323/1850 1472/1325/1851 1467/1342/1846 
f 1467/1342/1846 1472/1325/1851 1470/1345/1849 
f 1470/1345/1849 1473/1338/1852 1468/1343/1847 
f 1468/1343/1847 1473/1338/1852 1474/174/1853 
f 1472/1325/1851 1473/1338/1852 1470/1345/1849 
f 1473/1338/1852 1472/1325/1851 1475/1328/1854 
f 1476/1331/1614 1477/1329/1855 1478/1332/1856 
f 1477/1329/1855 1476/1331/1614 1479/1328/1595 
f 1478/1332/1856 1477/1329/1855 1480/1333/1857 
f 1477/1329/1855 1481/1330/1858 1480/1333/1857 
f 1482/1335/1859 1478/1332/1856 1483/1334/1860 
f 1478/1332/1856 1482/1335/1859 1476/1331/1614 
f 1483/1334/1860 1478/1332/1856 1484/1336/1861 
f 1478/1332/1856 1480/1333/1857 1484/1336/1861 
f 1485/1339/480 1486/1338/1862 1487/1337/1863 
f 1486/1338/1862 1485/1339/480 1488/174/1864 
f 1487/1337/1863 1489/1328/1865 1490/1331/1866 
f 1489/1328/1865 1487/1337/1863 1486/1338/1862 
f 1491/1341/1867 1487/1337/1863 1492/1340/1868 
f 1487/1337/1863 1491/1341/1867 1485/1339/480 
f 1492/1340/1868 1490/1331/1866 1493/1335/1869 
f 1490/1331/1866 1492/1340/1868 1487/1337/1863 
f 1494/1325/1870 1495/1324/1871 1496/1322/1872 
f 1495/1324/1871 1494/1325/1870 1497/1323/1873 
f 1498/1326/1874 1496/1322/1872 1495/1324/1871 
f 1496/1322/1872 1498/1326/1874 1499/1327/1875 
f 1494/1325/1870 1500/1329/1876 1501/1328/1877 
f 1500/1329/1876 1494/1325/1870 1496/1322/1872 
f 1500/1329/1876 1499/1327/1875 1502/1330/1878 
f 1499/1327/1875 1500/1329/1876 1496/1322/1872 
f 1503/1342/1879 1504/1345/1880 1505/1344/1881 
f 1505/1344/1881 1504/1345/1880 1506/1343/1882 
f 1507/1323/1883 1504/1345/1880 1503/1342/1879 
f 1504/1345/1880 1507/1323/1883 1508/1325/1884 
f 1504/1345/1880 1509/1338/1885 1506/1343/1882 
f 1506/1343/1882 1509/1338/1885 1510/174/1886 
f 1508/1325/1884 1511/1328/1887 1504/1345/1880 
f 1504/1345/1880 1511/1328/1887 1509/1338/1885 
f 1512/1331/1888 1513/1329/1889 1514/1332/1890 
f 1513/1329/1889 1512/1331/1888 1515/1328/1891 
f 1516/1330/1892 1517/1333/1893 1513/1329/1889 
f 1514/1332/1890 1513/1329/1889 1517/1333/1893 
f 1518/1335/1894 1514/1332/1890 1519/1334/1895 
f 1514/1332/1890 1518/1335/1894 1512/1331/1888 
f 1519/1334/1895 1514/1332/1890 1520/1336/1896 
f 1514/1332/1890 1517/1333/1893 1520/1336/1896 
f 1521/1322/1897 1522/1325/282 1523/1323/1898 
f 1523/1323/1898 1524/1324/1899 1521/1322/1897 
f 1525/1327/1900 1521/1322/1897 1524/1324/1899 
f 1524/1324/1899 1526/1326/1901 1525/1327/1900 
f 1527/1328/1902 1521/1322/1897 1528/1329/1903 
f 1521/1322/1897 1527/1328/1902 1522/1325/282 
f 1529/1330/1904 1528/1329/1903 1521/1322/1897 
f 1521/1322/1897 1525/1327/1900 1529/1330/1904 
f 1530/1331/1905 1531/1329/1906 1532/1332/1907 
f 1531/1329/1906 1530/1331/1905 1533/1328/1908 
f 1534/1330/1909 1532/1332/1907 1531/1329/1906 
f 1532/1332/1907 1534/1330/1909 1535/1333/1910 
f 1530/1331/1905 1536/1334/1911 1537/1335/1912 
f 1536/1334/1911 1530/1331/1905 1532/1332/1907 
f 1536/1334/1911 1535/1333/1910 1538/1336/1913 
f 1535/1333/1910 1536/1334/1911 1532/1332/1907 
f 1539/1338/1914 1540/1339/1915 1541/174/1916 
f 1540/1339/1915 1539/1338/1914 1542/1337/1917 
f 1543/1331/1918 1539/1338/1914 1544/1328/1919 
f 1539/1338/1914 1543/1331/1918 1542/1337/1917 
f 1542/1337/1917 1545/1341/1920 1540/1339/1915 
f 1545/1341/1920 1542/1337/1917 1546/1340/1921 
f 1547/1335/1922 1542/1337/1917 1543/1331/1918 
f 1542/1337/1917 1547/1335/1922 1546/1340/1921 
f 1548/1324/1923 1549/1325/1923 1550/1323/1923 
f 1549/1325/1923 1548/1324/1923 1551/1322/1923 
f 1552/1326/1923 1551/1322/1923 1548/1324/1923 
f 1551/1322/1923 1552/1326/1923 1553/1327/1923 
f 1551/1322/1923 1554/1328/1923 1549/1325/1923 
f 1554/1328/1923 1551/1322/1923 1555/1329/1923 
f 1553/1327/1923 1555/1329/1923 1551/1322/1923 
f 1555/1329/1923 1553/1327/1923 1556/1330/1923 
f 1557/1338/1924 1558/1339/1925 1559/174/1926 
f 1558/1339/1925 1557/1338/1924 1560/1337/1927 
f 1561/1328/1928 1560/1337/1927 1557/1338/1924 
f 1560/1337/1927 1561/1328/1928 1562/1331/1929 
f 1560/1337/1927 1563/1341/1930 1558/1339/1925 
f 1563/1341/1930 1560/1337/1927 1564/1340/1931 
f 1562/1331/1929 1564/1340/1931 1560/1337/1927 
f 1564/1340/1931 1562/1331/1929 1565/1335/1932 
f 1566/1329/1933 1567/1331/1934 1568/1328/1935 
f 1567/1331/1934 1566/1329/1933 1569/1332/1936 
f 1570/1330/1937 1569/1332/1936 1566/1329/1933 
f 1569/1332/1936 1570/1330/1937 1571/1333/1938 
f 1569/1332/1936 1572/1335/1939 1567/1331/1934 
f 1572/1335/1939 1569/1332/1936 1573/1334/1940 
f 1571/1333/1938 1573/1334/1940 1569/1332/1936 
f 1573/1334/1940 1571/1333/1938 1574/1336/1941 
f 1575/1329/1942 1576/1331/1943 1577/1328/1944 
f 1576/1331/1943 1575/1329/1942 1578/1332/1945 
f 1579/1330/1946 1578/1332/1945 1575/1329/1942 
f 1578/1332/1945 1579/1330/1946 1580/1333/1947 
f 1578/1332/1945 1581/1335/1948 1576/1331/1943 
f 1581/1335/1948 1578/1332/1945 1582/1334/1949 
f 1580/1333/1947 1582/1334/1949 1578/1332/1945 
f 1582/1334/1949 1580/1333/1947 1583/1336/1950 
f 1584/1322/1951 1585/1325/1952 1586/1323/1953 
f 1586/1323/1953 1587/1324/1954 1584/1322/1951 
f 1588/1327/1955 1584/1322/1951 1587/1324/1954 
f 1587/1324/1954 1589/1326/1956 1588/1327/1955 
f 1590/1328/1957 1584/1322/1951 1591/1329/1958 
f 1584/1322/1951 1590/1328/1957 1585/1325/1952 
f 1592/1330/1959 1591/1329/1958 1584/1322/1951 
f 1584/1322/1951 1588/1327/1955 1592/1330/1959 
f 1593/1331/1960 1594/1329/1961 1595/1332/1962 
f 1594/1329/1961 1593/1331/1960 1596/1328/1963 
f 1597/1330/1964 1598/1333/1965 1594/1329/1961 
f 1594/1329/1961 1598/1333/1965 1595/1332/1962 
f 1593/1331/1960 1599/1334/1966 1600/1335/1967 
f 1599/1334/1966 1593/1331/1960 1595/1332/1962 
f 1598/1333/1965 1599/1334/1966 1595/1332/1962 
f 1599/1334/1966 1598/1333/1965 1601/1336/1968 
f 1602/1337/1969 1603/174/1970 1604/1338/1971 
f 1603/174/1970 1602/1337/1969 1605/1339/1972 
f 1602/1337/1969 1606/1328/1973 1607/1331/1974 
f 1606/1328/1973 1602/1337/1969 1604/1338/1971 
f 1608/1340/1975 1605/1339/1972 1602/1337/1969 
f 1605/1339/1972 1608/1340/1975 1609/1341/1976 
f 1608/1340/1975 1607/1331/1974 1610/1335/1977 
f 1607/1331/1974 1608/1340/1975 1602/1337/1969 
f 1611/174/1978 1612/1337/1979 1613/1339/1980 
f 1612/1337/1979 1611/174/1978 1614/1338/1981 
f 1612/1337/1979 1615/1328/1982 1616/1331/1983 
f 1615/1328/1982 1612/1337/1979 1614/1338/1981 
f 1617/1340/1984 1613/1339/1980 1612/1337/1979 
f 1613/1339/1980 1617/1340/1984 1618/1341/1985 
f 1617/1340/1984 1616/1331/1983 1619/1335/1986 
f 1616/1331/1983 1617/1340/1984 1612/1337/1979 
f 1620/1324/1987 1621/1325/1988 1622/1323/1989 
f 1621/1325/1988 1620/1324/1987 1623/1322/1990 
f 1623/1322/1990 1624/1326/1991 1625/1327/1992 
f 1624/1326/1991 1623/1322/1990 1620/1324/1987 
f 1626/1329/1993 1621/1325/1988 1623/1322/1990 
f 1621/1325/1988 1626/1329/1993 1627/1328/1994 
f 1625/1327/1992 1626/1329/1993 1623/1322/1990 
f 1626/1329/1993 1625/1327/1992 1628/1330/1995 
f 1629/1343/1996 1630/1342/1997 1631/1345/1998 
f 1630/1342/1997 1629/1343/1996 1632/1344/1999 
f 1633/1325/2000 1630/1342/1997 1634/1323/2001 
f 1630/1342/1997 1633/1325/2000 1631/1345/1998 
f 1635/174/2002 1631/1345/1998 1636/1338/2003 
f 1631/1345/1998 1635/174/2002 1629/1343/1996 
f 1636/1338/2003 1633/1325/2000 1637/1328/2004 
f 1633/1325/2000 1636/1338/2003 1631/1345/1998 
f 1638/1332/822 1639/1328/2005 1640/1329/2006 
f 1639/1328/2005 1638/1332/822 1641/1331/2007 
f 1638/1332/822 1640/1329/2006 1642/1333/2008 
f 1640/1329/2006 1643/1330/2009 1642/1333/2008 
f 1644/1334/2010 1641/1331/2007 1638/1332/822 
f 1641/1331/2007 1644/1334/2010 1645/1335/2011 
f 1644/1334/2010 1638/1332/822 1646/1336/2012 
f 1638/1332/822 1642/1333/2008 1646/1336/2012 
f 1647/1324/2013 1648/1325/2013 1649/1323/2013 
f 1648/1325/2013 1647/1324/2013 1650/1322/2013 
f 1651/1326/2013 1650/1322/2013 1647/1324/2013 
f 1650/1322/2013 1651/1326/2013 1652/1327/2013 
f 1650/1322/2013 1653/1328/2013 1648/1325/2013 
f 1653/1328/2013 1650/1322/2013 1654/1329/2013 
f 1652/1327/2013 1654/1329/2013 1650/1322/2013 
f 1654/1329/2013 1652/1327/2013 1655/1330/2013 
f 1656/1338/2014 1657/1339/2015 1658/174/2016 
f 1657/1339/2015 1656/1338/2014 1659/1337/2017 
f 1660/1328/2018 1659/1337/2017 1656/1338/2014 
f 1659/1337/2017 1660/1328/2018 1661/1331/2019 
f 1659/1337/2017 1662/1341/2020 1657/1339/2015 
f 1662/1341/2020 1659/1337/2017 1663/1340/2021 
f 1661/1331/2019 1663/1340/2021 1659/1337/2017 
f 1663/1340/2021 1661/1331/2019 1664/1335/2022 
f 1665/1329/2023 1666/1331/1714 1667/1328/1715 
f 1666/1331/1714 1665/1329/2023 1668/1332/2024 
f 1669/1330/491 1668/1332/2024 1665/1329/2023 
f 1668/1332/2024 1669/1330/491 1670/1333/2025 
f 1668/1332/2024 1671/1335/1719 1666/1331/1714 
f 1671/1335/1719 1668/1332/2024 1672/1334/2026 
f 1670/1333/2025 1672/1334/2026 1668/1332/2024 
f 1672/1334/2026 1670/1333/2025 1673/1336/2027 
f 1674/1329/2028 1675/1331/2029 1676/1328/2030 
f 1675/1331/2029 1674/1329/2028 1677/1332/2031 
f 1678/1330/2032 1677/1332/2031 1674/1329/2028 
f 1677/1332/2031 1678/1330/2032 1679/1333/2033 
f 1677/1332/2031 1680/1335/2034 1675/1331/2029 
f 1680/1335/2034 1677/1332/2031 1681/1334/2035 
f 1679/1333/2033 1681/1334/2035 1677/1332/2031 
f 1681/1334/2035 1679/1333/2033 1682/1336/2036 
f 1683/1339/2037 1684/1338/2038 1685/1337/2039 
f 1684/1338/2038 1683/1339/2037 1686/174/2040 
f 1685/1337/2039 1687/1328/2041 1688/1331/2042 
f 1687/1328/2041 1685/1337/2039 1684/1338/2038 
f 1689/1341/2043 1685/1337/2039 1690/1340/2044 
f 1685/1337/2039 1689/1341/2043 1683/1339/2037 
f 1690/1340/2044 1688/1331/2042 1691/1335/2045 
f 1688/1331/2042 1690/1340/2044 1685/1337/2039 
f 1692/1322/2046 1693/1323/2047 1694/1324/2048 
f 1693/1323/2047 1692/1322/2046 1695/1325/2049 
f 1692/1322/2046 1696/1326/2050 1697/1327/2051 
f 1696/1326/2050 1692/1322/2046 1694/1324/2048 
f 1698/1329/2052 1695/1325/2049 1692/1322/2046 
f 1695/1325/2049 1698/1329/2052 1699/1328/2053 
f 1698/1329/2052 1697/1327/2051 1700/1330/2054 
f 1697/1327/2051 1698/1329/2052 1692/1322/2046 
f 1701/1342/2055 1702/1343/2056 1703/1344/2057 
f 1702/1343/2056 1701/1342/2055 1704/1345/2058 
f 1705/1323/2059 1706/1325/2060 1701/1342/2055 
f 1701/1342/2055 1706/1325/2060 1704/1345/2058 
f 1704/1345/2058 1707/1338/2060 1702/1343/2056 
f 1702/1343/2056 1707/1338/2060 1708/174/2061 
f 1706/1325/2060 1709/1328/2062 1704/1345/2058 
f 1704/1345/2058 1709/1328/2062 1707/1338/2060 
f 1710/1329/2063 1711/1331/2064 1712/1328/2065 
f 1711/1331/2064 1710/1329/2063 1713/1332/2066 
f 1714/1330/2067 1713/1332/2066 1710/1329/2063 
f 1713/1332/2066 1714/1330/2067 1715/1333/2068 
f 1713/1332/2066 1716/1335/2069 1711/1331/2064 
f 1716/1335/2069 1713/1332/2066 1717/1334/2070 
f 1715/1333/2068 1717/1334/2070 1713/1332/2066 
f 1717/1334/2070 1715/1333/2068 1718/1336/2071 
f 1719/1325/2072 1720/1324/2072 1721/1322/2072 
f 1720/1324/2072 1719/1325/2072 1722/1323/2072 
f 1721/1322/2072 1723/1326/2072 1724/1327/2072 
f 1723/1326/2072 1721/1322/2072 1720/1324/2072 
f 1725/1328/2072 1721/1322/2072 1726/1329/2072 
f 1721/1322/2072 1725/1328/2072 1719/1325/2072 
f 1726/1329/2072 1724/1327/2072 1727/1330/2072 
f 1724/1327/2072 1726/1329/2072 1721/1322/2072 
f 1728/1339/2073 1729/1338/2074 1730/1337/1494 
f 1729/1338/2074 1728/1339/2073 1731/174/2075 
f 1730/1337/1494 1732/1328/2076 1733/1331/2077 
f 1732/1328/2076 1730/1337/1494 1729/1338/2074 
f 1734/1341/2078 1730/1337/1494 1735/1340/2079 
f 1730/1337/1494 1734/1341/2078 1728/1339/2073 
f 1735/1340/2079 1733/1331/2077 1736/1335/2080 
f 1733/1331/2077 1735/1340/2079 1730/1337/1494 
f 1737/1329/2081 1738/1331/2082 1739/1328/2083 
f 1738/1331/2082 1737/1329/2081 1740/1332/2084 
f 1741/1330/2085 1740/1332/2084 1737/1329/2081 
f 1740/1332/2084 1741/1330/2085 1742/1333/2086 
f 1740/1332/2084 1743/1335/2087 1738/1331/2082 
f 1743/1335/2087 1740/1332/2084 1744/1334/2088 
f 1742/1333/2086 1744/1334/2088 1740/1332/2084 
f 1744/1334/2088 1742/1333/2086 1745/1336/2089 
f 1746/1332/2090 1747/1328/2091 1748/1329/2092 
f 1747/1328/2091 1746/1332/2090 1749/1331/2093 
f 1750/1333/2094 1748/1329/2092 1751/1330/2095 
f 1748/1329/2092 1750/1333/2094 1746/1332/2090 
f 1746/1332/2090 1752/1335/2096 1749/1331/2093 
f 1752/1335/2096 1746/1332/2090 1753/1334/2097 
f 1754/1336/2098 1746/1332/2090 1750/1333/2094 
f 1746/1332/2090 1754/1336/2098 1753/1334/2097 
f 1755/1342/2099 1756/1343/2100 1757/1344/2101 
f 1756/1343/2100 1755/1342/2099 1758/1345/2102 
f 1759/1323/2103 1758/1345/2102 1755/1342/2099 
f 1758/1345/2102 1759/1323/2103 1760/1325/2104 
f 1758/1345/2102 1761/174/2105 1756/1343/2100 
f 1761/174/2105 1758/1345/2102 1762/1338/2106 
f 1760/1325/2104 1762/1338/2106 1758/1345/2102 
f 1762/1338/2106 1760/1325/2104 1763/1328/1617 
f 1764/1342/2107 1765/1343/2108 1766/1344/2109 
f 1765/1343/2108 1764/1342/2107 1767/1345/2110 
f 1768/1323/2111 1767/1345/2110 1764/1342/2107 
f 1767/1345/2110 1768/1323/2111 1769/1325/2112 
f 1770/1338/2113 1765/1343/2108 1767/1345/2110 
f 1765/1343/2108 1770/1338/2113 1771/174/2114 
f 1769/1325/2112 1770/1338/2113 1767/1345/2110 
f 1770/1338/2113 1769/1325/2112 1772/1328/2115 
f 1773/1342/2116 1774/1343/2117 1775/1344/2118 
f 1774/1343/2117 1773/1342/2116 1776/1345/2119 
f 1777/1323/2120 1776/1345/2119 1773/1342/2116 
f 1776/1345/2119 1777/1323/2120 1778/1325/2121 
f 1779/1338/2122 1774/1343/2117 1776/1345/2119 
f 1774/1343/2117 1779/1338/2122 1780/174/2118 
f 1778/1325/2121 1779/1338/2122 1776/1345/2119 
f 1779/1338/2122 1778/1325/2121 1781/1328/2118 
f 1782/1323/2123 1783/1322/2124 1784/1325/2125 
f 1783/1322/2124 1782/1323/2123 1785/1324/2126 
f 1785/1324/2126 1786/1327/2127 1783/1322/2124 
f 1786/1327/2127 1785/1324/2126 1787/1326/2128 
f 1788/1328/2129 1783/1322/2124 1789/1329/2130 
f 1783/1322/2124 1788/1328/2129 1784/1325/2125 
f 1790/1330/2131 1783/1322/2124 1786/1327/2127 
f 1783/1322/2124 1790/1330/2131 1789/1329/2130 
f 1791/1329/2132 1792/1331/2133 1793/1328/2134 
f 1792/1331/2133 1791/1329/2132 1794/1332/2135 
f 1795/1330/2136 1796/1333/2137 1791/1329/2132 
f 1791/1329/2132 1796/1333/2137 1794/1332/2135 
f 1797/1334/2138 1792/1331/2133 1794/1332/2135 
f 1792/1331/2133 1797/1334/2138 1798/1335/2139 
f 1796/1333/2137 1797/1334/2138 1794/1332/2135 
f 1797/1334/2138 1796/1333/2137 1799/1336/2140 
f 1800/1337/2141 1801/174/2142 1802/1338/2143 
f 1801/174/2142 1800/1337/2141 1803/1339/2144 
f 1800/1337/2141 1804/1328/2145 1805/1331/2146 
f 1804/1328/2145 1800/1337/2141 1802/1338/2143 
f 1806/1340/2147 1803/1339/2144 1800/1337/2141 
f 1803/1339/2144 1806/1340/2147 1807/1341/2148 
f 1806/1340/2147 1805/1331/2146 1808/1335/2149 
f 1805/1331/2146 1806/1340/2147 1800/1337/2141 
f 1809/1338/1774 1810/1339/2150 1811/174/2151 
f 1810/1339/2150 1809/1338/1774 1812/1337/2152 
f 1813/1328/2153 1812/1337/2152 1809/1338/1774 
f 1812/1337/2152 1813/1328/2153 1814/1331/2154 
f 1812/1337/2152 1815/1341/2155 1810/1339/2150 
f 1815/1341/2155 1812/1337/2152 1816/1340/2156 
f 1814/1331/2154 1816/1340/2156 1812/1337/2152 
f 1816/1340/2156 1814/1331/2154 1817/1335/2157 
f 1818/1322/2158 1819/1323/2159 1820/1324/2160 
f 1819/1323/2159 1818/1322/2158 1821/1325/2161 
f 1822/1326/2162 1818/1322/2158 1820/1324/2160 
f 1818/1322/2158 1822/1326/2162 1823/1327/2163 
f 1824/1329/2164 1821/1325/2161 1818/1322/2158 
f 1821/1325/2161 1824/1329/2164 1825/1328/2165 
f 1823/1327/2163 1824/1329/2164 1818/1322/2158 
f 1824/1329/2164 1823/1327/2163 1826/1330/2166 
f 1827/1342/2167 1828/1343/2168 1829/1344/2169 
f 1828/1343/2168 1827/1342/2167 1830/1345/2170 
f 1831/1323/2171 1832/1325/2172 1827/1342/2167 
f 1827/1342/2167 1832/1325/2172 1830/1345/2170 
f 1830/1345/2170 1833/1338/2172 1828/1343/2168 
f 1828/1343/2168 1833/1338/2172 1834/174/2173 
f 1832/1325/2172 1835/1328/2174 1830/1345/2170 
f 1830/1345/2170 1835/1328/2174 1833/1338/2172 
f 1836/1331/2175 1837/1329/2176 1838/1332/2177 
f 1837/1329/2176 1836/1331/2175 1839/1328/2178 
f 1840/1330/2179 1838/1332/2177 1837/1329/2176 
f 1838/1332/2177 1840/1330/2179 1841/1333/2180 
f 1842/1335/2181 1838/1332/2177 1843/1334/2182 
f 1838/1332/2177 1842/1335/2181 1836/1331/2175 
f 1841/1333/2180 1843/1334/2182 1838/1332/2177 
f 1843/1334/2182 1841/1333/2180 1844/1336/2183 
f 1845/1342/2184 1846/1343/2185 1847/1344/2186 
f 1846/1343/2185 1845/1342/2184 1848/1345/2187 
f 1849/1323/2188 1848/1345/2187 1845/1342/2184 
f 1848/1345/2187 1849/1323/2188 1850/1325/2189 
f 1848/1345/2187 1851/174/2190 1846/1343/2185 
f 1851/174/2190 1848/1345/2187 1852/1338/2191 
f 1850/1325/2189 1852/1338/2191 1848/1345/2187 
f 1852/1338/2191 1850/1325/2189 1853/1328/2192 
f 1854/1342/2193 1855/1345/2194 1856/1344/2195 
f 1856/1344/2195 1855/1345/2194 1857/1343/2196 
f 1858/1323/2197 1855/1345/2194 1854/1342/2193 
f 1855/1345/2194 1858/1323/2197 1859/1325/2198 
f 1860/1338/2199 1861/174/2200 1857/1343/2196 
f 1860/1338/2199 1857/1343/2196 1855/1345/2194 
f 1859/1325/2198 1860/1338/2199 1855/1345/2194 
f 1860/1338/2199 1859/1325/2198 1862/1328/2201 
f 1863/1342/2202 1864/1343/2203 1865/1344/2204 
f 1864/1343/2203 1863/1342/2202 1866/1345/2205 
f 1867/1323/2206 1866/1345/2205 1863/1342/2202 
f 1866/1345/2205 1867/1323/2206 1868/1325/2207 
f 1869/1338/2208 1864/1343/2203 1866/1345/2205 
f 1864/1343/2203 1869/1338/2208 1870/174/2204 
f 1868/1325/2207 1869/1338/2208 1866/1345/2205 
f 1869/1338/2208 1868/1325/2207 1871/1328/2204 
f 1872/1322/2209 1873/1325/2210 1874/1323/1461 
f 1874/1323/1461 1875/1324/2211 1872/1322/2209 
f 1876/1327/2212 1872/1322/2209 1875/1324/2211 
f 1875/1324/2211 1877/1326/2213 1876/1327/2212 
f 1878/1328/2214 1872/1322/2209 1879/1329/2215 
f 1872/1322/2209 1878/1328/2214 1873/1325/2210 
f 1880/1330/2216 1879/1329/2215 1872/1322/2209 
f 1872/1322/2209 1876/1327/2212 1880/1330/2216 
f 1881/1331/2217 1882/1329/2218 1883/1332/2219 
f 1882/1329/2218 1881/1331/2217 1884/1328/2220 
f 1885/1330/2221 1883/1332/2219 1882/1329/2218 
f 1883/1332/2219 1885/1330/2221 1886/1333/2222 
f 1887/1334/2223 1888/1335/2224 1881/1331/2217 
f 1887/1334/2223 1881/1331/2217 1883/1332/2219 
f 1886/1333/2222 1887/1334/2223 1883/1332/2219 
f 1887/1334/2223 1886/1333/2222 1889/1336/2225 
f 1890/1338/2226 1891/1339/2227 1892/174/2228 
f 1891/1339/2227 1890/1338/2226 1893/1337/2229 
f 1894/1331/2230 1890/1338/2226 1895/1328/2231 
f 1890/1338/2226 1894/1331/2230 1893/1337/2229 
f 1896/1341/2232 1893/1337/2229 1897/1340/2233 
f 1893/1337/2229 1896/1341/2232 1891/1339/2227 
f 1897/1340/2233 1894/1331/2230 1898/1335/2234 
f 1894/1331/2230 1897/1340/2233 1893/1337/2229 
f 1899/1324/2235 1900/1325/2235 1901/1323/2235 
f 1900/1325/2235 1899/1324/2235 1902/1322/2235 
f 1903/1326/2235 1902/1322/2235 1899/1324/2235 
f 1902/1322/2235 1903/1326/2235 1904/1327/2235 
f 1902/1322/2235 1905/1328/2235 1900/1325/2235 
f 1905/1328/2235 1902/1322/2235 1906/1329/2235 
f 1904/1327/2235 1906/1329/2235 1902/1322/2235 
f 1906/1329/2235 1904/1327/2235 1907/1330/2235 
f 1908/1337/2236 1909/174/2237 1910/1338/2238 
f 1909/174/2237 1908/1337/2236 1911/1339/2239 
f 1912/1328/2240 1908/1337/2236 1910/1338/2238 
f 1908/1337/2236 1912/1328/2240 1913/1331/2241 
f 1914/1340/2242 1911/1339/2239 1908/1337/2236 
f 1911/1339/2239 1914/1340/2242 1915/1341/2243 
f 1913/1331/2241 1914/1340/2242 1908/1337/2236 
f 1914/1340/2242 1913/1331/2241 1916/1335/2244 
f 1917/1329/2245 1918/1331/2246 1919/1328/2247 
f 1918/1331/2246 1917/1329/2245 1920/1332/2248 
f 1921/1330/2249 1922/1333/2250 1917/1329/2245 
f 1917/1329/2245 1922/1333/2250 1920/1332/2248 
f 1920/1332/2248 1923/1335/2251 1918/1331/2246 
f 1923/1335/2251 1920/1332/2248 1924/1334/2252 
f 1920/1332/2248 1922/1333/2250 1925/1336/2253 
f 1920/1332/2248 1925/1336/2253 1924/1334/2252 
f 1926/1329/2254 1927/1331/2255 1928/1328/2256 
f 1927/1331/2255 1926/1329/2254 1929/1332/2257 
f 1930/1330/2258 1929/1332/2257 1926/1329/2254 
f 1929/1332/2257 1930/1330/2258 1931/1333/2259 
f 1929/1332/2257 1932/1335/2260 1927/1331/2255 
f 1932/1335/2260 1929/1332/2257 1933/1334/2261 
f 1931/1333/2259 1933/1334/2261 1929/1332/2257 
f 1933/1334/2261 1931/1333/2259 1934/1336/2262 
f 1935/1342/2263 1936/1343/2264 1937/1344/2265 
f 1936/1343/2264 1935/1342/2263 1938/1345/2266 
f 1939/1323/2267 1938/1345/2266 1935/1342/2263 
f 1938/1345/2266 1939/1323/2267 1940/1325/2268 
f 1938/1345/2266 1941/174/2190 1936/1343/2264 
f 1941/174/2190 1938/1345/2266 1942/1338/2269 
f 1940/1325/2268 1942/1338/2269 1938/1345/2266 
f 1942/1338/2269 1940/1325/2268 1943/1328/2270 
f 1944/1342/2271 1945/1343/2272 1946/1344/2273 
f 1945/1343/2272 1944/1342/2271 1947/1345/2274 
f 1948/1323/2275 1947/1345/2274 1944/1342/2271 
f 1947/1345/2274 1948/1323/2275 1949/1325/2276 
f 1950/1338/2277 1951/174/2278 1945/1343/2272 
f 1950/1338/2277 1945/1343/2272 1947/1345/2274 
f 1949/1325/2276 1950/1338/2277 1947/1345/2274 
f 1950/1338/2277 1949/1325/2276 1952/1328/2279 
f 1953/1342/2280 1954/1343/2281 1955/1344/2282 
f 1954/1343/2281 1953/1342/2280 1956/1345/2283 
f 1957/1323/2284 1956/1345/2283 1953/1342/2280 
f 1956/1345/2283 1957/1323/2284 1958/1325/2285 
f 1959/1338/2286 1954/1343/2281 1956/1345/2283 
f 1954/1343/2281 1959/1338/2286 1960/174/2282 
f 1958/1325/2285 1959/1338/2286 1956/1345/2283 
f 1959/1338/2286 1958/1325/2285 1961/1328/2282 
f 1962/1323/2287 1963/1324/2288 1964/1322/2289 
f 1962/1323/2287 1964/1322/2289 1965/1325/2290 
f 1964/1322/2289 1963/1324/2288 1966/1327/2291 
f 1963/1324/2288 1967/1326/2292 1966/1327/2291 
f 1964/1322/2289 1968/1328/2293 1965/1325/2290 
f 1968/1328/2293 1964/1322/2289 1969/1329/2294 
f 1969/1329/2294 1964/1322/2289 1970/1330/2295 
f 1964/1322/2289 1966/1327/2291 1970/1330/2295 
f 1971/1331/2296 1972/1329/2297 1973/1332/2298 
f 1972/1329/2297 1971/1331/2296 1974/1328/2299 
f 1975/1330/2300 1976/1333/2301 1972/1329/2297 
f 1972/1329/2297 1976/1333/2301 1973/1332/2298 
f 1977/1335/2302 1971/1331/2296 1978/1334/2303 
f 1971/1331/2296 1973/1332/2298 1978/1334/2303 
f 1976/1333/2301 1979/1336/2304 1973/1332/2298 
f 1973/1332/2298 1979/1336/2304 1978/1334/2303 
f 1980/1337/2305 1981/174/2306 1982/1338/2307 
f 1981/174/2306 1980/1337/2305 1983/1339/2308 
f 1984/1328/2309 1980/1337/2305 1982/1338/2307 
f 1980/1337/2305 1984/1328/2309 1985/1331/2310 
f 1986/1340/2311 1983/1339/2308 1980/1337/2305 
f 1983/1339/2308 1986/1340/2311 1987/1341/2312 
f 1986/1340/2311 1985/1331/2310 1988/1335/2313 
f 1985/1331/2310 1986/1340/2311 1980/1337/2305 
f 1989/1322/2314 1990/1323/2315 1991/1324/2316 
f 1990/1323/2315 1989/1322/2314 1992/1325/2317 
f 1993/1326/2318 1994/1327/2319 1991/1324/2316 
f 1991/1324/2316 1994/1327/2319 1989/1322/2314 
f 1989/1322/2314 1995/1328/2320 1992/1325/2317 
f 1995/1328/2320 1989/1322/2314 1996/1329/2321 
f 1994/1327/2319 1997/1330/2322 1989/1322/2314 
f 1989/1322/2314 1997/1330/2322 1996/1329/2321 
f 1998/1329/2323 1999/1331/2324 2000/1328/2325 
f 1999/1331/2324 1998/1329/2323 2001/1332/1464 
f 2002/1330/2326 2001/1332/1464 1998/1329/2323 
f 2001/1332/1464 2002/1330/2326 2003/1333/2327 
f 2001/1332/1464 2004/1334/2328 1999/1331/2324 
f 1999/1331/2324 2004/1334/2328 2005/1335/2329 
f 2003/1333/2327 2004/1334/2328 2001/1332/1464 
f 2004/1334/2328 2003/1333/2327 2006/1336/2330 
f 2007/1338/2331 2008/1339/2332 2009/174/2333 
f 2008/1339/2332 2007/1338/2331 2010/1337/2334 
f 2011/1331/2335 2007/1338/2331 2012/1328/2336 
f 2007/1338/2331 2011/1331/2335 2010/1337/2334 
f 2013/1340/2337 2008/1339/2332 2010/1337/2334 
f 2008/1339/2332 2013/1340/2337 2014/1341/2338 
f 2013/1340/2337 2011/1331/2335 2015/1335/2339 
f 2011/1331/2335 2013/1340/2337 2010/1337/2334 
f 2016/1339/2340 2017/1338/2341 2018/1337/2342 
f 2017/1338/2341 2016/1339/2340 2019/174/2343 
f 2018/1337/2342 2020/1328/2344 2021/1331/2345 
f 2020/1328/2344 2018/1337/2342 2017/1338/2341 
f 2022/1341/2346 2018/1337/2342 2023/1340/2347 
f 2018/1337/2342 2022/1341/2346 2016/1339/2340 
f 2023/1340/2347 2021/1331/2345 2024/1335/2348 
f 2021/1331/2345 2023/1340/2347 2018/1337/2342 
f 2025/1324/2349 2026/1325/2350 2027/1323/2351 
f 2026/1325/2350 2025/1324/2349 2028/1322/2352 
f 2029/1327/2353 2025/1324/2349 2030/1326/2354 
f 2025/1324/2349 2029/1327/2353 2028/1322/2352 
f 2031/1329/2355 2026/1325/2350 2028/1322/2352 
f 2026/1325/2350 2031/1329/2355 2032/1328/2356 
f 2033/1330/2357 2028/1322/2352 2029/1327/2353 
f 2028/1322/2352 2033/1330/2357 2031/1329/2355 
f 2034/1342/2358 2035/1343/2359 2036/1344/2360 
f 2035/1343/2359 2034/1342/2358 2037/1345/2361 
f 2038/1323/446 2039/1325/2362 2034/1342/2358 
f 2034/1342/2358 2039/1325/2362 2037/1345/2361 
f 2037/1345/2361 2040/1338/2363 2035/1343/2359 
f 2035/1343/2359 2040/1338/2363 2041/174/2364 
f 2039/1325/2362 2040/1338/2363 2037/1345/2361 
f 2040/1338/2363 2039/1325/2362 2042/1328/2365 
f 2043/1329/2366 2044/1331/2367 2045/1328/2368 
f 2044/1331/2367 2043/1329/2366 2046/1332/2369 
f 2047/1330/2370 2046/1332/2369 2043/1329/2366 
f 2046/1332/2369 2047/1330/2370 2048/1333/2371 
f 2046/1332/2369 2049/1335/2372 2044/1331/2367 
f 2049/1335/2372 2046/1332/2369 2050/1334/2373 
f 2048/1333/2371 2050/1334/2373 2046/1332/2369 
f 2050/1334/2373 2048/1333/2371 2051/1336/2374 
f 2052/1343/2375 2053/1342/2376 2054/1345/2377 
f 2053/1342/2376 2052/1343/2375 2055/1344/2378 
f 2054/1345/2377 2056/1323/2379 2057/1325/2380 
f 2056/1323/2379 2054/1345/2377 2053/1342/2376 
f 2058/174/2381 2054/1345/2377 2059/1338/2382 
f 2054/1345/2377 2058/174/2381 2052/1343/2375 
f 2059/1338/2382 2057/1325/2380 2060/1328/2383 
f 2057/1325/2380 2059/1338/2382 2054/1345/2377 
f 2061/1342/2384 2062/1345/2385 2063/1344/2386 
f 2063/1344/2386 2062/1345/2385 2064/1343/2387 
f 2065/1323/2388 2066/1325/2389 2061/1342/2384 
f 2061/1342/2384 2066/1325/2389 2062/1345/2385 
f 2067/1338/2390 2064/1343/2387 2062/1345/2385 
f 2064/1343/2387 2067/1338/2390 2068/174/2391 
f 2066/1325/2389 2069/1328/2392 2062/1345/2385 
f 2062/1345/2385 2069/1328/2392 2067/1338/2390 
f 2070/1345/2393 2071/1344/2394 2072/1342/2395 
f 2071/1344/2394 2070/1345/2393 2073/1343/2396 
f 2074/1325/2397 2072/1342/2395 2075/1323/2398 
f 2072/1342/2395 2074/1325/2397 2070/1345/2393 
f 2070/1345/2393 2076/174/2399 2073/1343/2396 
f 2076/174/2399 2070/1345/2393 2077/1338/2400 
f 2074/1325/2397 2077/1338/2400 2070/1345/2393 
f 2077/1338/2400 2074/1325/2397 2078/1328/2398 
f 2079/1342/2401 2080/1343/2402 2081/1344/2403 
f 2080/1343/2402 2079/1342/2401 2082/1345/2404 
f 2083/1323/2405 2082/1345/2404 2079/1342/2401 
f 2082/1345/2404 2083/1323/2405 2084/1325/1048 
f 2082/1345/2404 2085/174/2406 2080/1343/2402 
f 2085/174/2406 2082/1345/2404 2086/1338/2407 
f 2084/1325/1048 2086/1338/2407 2082/1345/2404 
f 2086/1338/2407 2084/1325/1048 2087/1328/2241 
f 2088/1342/2408 2089/1345/2409 2090/1344/2410 
f 2090/1344/2410 2089/1345/2409 2091/1343/2411 
f 2092/1323/2412 2089/1345/2409 2088/1342/2408 
f 2089/1345/2409 2092/1323/2412 2093/1325/2413 
f 2094/1338/2414 2091/1343/2411 2089/1345/2409 
f 2091/1343/2411 2094/1338/2414 2095/174/2415 
f 2093/1325/2413 2094/1338/2414 2089/1345/2409 
f 2094/1338/2414 2093/1325/2413 2096/1328/2416 
f 2097/1342/2417 2098/1343/2418 2099/1344/2419 
f 2098/1343/2418 2097/1342/2417 2100/1345/2420 
f 2101/1323/2421 2100/1345/2420 2097/1342/2417 
f 2100/1345/2420 2101/1323/2421 2102/1325/2422 
f 2103/1338/2423 2098/1343/2418 2100/1345/2420 
f 2098/1343/2418 2103/1338/2423 2104/174/2419 
f 2102/1325/2422 2103/1338/2423 2100/1345/2420 
f 2103/1338/2423 2102/1325/2422 2105/1328/2419 
f 2106/1339/2424 2107/1338/2425 2108/1337/2426 
f 2107/1338/2425 2106/1339/2424 2109/174/2427 
f 2108/1337/2426 2110/1328/2428 2111/1331/2429 
f 2110/1328/2428 2108/1337/2426 2107/1338/2425 
f 2108/1337/2426 2112/1341/2430 2106/1339/2424 
f 2112/1341/2430 2108/1337/2426 2113/1340/2431 
f 2111/1331/2429 2113/1340/2431 2108/1337/2426 
f 2113/1340/2431 2111/1331/2429 2114/1335/2432 
f 2115/1325/2433 2116/1324/2434 2117/1322/2435 
f 2116/1324/2434 2115/1325/2433 2118/1323/2436 
f 2117/1322/2435 2119/1326/2437 2120/1327/2438 
f 2119/1326/2437 2117/1322/2435 2116/1324/2434 
f 2121/1329/2439 2122/1328/2440 2115/1325/2433 
f 2121/1329/2439 2115/1325/2433 2117/1322/2435 
f 2123/1330/2441 2121/1329/2439 2117/1322/2435 
f 2123/1330/2441 2117/1322/2435 2120/1327/2438 
f 2124/1342/2442 2125/1343/2443 2126/1344/2444 
f 2125/1343/2443 2124/1342/2442 2127/1345/2445 
f 2124/1342/2442 2128/1323/2446 2129/1325/2447 
f 2124/1342/2442 2129/1325/2447 2127/1345/2445 
f 2125/1343/2443 2127/1345/2445 2130/1338/2447 
f 2125/1343/2443 2130/1338/2447 2131/174/2448 
f 2129/1325/2447 2132/1328/2449 2127/1345/2445 
f 2127/1345/2445 2132/1328/2449 2130/1338/2447 
f 2133/1331/2450 2134/1329/2451 2135/1332/2452 
f 2134/1329/2451 2133/1331/2450 2136/1328/2453 
f 2135/1332/2452 2137/1330/2454 2138/1333/2455 
f 2137/1330/2454 2135/1332/2452 2134/1329/2451 
f 2133/1331/2450 2139/1334/2456 2140/1335/2457 
f 2139/1334/2456 2133/1331/2450 2135/1332/2452 
f 2135/1332/2452 2141/1336/2458 2139/1334/2456 
f 2141/1336/2458 2135/1332/2452 2138/1333/2455 
f 2142/1343/2459 2143/1342/2460 2144/1345/2461 
f 2143/1342/2460 2142/1343/2459 2145/1344/2462 
f 2144/1345/2461 2146/1323/2463 2147/1325/2464 
f 2146/1323/2463 2144/1345/2461 2143/1342/2460 
f 2148/174/2465 2144/1345/2461 2149/1338/2466 
f 2144/1345/2461 2148/174/2465 2142/1343/2459 
f 2149/1338/2466 2147/1325/2464 2150/1328/2467 
f 2147/1325/2464 2149/1338/2466 2144/1345/2461 
f 2151/1342/2468 2152/1345/2469 2153/1344/2470 
f 2153/1344/2470 2152/1345/2469 2154/1343/2471 
f 2155/1323/2472 2156/1325/2473 2151/1342/2468 
f 2151/1342/2468 2156/1325/2473 2152/1345/2469 
f 2157/1338/2474 2154/1343/2471 2152/1345/2469 
f 2154/1343/2471 2157/1338/2474 2158/174/2475 
f 2156/1325/2473 2159/1328/2476 2152/1345/2469 
f 2152/1345/2469 2159/1328/2476 2157/1338/2474 
f 2160/1345/1707 2161/1344/2477 2162/1342/2478 
f 2161/1344/2477 2160/1345/1707 2163/1343/2479 
f 2164/1325/2480 2162/1342/2478 2165/1323/2481 
f 2162/1342/2478 2164/1325/2480 2160/1345/1707 
f 2160/1345/1707 2166/174/2482 2163/1343/2479 
f 2166/174/2482 2160/1345/1707 2167/1338/2483 
f 2164/1325/2480 2167/1338/2483 2160/1345/1707 
f 2167/1338/2483 2164/1325/2480 2168/1328/2481 
f 2169/1322/2484 2170/1325/2485 2171/1323/2486 
f 2171/1323/2486 2172/1324/2487 2169/1322/2484 
f 2173/1327/2488 2169/1322/2484 2172/1324/2487 
f 2172/1324/2487 2174/1326/2489 2173/1327/2488 
f 2175/1328/2490 2169/1322/2484 2176/1329/2491 
f 2169/1322/2484 2175/1328/2490 2170/1325/2485 
f 2177/1330/2492 2176/1329/2491 2169/1322/2484 
f 2169/1322/2484 2173/1327/2488 2177/1330/2492 
f 2178/1331/2493 2179/1329/2494 2180/1332/2495 
f 2179/1329/2494 2178/1331/2493 2181/1328/2496 
f 2182/1330/2497 2180/1332/2495 2179/1329/2494 
f 2180/1332/2495 2182/1330/2497 2183/1333/2498 
f 2178/1331/2493 2184/1334/2380 2185/1335/2499 
f 2184/1334/2380 2178/1331/2493 2180/1332/2495 
f 2183/1333/2498 2184/1334/2380 2180/1332/2495 
f 2184/1334/2380 2183/1333/2498 2186/1336/2500 
f 2187/1338/2259 2188/1339/2501 2189/174/2502 
f 2188/1339/2501 2187/1338/2259 2190/1337/2503 
f 2191/1331/2504 2187/1338/2259 2192/1328/2505 
f 2187/1338/2259 2191/1331/2504 2190/1337/2503 
f 2193/1340/2506 2188/1339/2501 2190/1337/2503 
f 2188/1339/2501 2193/1340/2506 2194/1341/2507 
f 2193/1340/2506 2191/1331/2504 2195/1335/2508 
f 2191/1331/2504 2193/1340/2506 2190/1337/2503 
f 2196/1322/2509 2197/1325/2510 2198/1323/2511 
f 2196/1322/2509 2198/1323/2511 2199/1324/2512 
f 2200/1327/2513 2196/1322/2509 2199/1324/2512 
f 2200/1327/2513 2199/1324/2512 2201/1326/2514 
f 2202/1328/2515 2196/1322/2509 2203/1329/2516 
f 2196/1322/2509 2202/1328/2515 2197/1325/2510 
f 2204/1330/2517 2203/1329/2516 2196/1322/2509 
f 2204/1330/2517 2196/1322/2509 2200/1327/2513 
f 2205/1329/2518 2206/1331/2519 2207/1328/1789 
f 2206/1331/2519 2205/1329/2518 2208/1332/2520 
f 2209/1330/2521 2210/1333/2522 2205/1329/2518 
f 2205/1329/2518 2210/1333/2522 2208/1332/2520 
f 2211/1334/2523 2206/1331/2519 2208/1332/2520 
f 2206/1331/2519 2211/1334/2523 2212/1335/2524 
f 2210/1333/2522 2211/1334/2523 2208/1332/2520 
f 2211/1334/2523 2210/1333/2522 2213/1336/2525 
f 2214/1337/2526 2215/174/2527 2216/1338/2528 
f 2215/174/2527 2214/1337/2526 2217/1339/2529 
f 2214/1337/2526 2218/1328/2530 2219/1331/2531 
f 2218/1328/2530 2214/1337/2526 2216/1338/2528 
f 2220/1340/2532 2217/1339/2529 2214/1337/2526 
f 2217/1339/2529 2220/1340/2532 2221/1341/2533 
f 2220/1340/2532 2219/1331/2531 2222/1335/2534 
f 2219/1331/2531 2220/1340/2532 2214/1337/2526 
f 2223/1339/2535 2224/1338/2536 2225/1337/2537 
f 2224/1338/2536 2223/1339/2535 2226/174/2538 
f 2225/1337/2537 2227/1328/2539 2228/1331/2540 
f 2227/1328/2539 2225/1337/2537 2224/1338/2536 
f 2229/1341/2541 2225/1337/2537 2230/1340/2542 
f 2225/1337/2537 2229/1341/2541 2223/1339/2535 
f 2230/1340/2542 2228/1331/2540 2231/1335/2543 
f 2228/1331/2540 2230/1340/2542 2225/1337/2537 
f 2232/1322/2544 2233/1323/2545 2234/1324/2546 
f 2233/1323/2545 2232/1322/2544 2235/1325/2547 
f 2236/1326/2548 2232/1322/2544 2234/1324/2546 
f 2232/1322/2544 2236/1326/2548 2237/1327/2549 
f 2235/1325/2547 2238/1329/2550 2239/1328/2551 
f 2238/1329/2550 2235/1325/2547 2232/1322/2544 
f 2237/1327/2549 2238/1329/2550 2232/1322/2544 
f 2238/1329/2550 2237/1327/2549 2240/1330/2552 
f 2241/1342/2553 2242/1345/2554 2243/1344/2555 
f 2243/1344/2555 2242/1345/2554 2244/1343/2556 
f 2245/1323/2557 2242/1345/2554 2241/1342/2553 
f 2242/1345/2554 2245/1323/2557 2246/1325/2558 
f 2242/1345/2554 2247/1338/2559 2244/1343/2556 
f 2244/1343/2556 2247/1338/2559 2248/174/2560 
f 2246/1325/2558 2249/1328/2561 2242/1345/2554 
f 2242/1345/2554 2249/1328/2561 2247/1338/2559 
f 2250/1331/2562 2251/1329/2563 2252/1332/2564 
f 2251/1329/2563 2250/1331/2562 2253/1328/2565 
f 2254/1330/2566 2252/1332/2564 2251/1329/2563 
f 2252/1332/2564 2254/1330/2566 2255/1333/2567 
f 2256/1335/2568 2252/1332/2564 2257/1334/2569 
f 2252/1332/2564 2256/1335/2568 2250/1331/2562 
f 2255/1333/2567 2257/1334/2569 2252/1332/2564 
f 2257/1334/2569 2255/1333/2567 2258/1336/2570 
f 2259/1323/2571 2260/1322/2572 2261/1325/2573 
f 2260/1322/2572 2259/1323/2571 2262/1324/2574 
f 2263/1327/2575 2262/1324/2574 2264/1326/2576 
f 2262/1324/2574 2263/1327/2575 2260/1322/2572 
f 2265/1328/2577 2260/1322/2572 2266/1329/2578 
f 2260/1322/2572 2265/1328/2577 2261/1325/2573 
f 2267/1330/2579 2260/1322/2572 2263/1327/2575 
f 2260/1322/2572 2267/1330/2579 2266/1329/2578 
f 2268/1329/2580 2269/1331/2581 2270/1328/2582 
f 2269/1331/2581 2268/1329/2580 2271/1332/2583 
f 2272/1330/2584 2271/1332/2583 2268/1329/2580 
f 2271/1332/2583 2272/1330/2584 2273/1333/2585 
f 2274/1334/2586 2269/1331/2581 2271/1332/2583 
f 2269/1331/2581 2274/1334/2586 2275/1335/2587 
f 2273/1333/2585 2274/1334/2586 2271/1332/2583 
f 2274/1334/2586 2273/1333/2585 2276/1336/2588 
f 2277/1338/2589 2278/1339/2590 2279/174/2591 
f 2278/1339/2590 2277/1338/2589 2280/1337/2592 
f 2281/1331/2593 2277/1338/2589 2282/1328/2594 
f 2277/1338/2589 2281/1331/2593 2280/1337/2592 
f 2283/1340/2595 2278/1339/2590 2280/1337/2592 
f 2278/1339/2590 2283/1340/2595 2284/1341/2596 
f 2283/1340/2595 2281/1331/2593 2285/1335/2597 
f 2281/1331/2593 2283/1340/2595 2280/1337/2592 
f 2286/1343/2598 2287/1342/2599 2288/1345/2600 
f 2287/1342/2599 2286/1343/2598 2289/1344/2601 
f 2288/1345/2600 2290/1323/2602 2291/1325/2603 
f 2290/1323/2602 2288/1345/2600 2287/1342/2599 
f 2292/174/2604 2288/1345/2600 2293/1338/2605 
f 2288/1345/2600 2292/174/2604 2286/1343/2598 
f 2293/1338/2605 2291/1325/2603 2294/1328/2606 
f 2291/1325/2603 2293/1338/2605 2288/1345/2600 
f 2295/1342/2607 2296/1343/2608 2297/1344/2609 
f 2296/1343/2608 2295/1342/2607 2298/1345/2610 
f 2299/1323/2611 2300/1325/2612 2295/1342/2607 
f 2295/1342/2607 2300/1325/2612 2298/1345/2610 
f 2301/1338/2613 2296/1343/2608 2298/1345/2610 
f 2296/1343/2608 2301/1338/2613 2302/174/2614 
f 2300/1325/2612 2303/1328/2615 2298/1345/2610 
f 2298/1345/2610 2303/1328/2615 2301/1338/2613 
f 2304/1345/2616 2305/1344/2617 2306/1342/2618 
f 2305/1344/2617 2304/1345/2616 2307/1343/2619 
f 2308/1325/2620 2306/1342/2618 2309/1323/2621 
f 2306/1342/2618 2308/1325/2620 2304/1345/2616 
f 2310/1338/2622 2307/1343/2619 2304/1345/2616 
f 2307/1343/2619 2310/1338/2622 2311/174/2621 
f 2308/1325/2620 2310/1338/2622 2304/1345/2616 
f 2310/1338/2622 2308/1325/2620 2312/1328/2621 
f 2313/1339/2623 2314/1338/2624 2315/1337/2625 
f 2314/1338/2624 2313/1339/2623 2316/174/2626 
f 2315/1337/2625 2317/1328/2627 2318/1331/2628 
f 2317/1328/2627 2315/1337/2625 2314/1338/2624 
f 2319/1341/2629 2315/1337/2625 2320/1340/2630 
f 2315/1337/2625 2319/1341/2629 2313/1339/2623 
f 2320/1340/2630 2318/1331/2628 2321/1335/2631 
f 2318/1331/2628 2320/1340/2630 2315/1337/2625 
f 2322/1324/2632 2323/1325/2633 2324/1323/2634 
f 2323/1325/2633 2322/1324/2632 2325/1322/2635 
f 2326/1327/2636 2322/1324/2632 2327/1326/2637 
f 2322/1324/2632 2326/1327/2636 2325/1322/2635 
f 2328/1329/2638 2323/1325/2633 2325/1322/2635 
f 2323/1325/2633 2328/1329/2638 2329/1328/2639 
f 2330/1330/2640 2325/1322/2635 2326/1327/2636 
f 2325/1322/2635 2330/1330/2640 2328/1329/2638 
f 2331/1342/466 2332/1343/2641 2333/1344/2642 
f 2332/1343/2641 2331/1342/466 2334/1345/2643 
f 2335/1323/2644 2336/1325/2645 2331/1342/466 
f 2331/1342/466 2336/1325/2645 2334/1345/2643 
f 2334/1345/2643 2337/1338/2646 2332/1343/2641 
f 2332/1343/2641 2337/1338/2646 2338/174/2647 
f 2336/1325/2645 2337/1338/2646 2334/1345/2643 
f 2337/1338/2646 2336/1325/2645 2339/1328/2648 
f 2340/1329/2649 2341/1331/2650 2342/1328/2651 
f 2341/1331/2650 2340/1329/2649 2343/1332/2652 
f 2344/1330/2653 2343/1332/2652 2340/1329/2649 
f 2343/1332/2652 2344/1330/2653 2345/1333/2654 
f 2343/1332/2652 2346/1335/2655 2341/1331/2650 
f 2346/1335/2655 2343/1332/2652 2347/1334/2656 
f 2345/1333/2654 2347/1334/2656 2343/1332/2652 
f 2347/1334/2656 2345/1333/2654 2348/1336/2657 
f 2349/1324/2658 2350/1325/2658 2351/1323/2658 
f 2350/1325/2658 2349/1324/2658 2352/1322/2658 
f 2353/1326/2658 2352/1322/2658 2349/1324/2658 
f 2352/1322/2658 2353/1326/2658 2354/1327/2658 
f 2352/1322/2658 2355/1328/2658 2350/1325/2658 
f 2355/1328/2658 2352/1322/2658 2356/1329/2658 
f 2354/1327/2658 2356/1329/2658 2352/1322/2658 
f 2356/1329/2658 2354/1327/2658 2357/1330/2658 
f 2358/1338/2659 2359/1339/2660 2360/174/2661 
f 2359/1339/2660 2358/1338/2659 2361/1337/2662 
f 2362/1328/2663 2361/1337/2662 2358/1338/2659 
f 2361/1337/2662 2362/1328/2663 2363/1331/2664 
f 2361/1337/2662 2364/1341/2665 2359/1339/2660 
f 2364/1341/2665 2361/1337/2662 2365/1340/2666 
f 2363/1331/2664 2365/1340/2666 2361/1337/2662 
f 2365/1340/2666 2363/1331/2664 2366/1335/2667 
f 2367/1331/2175 2368/1329/2668 2369/1332/2669 
f 2368/1329/2668 2367/1331/2175 2370/1328/2178 
f 2371/1330/2670 2369/1332/2669 2368/1329/2668 
f 2369/1332/2669 2371/1330/2670 2372/1333/2671 
f 2373/1335/2672 2369/1332/2669 2374/1334/2673 
f 2369/1332/2669 2373/1335/2672 2367/1331/2175 
f 2372/1333/2671 2374/1334/2673 2369/1332/2669 
f 2374/1334/2673 2372/1333/2671 2375/1336/2674 
f 2376/1329/2675 2377/1331/2676 2378/1328/2677 
f 2377/1331/2676 2376/1329/2675 2379/1332/2678 
f 2380/1330/2679 2381/1333/2680 2376/1329/2675 
f 2376/1329/2675 2381/1333/2680 2379/1332/2678 
f 2379/1332/2678 2382/1335/2681 2377/1331/2676 
f 2382/1335/2681 2379/1332/2678 2383/1334/2682 
f 2381/1333/2680 2384/1336/2683 2379/1332/2678 
f 2379/1332/2678 2384/1336/2683 2383/1334/2682 
f 2385/1342/2684 2386/1343/2685 2387/1344/2686 
f 2386/1343/2685 2385/1342/2684 2388/1345/2687 
f 2389/1323/2688 2388/1345/2687 2385/1342/2684 
f 2388/1345/2687 2389/1323/2688 2390/1325/2689 
f 2388/1345/2687 2391/174/2690 2386/1343/2685 
f 2391/174/2690 2388/1345/2687 2392/1338/2691 
f 2390/1325/2689 2392/1338/2691 2388/1345/2687 
f 2392/1338/2691 2390/1325/2689 2393/1328/2692 
f 2394/1342/2693 2395/1343/2694 2396/1344/2695 
f 2395/1343/2694 2394/1342/2693 2397/1345/2696 
f 2398/1323/2697 2399/1325/2698 2394/1342/2693 
f 2394/1342/2693 2399/1325/2698 2397/1345/2696 
f 2397/1345/2696 2400/174/2699 2395/1343/2694 
f 2400/174/2699 2397/1345/2696 2401/1338/2700 
f 2399/1325/2698 2401/1338/2700 2397/1345/2696 
f 2401/1338/2700 2399/1325/2698 2402/1328/2701 
f 2403/1342/2702 2404/1343/2703 2405/1344/2704 
f 2404/1343/2703 2403/1342/2702 2406/1345/2705 
f 2407/1323/2706 2406/1345/2705 2403/1342/2702 
f 2406/1345/2705 2407/1323/2706 2408/1325/2707 
f 2409/1338/2708 2404/1343/2703 2406/1345/2705 
f 2404/1343/2703 2409/1338/2708 2410/174/2704 
f 2408/1325/2707 2409/1338/2708 2406/1345/2705 
f 2409/1338/2708 2408/1325/2707 2411/1328/2704 
f 2412/1339/2709 2413/1338/2710 2414/1337/2711 
f 2413/1338/2710 2412/1339/2709 2415/174/2712 
f 2414/1337/2711 2416/1328/2713 2417/1331/2714 
f 2416/1328/2713 2414/1337/2711 2413/1338/2710 
f 2418/1341/2715 2414/1337/2711 2419/1340/2716 
f 2414/1337/2711 2418/1341/2715 2412/1339/2709 
f 2419/1340/2716 2417/1331/2714 2420/1335/2686 
f 2417/1331/2714 2419/1340/2716 2414/1337/2711 
f 2421/1324/2717 2422/1325/2718 2423/1323/2719 
f 2422/1325/2718 2421/1324/2717 2424/1322/2720 
f 2425/1326/2721 2424/1322/2720 2421/1324/2717 
f 2424/1322/2720 2425/1326/2721 2426/1327/2722 
f 2427/1329/2723 2422/1325/2718 2424/1322/2720 
f 2422/1325/2718 2427/1329/2723 2428/1328/2724 
f 2429/1330/2725 2424/1322/2720 2426/1327/2722 
f 2424/1322/2720 2429/1330/2725 2427/1329/2723 
f 2430/1342/2726 2431/1343/2727 2432/1344/2728 
f 2431/1343/2727 2430/1342/2726 2433/1345/2729 
f 2434/1323/2730 2435/1325/2731 2430/1342/2726 
f 2430/1342/2726 2435/1325/2731 2433/1345/2729 
f 2433/1345/2729 2436/1338/2732 2431/1343/2727 
f 2431/1343/2727 2436/1338/2732 2437/174/2733 
f 2435/1325/2731 2436/1338/2732 2433/1345/2729 
f 2436/1338/2732 2435/1325/2731 2438/1328/2734 
f 2439/1331/1674 2440/1329/2735 2441/1332/2736 
f 2440/1329/2735 2439/1331/1674 2442/1328/2737 
f 2443/1330/2738 2441/1332/2736 2440/1329/2735 
f 2441/1332/2736 2443/1330/2738 2444/1333/2739 
f 2445/1335/2740 2441/1332/2736 2446/1334/2741 
f 2441/1332/2736 2445/1335/2740 2439/1331/1674 
f 2446/1334/2741 2441/1332/2736 2447/1336/2742 
f 2441/1332/2736 2444/1333/2739 2447/1336/2742 
f 2448/1342/2743 2449/1343/2744 2450/1344/2745 
f 2449/1343/2744 2448/1342/2743 2451/1345/2746 
f 2452/1323/2747 2451/1345/2746 2448/1342/2743 
f 2451/1345/2746 2452/1323/2747 2453/1325/2748 
f 2451/1345/2746 2454/174/2749 2449/1343/2744 
f 2454/174/2749 2451/1345/2746 2455/1338/2750 
f 2453/1325/2748 2455/1338/2750 2451/1345/2746 
f 2455/1338/2750 2453/1325/2748 2456/1328/2751 
f 2457/1342/2752 2458/1343/2753 2459/1344/2754 
f 2458/1343/2753 2457/1342/2752 2460/1345/2755 
f 2461/1323/2756 2462/1325/2757 2457/1342/2752 
f 2457/1342/2752 2462/1325/2757 2460/1345/2755 
f 2463/1338/2758 2458/1343/2753 2460/1345/2755 
f 2458/1343/2753 2463/1338/2758 2464/174/2759 
f 2462/1325/2757 2465/1328/2760 2460/1345/2755 
f 2460/1345/2755 2465/1328/2760 2463/1338/2758 
f 2466/1345/2761 2467/1344/2762 2468/1342/2763 
f 2467/1344/2762 2466/1345/2761 2469/1343/2764 
f 2470/1325/2440 2468/1342/2763 2471/1323/2765 
f 2468/1342/2763 2470/1325/2440 2466/1345/2761 
f 2466/1345/2761 2472/174/2766 2469/1343/2764 
f 2472/174/2766 2466/1345/2761 2473/1338/2767 
f 2470/1325/2440 2473/1338/2767 2466/1345/2761 
f 2473/1338/2767 2470/1325/2440 2474/1328/2765 
f 2475/1325/2768 2476/1324/2768 2477/1322/2768 
f 2476/1324/2768 2475/1325/2768 2478/1323/2768 
f 2477/1322/2768 2479/1326/2768 2480/1327/2768 
f 2479/1326/2768 2477/1322/2768 2476/1324/2768 
f 2481/1328/2768 2477/1322/2768 2482/1329/2768 
f 2477/1322/2768 2481/1328/2768 2475/1325/2768 
f 2482/1329/2768 2480/1327/2768 2483/1330/2768 
f 2480/1327/2768 2482/1329/2768 2477/1322/2768 
f 2484/1339/2769 2485/1338/2770 2486/1337/2771 
f 2485/1338/2770 2484/1339/2769 2487/174/2772 
f 2486/1337/2771 2488/1328/2773 2489/1331/2774 
f 2488/1328/2773 2486/1337/2771 2485/1338/2770 
f 2490/1341/2775 2486/1337/2771 2491/1340/2214 
f 2486/1337/2771 2490/1341/2775 2484/1339/2769 
f 2491/1340/2214 2489/1331/2774 2492/1335/2776 
f 2489/1331/2774 2491/1340/2214 2486/1337/2771 
f 2493/1331/2777 2494/1329/1958 2495/1332/2778 
f 2494/1329/1958 2493/1331/2777 2496/1328/2779 
f 2497/1330/2780 2495/1332/2778 2494/1329/1958 
f 2495/1332/2778 2497/1330/2780 2498/1333/2781 
f 2499/1335/2782 2495/1332/2778 2500/1334/2783 
f 2495/1332/2778 2499/1335/2782 2493/1331/2777 
f 2498/1333/2781 2500/1334/2783 2495/1332/2778 
f 2500/1334/2783 2498/1333/2781 2501/1336/2784 
f 2502/1329/2785 2503/1331/2786 2504/1328/2787 
f 2503/1331/2786 2502/1329/2785 2505/1332/2788 
f 2506/1330/2789 2507/1333/2790 2502/1329/2785 
f 2502/1329/2785 2507/1333/2790 2505/1332/2788 
f 2505/1332/2788 2508/1335/2791 2503/1331/2786 
f 2508/1335/2791 2505/1332/2788 2509/1334/2792 
f 2507/1333/2790 2510/1336/2793 2505/1332/2788 
f 2505/1332/2788 2510/1336/2793 2509/1334/2792 
f 2511/1324/2794 2512/1325/2794 2513/1323/2794 
f 2512/1325/2794 2511/1324/2794 2514/1322/2794 
f 2515/1326/2794 2514/1322/2794 2511/1324/2794 
f 2514/1322/2794 2515/1326/2794 2516/1327/2794 
f 2514/1322/2794 2517/1328/2794 2512/1325/2794 
f 2517/1328/2794 2514/1322/2794 2518/1329/2794 
f 2516/1327/2794 2518/1329/2794 2514/1322/2794 
f 2518/1329/2794 2516/1327/2794 2519/1330/2794 
f 2520/1338/2795 2521/1339/2796 2522/174/2797 
f 2521/1339/2796 2520/1338/2795 2523/1337/2798 
f 2524/1328/2799 2523/1337/2798 2520/1338/2795 
f 2523/1337/2798 2524/1328/2799 2525/1331/2800 
f 2523/1337/2798 2526/1341/2801 2521/1339/2796 
f 2526/1341/2801 2523/1337/2798 2527/1340/2802 
f 2525/1331/2800 2527/1340/2802 2523/1337/2798 
f 2527/1340/2802 2525/1331/2800 2528/1335/2803 
f 2529/1331/2804 2530/1329/2805 2531/1332/2806 
f 2530/1329/2805 2529/1331/2804 2532/1328/2807 
f 2533/1330/2808 2534/1333/2809 2530/1329/2805 
f 2530/1329/2805 2534/1333/2809 2531/1332/2806 
f 2535/1335/2810 2531/1332/2806 2536/1334/2811 
f 2531/1332/2806 2535/1335/2810 2529/1331/2804 
f 2534/1333/2809 2536/1334/2811 2531/1332/2806 
f 2536/1334/2811 2534/1333/2809 2537/1336/2812 
f 2538/1329/2813 2539/1331/2814 2540/1328/2815 
f 2539/1331/2814 2538/1329/2813 2541/1332/2816 
f 2542/1330/2817 2543/1333/2818 2538/1329/2813 
f 2538/1329/2813 2543/1333/2818 2541/1332/2816 
f 2541/1332/2816 2544/1335/2819 2539/1331/2814 
f 2544/1335/2819 2541/1332/2816 2545/1334/2820 
f 2541/1332/2816 2543/1333/2818 2546/1336/2821 
f 2541/1332/2816 2546/1336/2821 2545/1334/2820 
f 2547/1339/2822 2548/1338/2823 2549/1337/2824 
f 2548/1338/2823 2547/1339/2822 2550/174/2825 
f 2549/1337/2824 2551/1328/2826 2552/1331/2827 
f 2551/1328/2826 2549/1337/2824 2548/1338/2823 
f 2553/1341/2828 2549/1337/2824 2554/1340/2829 
f 2549/1337/2824 2553/1341/2828 2547/1339/2822 
f 2554/1340/2829 2552/1331/2827 2555/1335/2830 
f 2552/1331/2827 2554/1340/2829 2549/1337/2824 
f 2556/1322/2831 2557/1323/2832 2558/1324/2833 
f 2557/1323/2832 2556/1322/2831 2559/1325/2834 
f 2560/1327/2835 2558/1324/2833 2561/1326/2836 
f 2558/1324/2833 2560/1327/2835 2556/1322/2831 
f 2562/1329/2837 2559/1325/2834 2556/1322/2831 
f 2559/1325/2834 2562/1329/2837 2563/1328/2838 
f 2560/1327/2835 2562/1329/2837 2556/1322/2831 
f 2562/1329/2837 2560/1327/2835 2564/1330/2839 
f 2565/1342/2840 2566/1343/2841 2567/1344/2842 
f 2566/1343/2841 2565/1342/2840 2568/1345/2843 
f 2569/1323/2844 2570/1325/2845 2565/1342/2840 
f 2565/1342/2840 2570/1325/2845 2568/1345/2843 
f 2568/1345/2843 2571/1338/2846 2566/1343/2841 
f 2566/1343/2841 2571/1338/2846 2572/174/2847 
f 2570/1325/2845 2571/1338/2846 2568/1345/2843 
f 2571/1338/2846 2570/1325/2845 2573/1328/2848 
f 2574/1331/2849 2575/1329/2850 2576/1332/2851 
f 2575/1329/2850 2574/1331/2849 2577/1328/2852 
f 2578/1330/2853 2576/1332/2851 2575/1329/2850 
f 2576/1332/2851 2578/1330/2853 2579/1333/2781 
f 2580/1335/2854 2576/1332/2851 2581/1334/2855 
f 2576/1332/2851 2580/1335/2854 2574/1331/2849 
f 2579/1333/2781 2581/1334/2855 2576/1332/2851 
f 2581/1334/2855 2579/1333/2781 2582/1336/2856 
f 2583/1338/2857 2584/1339/2858 2585/174/2859 
f 2584/1339/2858 2583/1338/2857 2586/1337/2860 
f 2587/1328/2861 2586/1337/2860 2583/1338/2857 
f 2586/1337/2860 2587/1328/2861 2588/1331/2772 
f 2586/1337/2860 2589/1341/2862 2584/1339/2858 
f 2589/1341/2862 2586/1337/2860 2590/1340/2863 
f 2588/1331/2772 2590/1340/2863 2586/1337/2860 
f 2590/1340/2863 2588/1331/2772 2591/1335/2864 
f 2592/1324/2865 2593/1325/2866 2594/1323/2867 
f 2593/1325/2866 2592/1324/2865 2595/1322/2868 
f 2595/1322/2868 2596/1326/2869 2597/1327/2870 
f 2596/1326/2869 2595/1322/2868 2592/1324/2865 
f 2593/1325/2866 2598/1329/2871 2599/1328/2872 
f 2598/1329/2871 2593/1325/2866 2595/1322/2868 
f 2597/1327/2870 2598/1329/2871 2595/1322/2868 
f 2598/1329/2871 2597/1327/2870 2600/1330/2873 
f 2601/1342/2874 2602/1343/2875 2603/1344/2876 
f 2602/1343/2875 2601/1342/2874 2604/1345/2877 
f 2605/1323/2878 2606/1325/2879 2601/1342/2874 
f 2601/1342/2874 2606/1325/2879 2604/1345/2877 
f 2604/1345/2877 2607/1338/2880 2602/1343/2875 
f 2602/1343/2875 2607/1338/2880 2608/174/2881 
f 2606/1325/2879 2607/1338/2880 2604/1345/2877 
f 2607/1338/2880 2606/1325/2879 2609/1328/2882 
f 2610/1331/2883 2611/1329/2884 2612/1332/2885 
f 2611/1329/2884 2610/1331/2883 2613/1328/2886 
f 2614/1330/2887 2612/1332/2885 2611/1329/2884 
f 2612/1332/2885 2614/1330/2887 2615/1333/2888 
f 2616/1335/2889 2612/1332/2885 2617/1334/2890 
f 2612/1332/2885 2616/1335/2889 2610/1331/2883 
f 2617/1334/2890 2612/1332/2885 2618/1336/2891 
f 2612/1332/2885 2615/1333/2888 2618/1336/2891 
f 2619/1322/2892 2620/1325/2893 2621/1323/2894 
f 2621/1323/2894 2622/1324/2895 2619/1322/2892 
f 2619/1322/2892 2623/1326/2896 2624/1327/2897 
f 2623/1326/2896 2619/1322/2892 2622/1324/2895 
f 2625/1328/2898 2620/1325/2893 2626/1329/2899 
f 2620/1325/2893 2619/1322/2892 2626/1329/2899 
f 2626/1329/2899 2619/1322/2892 2627/1330/2900 
f 2619/1322/2892 2624/1327/2897 2627/1330/2900 
f 2628/1331/2901 2629/1329/2902 2630/1332/2903 
f 2629/1329/2902 2628/1331/2901 2631/1328/2904 
f 2630/1332/2903 2629/1329/2902 2632/1333/2905 
f 2629/1329/2902 2633/1330/2906 2632/1333/2905 
f 2634/1335/2907 2630/1332/2903 2635/1334/2908 
f 2630/1332/2903 2634/1335/2907 2628/1331/2901 
f 2635/1334/2908 2630/1332/2903 2636/1336/2909 
f 2630/1332/2903 2632/1333/2905 2636/1336/2909 
f 2637/1339/2910 2638/1338/2911 2639/1337/2912 
f 2638/1338/2911 2637/1339/2910 2640/174/2913 
f 2639/1337/2912 2641/1328/2914 2642/1331/2915 
f 2641/1328/2914 2639/1337/2912 2638/1338/2911 
f 2639/1337/2912 2643/1341/2916 2637/1339/2910 
f 2643/1341/2916 2639/1337/2912 2644/1340/2917 
f 2644/1340/2917 2642/1331/2915 2645/1335/2918 
f 2642/1331/2915 2644/1340/2917 2639/1337/2912 
f 2646/1342/2919 2647/1343/2920 2648/1344/2921 
f 2647/1343/2920 2646/1342/2919 2649/1345/2922 
f 2650/1323/2923 2649/1345/2922 2646/1342/2919 
f 2649/1345/2922 2650/1323/2923 2651/1325/2924 
f 2649/1345/2922 2652/174/2925 2647/1343/2920 
f 2652/174/2925 2649/1345/2922 2653/1338/2926 
f 2651/1325/2924 2653/1338/2926 2649/1345/2922 
f 2653/1338/2926 2651/1325/2924 2654/1328/2927 
f 2655/1342/2928 2656/1345/2929 2657/1344/2930 
f 2657/1344/2930 2656/1345/2929 2658/1343/2931 
f 2659/1323/2932 2656/1345/2929 2655/1342/2928 
f 2656/1345/2929 2659/1323/2932 2660/1325/2933 
f 2656/1345/2929 2661/1338/2934 2658/1343/2931 
f 2658/1343/2931 2661/1338/2934 2662/174/2935 
f 2660/1325/2933 2661/1338/2934 2656/1345/2929 
f 2661/1338/2934 2660/1325/2933 2663/1328/2936 
f 2664/1342/2937 2665/1343/2938 2666/1344/2939 
f 2665/1343/2938 2664/1342/2937 2667/1345/2939 
f 2668/1325/2940 2664/1342/2937 2669/1323/2939 
f 2664/1342/2937 2668/1325/2940 2667/1345/2939 
f 2670/1338/2941 2665/1343/2938 2667/1345/2939 
f 2665/1343/2938 2670/1338/2941 2671/174/2939 
f 2668/1325/2940 2670/1338/2941 2667/1345/2939 
f 2670/1338/2941 2668/1325/2940 2672/1328/2939 
f 2673/1343/2942 2674/1342/2943 2675/1345/2944 
f 2674/1342/2943 2673/1343/2942 2676/1344/2945 
f 2675/1345/2944 2677/1323/2946 2678/1325/2367 
f 2677/1323/2946 2675/1345/2944 2674/1342/2943 
f 2679/174/2947 2675/1345/2944 2680/1338/2948 
f 2675/1345/2944 2679/174/2947 2673/1343/2942 
f 2680/1338/2948 2678/1325/2367 2681/1328/2949 
f 2678/1325/2367 2680/1338/2948 2675/1345/2944 
f 2682/1342/2950 2683/1343/2951 2684/1344/2952 
f 2683/1343/2951 2682/1342/2950 2685/1345/2953 
f 2686/1323/2954 2687/1325/2955 2682/1342/2950 
f 2682/1342/2950 2687/1325/2955 2685/1345/2953 
f 2685/1345/2953 2688/174/2956 2683/1343/2951 
f 2688/174/2956 2685/1345/2953 2689/1338/2957 
f 2687/1325/2955 2689/1338/2957 2685/1345/2953 
f 2689/1338/2957 2687/1325/2955 2690/1328/2958 
f 2691/1342/2959 2692/1343/2960 2693/1344/2961 
f 2692/1343/2960 2691/1342/2959 2694/1345/2962 
f 2695/1323/2963 2694/1345/2962 2691/1342/2959 
f 2694/1345/2962 2695/1323/2963 2696/1325/2964 
f 2697/1338/2965 2692/1343/2960 2694/1345/2962 
f 2692/1343/2960 2697/1338/2965 2698/174/2961 
f 2699/1328/2966 2694/1345/2962 2696/1325/2964 
f 2694/1345/2962 2699/1328/2966 2697/1338/2965 
f 2700/1338/2967 2701/1339/2968 2702/174/2969 
f 2701/1339/2968 2700/1338/2967 2703/1337/2970 
f 2704/1328/2971 2703/1337/2970 2700/1338/2967 
f 2703/1337/2970 2704/1328/2971 2705/1331/2972 
f 2703/1337/2970 2706/1341/2973 2701/1339/2968 
f 2706/1341/2973 2703/1337/2970 2707/1340/2974 
f 2705/1331/2972 2707/1340/2974 2703/1337/2970 
f 2707/1340/2974 2705/1331/2972 2708/1335/2975 
f 2709/1322/2976 2710/1323/2977 2711/1324/2978 
f 2710/1323/2977 2709/1322/2976 2712/1325/2979 
f 2713/1326/2980 2709/1322/2976 2711/1324/2978 
f 2709/1322/2976 2713/1326/2980 2714/1327/2981 
f 2715/1329/2982 2712/1325/2979 2709/1322/2976 
f 2712/1325/2979 2715/1329/2982 2716/1328/2983 
f 2714/1327/2981 2715/1329/2982 2709/1322/2976 
f 2715/1329/2982 2714/1327/2981 2717/1330/2984 
f 2718/1342/2985 2719/1343/2986 2720/1344/2987 
f 2719/1343/2986 2718/1342/2985 2721/1345/2988 
f 2722/1323/2989 2723/1325/2990 2718/1342/2985 
f 2718/1342/2985 2723/1325/2990 2721/1345/2988 
f 2721/1345/2988 2724/1338/2990 2719/1343/2986 
f 2719/1343/2986 2724/1338/2990 2725/174/2991 
f 2723/1325/2990 2726/1328/2992 2721/1345/2988 
f 2721/1345/2988 2726/1328/2992 2724/1338/2990 
f 2727/1329/2993 2728/1331/2994 2729/1328/2995 
f 2728/1331/2994 2727/1329/2993 2730/1332/2996 
f 2731/1330/2997 2730/1332/2996 2727/1329/2993 
f 2730/1332/2996 2731/1330/2997 2732/1333/2998 
f 2730/1332/2996 2733/1335/2999 2728/1331/2994 
f 2733/1335/2999 2730/1332/2996 2734/1334/3000 
f 2732/1333/2998 2734/1334/3000 2730/1332/2996 
f 2734/1334/3000 2732/1333/2998 2735/1336/3001 
f 2736/1345/1152 2737/1343/3002 2738/1344/3003 
f 2738/1344/3003 2739/1342/3004 2736/1345/1152 
f 2736/1345/1152 2740/1323/3005 2741/1325/3006 
f 2740/1323/3005 2736/1345/1152 2739/1342/3004 
f 2742/174/3007 2737/1343/3002 2743/1338/3008 
f 2737/1343/3002 2736/1345/1152 2743/1338/3008 
f 2743/1338/3008 2741/1325/3006 2744/1328/3007 
f 2741/1325/3006 2743/1338/3008 2736/1345/1152 
f 2745/1325/3009 2746/1324/3009 2747/1322/3009 
f 2746/1324/3009 2745/1325/3009 2748/1323/3009 
f 2747/1322/3009 2749/1326/3009 2750/1327/3009 
f 2749/1326/3009 2747/1322/3009 2746/1324/3009 
f 2751/1328/3009 2747/1322/3009 2752/1329/3009 
f 2747/1322/3009 2751/1328/3009 2745/1325/3009 
f 2752/1329/3009 2750/1327/3009 2753/1330/3009 
f 2750/1327/3009 2752/1329/3009 2747/1322/3009 
f 2754/1337/3010 2755/1339/3011 2756/174/3012 
f 2756/174/3012 2757/1338/3013 2754/1337/3010 
f 2754/1337/3010 2758/1328/3014 2759/1331/3015 
f 2758/1328/3014 2754/1337/3010 2757/1338/3013 
f 2760/1340/3016 2761/1341/3017 2755/1339/3011 
f 2755/1339/3011 2754/1337/3010 2760/1340/3016 
f 2760/1340/3016 2759/1331/3015 2762/1335/3018 
f 2759/1331/3015 2760/1340/3016 2754/1337/3010 
f 2763/1332/3019 2764/1328/3020 2765/1329/3021 
f 2764/1328/3020 2763/1332/3019 2766/1331/3022 
f 2763/1332/3019 2767/1330/3023 2768/1333/3024 
f 2767/1330/3023 2763/1332/3019 2765/1329/3021 
f 2769/1334/3025 2766/1331/3022 2763/1332/3019 
f 2766/1331/3022 2769/1334/3025 2770/1335/3026 
f 2769/1334/3025 2768/1333/3024 2771/1336/3027 
f 2768/1333/3024 2769/1334/3025 2763/1332/3019 
f 2772/1329/3028 2773/1331/3029 2774/1328/3030 
f 2773/1331/3029 2772/1329/3028 2775/1332/3031 
f 2775/1332/3031 2772/1329/3028 2776/1333/3032 
f 2772/1329/3028 2777/1330/3033 2776/1333/3032 
f 2775/1332/3031 2778/1335/3034 2773/1331/3029 
f 2778/1335/3034 2775/1332/3031 2779/1334/3035 
f 2780/1336/3036 2779/1334/3035 2775/1332/3031 
f 2775/1332/3031 2776/1333/3032 2780/1336/3036 
f 2781/1325/3037 2782/1323/3037 2783/1322/3037 
f 2782/1323/3037 2784/1324/3037 2783/1322/3037 
f 2783/1322/3037 2784/1324/3037 2785/1327/3037 
f 2784/1324/3037 2786/1326/3037 2785/1327/3037 
f 2787/1328/3037 2781/1325/3037 2788/1329/3037 
f 2781/1325/3037 2783/1322/3037 2788/1329/3037 
f 2788/1329/3037 2783/1322/3037 2789/1330/3037 
f 2783/1322/3037 2785/1327/3037 2789/1330/3037 
f 2790/174/3038 2791/1337/354 2792/1339/3039 
f 2791/1337/354 2790/174/3038 2793/1338/3040 
f 2791/1337/354 2794/1328/3041 2795/1331/3042 
f 2794/1328/3041 2791/1337/354 2793/1338/3040 
f 2792/1339/3039 2796/1340/3043 2797/1341/3044 
f 2796/1340/3043 2792/1339/3039 2791/1337/354 
f 2796/1340/3043 2795/1331/3042 2798/1335/3045 
f 2795/1331/3042 2796/1340/3043 2791/1337/354 
f 2799/1329/3046 2800/1331/3047 2801/1328/3048 
f 2800/1331/3047 2799/1329/3046 2802/1332/3049 
f 2803/1330/3050 2804/1333/3051 2799/1329/3046 
f 2799/1329/3046 2804/1333/3051 2802/1332/3049 
f 2802/1332/3049 2805/1335/3052 2800/1331/3047 
f 2805/1335/3052 2802/1332/3049 2806/1334/3053 
f 2802/1332/3049 2804/1333/3051 2807/1336/3054 
f 2802/1332/3049 2807/1336/3054 2806/1334/3053 
f 2808/1329/3055 2809/1331/3056 2810/1328/3057 
f 2809/1331/3056 2808/1329/3055 2811/1332/3058 
f 2812/1330/3059 2811/1332/3058 2808/1329/3055 
f 2811/1332/3058 2812/1330/3059 2813/1333/3060 
f 2811/1332/3058 2814/1335/3061 2809/1331/3056 
f 2814/1335/3061 2811/1332/3058 2815/1334/3062 
f 2813/1333/3060 2815/1334/3062 2811/1332/3058 
f 2815/1334/3062 2813/1333/3060 2816/1336/3063 
# 3628 faces

