# 3ds Max Wavefront OBJ Exporter v0.99 - (c)2007 guruware
# File Created: 06.07.2026 20:07:54

mtllib Tree2.mtl

#
# object Coconut
#

v  -4.51 25.50 2.57
v  -4.33 25.49 2.58
v  -4.33 25.30 2.24
v  -4.54 25.34 2.22
v  -4.33 25.14 1.87
v  -4.56 25.22 1.85
v  -4.57 25.13 1.46
v  -4.32 25.04 1.47
v  -4.09 25.23 1.84
v  -4.07 25.14 1.46
v  -4.13 25.52 2.58
v  -4.12 25.35 2.22
v  -4.49 25.67 2.95
v  -4.32 25.70 2.94
v  -4.15 25.69 2.96
v  -4.32 25.96 3.40
v  -4.17 25.90 3.43
v  -4.47 25.89 3.43
v  -4.46 26.16 4.01
v  -4.32 26.23 3.98
v  -4.17 26.16 4.00
v  -4.47 26.45 4.67
v  -4.32 26.52 4.64
v  -4.17 26.46 4.67
v  -4.46 26.72 5.40
v  -4.32 26.79 5.37
v  -4.17 26.72 5.40
v  -4.46 26.90 6.03
v  -4.32 26.96 6.02
v  -4.18 26.92 6.04
v  -4.32 27.10 6.47
v  -4.46 27.03 6.49
v  -4.18 27.05 6.49
v  -4.45 27.12 6.89
v  -4.31 27.18 6.87
v  -4.18 27.13 6.89
v  -4.45 27.24 7.40
v  -4.31 27.33 7.38
v  -4.18 27.25 7.40
v  -4.44 27.33 7.88
v  -4.31 27.39 7.87
v  -4.19 27.33 7.88
v  -4.43 27.40 8.26
v  -4.31 27.46 8.24
v  -4.20 27.40 8.26
v  -4.44 27.46 8.66
v  -4.32 27.52 8.64
v  -4.19 27.47 8.65
v  -4.32 27.58 9.17
v  -4.43 27.51 9.18
v  -4.20 27.52 9.17
v  -4.44 27.55 9.71
v  -4.32 27.63 9.71
v  -4.20 27.56 9.71
v  -4.32 27.64 10.26
v  -4.42 27.58 10.26
v  -4.21 27.59 10.26
v  -4.43 27.62 10.77
v  -4.32 27.68 10.77
v  -4.20 27.62 10.77
v  -4.42 27.60 11.24
v  -4.31 27.65 11.24
v  -4.22 27.60 11.23
v  -4.31 27.58 11.68
v  -4.41 27.53 11.68
v  -4.23 27.53 11.67
v  -4.32 27.49 12.19
v  -4.41 27.44 12.16
v  -4.23 27.45 12.18
v  -4.32 27.39 12.59
v  -4.40 27.36 12.56
v  -4.24 27.36 12.58
v  -4.38 27.29 12.88
v  -4.32 27.31 12.90
v  -4.25 27.29 12.88
v  -4.38 27.24 13.12
v  -4.32 27.26 13.14
v  -4.26 27.25 13.12
v  -4.37 27.21 13.26
v  -4.32 27.22 13.28
v  -4.27 27.22 13.26
v  -4.36 27.19 13.32
v  -4.32 27.19 13.33
v  -4.29 27.19 13.33
v  -4.56 25.12 1.09
v  -4.32 25.10 1.07
v  -4.07 25.12 1.10
v  -4.53 25.14 0.82
v  -4.30 25.18 0.66
v  -4.08 25.13 0.83
v  -4.69 25.01 1.93
v  -4.64 25.17 2.30
v  -4.59 25.35 2.65
v  -4.75 24.89 1.52
v  -4.73 24.87 1.11
v  -4.62 24.93 0.79
v  -4.54 25.54 3.05
v  -4.49 25.77 3.54
v  -4.48 26.03 4.12
v  -4.46 26.31 4.77
v  -4.43 26.58 5.45
v  -4.44 26.75 6.07
v  -4.46 26.87 6.54
v  -4.46 26.97 6.96
v  -4.45 27.08 7.45
v  -4.43 27.19 7.91
v  -4.42 27.27 8.28
v  -4.43 27.33 8.69
v  -4.43 27.38 9.19
v  -4.43 27.42 9.71
v  -4.42 27.46 10.26
v  -4.40 27.49 10.76
v  -4.38 27.49 11.22
v  -4.39 27.43 11.66
v  -4.39 27.35 12.12
v  -4.38 27.28 12.51
v  -4.37 27.22 12.83
v  -4.37 27.18 13.07
v  -4.37 27.17 13.22
v  -4.36 27.16 13.29
v  -4.32 27.15 13.30
v  -4.29 27.15 13.30
v  -4.43 25.00 0.63
v  -4.36 24.59 1.59
v  -4.35 24.80 1.99
v  -4.33 24.68 1.15
v  -4.31 24.71 0.80
v  -4.30 24.90 0.64
v  -4.35 25.01 2.36
v  -4.34 25.22 2.72
v  -4.34 25.44 3.13
v  -4.34 25.68 3.61
v  -4.33 25.94 4.16
v  -4.32 26.24 4.80
v  -4.31 26.53 5.49
v  -4.30 26.70 6.12
v  -4.30 26.80 6.58
v  -4.30 26.90 7.00
v  -4.30 27.01 7.49
v  -4.31 27.14 7.94
v  -4.31 27.22 8.31
v  -4.30 27.27 8.70
v  -4.30 27.31 9.20
v  -4.31 27.35 9.72
v  -4.31 27.41 10.27
v  -4.30 27.45 10.77
v  -4.30 27.47 11.22
v  -4.30 27.40 11.66
v  -4.29 27.32 12.12
v  -4.30 27.26 12.51
v  -4.30 27.21 12.82
v  -4.31 27.16 13.06
v  -4.31 27.15 13.21
v  -3.96 24.82 1.13
v  -3.96 24.83 1.53
v  -4.03 24.92 0.81
v  -4.17 24.99 0.64
v  -4.00 24.96 1.92
v  -4.04 25.13 2.31
v  -4.09 25.33 2.68
v  -4.12 25.52 3.08
v  -4.16 25.74 3.54
v  -4.17 26.00 4.10
v  -4.17 26.30 4.75
v  -4.19 26.59 5.46
v  -4.17 26.79 6.10
v  -4.16 26.90 6.55
v  -4.17 26.99 6.96
v  -4.17 27.10 7.46
v  -4.19 27.21 7.92
v  -4.20 27.29 8.29
v  -4.19 27.35 8.68
v  -4.19 27.40 9.20
v  -4.19 27.43 9.72
v  -4.20 27.48 10.28
v  -4.21 27.51 10.78
v  -4.23 27.51 11.23
v  -4.22 27.45 11.66
v  -4.22 27.37 12.16
v  -4.23 27.30 12.55
v  -4.24 27.24 12.85
v  -4.25 27.19 13.10
v  -4.27 27.17 13.22
v  -3.60 25.20 2.58
v  -4.24 25.28 2.55
v  -4.24 24.53 1.39
v  -3.60 24.45 1.41
v  -2.98 24.93 2.66
v  -2.98 24.18 1.49
v  -2.40 24.48 2.79
v  -2.40 23.72 1.63
v  -1.83 23.84 2.98
v  -1.83 23.09 1.81
v  -1.30 23.03 3.22
v  -1.30 22.28 2.05
v  -3.60 25.86 3.73
v  -4.24 25.95 3.70
v  -2.98 25.59 3.81
v  -2.40 25.14 3.94
v  -1.83 24.51 4.13
v  -1.30 23.70 4.37
v  -3.60 26.44 5.17
v  -4.24 26.52 5.14
v  -2.98 26.17 5.25
v  -2.40 25.72 5.38
v  -1.83 25.08 5.57
v  -1.30 24.27 5.81
v  -3.60 26.87 6.55
v  -4.24 26.96 6.53
v  -2.98 26.60 6.63
v  -2.40 26.15 6.76
v  -1.83 25.52 6.95
v  -1.30 24.71 7.19
v  -3.60 27.22 8.12
v  -4.24 27.31 8.09
v  -2.98 26.96 8.20
v  -2.40 26.50 8.33
v  -1.83 25.87 8.52
v  -1.30 25.06 8.76
v  -3.60 27.60 10.27
v  -4.24 27.68 10.25
v  -2.98 27.33 10.35
v  -2.40 26.87 10.49
v  -1.83 26.24 10.67
v  -1.30 25.43 10.91
v  -3.60 27.40 11.91
v  -4.24 27.49 11.88
v  -2.98 27.13 11.99
v  -2.40 26.68 12.12
v  -1.83 26.05 12.30
v  -1.30 25.24 12.54
v  -3.60 27.06 13.27
v  -4.24 27.15 13.24
v  -2.98 26.79 13.35
v  -2.40 26.34 13.48
v  -1.83 25.71 13.67
v  -1.30 24.89 13.91
v  -3.60 26.50 15.38
v  -4.24 26.59 15.36
v  -2.98 26.23 15.46
v  -2.40 25.78 15.59
v  -1.83 25.15 15.78
v  -1.30 24.34 16.02
v  -5.03 25.20 2.58
v  -5.03 24.45 1.41
v  -4.39 24.53 1.39
v  -4.39 25.28 2.55
v  -5.65 24.93 2.66
v  -5.65 24.18 1.49
v  -6.23 24.48 2.79
v  -6.23 23.72 1.63
v  -6.80 23.84 2.98
v  -6.80 23.09 1.81
v  -7.33 23.03 3.22
v  -7.33 22.28 2.05
v  -5.03 25.86 3.73
v  -4.39 25.95 3.70
v  -5.65 25.59 3.81
v  -6.23 25.14 3.94
v  -6.80 24.51 4.13
v  -7.33 23.70 4.37
v  -5.03 26.44 5.17
v  -4.39 26.52 5.14
v  -5.65 26.17 5.25
v  -6.23 25.72 5.38
v  -6.80 25.08 5.57
v  -7.33 24.27 5.81
v  -5.03 26.87 6.55
v  -4.39 26.96 6.53
v  -5.65 26.60 6.63
v  -6.23 26.15 6.76
v  -6.80 25.52 6.95
v  -7.33 24.71 7.19
v  -5.03 27.22 8.12
v  -4.39 27.31 8.09
v  -5.65 26.96 8.20
v  -6.23 26.50 8.33
v  -6.80 25.87 8.52
v  -7.33 25.06 8.76
v  -5.03 27.60 10.27
v  -4.39 27.68 10.25
v  -5.65 27.33 10.35
v  -6.23 26.87 10.49
v  -6.80 26.24 10.67
v  -7.33 25.43 10.91
v  -5.03 27.40 11.91
v  -4.39 27.49 11.88
v  -5.65 27.13 11.99
v  -6.23 26.68 12.12
v  -6.80 26.05 12.30
v  -7.33 25.24 12.54
v  -5.03 27.06 13.27
v  -4.39 27.15 13.24
v  -5.65 26.79 13.35
v  -6.23 26.34 13.48
v  -6.80 25.71 13.67
v  -7.33 24.89 13.91
v  -5.03 26.50 15.38
v  -4.39 26.59 15.36
v  -5.65 26.23 15.46
v  -6.23 25.78 15.59
v  -6.80 25.15 15.78
v  -7.33 24.34 16.02
v  -2.78 25.50 1.11
v  -2.79 25.49 0.93
v  -3.13 25.30 0.96
v  -3.13 25.34 1.17
v  -3.50 25.14 1.00
v  -3.50 25.22 1.23
v  -3.89 25.13 1.27
v  -3.90 25.04 1.03
v  -3.54 25.23 0.76
v  -3.93 25.14 0.77
v  -2.80 25.52 0.74
v  -3.16 25.35 0.75
v  -2.41 25.67 1.06
v  -2.43 25.70 0.90
v  -2.43 25.69 0.72
v  -1.97 25.96 0.85
v  -1.95 25.90 0.70
v  -1.93 25.89 1.00
v  -1.36 26.16 0.94
v  -1.40 26.23 0.80
v  -1.39 26.16 0.65
v  -0.69 26.45 0.89
v  -0.74 26.52 0.75
v  -0.73 26.46 0.59
v  0.03 26.72 0.82
v  -0.01 26.79 0.68
v  0.00 26.72 0.53
v  0.66 26.90 0.76
v  0.63 26.96 0.62
v  0.64 26.92 0.48
v  1.08 27.10 0.58
v  1.11 27.03 0.72
v  1.09 27.05 0.44
v  1.51 27.12 0.68
v  1.49 27.18 0.54
v  1.49 27.13 0.41
v  2.02 27.24 0.63
v  1.99 27.33 0.50
v  2.00 27.25 0.36
v  2.50 27.33 0.58
v  2.47 27.39 0.46
v  2.48 27.33 0.34
v  2.87 27.40 0.54
v  2.85 27.46 0.42
v  2.85 27.40 0.31
v  3.27 27.46 0.51
v  3.25 27.52 0.39
v  3.24 27.47 0.27
v  3.77 27.58 0.35
v  3.79 27.51 0.46
v  3.77 27.52 0.23
v  4.32 27.55 0.42
v  4.31 27.63 0.30
v  4.30 27.56 0.18
v  4.86 27.64 0.25
v  4.87 27.58 0.36
v  4.85 27.59 0.14
v  5.37 27.62 0.32
v  5.37 27.68 0.21
v  5.35 27.62 0.09
v  5.84 27.60 0.26
v  5.84 27.65 0.16
v  5.82 27.60 0.07
v  6.28 27.58 0.12
v  6.28 27.53 0.22
v  6.25 27.53 0.04
v  6.78 27.49 0.08
v  6.75 27.44 0.18
v  6.76 27.45 0.00
v  7.18 27.39 0.05
v  7.16 27.36 0.13
v  7.16 27.36 -0.02
v  7.47 27.29 0.09
v  7.48 27.31 0.02
v  7.47 27.29 -0.04
v  7.71 27.24 0.06
v  7.72 27.26 0.00
v  7.71 27.25 -0.06
v  7.86 27.21 0.04
v  7.87 27.22 -0.01
v  7.84 27.22 -0.06
v  7.91 27.19 0.03
v  7.92 27.19 -0.02
v  7.91 27.19 -0.05
v  -4.26 25.12 1.29
v  -4.30 25.10 1.05
v  -4.29 25.12 0.80
v  -4.53 25.14 1.29
v  -4.71 25.18 1.07
v  -4.56 25.13 0.84
v  -3.41 25.01 1.35
v  -3.05 25.17 1.27
v  -2.70 25.35 1.19
v  -3.81 24.89 1.44
v  -4.22 24.87 1.46
v  -4.55 24.93 1.38
v  -2.30 25.54 1.10
v  -1.82 25.77 1.01
v  -1.25 26.03 0.95
v  -0.60 26.31 0.87
v  0.08 26.58 0.78
v  0.70 26.75 0.74
v  1.16 26.87 0.71
v  1.58 26.97 0.68
v  2.07 27.08 0.63
v  2.53 27.19 0.57
v  2.90 27.27 0.53
v  3.30 27.33 0.50
v  3.80 27.38 0.46
v  4.32 27.42 0.41
v  4.87 27.46 0.35
v  5.36 27.49 0.29
v  5.82 27.49 0.23
v  6.26 27.43 0.20
v  6.72 27.35 0.16
v  7.11 27.28 0.12
v  7.42 27.22 0.08
v  7.66 27.18 0.06
v  7.82 27.17 0.04
v  7.88 27.16 0.03
v  7.89 27.15 -0.01
v  7.88 27.15 -0.04
v  -4.73 25.00 1.20
v  -3.78 24.59 1.05
v  -3.38 24.80 1.01
v  -4.22 24.68 1.06
v  -4.57 24.71 1.07
v  -4.73 24.90 1.07
v  -3.01 25.01 0.97
v  -2.65 25.22 0.93
v  -2.24 25.44 0.89
v  -1.77 25.68 0.85
v  -1.21 25.94 0.80
v  -0.58 26.24 0.73
v  0.11 26.53 0.66
v  0.73 26.70 0.60
v  1.19 26.80 0.56
v  1.61 26.90 0.52
v  2.09 27.01 0.48
v  2.55 27.14 0.44
v  2.91 27.22 0.41
v  3.30 27.27 0.37
v  3.80 27.31 0.33
v  4.32 27.35 0.29
v  4.87 27.41 0.24
v  5.36 27.45 0.19
v  5.81 27.47 0.15
v  6.25 27.40 0.11
v  6.71 27.32 0.06
v  7.10 27.26 0.03
v  7.41 27.21 0.01
v  7.65 27.16 -0.00
v  7.80 27.15 -0.01
v  -4.27 24.82 0.70
v  -3.87 24.83 0.65
v  -4.58 24.92 0.79
v  -4.74 24.99 0.95
v  -3.47 24.96 0.66
v  -3.09 25.13 0.67
v  -2.71 25.33 0.68
v  -2.31 25.52 0.68
v  -1.85 25.74 0.68
v  -1.29 26.00 0.64
v  -0.64 26.30 0.59
v  0.07 26.59 0.55
v  0.71 26.79 0.47
v  1.15 26.90 0.42
v  1.56 26.99 0.39
v  2.05 27.10 0.35
v  2.52 27.21 0.33
v  2.89 27.29 0.30
v  3.28 27.35 0.26
v  3.79 27.40 0.21
v  4.31 27.43 0.17
v  4.87 27.48 0.13
v  5.37 27.51 0.10
v  5.82 27.51 0.08
v  6.24 27.45 0.03
v  6.74 27.37 -0.01
v  7.13 27.30 -0.04
v  7.44 27.24 -0.05
v  7.68 27.19 -0.06
v  7.80 27.17 -0.06
v  -2.86 25.20 0.20
v  -2.83 25.28 0.84
v  -3.99 24.53 0.94
v  -4.02 24.45 0.30
v  -2.83 24.93 -0.42
v  -3.99 24.18 -0.31
v  -2.75 24.48 -1.01
v  -3.91 23.72 -0.91
v  -2.61 23.84 -1.59
v  -3.77 23.09 -1.49
v  -2.42 23.03 -2.14
v  -3.58 22.28 -2.04
v  -1.71 25.86 0.10
v  -1.68 25.95 0.74
v  -1.69 25.59 -0.52
v  -1.61 25.14 -1.11
v  -1.47 24.51 -1.69
v  -1.28 23.70 -2.24
v  -0.28 26.44 -0.02
v  -0.25 26.52 0.62
v  -0.25 26.17 -0.64
v  -0.17 25.72 -1.24
v  -0.03 25.08 -1.81
v  0.16 24.27 -2.37
v  1.10 26.87 -0.14
v  1.13 26.96 0.50
v  1.13 26.60 -0.76
v  1.21 26.15 -1.36
v  1.34 25.52 -1.93
v  1.54 24.71 -2.49
v  2.66 27.22 -0.28
v  2.69 27.31 0.36
v  2.69 26.96 -0.90
v  2.77 26.50 -1.50
v  2.90 25.87 -2.07
v  3.10 25.06 -2.63
v  4.81 27.60 -0.47
v  4.84 27.68 0.17
v  4.83 27.33 -1.09
v  4.92 26.87 -1.68
v  5.05 26.24 -2.26
v  5.24 25.43 -2.81
v  6.44 27.40 -0.61
v  6.47 27.49 0.03
v  6.46 27.13 -1.23
v  6.54 26.68 -1.83
v  6.68 26.05 -2.40
v  6.87 25.24 -2.96
v  7.79 27.06 -0.73
v  7.82 27.15 -0.09
v  7.82 26.79 -1.35
v  7.90 26.34 -1.94
v  8.04 25.71 -2.52
v  8.23 24.89 -3.07
v  9.90 26.50 -0.91
v  9.93 26.59 -0.27
v  9.92 26.23 -1.53
v  10.01 25.78 -2.13
v  10.14 25.15 -2.70
v  10.33 24.34 -3.26
v  -2.73 25.20 1.63
v  -3.89 24.45 1.74
v  -3.97 24.53 1.10
v  -2.81 25.28 1.00
v  -2.60 24.93 2.24
v  -3.76 24.18 2.34
v  -2.41 24.48 2.81
v  -3.58 23.72 2.91
v  -2.18 23.84 3.36
v  -3.34 23.09 3.46
v  -1.90 23.03 3.87
v  -3.06 22.28 3.97
v  -1.59 25.86 1.53
v  -1.67 25.95 0.90
v  -1.45 25.59 2.14
v  -1.27 25.14 2.71
v  -1.04 24.51 3.26
v  -0.75 23.70 3.77
v  -0.15 26.44 1.41
v  -0.23 26.52 0.77
v  -0.02 26.17 2.01
v  0.17 25.72 2.59
v  0.40 25.08 3.13
v  0.69 24.27 3.64
v  1.23 26.87 1.29
v  1.15 26.96 0.65
v  1.36 26.60 1.89
v  1.54 26.15 2.47
v  1.78 25.52 3.01
v  2.06 24.71 3.52
v  2.79 27.22 1.15
v  2.71 27.31 0.52
v  2.92 26.96 1.76
v  3.10 26.50 2.33
v  3.34 25.87 2.87
v  3.62 25.06 3.39
v  4.93 27.60 0.96
v  4.85 27.68 0.33
v  5.07 27.33 1.57
v  5.25 26.87 2.14
v  5.48 26.24 2.69
v  5.77 25.43 3.20
v  6.56 27.40 0.82
v  6.48 27.49 0.19
v  6.69 27.13 1.43
v  6.88 26.68 2.00
v  7.11 26.05 2.54
v  7.40 25.24 3.06
v  7.92 27.06 0.70
v  7.84 27.15 0.07
v  8.05 26.79 1.31
v  8.24 26.34 1.88
v  8.47 25.71 2.42
v  8.75 24.89 2.94
v  10.02 26.50 0.52
v  9.94 26.59 -0.12
v  10.16 26.23 1.12
v  10.34 25.78 1.70
v  10.57 25.15 2.24
v  10.86 24.34 2.75
v  -4.12 25.50 -0.47
v  -4.30 25.49 -0.48
v  -4.30 25.30 -0.14
v  -4.09 25.34 -0.12
v  -4.30 25.14 0.23
v  -4.07 25.22 0.25
v  -4.06 25.13 0.65
v  -4.31 25.04 0.64
v  -4.54 25.23 0.26
v  -4.56 25.14 0.64
v  -4.50 25.52 -0.48
v  -4.51 25.35 -0.12
v  -4.15 25.67 -0.85
v  -4.31 25.70 -0.84
v  -4.48 25.69 -0.86
v  -4.31 25.96 -1.30
v  -4.46 25.90 -1.33
v  -4.16 25.89 -1.33
v  -4.17 26.16 -1.91
v  -4.31 26.23 -1.88
v  -4.46 26.16 -1.90
v  -4.16 26.45 -2.57
v  -4.31 26.52 -2.54
v  -4.46 26.46 -2.56
v  -4.17 26.72 -3.29
v  -4.31 26.79 -3.27
v  -4.46 26.72 -3.29
v  -4.17 26.90 -3.93
v  -4.31 26.96 -3.92
v  -4.45 26.92 -3.94
v  -4.31 27.10 -4.37
v  -4.17 27.03 -4.38
v  -4.45 27.05 -4.38
v  -4.18 27.12 -4.79
v  -4.32 27.18 -4.77
v  -4.45 27.13 -4.79
v  -4.18 27.24 -5.30
v  -4.32 27.33 -5.28
v  -4.45 27.25 -5.30
v  -4.19 27.33 -5.78
v  -4.32 27.39 -5.76
v  -4.44 27.33 -5.78
v  -4.20 27.40 -6.15
v  -4.32 27.46 -6.14
v  -4.43 27.40 -6.15
v  -4.19 27.46 -6.55
v  -4.31 27.52 -6.54
v  -4.44 27.47 -6.55
v  -4.31 27.58 -7.06
v  -4.20 27.51 -7.07
v  -4.43 27.52 -7.07
v  -4.19 27.55 -7.60
v  -4.31 27.63 -7.61
v  -4.43 27.56 -7.61
v  -4.31 27.64 -8.16
v  -4.21 27.58 -8.15
v  -4.42 27.59 -8.16
v  -4.20 27.62 -8.66
v  -4.31 27.68 -8.67
v  -4.43 27.62 -8.66
v  -4.21 27.60 -9.13
v  -4.32 27.65 -9.14
v  -4.41 27.60 -9.13
v  -4.32 27.58 -9.58
v  -4.22 27.53 -9.57
v  -4.40 27.53 -9.56
v  -4.31 27.49 -10.08
v  -4.22 27.44 -10.05
v  -4.40 27.45 -10.07
v  -4.32 27.39 -10.48
v  -4.23 27.36 -10.46
v  -4.39 27.36 -10.48
v  -4.25 27.29 -10.77
v  -4.31 27.31 -10.79
v  -4.38 27.29 -10.78
v  -4.25 27.24 -11.02
v  -4.31 27.26 -11.03
v  -4.37 27.25 -11.02
v  -4.26 27.21 -11.16
v  -4.31 27.22 -11.17
v  -4.36 27.22 -11.15
v  -4.27 27.19 -11.21
v  -4.31 27.19 -11.23
v  -4.34 27.19 -11.22
v  -4.07 25.12 1.01
v  -4.31 25.10 1.03
v  -4.56 25.12 1.00
v  -4.10 25.14 1.28
v  -4.33 25.18 1.44
v  -4.55 25.13 1.28
v  -3.94 25.01 0.18
v  -3.99 25.17 -0.19
v  -4.04 25.35 -0.54
v  -3.88 24.89 0.58
v  -3.90 24.87 1.00
v  -4.01 24.93 1.31
v  -4.09 25.54 -0.95
v  -4.14 25.77 -1.44
v  -4.15 26.03 -2.01
v  -4.17 26.31 -2.66
v  -4.20 26.58 -3.35
v  -4.19 26.75 -3.97
v  -4.17 26.87 -4.43
v  -4.17 26.97 -4.85
v  -4.18 27.08 -5.35
v  -4.20 27.19 -5.81
v  -4.21 27.27 -6.18
v  -4.20 27.33 -6.58
v  -4.20 27.38 -7.09
v  -4.20 27.42 -7.60
v  -4.21 27.46 -8.16
v  -4.23 27.49 -8.66
v  -4.25 27.49 -9.12
v  -4.24 27.43 -9.56
v  -4.24 27.35 -10.02
v  -4.25 27.28 -10.41
v  -4.26 27.22 -10.73
v  -4.26 27.18 -10.97
v  -4.26 27.17 -11.12
v  -4.27 27.16 -11.19
v  -4.31 27.15 -11.20
v  -4.34 27.15 -11.19
v  -4.20 25.00 1.48
v  -4.27 24.59 0.52
v  -4.28 24.80 0.11
v  -4.30 24.68 0.95
v  -4.32 24.71 1.31
v  -4.33 24.90 1.46
v  -4.28 25.01 -0.26
v  -4.29 25.22 -0.62
v  -4.29 25.44 -1.03
v  -4.29 25.68 -1.51
v  -4.30 25.94 -2.06
v  -4.31 26.24 -2.69
v  -4.32 26.53 -3.39
v  -4.33 26.70 -4.01
v  -4.33 26.80 -4.47
v  -4.33 26.90 -4.89
v  -4.33 27.01 -5.38
v  -4.32 27.14 -5.84
v  -4.32 27.22 -6.20
v  -4.33 27.27 -6.60
v  -4.33 27.31 -7.10
v  -4.32 27.35 -7.62
v  -4.32 27.41 -8.17
v  -4.33 27.45 -8.66
v  -4.33 27.47 -9.12
v  -4.33 27.40 -9.56
v  -4.34 27.32 -10.02
v  -4.33 27.26 -10.41
v  -4.33 27.21 -10.72
v  -4.32 27.16 -10.96
v  -4.32 27.15 -11.11
v  -4.67 24.82 0.98
v  -4.67 24.83 0.58
v  -4.60 24.92 1.29
v  -4.46 24.99 1.46
v  -4.63 24.96 0.18
v  -4.59 25.13 -0.20
v  -4.54 25.33 -0.58
v  -4.51 25.52 -0.98
v  -4.47 25.74 -1.44
v  -4.46 26.00 -1.99
v  -4.46 26.30 -2.65
v  -4.44 26.59 -3.36
v  -4.46 26.79 -4.00
v  -4.47 26.90 -4.45
v  -4.46 26.99 -4.86
v  -4.46 27.10 -5.35
v  -4.44 27.21 -5.82
v  -4.43 27.29 -6.19
v  -4.44 27.35 -6.58
v  -4.44 27.40 -7.10
v  -4.44 27.43 -7.62
v  -4.43 27.48 -8.18
v  -4.42 27.51 -8.68
v  -4.40 27.51 -9.13
v  -4.41 27.45 -9.55
v  -4.41 27.37 -10.05
v  -4.40 27.30 -10.45
v  -4.39 27.24 -10.75
v  -4.38 27.19 -10.99
v  -4.36 27.17 -11.12
v  -5.03 25.20 -0.48
v  -4.39 25.28 -0.45
v  -4.39 24.53 0.71
v  -5.03 24.45 0.69
v  -5.65 24.93 -0.56
v  -5.65 24.18 0.61
v  -6.23 24.48 -0.69
v  -6.23 23.72 0.48
v  -6.80 23.84 -0.87
v  -6.80 23.09 0.29
v  -7.33 23.03 -1.11
v  -7.33 22.28 0.05
v  -5.03 25.86 -1.62
v  -4.39 25.95 -1.60
v  -5.65 25.59 -1.70
v  -6.23 25.14 -1.84
v  -6.80 24.51 -2.02
v  -7.33 23.70 -2.26
v  -5.03 26.44 -3.07
v  -4.39 26.52 -3.04
v  -5.65 26.17 -3.15
v  -6.23 25.72 -3.28
v  -6.80 25.08 -3.46
v  -7.33 24.27 -3.70
v  -5.03 26.87 -4.45
v  -4.39 26.96 -4.42
v  -5.65 26.60 -4.53
v  -6.23 26.15 -4.66
v  -6.80 25.52 -4.85
v  -7.33 24.71 -5.09
v  -5.03 27.22 -6.02
v  -4.39 27.31 -5.99
v  -5.65 26.96 -6.09
v  -6.23 26.50 -6.23
v  -6.80 25.87 -6.41
v  -7.33 25.06 -6.65
v  -5.03 27.60 -8.17
v  -4.39 27.68 -8.14
v  -5.65 27.33 -8.25
v  -6.23 26.87 -8.38
v  -6.80 26.24 -8.57
v  -7.33 25.43 -8.81
v  -5.03 27.40 -9.80
v  -4.39 27.49 -9.78
v  -5.65 27.13 -9.88
v  -6.23 26.68 -10.02
v  -6.80 26.05 -10.20
v  -7.33 25.24 -10.44
v  -5.03 27.06 -11.17
v  -4.39 27.15 -11.14
v  -5.65 26.79 -11.25
v  -6.23 26.34 -11.38
v  -6.80 25.71 -11.56
v  -7.33 24.89 -11.80
v  -5.03 26.50 -13.28
v  -4.39 26.59 -13.25
v  -5.65 26.23 -13.36
v  -6.23 25.78 -13.49
v  -6.80 25.15 -13.68
v  -7.33 24.34 -13.92
v  -3.60 25.20 -0.48
v  -3.60 24.45 0.69
v  -4.24 24.53 0.71
v  -4.24 25.28 -0.45
v  -2.98 24.93 -0.56
v  -2.98 24.18 0.61
v  -2.40 24.48 -0.69
v  -2.40 23.72 0.48
v  -1.83 23.84 -0.87
v  -1.83 23.09 0.29
v  -1.30 23.03 -1.11
v  -1.30 22.28 0.05
v  -3.60 25.86 -1.62
v  -4.24 25.95 -1.60
v  -2.98 25.59 -1.70
v  -2.40 25.14 -1.84
v  -1.83 24.51 -2.02
v  -1.30 23.70 -2.26
v  -3.60 26.44 -3.07
v  -4.24 26.52 -3.04
v  -2.98 26.17 -3.15
v  -2.40 25.72 -3.28
v  -1.83 25.08 -3.46
v  -1.30 24.27 -3.70
v  -3.60 26.87 -4.45
v  -4.24 26.96 -4.42
v  -2.98 26.60 -4.53
v  -2.40 26.15 -4.66
v  -1.83 25.52 -4.85
v  -1.30 24.71 -5.09
v  -3.60 27.22 -6.02
v  -4.24 27.31 -5.99
v  -2.98 26.96 -6.09
v  -2.40 26.50 -6.23
v  -1.83 25.87 -6.41
v  -1.30 25.06 -6.65
v  -3.60 27.60 -8.17
v  -4.24 27.68 -8.14
v  -2.98 27.33 -8.25
v  -2.40 26.87 -8.38
v  -1.83 26.24 -8.57
v  -1.30 25.43 -8.81
v  -3.60 27.40 -9.80
v  -4.24 27.49 -9.78
v  -2.98 27.13 -9.88
v  -2.40 26.68 -10.02
v  -1.83 26.05 -10.20
v  -1.30 25.24 -10.44
v  -3.60 27.06 -11.17
v  -4.24 27.15 -11.14
v  -2.98 26.79 -11.25
v  -2.40 26.34 -11.38
v  -1.83 25.71 -11.56
v  -1.30 24.89 -11.80
v  -3.60 26.50 -13.28
v  -4.24 26.59 -13.25
v  -2.98 26.23 -13.36
v  -2.40 25.78 -13.49
v  -1.83 25.15 -13.68
v  -1.30 24.34 -13.92
v  -5.78 25.50 0.60
v  -5.82 25.49 0.78
v  -5.48 25.30 0.83
v  -5.43 25.34 0.63
v  -5.12 25.14 0.89
v  -5.06 25.22 0.67
v  -4.67 25.13 0.73
v  -4.72 25.04 0.97
v  -5.13 25.23 1.13
v  -4.76 25.14 1.22
v  -5.85 25.52 0.96
v  -5.50 25.35 1.04
v  -6.16 25.67 0.55
v  -6.18 25.70 0.72
v  -6.22 25.69 0.88
v  -6.63 25.96 0.64
v  -6.69 25.90 0.78
v  -6.63 25.89 0.49
v  -7.20 26.16 0.39
v  -7.20 26.23 0.54
v  -7.25 26.16 0.68
v  -7.85 26.45 0.27
v  -7.85 26.52 0.42
v  -7.90 26.46 0.57
v  -8.57 26.72 0.15
v  -8.57 26.79 0.30
v  -8.62 26.72 0.44
v  -9.19 26.90 0.04
v  -9.21 26.96 0.19
v  -9.25 26.92 0.32
v  -9.65 27.10 0.11
v  -9.64 27.03 -0.03
v  -9.69 27.05 0.24
v  -10.04 27.12 -0.09
v  -10.05 27.18 0.04
v  -10.09 27.13 0.17
v  -10.55 27.24 -0.18
v  -10.55 27.33 -0.05
v  -10.60 27.25 0.08
v  -11.02 27.33 -0.25
v  -11.03 27.39 -0.13
v  -11.06 27.33 -0.01
v  -11.39 27.40 -0.32
v  -11.40 27.46 -0.20
v  -11.43 27.40 -0.08
v  -11.78 27.46 -0.39
v  -11.79 27.52 -0.27
v  -11.82 27.47 -0.15
v  -12.31 27.58 -0.36
v  -12.30 27.51 -0.48
v  -12.33 27.52 -0.25
v  -12.82 27.55 -0.57
v  -12.84 27.63 -0.45
v  -12.86 27.56 -0.34
v  -13.39 27.64 -0.55
v  -13.36 27.58 -0.65
v  -13.40 27.59 -0.44
v  -13.86 27.62 -0.75
v  -13.89 27.68 -0.64
v  -13.90 27.62 -0.53
v  -14.33 27.60 -0.82
v  -14.35 27.65 -0.72
v  -14.36 27.60 -0.62
v  -14.79 27.58 -0.79
v  -14.76 27.53 -0.88
v  -14.78 27.53 -0.71
v  -15.28 27.49 -0.88
v  -15.23 27.44 -0.97
v  -15.29 27.45 -0.80
v  -15.67 27.39 -0.95
v  -15.63 27.36 -1.03
v  -15.68 27.36 -0.88
v  -15.95 27.29 -1.07
v  -15.98 27.31 -1.01
v  -15.98 27.29 -0.94
v  -16.19 27.24 -1.10
v  -16.21 27.26 -1.05
v  -16.21 27.25 -0.99
v  -16.33 27.21 -1.12
v  -16.36 27.22 -1.07
v  -16.34 27.22 -1.02
v  -16.39 27.19 -1.12
v  -16.41 27.19 -1.08
v  -16.41 27.19 -1.05
v  -4.31 25.12 0.81
v  -4.33 25.10 1.05
v  -4.41 25.12 1.29
v  -4.05 25.14 0.88
v  -3.93 25.18 1.14
v  -4.13 25.13 1.32
v  -5.11 25.01 0.53
v  -5.48 25.17 0.51
v  -5.84 25.35 0.50
v  -4.70 24.89 0.55
v  -4.30 24.87 0.63
v  -4.01 24.93 0.80
v  -6.25 25.54 0.49
v  -6.74 25.77 0.45
v  -7.31 26.03 0.36
v  -7.95 26.31 0.27
v  -8.63 26.58 0.17
v  -9.24 26.75 0.05
v  -9.69 26.87 -0.04
v  -10.10 26.97 -0.11
v  -10.59 27.08 -0.20
v  -11.05 27.19 -0.25
v  -11.42 27.27 -0.31
v  -11.81 27.33 -0.39
v  -12.31 27.38 -0.47
v  -12.82 27.42 -0.57
v  -13.37 27.46 -0.65
v  -13.86 27.49 -0.72
v  -14.32 27.49 -0.78
v  -14.75 27.43 -0.86
v  -15.20 27.35 -0.94
v  -15.59 27.28 -1.00
v  -15.90 27.22 -1.05
v  -16.14 27.18 -1.09
v  -16.29 27.17 -1.11
v  -16.36 27.16 -1.12
v  -16.38 27.15 -1.08
v  -16.38 27.15 -1.05
v  -3.88 25.00 1.01
v  -4.83 24.59 0.92
v  -5.23 24.80 0.85
v  -4.41 24.68 1.02
v  -4.06 24.71 1.10
v  -3.91 24.90 1.14
v  -5.60 25.01 0.79
v  -5.95 25.22 0.73
v  -6.36 25.44 0.67
v  -6.83 25.68 0.58
v  -7.38 25.94 0.50
v  -8.00 26.24 0.40
v  -8.69 26.53 0.28
v  -9.30 26.70 0.18
v  -9.76 26.80 0.11
v  -10.17 26.90 0.03
v  -10.65 27.01 -0.05
v  -11.10 27.14 -0.14
v  -11.46 27.22 -0.20
v  -11.85 27.27 -0.27
v  -12.34 27.31 -0.35
v  -12.85 27.35 -0.45
v  -13.39 27.41 -0.54
v  -13.88 27.45 -0.62
v  -14.33 27.47 -0.70
v  -14.76 27.40 -0.77
v  -15.22 27.32 -0.85
v  -15.60 27.26 -0.92
v  -15.91 27.21 -0.98
v  -16.14 27.16 -1.03
v  -16.29 27.15 -1.06
v  -4.45 24.82 1.38
v  -4.84 24.83 1.32
v  -4.13 24.92 1.37
v  -3.93 24.99 1.26
v  -5.23 24.96 1.21
v  -5.60 25.13 1.10
v  -5.96 25.33 0.99
v  -6.35 25.52 0.89
v  -6.80 25.74 0.77
v  -7.34 26.00 0.67
v  -7.98 26.30 0.55
v  -8.68 26.59 0.40
v  -9.32 26.79 0.31
v  -9.76 26.90 0.25
v  -10.16 26.99 0.17
v  -10.65 27.10 0.09
v  -11.10 27.21 -0.02
v  -11.46 27.29 -0.09
v  -11.85 27.35 -0.15
v  -12.36 27.40 -0.24
v  -12.88 27.43 -0.33
v  -13.42 27.48 -0.44
v  -13.91 27.51 -0.53
v  -14.35 27.51 -0.63
v  -14.78 27.45 -0.69
v  -15.27 27.37 -0.78
v  -15.65 27.30 -0.86
v  -15.95 27.24 -0.92
v  -16.19 27.19 -0.98
v  -16.31 27.17 -1.02
v  -5.94 25.20 1.49
v  -5.81 25.28 0.87
v  -4.66 24.53 1.07
v  -4.80 24.45 1.70
v  -6.13 24.93 2.08
v  -4.98 24.18 2.29
v  -6.36 24.48 2.64
v  -5.21 23.72 2.84
v  -6.64 23.84 3.16
v  -5.50 23.09 3.36
v  -6.97 23.03 3.65
v  -5.82 22.28 3.85
v  -7.08 25.86 1.29
v  -6.94 25.95 0.67
v  -7.26 25.59 1.89
v  -7.49 25.14 2.44
v  -7.77 24.51 2.96
v  -8.10 23.70 3.45
v  -8.50 26.44 1.04
v  -8.36 26.52 0.42
v  -8.68 26.17 1.63
v  -8.91 25.72 2.19
v  -9.19 25.08 2.71
v  -9.52 24.27 3.20
v  -9.86 26.87 0.80
v  -9.72 26.96 0.18
v  -10.04 26.60 1.39
v  -10.27 26.15 1.95
v  -10.55 25.52 2.47
v  -10.88 24.71 2.96
v  -11.40 27.22 0.53
v  -11.26 27.31 -0.09
v  -11.58 26.96 1.12
v  -11.82 26.50 1.68
v  -12.10 25.87 2.20
v  -12.43 25.06 2.69
v  -13.52 27.60 0.16
v  -13.39 27.68 -0.47
v  -13.71 27.33 0.75
v  -13.94 26.87 1.30
v  -14.22 26.24 1.83
v  -14.55 25.43 2.31
v  -15.13 27.40 -0.13
v  -14.99 27.49 -0.75
v  -15.31 27.13 0.47
v  -15.55 26.68 1.02
v  -15.83 26.05 1.54
v  -16.16 25.24 2.03
v  -16.47 27.06 -0.36
v  -16.34 27.15 -0.99
v  -16.66 26.79 0.23
v  -16.89 26.34 0.78
v  -17.17 25.71 1.30
v  -17.50 24.89 1.79
v  -18.55 26.50 -0.73
v  -18.42 26.59 -1.35
v  -18.74 26.23 -0.14
v  -18.97 25.78 0.42
v  -19.25 25.15 0.94
v  -19.58 24.34 1.42
v  -5.69 25.20 0.08
v  -4.55 24.45 0.28
v  -4.63 24.53 0.91
v  -5.78 25.28 0.71
v  -5.67 24.93 -0.54
v  -4.52 24.18 -0.34
v  -5.70 24.48 -1.14
v  -4.55 23.72 -0.94
v  -5.78 23.84 -1.73
v  -4.63 23.09 -1.52
v  -5.92 23.03 -2.30
v  -4.78 22.28 -2.09
v  -6.83 25.86 -0.12
v  -6.91 25.95 0.51
v  -6.80 25.59 -0.74
v  -6.83 25.14 -1.34
v  -6.91 24.51 -1.93
v  -7.05 23.70 -2.50
v  -8.25 26.44 -0.37
v  -8.33 26.52 0.26
v  -8.22 26.17 -0.99
v  -8.25 25.72 -1.59
v  -8.33 25.08 -2.18
v  -8.47 24.27 -2.75
v  -9.61 26.87 -0.61
v  -9.69 26.96 0.02
v  -9.58 26.60 -1.23
v  -9.61 26.15 -1.83
v  -9.69 25.52 -2.42
v  -9.84 24.71 -2.99
v  -11.15 27.22 -0.88
v  -11.24 27.31 -0.25
v  -11.12 26.96 -1.50
v  -11.15 26.50 -2.10
v  -11.24 25.87 -2.69
v  -11.38 25.06 -3.26
v  -13.27 27.60 -1.26
v  -13.36 27.68 -0.62
v  -13.24 27.33 -1.88
v  -13.27 26.87 -2.48
v  -13.36 26.24 -3.06
v  -13.50 25.43 -3.63
v  -14.88 27.40 -1.54
v  -14.97 27.49 -0.91
v  -14.85 27.13 -2.16
v  -14.88 26.68 -2.76
v  -14.97 26.05 -3.35
v  -15.11 25.24 -3.92
v  -16.22 27.06 -1.78
v  -16.31 27.15 -1.14
v  -16.19 26.79 -2.40
v  -16.22 26.34 -3.00
v  -16.31 25.71 -3.58
v  -16.45 24.89 -4.15
v  -18.30 26.50 -2.14
v  -18.39 26.59 -1.51
v  -18.28 26.23 -2.76
v  -18.30 25.78 -3.36
v  -18.39 25.15 -3.95
v  -18.53 24.34 -4.52
v  -5.14 26.09 1.89
v  -5.00 26.09 2.01
v  -4.87 25.77 1.82
v  -5.02 25.80 1.67
v  -4.72 25.47 1.60
v  -4.88 25.54 1.42
v  -4.70 25.29 1.15
v  -4.52 25.21 1.33
v  -4.49 25.54 1.68
v  -4.29 25.30 1.44
v  -4.83 26.11 2.11
v  -4.67 25.81 1.91
v  -5.27 26.41 2.13
v  -5.13 26.43 2.20
v  -5.00 26.43 2.32
v  -5.31 26.86 2.45
v  -5.21 26.82 2.59
v  -5.46 26.81 2.41
v  -5.69 27.30 2.75
v  -5.54 27.35 2.79
v  -5.45 27.30 2.92
v  -5.97 27.85 3.14
v  -5.82 27.89 3.18
v  -5.71 27.85 3.31
v  -6.28 28.39 3.59
v  -6.12 28.45 3.63
v  -6.03 28.40 3.75
v  -6.56 28.83 4.00
v  -6.42 28.88 4.05
v  -6.33 28.85 4.16
v  -6.62 29.19 4.34
v  -6.76 29.13 4.30
v  -6.53 29.15 4.45
v  -6.94 29.39 4.57
v  -6.81 29.43 4.61
v  -6.72 29.40 4.72
v  -7.18 29.71 4.91
v  -7.04 29.78 4.94
v  -6.96 29.72 5.06
v  -7.40 29.99 5.24
v  -7.27 30.04 5.28
v  -7.20 30.00 5.38
v  -7.57 30.22 5.50
v  -7.45 30.27 5.53
v  -7.38 30.22 5.63
v  -7.77 30.44 5.77
v  -7.65 30.49 5.81
v  -7.56 30.45 5.90
v  -7.91 30.77 6.17
v  -8.02 30.71 6.14
v  -7.83 30.71 6.27
v  -8.29 30.97 6.52
v  -8.17 31.04 6.56
v  -8.10 30.98 6.66
v  -8.46 31.28 6.97
v  -8.56 31.23 6.92
v  -8.38 31.24 7.05
v  -8.82 31.48 7.29
v  -8.71 31.53 7.33
v  -8.63 31.48 7.41
v  -9.06 31.66 7.65
v  -8.96 31.71 7.69
v  -8.89 31.66 7.76
v  -9.21 31.83 8.05
v  -9.29 31.78 8.00
v  -9.14 31.78 8.10
v  -9.50 31.96 8.45
v  -9.57 31.91 8.39
v  -9.43 31.92 8.50
v  -9.73 32.04 8.78
v  -9.79 32.00 8.73
v  -9.67 32.01 8.83
v  -9.96 32.07 8.99
v  -9.91 32.10 9.04
v  -9.85 32.08 9.07
v  -10.09 32.13 9.19
v  -10.05 32.15 9.23
v  -9.99 32.13 9.26
v  -10.17 32.16 9.32
v  -10.13 32.18 9.35
v  -10.08 32.17 9.36
v  -10.19 32.16 9.37
v  -10.17 32.17 9.40
v  -10.14 32.17 9.42
v  -4.50 25.12 0.89
v  -4.30 25.09 1.02
v  -4.10 25.13 1.18
v  -4.33 25.03 0.70
v  -4.05 24.99 0.71
v  -3.97 25.02 0.97
v  -5.07 25.38 1.48
v  -5.19 25.68 1.72
v  -5.28 25.99 1.95
v  -4.93 25.10 1.18
v  -4.71 24.90 0.89
v  -4.44 24.83 0.70
v  -5.40 26.34 2.22
v  -5.56 26.75 2.53
v  -5.79 27.22 2.87
v  -6.04 27.75 3.27
v  -6.31 28.29 3.70
v  -6.60 28.71 4.09
v  -6.82 29.01 4.39
v  -7.02 29.28 4.66
v  -7.24 29.59 4.99
v  -7.44 29.89 5.31
v  -7.61 30.11 5.57
v  -7.81 30.33 5.84
v  -8.06 30.59 6.20
v  -8.32 30.85 6.57
v  -8.58 31.12 6.97
v  -8.83 31.36 7.34
v  -9.05 31.55 7.69
v  -9.30 31.68 8.04
v  -9.55 31.80 8.41
v  -9.77 31.91 8.73
v  -9.94 31.99 8.99
v  -10.07 32.06 9.18
v  -10.16 32.11 9.30
v  -10.19 32.13 9.36
v  -10.16 32.12 9.39
v  -10.13 32.12 9.40
v  -4.19 24.82 0.66
v  -4.72 24.85 1.56
v  -4.88 25.21 1.79
v  -4.45 24.75 1.22
v  -4.25 24.63 0.96
v  -4.11 24.74 0.78
v  -5.02 25.56 1.99
v  -5.15 25.91 2.19
v  -5.31 26.27 2.43
v  -5.49 26.69 2.70
v  -5.71 27.17 3.02
v  -5.96 27.71 3.39
v  -6.24 28.26 3.81
v  -6.52 28.68 4.22
v  -6.73 28.96 4.53
v  -6.93 29.23 4.81
v  -7.16 29.54 5.13
v  -7.37 29.85 5.42
v  -7.53 30.08 5.67
v  -7.73 30.29 5.94
v  -7.98 30.54 6.30
v  -8.24 30.80 6.67
v  -8.51 31.08 7.06
v  -8.76 31.33 7.41
v  -8.99 31.53 7.75
v  -9.23 31.66 8.10
v  -9.48 31.78 8.47
v  -9.70 31.89 8.78
v  -9.88 31.97 9.03
v  -10.02 32.04 9.22
v  -10.11 32.08 9.33
v  -4.11 24.87 1.37
v  -4.31 25.05 1.66
v  -3.97 24.82 1.06
v  -3.98 24.81 0.83
v  -4.52 25.33 1.88
v  -4.71 25.65 2.09
v  -4.89 25.98 2.27
v  -5.08 26.33 2.48
v  -5.30 26.73 2.73
v  -5.53 27.19 3.04
v  -5.80 27.74 3.42
v  -6.12 28.31 3.84
v  -6.39 28.75 4.26
v  -6.58 29.04 4.56
v  -6.78 29.30 4.83
v  -7.01 29.61 5.16
v  -7.24 29.90 5.45
v  -7.42 30.13 5.70
v  -7.60 30.35 5.97
v  -7.86 30.62 6.34
v  -8.12 30.87 6.71
v  -8.41 31.15 7.10
v  -8.67 31.39 7.46
v  -8.92 31.57 7.78
v  -9.15 31.70 8.13
v  -9.43 31.84 8.52
v  -9.66 31.94 8.84
v  -9.84 32.02 9.07
v  -9.99 32.08 9.26
v  -10.07 32.10 9.36
v  -4.47 25.82 2.52
v  -4.96 25.89 2.11
v  -4.53 24.72 1.50
v  -4.04 24.65 1.92
v  -4.07 25.61 3.03
v  -3.65 24.44 2.42
v  -3.77 25.26 3.62
v  -3.35 24.09 3.01
v  -3.56 24.76 4.30
v  -3.14 23.59 3.69
v  -3.44 24.13 5.07
v  -3.02 22.95 4.46
v  -4.90 26.91 3.15
v  -5.39 26.98 2.73
v  -4.51 26.70 3.65
v  -4.20 26.35 4.24
v  -3.99 25.85 4.92
v  -3.88 25.22 5.69
v  -5.51 28.04 4.02
v  -6.00 28.11 3.60
v  -5.12 27.83 4.52
v  -4.82 27.48 5.11
v  -4.60 26.98 5.79
v  -4.49 26.35 6.56
v  -6.13 29.02 4.89
v  -6.62 29.09 4.48
v  -5.73 28.81 5.40
v  -5.43 28.46 5.99
v  -5.22 27.96 6.67
v  -5.10 27.33 7.43
v  -6.86 30.00 5.93
v  -7.34 30.07 5.52
v  -6.46 29.79 6.44
v  -6.16 29.44 7.03
v  -5.95 28.94 7.71
v  -5.83 28.31 8.48
v  -7.89 31.25 7.41
v  -8.38 31.32 6.99
v  -7.49 31.04 7.91
v  -7.19 30.68 8.50
v  -6.98 30.19 9.18
v  -6.86 29.55 9.95
v  -8.78 31.76 8.68
v  -9.27 31.83 8.27
v  -8.39 31.55 9.19
v  -8.08 31.20 9.78
v  -7.87 30.71 10.46
v  -7.76 30.07 11.23
v  -9.57 32.03 9.82
v  -10.06 32.10 9.40
v  -9.18 31.82 10.32
v  -8.87 31.47 10.91
v  -8.66 30.97 11.59
v  -8.55 30.34 12.36
v  -10.81 32.42 11.58
v  -11.30 32.49 11.16
v  -10.41 32.21 12.08
v  -10.11 31.85 12.67
v  -9.90 31.36 13.35
v  -9.78 30.72 14.12
v  -5.65 25.82 1.70
v  -5.22 24.65 1.09
v  -4.66 24.72 1.41
v  -5.09 25.89 2.02
v  -6.26 25.61 1.50
v  -5.83 24.44 0.89
v  -6.91 25.26 1.42
v  -6.49 24.09 0.81
v  -7.62 24.76 1.45
v  -7.20 23.59 0.85
v  -8.39 24.13 1.60
v  -7.96 22.95 1.00
v  -6.08 26.91 2.32
v  -5.52 26.98 2.64
v  -6.69 26.70 2.12
v  -7.35 26.35 2.04
v  -8.06 25.85 2.07
v  -8.82 25.22 2.23
v  -6.69 28.04 3.19
v  -6.13 28.11 3.51
v  -7.30 27.83 2.99
v  -7.96 27.48 2.91
v  -8.67 26.98 2.95
v  -9.43 26.35 3.10
v  -7.30 29.02 4.07
v  -6.75 29.09 4.38
v  -7.91 28.81 3.87
v  -8.57 28.46 3.79
v  -9.28 27.96 3.82
v  -10.04 27.33 3.97
v  -8.03 30.00 5.11
v  -7.48 30.07 5.43
v  -8.64 29.79 4.91
v  -9.30 29.44 4.83
v  -10.01 28.94 4.86
v  -10.77 28.31 5.01
v  -9.06 31.25 6.58
v  -8.51 31.32 6.90
v  -9.67 31.04 6.38
v  -10.33 30.68 6.30
v  -11.04 30.19 6.33
v  -11.80 29.55 6.49
v  -9.96 31.76 7.86
v  -9.40 31.83 8.18
v  -10.57 31.55 7.66
v  -11.23 31.20 7.58
v  -11.94 30.71 7.61
v  -12.70 30.07 7.76
v  -10.75 32.03 8.99
v  -10.19 32.10 9.31
v  -11.36 31.82 8.79
v  -12.02 31.47 8.71
v  -12.73 30.97 8.74
v  -13.49 30.34 8.90
v  -11.98 32.42 10.75
v  -11.43 32.49 11.07
v  -12.59 32.21 10.55
v  -13.25 31.85 10.47
v  -13.96 31.36 10.50
v  -14.72 30.72 10.66
v  -3.55 26.09 1.94
v  -3.42 26.09 1.82
v  -3.60 25.77 1.67
v  -3.76 25.80 1.81
v  -3.81 25.47 1.50
v  -4.00 25.54 1.64
v  -4.25 25.29 1.44
v  -4.05 25.21 1.28
v  -3.70 25.54 1.28
v  -3.93 25.30 1.06
v  -3.31 26.11 1.66
v  -3.49 25.81 1.48
v  -3.33 26.41 2.10
v  -3.24 26.43 1.96
v  -3.11 26.43 1.84
v  -3.00 26.86 2.16
v  -2.86 26.82 2.08
v  -3.06 26.81 2.31
v  -2.74 27.30 2.57
v  -2.69 27.35 2.42
v  -2.56 27.30 2.34
v  -2.38 27.85 2.88
v  -2.32 27.89 2.73
v  -2.19 27.85 2.64
v  -1.96 28.39 3.23
v  -1.91 28.45 3.08
v  -1.77 28.40 3.00
v  -1.57 28.83 3.54
v  -1.51 28.88 3.41
v  -1.39 28.85 3.33
v  -1.24 29.19 3.64
v  -1.30 29.13 3.77
v  -1.12 29.15 3.55
v  -1.04 29.39 3.97
v  -0.98 29.43 3.85
v  -0.87 29.40 3.77
v  -0.72 29.71 4.24
v  -0.68 29.78 4.10
v  -0.55 29.72 4.03
v  -0.41 29.99 4.49
v  -0.36 30.04 4.37
v  -0.25 30.00 4.30
v  -0.17 30.22 4.68
v  -0.12 30.27 4.57
v  -0.02 30.22 4.50
v  0.08 30.44 4.90
v  0.13 30.49 4.79
v  0.23 30.45 4.71
v  0.48 30.77 5.08
v  0.43 30.71 5.19
v  0.58 30.71 5.01
v  0.78 30.97 5.49
v  0.83 31.04 5.38
v  0.94 30.98 5.31
v  1.22 31.28 5.70
v  1.16 31.23 5.79
v  1.30 31.24 5.62
v  1.50 31.48 6.08
v  1.56 31.53 5.98
v  1.65 31.48 5.91
v  1.84 31.66 6.35
v  1.90 31.71 6.26
v  1.97 31.66 6.20
v  2.23 31.83 6.54
v  2.18 31.78 6.62
v  2.28 31.78 6.48
v  2.60 31.96 6.86
v  2.54 31.91 6.92
v  2.66 31.92 6.80
v  2.91 32.04 7.12
v  2.85 32.00 7.17
v  2.96 32.01 7.07
v  3.11 32.07 7.37
v  3.15 32.10 7.32
v  3.19 32.08 7.27
v  3.29 32.13 7.52
v  3.34 32.15 7.47
v  3.37 32.13 7.43
v  3.41 32.16 7.60
v  3.45 32.18 7.57
v  3.46 32.17 7.52
v  3.46 32.16 7.63
v  3.50 32.17 7.61
v  3.51 32.17 7.58
v  -4.49 25.12 1.22
v  -4.34 25.09 1.03
v  -4.17 25.13 0.85
v  -4.67 25.03 1.04
v  -4.64 24.99 0.76
v  -4.37 25.02 0.70
v  -3.96 25.38 1.84
v  -3.72 25.68 1.98
v  -3.50 25.99 2.09
v  -4.24 25.10 1.68
v  -4.51 24.90 1.43
v  -4.68 24.83 1.15
v  -3.25 26.34 2.24
v  -2.96 26.75 2.42
v  -2.63 27.22 2.68
v  -2.26 27.75 2.96
v  -1.85 28.29 3.27
v  -1.48 28.71 3.59
v  -1.21 29.01 3.84
v  -0.95 29.28 4.06
v  -0.64 29.59 4.31
v  -0.34 29.89 4.54
v  -0.10 30.11 4.72
v  0.15 30.33 4.95
v  0.49 30.59 5.23
v  0.83 30.85 5.52
v  1.21 31.12 5.82
v  1.56 31.36 6.09
v  1.89 31.55 6.35
v  2.21 31.68 6.63
v  2.56 31.80 6.91
v  2.86 31.91 7.15
v  3.10 31.99 7.35
v  3.28 32.06 7.50
v  3.39 32.11 7.59
v  3.45 32.13 7.62
v  3.48 32.12 7.60
v  3.50 32.12 7.57
v  -4.69 24.82 0.89
v  -3.84 24.85 1.50
v  -3.63 25.21 1.68
v  -4.16 24.75 1.20
v  -4.41 24.63 0.97
v  -4.57 24.74 0.82
v  -3.44 25.56 1.83
v  -3.25 25.91 1.98
v  -3.03 26.27 2.16
v  -2.78 26.69 2.37
v  -2.47 27.17 2.62
v  -2.13 27.71 2.90
v  -1.74 28.26 3.21
v  -1.35 28.68 3.53
v  -1.06 28.96 3.77
v  -0.80 29.23 3.98
v  -0.50 29.54 4.24
v  -0.22 29.85 4.47
v  0.00 30.08 4.66
v  0.26 30.29 4.88
v  0.59 30.54 5.16
v  0.94 30.80 5.45
v  1.30 31.08 5.76
v  1.64 31.33 6.03
v  1.95 31.53 6.29
v  2.28 31.66 6.56
v  2.63 31.78 6.85
v  2.92 31.89 7.09
v  3.14 31.97 7.29
v  3.32 32.04 7.45
v  3.43 32.08 7.55
v  -3.98 24.87 0.87
v  -3.71 25.05 1.10
v  -4.28 24.82 0.71
v  -4.51 24.81 0.70
v  -3.50 25.33 1.32
v  -3.32 25.65 1.53
v  -3.15 25.98 1.73
v  -2.96 26.33 1.94
v  -2.73 26.73 2.18
v  -2.44 27.19 2.44
v  -2.08 27.74 2.74
v  -1.70 28.31 3.09
v  -1.30 28.75 3.40
v  -1.02 29.04 3.62
v  -0.77 29.30 3.83
v  -0.46 29.61 4.09
v  -0.19 29.90 4.35
v  0.04 30.13 4.55
v  0.30 30.35 4.76
v  0.64 30.62 5.04
v  0.99 30.87 5.34
v  1.36 31.15 5.66
v  1.69 31.39 5.95
v  1.99 31.57 6.23
v  2.31 31.70 6.48
v  2.68 31.84 6.80
v  2.97 31.94 7.06
v  3.20 32.02 7.26
v  3.37 32.08 7.42
v  3.46 32.10 7.51
v  -2.86 25.82 1.33
v  -3.32 25.89 1.78
v  -3.88 24.72 1.31
v  -3.43 24.65 0.86
v  -2.33 25.61 0.98
v  -2.89 24.44 0.51
v  -1.71 25.26 0.73
v  -2.28 24.09 0.26
v  -1.01 24.76 0.58
v  -1.58 23.59 0.11
v  -0.24 24.13 0.53
v  -0.81 22.95 0.06
v  -2.28 26.91 1.82
v  -2.74 26.98 2.27
v  -1.74 26.70 1.47
v  -1.13 26.35 1.22
v  -0.43 25.85 1.07
v  0.34 25.22 1.02
v  -1.46 28.04 2.50
v  -1.92 28.11 2.96
v  -0.93 27.83 2.15
v  -0.31 27.48 1.90
v  0.38 26.98 1.75
v  1.16 26.35 1.70
v  -0.65 29.02 3.19
v  -1.10 29.09 3.64
v  -0.11 28.81 2.84
v  0.51 28.46 2.59
v  1.20 27.96 2.44
v  1.97 27.33 2.39
v  0.33 30.00 4.01
v  -0.13 30.07 4.46
v  0.86 29.79 3.66
v  1.48 29.44 3.41
v  2.17 28.94 3.26
v  2.95 28.31 3.21
v  1.70 31.25 5.16
v  1.25 31.32 5.61
v  2.24 31.04 4.81
v  2.86 30.68 4.56
v  3.55 30.19 4.41
v  4.32 29.55 4.36
v  2.90 31.76 6.17
v  2.44 31.83 6.62
v  3.44 31.55 5.82
v  4.05 31.20 5.57
v  4.75 30.71 5.42
v  5.52 30.07 5.37
v  3.96 32.03 7.05
v  3.50 32.10 7.50
v  4.49 31.82 6.70
v  5.11 31.47 6.45
v  5.80 30.97 6.30
v  6.58 30.34 6.25
v  5.60 32.42 8.44
v  5.15 32.49 8.89
v  6.14 32.21 8.09
v  6.76 31.85 7.84
v  7.45 31.36 7.69
v  8.23 30.72 7.64
v  -3.79 25.82 2.43
v  -4.35 24.65 1.96
v  -3.99 24.72 1.43
v  -3.42 25.89 1.91
v  -4.04 25.61 3.02
v  -4.60 24.44 2.55
v  -4.18 25.26 3.67
v  -4.74 24.09 3.20
v  -4.20 24.76 4.38
v  -4.77 23.59 3.91
v  -4.12 24.13 5.15
v  -4.69 22.95 4.68
v  -3.20 26.91 2.92
v  -2.84 26.98 2.39
v  -3.46 26.70 3.51
v  -3.60 26.35 4.16
v  -3.62 25.85 4.87
v  -3.54 25.22 5.64
v  -2.39 28.04 3.61
v  -2.02 28.11 3.08
v  -2.64 27.83 4.20
v  -2.78 27.48 4.85
v  -2.81 26.98 5.56
v  -2.72 26.35 6.33
v  -1.57 29.02 4.29
v  -1.21 29.09 3.76
v  -1.82 28.81 4.88
v  -1.96 28.46 5.53
v  -1.99 27.96 6.24
v  -1.90 27.33 7.01
v  -0.60 30.00 5.11
v  -0.23 30.07 4.58
v  -0.85 29.79 5.70
v  -0.99 29.44 6.35
v  -1.02 28.94 7.06
v  -0.93 28.31 7.83
v  0.78 31.25 6.26
v  1.14 31.32 5.74
v  0.53 31.04 6.85
v  0.39 30.68 7.50
v  0.36 30.19 8.21
v  0.45 29.55 8.99
v  1.98 31.76 7.27
v  2.34 31.83 6.74
v  1.72 31.55 7.86
v  1.58 31.20 8.51
v  1.56 30.71 9.22
v  1.64 30.07 9.99
v  3.03 32.03 8.16
v  3.40 32.10 7.63
v  2.78 31.82 8.74
v  2.64 31.47 9.39
v  2.61 30.97 10.11
v  2.70 30.34 10.88
v  4.68 32.42 9.54
v  5.04 32.49 9.01
v  4.43 32.21 10.13
v  4.29 31.85 10.78
v  4.26 31.36 11.49
v  4.35 30.72 12.26
v  -3.26 26.09 0.55
v  -3.35 26.09 0.39
v  -3.53 25.77 0.52
v  -3.44 25.80 0.71
v  -3.75 25.47 0.68
v  -3.66 25.54 0.90
v  -3.92 25.29 1.09
v  -4.02 25.21 0.86
v  -3.94 25.54 0.52
v  -4.21 25.30 0.68
v  -3.47 26.11 0.24
v  -3.68 25.81 0.37
v  -3.05 26.41 0.37
v  -3.15 26.43 0.25
v  -3.24 26.43 0.09
v  -2.90 26.86 0.07
v  -2.95 26.82 -0.09
v  -2.78 26.81 0.16
v  -2.44 27.30 -0.08
v  -2.57 27.35 -0.16
v  -2.61 27.30 -0.31
v  -2.05 27.85 -0.35
v  -2.18 27.89 -0.44
v  -2.23 27.85 -0.59
v  -1.60 28.39 -0.66
v  -1.73 28.45 -0.75
v  -1.77 28.40 -0.90
v  -1.20 28.83 -0.95
v  -1.31 28.88 -1.05
v  -1.36 28.85 -1.18
v  -1.02 29.19 -1.25
v  -0.91 29.13 -1.16
v  -1.07 29.15 -1.38
v  -0.64 29.39 -1.35
v  -0.75 29.43 -1.44
v  -0.80 29.40 -1.57
v  -0.31 29.71 -1.59
v  -0.43 29.78 -1.67
v  -0.46 29.72 -1.81
v  0.01 29.99 -1.83
v  -0.09 30.04 -1.91
v  -0.12 30.00 -2.03
v  0.27 30.22 -2.01
v  0.17 30.27 -2.09
v  0.13 30.22 -2.20
v  0.54 30.44 -2.20
v  0.44 30.49 -2.28
v  0.40 30.45 -2.39
v  0.81 30.77 -2.53
v  0.91 30.71 -2.46
v  0.77 30.71 -2.65
v  1.29 30.97 -2.72
v  1.19 31.04 -2.80
v  1.15 30.98 -2.92
v  1.60 31.28 -3.09
v  1.68 31.23 -3.01
v  1.56 31.24 -3.19
v  2.05 31.48 -3.27
v  1.97 31.53 -3.35
v  1.92 31.48 -3.45
v  2.40 31.66 -3.53
v  2.32 31.71 -3.60
v  2.28 31.66 -3.68
v  2.68 31.83 -3.85
v  2.74 31.78 -3.78
v  2.63 31.78 -3.92
v  3.08 31.96 -4.13
v  3.13 31.91 -4.05
v  3.04 31.92 -4.20
v  3.42 32.04 -4.36
v  3.45 32.00 -4.29
v  3.38 32.01 -4.42
v  3.71 32.07 -4.48
v  3.67 32.10 -4.54
v  3.63 32.08 -4.59
v  3.90 32.13 -4.62
v  3.87 32.15 -4.68
v  3.83 32.13 -4.72
v  4.01 32.16 -4.71
v  3.99 32.18 -4.76
v  3.94 32.17 -4.79
v  4.05 32.16 -4.75
v  4.04 32.17 -4.80
v  4.02 32.17 -4.82
v  -4.19 25.12 1.27
v  -4.34 25.09 1.07
v  -4.47 25.13 0.86
v  -4.42 25.03 1.39
v  -4.68 24.99 1.29
v  -4.67 25.02 1.01
v  -3.46 25.38 0.91
v  -3.27 25.68 0.72
v  -3.10 25.99 0.54
v  -3.69 25.10 1.14
v  -4.00 24.90 1.34
v  -4.32 24.83 1.42
v  -2.90 26.34 0.33
v  -2.64 26.75 0.09
v  -2.31 27.22 -0.16
v  -1.93 27.75 -0.44
v  -1.53 28.29 -0.76
v  -1.13 28.71 -1.02
v  -0.82 29.01 -1.23
v  -0.54 29.28 -1.42
v  -0.21 29.59 -1.65
v  0.08 29.89 -1.88
v  0.32 30.11 -2.06
v  0.60 30.33 -2.25
v  0.96 30.59 -2.50
v  1.33 30.85 -2.76
v  1.72 31.12 -3.05
v  2.08 31.36 -3.31
v  2.40 31.55 -3.57
v  2.76 31.68 -3.81
v  3.12 31.80 -4.07
v  3.44 31.91 -4.30
v  3.69 31.99 -4.48
v  3.88 32.06 -4.62
v  4.00 32.11 -4.70
v  4.04 32.13 -4.75
v  4.03 32.12 -4.79
v  4.01 32.12 -4.81
v  -4.57 24.82 1.37
v  -3.76 24.85 0.71
v  -3.53 25.21 0.55
v  -4.13 24.75 0.94
v  -4.41 24.63 1.12
v  -4.60 24.74 1.23
v  -3.34 25.56 0.41
v  -3.14 25.91 0.27
v  -2.91 26.27 0.10
v  -2.64 26.69 -0.09
v  -2.33 27.17 -0.32
v  -1.97 27.71 -0.59
v  -1.56 28.26 -0.88
v  -1.16 28.68 -1.17
v  -0.85 28.96 -1.39
v  -0.57 29.23 -1.58
v  -0.25 29.54 -1.81
v  0.05 29.85 -2.01
v  0.29 30.08 -2.18
v  0.56 30.29 -2.38
v  0.92 30.54 -2.63
v  1.30 30.80 -2.88
v  1.68 31.08 -3.15
v  2.03 31.33 -3.41
v  2.37 31.53 -3.64
v  2.71 31.66 -3.89
v  3.08 31.78 -4.15
v  3.39 31.89 -4.37
v  3.64 31.97 -4.54
v  3.84 32.04 -4.67
v  3.96 32.08 -4.75
v  -4.40 24.87 0.69
v  -4.12 25.05 0.48
v  -4.63 24.82 0.93
v  -4.71 24.81 1.15
v  -3.84 25.33 0.34
v  -3.59 25.65 0.21
v  -3.35 25.98 0.10
v  -3.11 26.33 -0.03
v  -2.82 26.73 -0.19
v  -2.49 27.19 -0.41
v  -2.11 27.74 -0.67
v  -1.67 28.31 -0.95
v  -1.27 28.75 -1.25
v  -0.98 29.04 -1.47
v  -0.71 29.30 -1.66
v  -0.38 29.61 -1.89
v  -0.06 29.90 -2.08
v  0.19 30.13 -2.25
v  0.46 30.35 -2.45
v  0.82 30.62 -2.70
v  1.20 30.87 -2.97
v  1.60 31.15 -3.23
v  1.97 31.39 -3.48
v  2.31 31.57 -3.70
v  2.65 31.70 -3.94
v  3.05 31.84 -4.22
v  3.37 31.94 -4.43
v  3.62 32.02 -4.60
v  3.83 32.08 -4.72
v  3.94 32.10 -4.78
v  -3.67 25.82 -0.28
v  -3.35 25.89 0.28
v  -3.96 24.72 0.70
v  -4.27 24.65 0.14
v  -3.87 25.61 -0.89
v  -4.47 24.44 -0.46
v  -3.95 25.26 -1.55
v  -4.55 24.09 -1.12
v  -3.91 24.76 -2.26
v  -4.52 23.59 -1.83
v  -3.76 24.13 -3.02
v  -4.37 22.95 -2.60
v  -3.05 26.91 -0.71
v  -2.73 26.98 -0.16
v  -3.25 26.70 -1.32
v  -3.33 26.35 -1.98
v  -3.29 25.85 -2.69
v  -3.14 25.22 -3.45
v  -2.17 28.04 -1.33
v  -1.86 28.11 -0.77
v  -2.37 27.83 -1.93
v  -2.46 27.48 -2.59
v  -2.42 26.98 -3.30
v  -2.27 26.35 -4.06
v  -1.30 29.02 -1.94
v  -0.98 29.09 -1.38
v  -1.50 28.81 -2.55
v  -1.58 28.46 -3.21
v  -1.55 27.96 -3.92
v  -1.39 27.33 -4.68
v  -0.26 30.00 -2.67
v  0.06 30.07 -2.11
v  -0.46 29.79 -3.28
v  -0.54 29.44 -3.94
v  -0.51 28.94 -4.65
v  -0.35 28.31 -5.41
v  1.21 31.25 -3.70
v  1.53 31.32 -3.14
v  1.01 31.04 -4.31
v  0.93 30.68 -4.97
v  0.97 30.19 -5.68
v  1.12 29.55 -6.44
v  2.49 31.76 -4.59
v  2.81 31.83 -4.03
v  2.29 31.55 -5.20
v  2.21 31.20 -5.86
v  2.25 30.71 -6.57
v  2.40 30.07 -7.33
v  3.62 32.03 -5.38
v  3.94 32.10 -4.83
v  3.42 31.82 -5.99
v  3.34 31.47 -6.65
v  3.38 30.97 -7.36
v  3.53 30.34 -8.12
v  5.39 32.42 -6.62
v  5.70 32.49 -6.06
v  5.19 32.21 -7.23
v  5.10 31.85 -7.89
v  5.14 31.36 -8.60
v  5.29 30.72 -9.36
v  -2.84 25.82 0.90
v  -3.45 24.65 1.32
v  -3.86 24.72 0.83
v  -3.26 25.89 0.41
v  -2.34 25.61 1.29
v  -2.94 24.44 1.72
v  -1.75 25.26 1.60
v  -2.35 24.09 2.02
v  -1.07 24.76 1.81
v  -1.67 23.59 2.23
v  -0.30 24.13 1.92
v  -0.91 22.95 2.35
v  -2.22 26.91 0.46
v  -2.64 26.98 -0.03
v  -1.72 26.70 0.86
v  -1.13 26.35 1.16
v  -0.45 25.85 1.37
v  0.32 25.22 1.49
v  -1.35 28.04 -0.15
v  -1.77 28.11 -0.64
v  -0.85 27.83 0.25
v  -0.25 27.48 0.55
v  0.43 26.98 0.76
v  1.19 26.35 0.88
v  -0.47 29.02 -0.76
v  -0.89 29.09 -1.25
v  0.03 28.81 -0.36
v  0.62 28.46 -0.06
v  1.30 27.96 0.15
v  2.07 27.33 0.27
v  0.57 30.00 -1.49
v  0.15 30.07 -1.98
v  1.07 29.79 -1.09
v  1.66 29.44 -0.79
v  2.34 28.94 -0.58
v  3.11 28.31 -0.46
v  2.04 31.25 -2.52
v  1.62 31.32 -3.01
v  2.54 31.04 -2.12
v  3.13 30.68 -1.82
v  3.81 30.19 -1.61
v  4.58 29.55 -1.49
v  3.32 31.76 -3.42
v  2.90 31.83 -3.90
v  3.82 31.55 -3.02
v  4.41 31.20 -2.72
v  5.09 30.71 -2.51
v  5.86 30.07 -2.39
v  4.45 32.03 -4.21
v  4.03 32.10 -4.70
v  4.95 31.82 -3.81
v  5.54 31.47 -3.51
v  6.22 30.97 -3.30
v  6.99 30.34 -3.18
v  6.21 32.42 -5.44
v  5.79 32.49 -5.93
v  6.71 32.21 -5.04
v  7.31 31.85 -4.74
v  7.98 31.36 -4.53
v  8.75 30.72 -4.41
v  -4.82 26.09 -0.01
v  -4.98 26.09 0.08
v  -4.84 25.77 0.27
v  -4.66 25.80 0.18
v  -4.69 25.47 0.49
v  -4.47 25.54 0.40
v  -4.28 25.29 0.66
v  -4.51 25.21 0.76
v  -4.85 25.54 0.67
v  -4.69 25.30 0.95
v  -5.13 26.11 0.20
v  -5.00 25.81 0.42
v  -5.00 26.41 -0.22
v  -5.12 26.43 -0.11
v  -5.27 26.43 -0.03
v  -5.29 26.86 -0.36
v  -5.45 26.82 -0.32
v  -5.20 26.81 -0.49
v  -5.45 27.30 -0.82
v  -5.53 27.35 -0.69
v  -5.68 27.30 -0.65
v  -5.71 27.85 -1.21
v  -5.80 27.89 -1.09
v  -5.96 27.85 -1.04
v  -6.03 28.39 -1.66
v  -6.12 28.45 -1.53
v  -6.27 28.40 -1.49
v  -6.32 28.83 -2.06
v  -6.41 28.88 -1.95
v  -6.55 28.85 -1.90
v  -6.62 29.19 -2.24
v  -6.53 29.13 -2.36
v  -6.75 29.15 -2.19
v  -6.72 29.39 -2.62
v  -6.81 29.43 -2.51
v  -6.94 29.40 -2.46
v  -6.96 29.71 -2.96
v  -7.04 29.78 -2.84
v  -7.18 29.72 -2.80
v  -7.20 29.99 -3.28
v  -7.28 30.04 -3.17
v  -7.40 30.00 -3.14
v  -7.38 30.22 -3.53
v  -7.45 30.27 -3.43
v  -7.57 30.22 -3.39
v  -7.57 30.44 -3.81
v  -7.64 30.49 -3.71
v  -7.76 30.45 -3.66
v  -7.90 30.77 -4.08
v  -7.83 30.71 -4.17
v  -8.01 30.71 -4.04
v  -8.09 30.97 -4.55
v  -8.17 31.04 -4.46
v  -8.29 30.98 -4.42
v  -8.46 31.28 -4.87
v  -8.38 31.23 -4.94
v  -8.56 31.24 -4.82
v  -8.63 31.48 -5.31
v  -8.71 31.53 -5.23
v  -8.82 31.48 -5.18
v  -8.89 31.66 -5.66
v  -8.97 31.71 -5.59
v  -9.05 31.66 -5.54
v  -9.21 31.83 -5.94
v  -9.14 31.78 -6.01
v  -9.28 31.78 -5.90
v  -9.49 31.96 -6.35
v  -9.41 31.91 -6.39
v  -9.57 31.92 -6.31
v  -9.73 32.04 -6.68
v  -9.66 32.00 -6.72
v  -9.79 32.01 -6.64
v  -9.85 32.07 -6.97
v  -9.91 32.10 -6.93
v  -9.96 32.08 -6.90
v  -9.99 32.13 -7.16
v  -10.04 32.15 -7.13
v  -10.09 32.13 -7.09
v  -10.08 32.16 -7.27
v  -10.13 32.18 -7.25
v  -10.15 32.17 -7.21
v  -10.12 32.16 -7.32
v  -10.16 32.17 -7.30
v  -10.18 32.17 -7.28
v  -4.10 25.12 0.93
v  -4.30 25.09 1.08
v  -4.51 25.13 1.21
v  -3.98 25.03 1.15
v  -4.08 24.99 1.42
v  -4.35 25.02 1.40
v  -4.45 25.38 0.19
v  -4.65 25.68 0.00
v  -4.83 25.99 -0.16
v  -4.23 25.10 0.43
v  -4.03 24.90 0.73
v  -3.94 24.83 1.05
v  -5.04 26.34 -0.37
v  -5.27 26.75 -0.62
v  -5.52 27.22 -0.95
v  -5.81 27.75 -1.33
v  -6.12 28.29 -1.73
v  -6.39 28.71 -2.14
v  -6.59 29.01 -2.45
v  -6.79 29.28 -2.72
v  -7.02 29.59 -3.05
v  -7.25 29.89 -3.34
v  -7.43 30.11 -3.58
v  -7.62 30.33 -3.87
v  -7.87 30.59 -4.23
v  -8.13 30.85 -4.60
v  -8.42 31.12 -4.98
v  -8.68 31.36 -5.34
v  -8.94 31.55 -5.67
v  -9.18 31.68 -6.02
v  -9.44 31.80 -6.39
v  -9.66 31.91 -6.70
v  -9.85 31.99 -6.95
v  -9.98 32.06 -7.14
v  -10.07 32.11 -7.26
v  -10.12 32.13 -7.31
v  -10.15 32.12 -7.29
v  -10.18 32.12 -7.27
v  -3.99 24.82 1.31
v  -4.65 24.85 0.50
v  -4.81 25.21 0.27
v  -4.43 24.75 0.87
v  -4.25 24.63 1.15
v  -4.13 24.74 1.34
v  -4.96 25.56 0.07
v  -5.10 25.91 -0.12
v  -5.27 26.27 -0.35
v  -5.46 26.69 -0.62
v  -5.69 27.17 -0.94
v  -5.95 27.71 -1.30
v  -6.25 28.26 -1.70
v  -6.54 28.68 -2.11
v  -6.76 28.96 -2.41
v  -6.95 29.23 -2.69
v  -7.18 29.54 -3.02
v  -7.38 29.85 -3.31
v  -7.55 30.08 -3.55
v  -7.74 30.29 -3.83
v  -7.99 30.54 -4.18
v  -8.25 30.80 -4.56
v  -8.52 31.08 -4.95
v  -8.77 31.33 -5.30
v  -9.01 31.53 -5.63
v  -9.26 31.66 -5.98
v  -9.52 31.78 -6.34
v  -9.74 31.89 -6.66
v  -9.91 31.97 -6.91
v  -10.03 32.04 -7.10
v  -10.11 32.08 -7.23
v  -4.68 24.87 1.14
v  -4.89 25.05 0.85
v  -4.44 24.82 1.37
v  -4.22 24.81 1.44
v  -5.03 25.33 0.58
v  -5.15 25.65 0.33
v  -5.27 25.98 0.09
v  -5.40 26.33 -0.16
v  -5.55 26.73 -0.44
v  -5.77 27.19 -0.77
v  -6.03 27.74 -1.16
v  -6.32 28.31 -1.60
v  -6.62 28.75 -1.99
v  -6.83 29.04 -2.28
v  -7.02 29.30 -2.56
v  -7.25 29.61 -2.88
v  -7.45 29.90 -3.20
v  -7.62 30.13 -3.46
v  -7.81 30.35 -3.72
v  -8.07 30.62 -4.09
v  -8.33 30.87 -4.46
v  -8.60 31.15 -4.87
v  -8.85 31.39 -5.23
v  -9.06 31.57 -5.58
v  -9.31 31.70 -5.91
v  -9.59 31.84 -6.31
v  -9.80 31.94 -6.63
v  -9.96 32.02 -6.89
v  -10.09 32.08 -7.09
v  -10.15 32.10 -7.20
v  -5.65 25.82 0.40
v  -5.09 25.89 0.09
v  -4.66 24.72 0.69
v  -5.22 24.65 1.01
v  -6.26 25.61 0.60
v  -5.83 24.44 1.21
v  -6.91 25.26 0.69
v  -6.49 24.09 1.29
v  -7.62 24.76 0.65
v  -7.20 23.59 1.26
v  -8.39 24.13 0.50
v  -7.96 22.95 1.10
v  -6.08 26.91 -0.22
v  -5.52 26.98 -0.53
v  -6.69 26.70 -0.02
v  -7.35 26.35 0.06
v  -8.06 25.85 0.03
v  -8.82 25.22 -0.12
v  -6.69 28.04 -1.09
v  -6.13 28.11 -1.41
v  -7.30 27.83 -0.89
v  -7.96 27.48 -0.81
v  -8.67 26.98 -0.84
v  -9.43 26.35 -0.99
v  -7.30 29.02 -1.96
v  -6.75 29.09 -2.28
v  -7.91 28.81 -1.76
v  -8.57 28.46 -1.68
v  -9.28 27.96 -1.72
v  -10.04 27.33 -1.87
v  -8.03 30.00 -3.01
v  -7.48 30.07 -3.32
v  -8.64 29.79 -2.81
v  -9.30 29.44 -2.72
v  -10.01 28.94 -2.76
v  -10.77 28.31 -2.91
v  -9.06 31.25 -4.48
v  -8.51 31.32 -4.79
v  -9.67 31.04 -4.28
v  -10.33 30.68 -4.20
v  -11.04 30.19 -4.23
v  -11.80 29.55 -4.38
v  -9.96 31.76 -5.76
v  -9.40 31.83 -6.07
v  -10.57 31.55 -5.56
v  -11.23 31.20 -5.47
v  -11.94 30.71 -5.51
v  -12.70 30.07 -5.66
v  -10.75 32.03 -6.89
v  -10.19 32.10 -7.20
v  -11.36 31.82 -6.69
v  -12.02 31.47 -6.60
v  -12.73 30.97 -6.64
v  -13.49 30.34 -6.79
v  -11.98 32.42 -8.65
v  -11.43 32.49 -8.97
v  -12.59 32.21 -8.45
v  -13.25 31.85 -8.37
v  -13.96 31.36 -8.40
v  -14.72 30.72 -8.55
v  -4.47 25.82 -0.42
v  -4.04 24.65 0.18
v  -4.53 24.72 0.60
v  -4.96 25.89 -0.00
v  -4.07 25.61 -0.92
v  -3.65 24.44 -0.32
v  -3.77 25.26 -1.52
v  -3.35 24.09 -0.91
v  -3.56 24.76 -2.20
v  -3.14 23.59 -1.59
v  -3.44 24.13 -2.96
v  -3.02 22.95 -2.36
v  -4.90 26.91 -1.04
v  -5.39 26.98 -0.63
v  -4.51 26.70 -1.55
v  -4.20 26.35 -2.14
v  -3.99 25.85 -2.82
v  -3.88 25.22 -3.58
v  -5.51 28.04 -1.91
v  -6.00 28.11 -1.50
v  -5.12 27.83 -2.42
v  -4.82 27.48 -3.01
v  -4.61 26.98 -3.69
v  -4.49 26.35 -4.46
v  -6.13 29.02 -2.79
v  -6.62 29.09 -2.37
v  -5.73 28.81 -3.29
v  -5.43 28.46 -3.88
v  -5.22 27.96 -4.56
v  -5.10 27.33 -5.33
v  -6.86 30.00 -3.83
v  -7.34 30.07 -3.41
v  -6.46 29.79 -4.33
v  -6.16 29.44 -4.93
v  -5.95 28.94 -5.61
v  -5.83 28.31 -6.37
v  -7.89 31.25 -5.30
v  -8.38 31.32 -4.89
v  -7.49 31.04 -5.81
v  -7.19 30.68 -6.40
v  -6.98 30.19 -7.08
v  -6.86 29.55 -7.84
v  -8.78 31.76 -6.58
v  -9.27 31.83 -6.16
v  -8.39 31.55 -7.09
v  -8.08 31.20 -7.68
v  -7.87 30.71 -8.36
v  -7.76 30.07 -9.12
v  -9.57 32.03 -7.71
v  -10.06 32.10 -7.30
v  -9.18 31.82 -8.22
v  -8.87 31.47 -8.81
v  -8.66 30.97 -9.49
v  -8.55 30.34 -10.25
v  -10.81 32.42 -9.47
v  -11.30 32.49 -9.06
v  -10.41 32.21 -9.98
v  -10.11 31.85 -10.57
v  -9.90 31.36 -11.25
v  -9.78 30.72 -12.01
v  -4.46 26.18 1.18
v  -4.32 26.19 1.19
v  -4.33 25.89 1.22
v  -4.48 25.89 1.18
v  -4.33 25.59 1.21
v  -4.50 25.60 1.14
v  -4.51 25.31 1.08
v  -4.32 25.28 1.14
v  -4.15 25.60 1.14
v  -4.13 25.31 1.07
v  -4.18 26.20 1.17
v  -4.17 25.90 1.17
v  -4.44 26.50 1.19
v  -4.32 26.50 1.16
v  -4.19 26.51 1.18
v  -4.32 26.89 1.13
v  -4.20 26.90 1.19
v  -4.43 26.89 1.19
v  -4.43 27.37 1.19
v  -4.32 27.38 1.13
v  -4.21 27.37 1.18
v  -4.43 27.92 1.20
v  -4.32 27.92 1.14
v  -4.20 27.92 1.19
v  -4.43 28.50 1.25
v  -4.32 28.50 1.19
v  -4.21 28.50 1.24
v  -4.42 28.99 1.32
v  -4.32 29.00 1.28
v  -4.21 29.00 1.32
v  -4.32 29.35 1.33
v  -4.42 29.34 1.38
v  -4.21 29.34 1.37
v  -4.42 29.64 1.45
v  -4.31 29.65 1.41
v  -4.21 29.65 1.44
v  -4.42 30.03 1.53
v  -4.31 30.04 1.47
v  -4.21 30.03 1.53
v  -4.41 30.38 1.62
v  -4.31 30.39 1.58
v  -4.22 30.39 1.62
v  -4.40 30.66 1.70
v  -4.31 30.67 1.65
v  -4.23 30.66 1.69
v  -4.41 30.96 1.78
v  -4.32 30.97 1.73
v  -4.22 30.95 1.77
v  -4.32 31.34 1.86
v  -4.40 31.33 1.91
v  -4.23 31.33 1.90
v  -4.41 31.70 2.05
v  -4.32 31.73 1.99
v  -4.23 31.71 2.05
v  -4.32 32.11 2.17
v  -4.40 32.09 2.20
v  -4.23 32.09 2.20
v  -4.40 32.44 2.34
v  -4.32 32.47 2.30
v  -4.23 32.45 2.34
v  -4.39 32.76 2.50
v  -4.31 32.78 2.47
v  -4.24 32.76 2.50
v  -4.31 33.06 2.66
v  -4.38 33.04 2.69
v  -4.25 33.03 2.69
v  -4.32 33.37 2.88
v  -4.39 33.34 2.90
v  -4.25 33.35 2.91
v  -4.32 33.61 3.08
v  -4.38 33.58 3.09
v  -4.26 33.60 3.10
v  -4.37 33.78 3.24
v  -4.32 33.80 3.23
v  -4.27 33.78 3.24
v  -4.36 33.93 3.35
v  -4.32 33.95 3.34
v  -4.27 33.93 3.35
v  -4.36 34.02 3.41
v  -4.32 34.03 3.41
v  -4.28 34.02 3.41
v  -4.35 34.05 3.45
v  -4.32 34.06 3.45
v  -4.29 34.05 3.45
v  -4.50 25.05 0.97
v  -4.32 25.03 0.98
v  -4.13 25.06 0.97
v  -4.48 24.87 0.87
v  -4.30 24.78 0.79
v  -4.14 24.87 0.88
v  -4.60 25.59 1.31
v  -4.56 25.89 1.32
v  -4.52 26.19 1.31
v  -4.64 25.27 1.26
v  -4.63 24.98 1.15
v  -4.54 24.79 1.00
v  -4.48 26.53 1.30
v  -4.45 26.93 1.30
v  -4.44 27.40 1.31
v  -4.42 27.94 1.33
v  -4.40 28.49 1.36
v  -4.41 28.97 1.44
v  -4.42 29.32 1.51
v  -4.42 29.64 1.57
v  -4.42 30.01 1.65
v  -4.40 30.36 1.72
v  -4.40 30.64 1.79
v  -4.40 30.93 1.88
v  -4.40 31.29 2.01
v  -4.40 31.66 2.14
v  -4.39 32.05 2.29
v  -4.38 32.40 2.43
v  -4.37 32.71 2.57
v  -4.37 32.99 2.76
v  -4.37 33.28 2.96
v  -4.36 33.53 3.13
v  -4.36 33.73 3.27
v  -4.36 33.88 3.37
v  -4.36 33.98 3.43
v  -4.35 34.02 3.46
v  -4.32 34.02 3.47
v  -4.29 34.02 3.46
v  -4.40 24.70 0.91
v  -4.35 25.22 1.49
v  -4.34 25.56 1.47
v  -4.33 24.95 1.29
v  -4.31 24.72 1.15
v  -4.30 24.68 0.97
v  -4.34 25.88 1.45
v  -4.34 26.20 1.42
v  -4.33 26.55 1.40
v  -4.33 26.95 1.39
v  -4.33 27.41 1.39
v  -4.32 27.94 1.38
v  -4.31 28.50 1.40
v  -4.31 28.98 1.49
v  -4.30 29.33 1.57
v  -4.31 29.64 1.64
v  -4.31 30.01 1.72
v  -4.31 30.37 1.77
v  -4.31 30.64 1.83
v  -4.31 30.92 1.92
v  -4.31 31.28 2.05
v  -4.31 31.65 2.19
v  -4.31 32.04 2.33
v  -4.31 32.39 2.46
v  -4.31 32.71 2.59
v  -4.30 32.98 2.78
v  -4.30 33.28 2.98
v  -4.30 33.52 3.14
v  -4.30 33.71 3.28
v  -4.31 33.87 3.38
v  -4.31 33.96 3.44
v  -4.05 24.98 1.19
v  -4.05 25.26 1.30
v  -4.10 24.80 1.02
v  -4.21 24.70 0.91
v  -4.08 25.57 1.34
v  -4.11 25.89 1.35
v  -4.14 26.20 1.33
v  -4.17 26.54 1.33
v  -4.20 26.92 1.32
v  -4.20 27.38 1.33
v  -4.21 27.92 1.33
v  -4.22 28.50 1.36
v  -4.21 29.00 1.43
v  -4.20 29.34 1.49
v  -4.20 29.65 1.56
v  -4.20 30.02 1.64
v  -4.22 30.37 1.72
v  -4.23 30.65 1.78
v  -4.22 30.94 1.87
v  -4.22 31.31 1.99
v  -4.22 31.67 2.14
v  -4.23 32.07 2.28
v  -4.24 32.42 2.42
v  -4.25 32.73 2.56
v  -4.24 33.00 2.74
v  -4.24 33.31 2.95
v  -4.25 33.56 3.13
v  -4.26 33.75 3.26
v  -4.27 33.90 3.37
v  -4.28 33.98 3.43
v  -3.77 26.09 1.39
v  -4.26 26.10 1.32
v  -4.26 25.07 1.46
v  -3.77 25.06 1.53
v  -3.31 26.06 1.60
v  -3.31 25.03 1.74
v  -2.87 26.01 1.95
v  -2.87 24.97 2.09
v  -2.45 25.93 2.44
v  -2.45 24.90 2.58
v  -2.04 25.84 3.07
v  -2.04 24.80 3.21
v  -3.77 27.09 1.30
v  -4.26 27.10 1.23
v  -3.31 27.05 1.51
v  -2.87 27.00 1.86
v  -2.45 26.93 2.35
v  -2.04 26.83 2.98
v  -3.77 28.25 1.37
v  -4.26 28.26 1.30
v  -3.31 28.22 1.58
v  -2.87 28.17 1.93
v  -2.45 28.09 2.42
v  -2.04 28.00 3.05
v  -3.77 29.33 1.51
v  -4.26 29.34 1.44
v  -3.31 29.30 1.72
v  -2.87 29.25 2.07
v  -2.45 29.17 2.56
v  -2.04 29.08 3.19
v  -3.77 30.51 1.77
v  -4.26 30.52 1.70
v  -3.31 30.48 1.98
v  -2.87 30.43 2.33
v  -2.45 30.35 2.82
v  -2.04 30.26 3.45
v  -3.77 32.10 2.20
v  -4.26 32.11 2.13
v  -3.31 32.07 2.41
v  -2.87 32.02 2.76
v  -2.45 31.94 3.25
v  -2.04 31.85 3.88
v  -3.77 33.15 2.85
v  -4.26 33.16 2.78
v  -3.31 33.12 3.06
v  -2.87 33.07 3.41
v  -2.45 32.99 3.90
v  -2.04 32.90 4.53
v  -3.77 33.98 3.52
v  -4.26 33.99 3.45
v  -3.31 33.94 3.73
v  -2.87 33.89 4.08
v  -2.45 33.82 4.57
v  -2.04 33.72 5.20
v  -3.77 35.24 4.57
v  -4.26 35.25 4.50
v  -3.31 35.21 4.78
v  -2.87 35.15 5.13
v  -2.45 35.08 5.62
v  -2.04 34.98 6.25
v  -4.86 26.09 1.39
v  -4.86 25.06 1.53
v  -4.38 25.07 1.46
v  -4.38 26.10 1.32
v  -5.32 26.06 1.60
v  -5.32 25.03 1.74
v  -5.76 26.01 1.95
v  -5.76 24.97 2.09
v  -6.18 25.93 2.44
v  -6.18 24.90 2.58
v  -6.59 25.84 3.07
v  -6.59 24.80 3.21
v  -4.86 27.09 1.30
v  -4.38 27.10 1.23
v  -5.32 27.05 1.51
v  -5.76 27.00 1.86
v  -6.18 26.93 2.35
v  -6.59 26.83 2.98
v  -4.86 28.25 1.37
v  -4.38 28.26 1.30
v  -5.32 28.22 1.58
v  -5.76 28.17 1.93
v  -6.18 28.09 2.42
v  -6.59 28.00 3.05
v  -4.86 29.33 1.51
v  -4.38 29.34 1.44
v  -5.32 29.30 1.72
v  -5.76 29.25 2.07
v  -6.18 29.17 2.56
v  -6.59 29.08 3.19
v  -4.86 30.51 1.77
v  -4.38 30.52 1.70
v  -5.32 30.48 1.98
v  -5.76 30.43 2.33
v  -6.18 30.35 2.82
v  -6.59 30.26 3.45
v  -4.86 32.10 2.20
v  -4.38 32.11 2.13
v  -5.32 32.07 2.41
v  -5.76 32.02 2.76
v  -6.18 31.94 3.25
v  -6.59 31.85 3.88
v  -4.86 33.15 2.85
v  -4.38 33.16 2.78
v  -5.32 33.12 3.06
v  -5.76 33.07 3.41
v  -6.18 32.99 3.90
v  -6.59 32.90 4.53
v  -4.86 33.98 3.52
v  -4.38 33.99 3.45
v  -5.32 33.94 3.73
v  -5.76 33.89 4.08
v  -6.18 33.82 4.57
v  -6.59 33.72 5.20
v  -4.86 35.24 4.57
v  -4.38 35.25 4.50
v  -5.32 35.21 4.78
v  -5.76 35.15 5.13
v  -6.18 35.08 5.62
v  -6.59 34.98 6.25
v  -4.94 26.01 0.91
v  -4.95 26.01 1.04
v  -4.85 25.74 1.04
v  -4.82 25.75 0.89
v  -4.71 25.47 1.04
v  -4.66 25.51 0.86
v  -4.47 25.27 0.86
v  -4.52 25.22 1.04
v  -4.65 25.51 1.22
v  -4.47 25.27 1.24
v  -4.94 26.03 1.19
v  -4.81 25.76 1.20
v  -5.08 26.30 0.92
v  -5.06 26.31 1.05
v  -5.07 26.31 1.18
v  -5.20 26.68 1.05
v  -5.25 26.66 1.16
v  -5.24 26.66 0.94
v  -5.45 27.09 0.94
v  -5.40 27.12 1.05
v  -5.45 27.09 1.16
v  -5.69 27.58 0.94
v  -5.64 27.61 1.05
v  -5.68 27.58 1.16
v  -5.98 28.08 0.94
v  -5.93 28.11 1.05
v  -5.98 28.09 1.16
v  -6.25 28.50 0.94
v  -6.22 28.53 1.05
v  -6.25 28.51 1.15
v  -6.41 28.82 1.05
v  -6.46 28.79 0.94
v  -6.45 28.80 1.15
v  -6.64 29.04 0.95
v  -6.61 29.06 1.05
v  -6.64 29.05 1.15
v  -6.88 29.35 0.95
v  -6.83 29.39 1.05
v  -6.88 29.36 1.16
v  -7.12 29.64 0.96
v  -7.08 29.66 1.05
v  -7.12 29.64 1.14
v  -7.30 29.86 0.96
v  -7.26 29.89 1.05
v  -7.30 29.86 1.14
v  -7.50 30.09 0.96
v  -7.46 30.12 1.05
v  -7.49 30.09 1.14
v  -7.74 30.40 1.05
v  -7.78 30.37 0.96
v  -7.77 30.37 1.14
v  -8.06 30.65 0.96
v  -8.02 30.70 1.05
v  -8.06 30.65 1.14
v  -8.34 30.97 1.05
v  -8.36 30.93 0.97
v  -8.36 30.94 1.13
v  -8.64 31.20 0.97
v  -8.61 31.24 1.05
v  -8.64 31.20 1.14
v  -8.92 31.42 0.98
v  -8.90 31.45 1.05
v  -8.92 31.41 1.12
v  -9.19 31.62 1.05
v  -9.20 31.59 0.98
v  -9.20 31.59 1.11
v  -9.52 31.81 1.05
v  -9.52 31.77 0.98
v  -9.53 31.78 1.11
v  -9.80 31.95 1.05
v  -9.80 31.92 0.99
v  -9.81 31.93 1.10
v  -10.02 32.03 1.00
v  -10.01 32.05 1.05
v  -10.02 32.04 1.10
v  -10.18 32.12 1.00
v  -10.18 32.14 1.05
v  -10.18 32.12 1.09
v  -10.28 32.17 1.01
v  -10.28 32.19 1.05
v  -10.27 32.17 1.09
v  -10.32 32.19 1.02
v  -10.33 32.19 1.05
v  -10.32 32.19 1.07
v  -4.27 25.08 0.87
v  -4.27 25.06 1.05
v  -4.27 25.09 1.24
v  -4.11 24.96 0.89
v  -4.00 24.90 1.07
v  -4.11 24.96 1.23
v  -4.81 25.42 0.77
v  -4.94 25.69 0.80
v  -5.06 25.96 0.84
v  -4.63 25.15 0.73
v  -4.40 24.94 0.74
v  -4.19 24.83 0.82
v  -5.20 26.27 0.88
v  -5.37 26.64 0.92
v  -5.58 27.07 0.93
v  -5.81 27.54 0.94
v  -6.08 28.03 0.97
v  -6.35 28.43 0.96
v  -6.56 28.72 0.95
v  -6.76 28.98 0.95
v  -6.99 29.29 0.95
v  -7.20 29.58 0.96
v  -7.38 29.80 0.97
v  -7.58 30.03 0.97
v  -7.85 30.30 0.97
v  -8.12 30.57 0.96
v  -8.42 30.86 0.98
v  -8.70 31.12 0.99
v  -8.96 31.34 1.00
v  -9.25 31.52 1.00
v  -9.55 31.70 1.00
v  -9.81 31.85 1.00
v  -10.02 31.97 1.01
v  -10.18 32.06 1.01
v  -10.28 32.13 1.01
v  -10.32 32.16 1.02
v  -10.33 32.15 1.05
v  -10.32 32.16 1.07
v  -4.06 24.78 0.96
v  -4.81 25.01 1.02
v  -4.94 25.33 1.02
v  -4.52 24.85 1.04
v  -4.30 24.70 1.05
v  -4.12 24.74 1.06
v  -5.05 25.63 1.03
v  -5.16 25.93 1.03
v  -5.30 26.25 1.03
v  -5.45 26.62 1.03
v  -5.65 27.04 1.04
v  -5.87 27.52 1.05
v  -6.12 28.02 1.05
v  -6.40 28.42 1.06
v  -6.62 28.70 1.06
v  -6.81 28.96 1.06
v  -7.04 29.26 1.06
v  -7.24 29.56 1.06
v  -7.41 29.78 1.06
v  -7.62 30.00 1.06
v  -7.88 30.27 1.06
v  -8.16 30.54 1.06
v  -8.45 30.84 1.06
v  -8.72 31.10 1.06
v  -8.97 31.33 1.06
v  -9.26 31.51 1.06
v  -9.56 31.68 1.07
v  -9.82 31.84 1.07
v  -10.02 31.96 1.06
v  -10.18 32.05 1.06
v  -10.28 32.11 1.05
v  -4.44 24.93 1.32
v  -4.66 25.13 1.32
v  -4.21 24.83 1.27
v  -4.07 24.79 1.16
v  -4.83 25.39 1.29
v  -4.97 25.68 1.26
v  -5.09 25.97 1.22
v  -5.22 26.28 1.20
v  -5.38 26.63 1.17
v  -5.58 27.04 1.16
v  -5.81 27.53 1.16
v  -6.08 28.04 1.14
v  -6.35 28.46 1.16
v  -6.56 28.75 1.17
v  -6.75 29.00 1.16
v  -6.98 29.30 1.16
v  -7.20 29.59 1.15
v  -7.37 29.81 1.14
v  -7.57 30.04 1.15
v  -7.84 30.32 1.15
v  -8.13 30.59 1.15
v  -8.42 30.89 1.14
v  -8.70 31.15 1.13
v  -8.96 31.36 1.12
v  -9.23 31.53 1.13
v  -9.56 31.73 1.12
v  -9.82 31.88 1.12
v  -10.03 31.99 1.11
v  -10.19 32.08 1.10
v  -10.27 32.13 1.09
v  -5.09 25.84 1.59
v  -5.03 25.88 1.11
v  -4.73 24.89 1.11
v  -4.78 24.85 1.59
v  -5.27 25.73 2.05
v  -4.96 24.73 2.05
v  -5.56 25.53 2.50
v  -5.25 24.53 2.50
v  -5.98 25.26 2.92
v  -5.67 24.26 2.92
v  -6.51 24.90 3.32
v  -6.20 23.91 3.32
v  -5.43 26.78 1.59
v  -5.37 26.82 1.11
v  -5.61 26.67 2.05
v  -5.90 26.47 2.50
v  -6.32 26.20 2.92
v  -6.85 25.84 3.32
v  -5.99 27.81 1.59
v  -5.93 27.85 1.11
v  -6.16 27.69 2.05
v  -6.46 27.50 2.50
v  -6.87 27.22 2.92
v  -7.40 26.87 3.32
v  -6.57 28.73 1.59
v  -6.51 28.77 1.11
v  -6.75 28.62 2.05
v  -7.04 28.42 2.50
v  -7.45 28.14 2.92
v  -7.99 27.79 3.32
v  -7.30 29.69 1.59
v  -7.25 29.73 1.11
v  -7.48 29.58 2.05
v  -7.77 29.38 2.50
v  -8.19 29.10 2.92
v  -8.72 28.75 3.32
v  -8.37 30.95 1.59
v  -8.31 30.99 1.11
v  -8.54 30.83 2.05
v  -8.84 30.64 2.50
v  -9.25 30.36 2.92
v  -9.78 30.01 3.32
v  -9.40 31.63 1.59
v  -9.34 31.67 1.11
v  -9.58 31.51 2.05
v  -9.87 31.31 2.50
v  -10.28 31.04 2.92
v  -10.82 30.69 3.32
v  -10.35 32.09 1.59
v  -10.29 32.13 1.11
v  -10.53 31.97 2.05
v  -10.82 31.78 2.50
v  -11.24 31.50 2.92
v  -11.77 31.15 3.32
v  -11.84 32.79 1.59
v  -11.78 32.83 1.11
v  -12.02 32.67 2.05
v  -12.31 32.48 2.50
v  -12.72 32.20 2.92
v  -13.26 31.85 3.32
v  -5.09 25.84 0.51
v  -4.78 24.85 0.51
v  -4.73 24.89 0.99
v  -5.03 25.88 0.99
v  -5.27 25.73 0.05
v  -4.96 24.73 0.05
v  -5.56 25.53 -0.39
v  -5.25 24.53 -0.39
v  -5.98 25.26 -0.82
v  -5.67 24.26 -0.82
v  -6.51 24.90 -1.22
v  -6.20 23.91 -1.22
v  -5.43 26.78 0.51
v  -5.37 26.82 0.99
v  -5.61 26.67 0.05
v  -5.90 26.47 -0.39
v  -6.32 26.20 -0.82
v  -6.85 25.84 -1.22
v  -5.99 27.81 0.51
v  -5.93 27.85 0.99
v  -6.16 27.69 0.05
v  -6.46 27.50 -0.39
v  -6.87 27.22 -0.82
v  -7.40 26.87 -1.22
v  -6.57 28.73 0.51
v  -6.51 28.77 0.99
v  -6.75 28.62 0.05
v  -7.04 28.42 -0.39
v  -7.45 28.14 -0.82
v  -7.99 27.79 -1.22
v  -7.30 29.69 0.51
v  -7.25 29.73 0.99
v  -7.48 29.58 0.05
v  -7.77 29.38 -0.39
v  -8.19 29.10 -0.82
v  -8.72 28.75 -1.22
v  -8.37 30.95 0.51
v  -8.31 30.99 0.99
v  -8.54 30.83 0.05
v  -8.84 30.64 -0.39
v  -9.25 30.36 -0.82
v  -9.78 30.01 -1.22
v  -9.40 31.63 0.51
v  -9.34 31.67 0.99
v  -9.58 31.51 0.05
v  -9.87 31.31 -0.39
v  -10.28 31.04 -0.82
v  -10.82 30.69 -1.22
v  -10.35 32.09 0.51
v  -10.29 32.13 0.99
v  -10.53 31.97 0.05
v  -10.82 31.78 -0.39
v  -11.24 31.50 -0.82
v  -11.77 31.15 -1.22
v  -11.84 32.79 0.51
v  -11.78 32.83 0.99
v  -12.02 32.67 0.05
v  -12.31 32.48 -0.39
v  -12.72 32.20 -0.82
v  -13.26 31.85 -1.22
v  -2.98 24.43 1.77
v  -2.91 24.40 1.60
v  -3.28 24.47 1.47
v  -3.33 24.53 1.67
v  -3.64 24.58 1.34
v  -3.68 24.68 1.56
v  -4.02 24.86 1.44
v  -3.98 24.77 1.19
v  -3.52 24.65 1.12
v  -3.84 24.83 0.97
v  -2.83 24.41 1.43
v  -3.19 24.51 1.28
v  -2.59 24.32 1.89
v  -2.53 24.34 1.74
v  -2.46 24.31 1.58
v  -2.04 24.24 1.92
v  -2.00 24.17 1.78
v  -2.11 24.19 2.06
v  -1.53 24.03 2.27
v  -1.46 24.09 2.14
v  -1.43 24.01 1.99
v  -0.88 23.83 2.52
v  -0.81 23.89 2.39
v  -0.77 23.82 2.24
v  -0.20 23.57 2.78
v  -0.12 23.64 2.64
v  -0.09 23.56 2.50
v  0.37 23.32 2.99
v  0.45 23.36 2.87
v  0.48 23.31 2.74
v  0.85 23.18 3.02
v  0.77 23.12 3.15
v  0.88 23.12 2.89
v  1.12 22.94 3.27
v  1.19 22.98 3.15
v  1.23 22.93 3.02
v  1.56 22.71 3.45
v  1.65 22.78 3.33
v  1.66 22.69 3.19
v  1.96 22.47 3.59
v  2.03 22.52 3.48
v  2.05 22.45 3.36
v  2.28 22.29 3.71
v  2.34 22.33 3.61
v  2.36 22.28 3.49
v  2.60 22.08 3.84
v  2.67 22.13 3.74
v  2.68 22.08 3.61
v  3.08 21.84 3.90
v  3.00 21.79 4.00
v  3.08 21.78 3.79
v  3.40 21.49 4.17
v  3.50 21.54 4.07
v  3.49 21.47 3.95
v  3.89 21.19 4.23
v  3.82 21.16 4.33
v  3.90 21.15 4.12
v  4.21 20.87 4.49
v  4.28 20.90 4.39
v  4.28 20.86 4.28
v  4.53 20.55 4.61
v  4.61 20.58 4.52
v  4.60 20.54 4.42
v  4.88 20.25 4.64
v  4.81 20.22 4.72
v  4.86 20.22 4.55
v  5.18 19.86 4.78
v  5.10 19.85 4.85
v  5.18 19.83 4.69
v  5.40 19.53 4.88
v  5.34 19.53 4.94
v  5.41 19.50 4.81
v  5.53 19.27 5.01
v  5.58 19.28 4.96
v  5.58 19.26 4.89
v  5.67 19.08 5.07
v  5.72 19.08 5.02
v  5.72 19.07 4.96
v  5.76 18.97 5.10
v  5.80 18.96 5.06
v  5.79 18.97 5.01
v  5.79 18.91 5.10
v  5.82 18.90 5.07
v  5.82 18.90 5.04
v  -4.29 25.08 1.32
v  -4.23 25.06 1.08
v  -4.11 25.05 0.86
v  -4.46 25.26 1.21
v  -4.47 25.38 0.95
v  -4.31 25.22 0.79
v  -3.80 24.47 1.67
v  -3.42 24.36 1.76
v  -3.04 24.27 1.85
v  -4.18 24.64 1.58
v  -4.48 24.88 1.44
v  -4.63 25.13 1.25
v  -2.61 24.16 1.95
v  -2.11 24.02 2.09
v  -1.54 23.86 2.29
v  -0.90 23.66 2.51
v  -0.23 23.43 2.74
v  0.32 23.17 2.96
v  0.71 22.97 3.13
v  1.08 22.78 3.27
v  1.50 22.56 3.44
v  1.91 22.35 3.57
v  2.22 22.17 3.69
v  2.54 21.96 3.82
v  2.93 21.68 3.98
v  3.32 21.38 4.14
v  3.75 21.06 4.30
v  4.13 20.77 4.44
v  4.47 20.48 4.56
v  4.74 20.15 4.68
v  5.02 19.80 4.80
v  5.26 19.49 4.90
v  5.46 19.25 4.98
v  5.61 19.07 5.04
v  5.71 18.95 5.08
v  5.75 18.91 5.09
v  5.77 18.89 5.05
v  5.78 18.90 5.02
v  -4.65 25.27 1.04
v  -4.19 24.34 1.18
v  -3.77 24.25 1.33
v  -4.44 24.69 1.04
v  -4.66 24.94 0.93
v  -4.65 25.18 0.90
v  -3.37 24.18 1.48
v  -2.98 24.11 1.61
v  -2.56 24.01 1.77
v  -2.07 23.90 1.95
v  -1.51 23.75 2.15
v  -0.87 23.58 2.38
v  -0.19 23.37 2.63
v  0.36 23.10 2.84
v  0.75 22.88 2.99
v  1.11 22.69 3.13
v  1.53 22.47 3.29
v  1.94 22.28 3.45
v  2.25 22.11 3.58
v  2.56 21.90 3.70
v  2.94 21.62 3.85
v  3.34 21.32 4.02
v  3.76 21.01 4.19
v  4.15 20.73 4.34
v  4.48 20.45 4.48
v  4.75 20.12 4.59
v  5.04 19.77 4.71
v  5.28 19.47 4.82
v  5.46 19.24 4.90
v  5.61 19.05 4.98
v  5.71 18.94 5.02
v  -4.24 24.79 0.72
v  -3.95 24.54 0.83
v  -4.43 25.07 0.70
v  -4.56 25.24 0.80
v  -3.60 24.40 1.01
v  -3.23 24.28 1.19
v  -2.86 24.20 1.38
v  -2.47 24.10 1.56
v  -2.01 23.98 1.77
v  -1.46 23.83 1.99
v  -0.82 23.64 2.24
v  -0.13 23.42 2.52
v  0.45 23.16 2.72
v  0.84 22.96 2.86
v  1.19 22.77 3.00
v  1.61 22.55 3.17
v  2.00 22.34 3.35
v  2.31 22.17 3.48
v  2.63 21.96 3.60
v  3.03 21.68 3.76
v  3.43 21.37 3.92
v  3.85 21.05 4.10
v  4.23 20.76 4.27
v  4.54 20.48 4.42
v  4.81 20.16 4.52
v  5.12 19.78 4.66
v  5.35 19.47 4.77
v  5.53 19.24 4.86
v  5.67 19.05 4.94
v  5.74 18.95 4.99
v  -2.85 24.14 0.87
v  -3.03 24.26 1.47
v  -4.32 24.42 1.00
v  -4.14 24.30 0.39
v  -2.75 23.84 0.27
v  -4.04 24.00 -0.21
v  -2.74 23.37 -0.32
v  -4.03 23.53 -0.80
v  -2.80 22.74 -0.90
v  -4.09 22.89 -1.38
v  -2.95 21.92 -1.48
v  -4.24 22.08 -1.95
v  -1.62 23.92 1.32
v  -1.80 24.04 1.93
v  -1.52 23.63 0.72
v  -1.51 23.16 0.13
v  -1.57 22.52 -0.45
v  -1.72 21.71 -1.02
v  -0.24 23.45 1.84
v  -0.42 23.57 2.45
v  -0.14 23.16 1.25
v  -0.12 22.69 0.66
v  -0.19 22.05 0.07
v  -0.34 21.24 -0.50
v  1.02 22.91 2.33
v  0.84 23.03 2.94
v  1.12 22.62 1.73
v  1.13 22.15 1.14
v  1.07 21.51 0.56
v  0.92 20.70 -0.01
v  2.35 22.19 2.85
v  2.17 22.31 3.46
v  2.45 21.90 2.25
v  2.47 21.43 1.66
v  2.40 20.79 1.08
v  2.25 19.98 0.51
v  4.12 21.11 3.55
v  3.94 21.23 4.16
v  4.22 20.82 2.96
v  4.23 20.35 2.37
v  4.17 19.71 1.78
v  4.02 18.90 1.21
v  5.17 19.93 4.01
v  4.99 20.05 4.61
v  5.27 19.63 3.41
v  5.28 19.17 2.82
v  5.22 18.53 2.24
v  5.07 17.72 1.66
v  5.93 18.80 4.35
v  5.75 18.92 4.96
v  6.03 18.51 3.75
v  6.05 18.04 3.16
v  5.98 17.40 2.58
v  5.84 16.59 2.01
v  7.10 17.03 4.88
v  6.92 17.15 5.49
v  7.20 16.74 4.28
v  7.22 16.27 3.69
v  7.15 15.63 3.11
v  7.00 14.82 2.54
v  -3.33 24.22 2.22
v  -4.63 24.38 1.74
v  -4.38 24.43 1.15
v  -3.08 24.27 1.62
v  -3.65 24.00 2.77
v  -4.94 24.16 2.30
v  -4.03 23.60 3.28
v  -5.32 23.76 2.81
v  -4.47 23.03 3.76
v  -5.77 23.19 3.29
v  -4.98 22.28 4.19
v  -6.27 22.44 3.72
v  -2.10 24.01 2.67
v  -1.85 24.05 2.08
v  -2.42 23.79 3.22
v  -2.80 23.39 3.74
v  -3.24 22.82 4.21
v  -3.75 22.07 4.65
v  -0.72 23.54 3.20
v  -0.47 23.58 2.60
v  -1.04 23.31 3.75
v  -1.42 22.92 4.26
v  -1.86 22.35 4.74
v  -2.37 21.60 5.17
v  0.53 23.00 3.68
v  0.78 23.04 3.09
v  0.22 22.78 4.23
v  -0.16 22.38 4.75
v  -0.61 21.81 5.22
v  -1.11 21.06 5.66
v  1.87 22.28 4.20
v  2.12 22.32 3.61
v  1.55 22.05 4.76
v  1.17 21.66 5.27
v  0.73 21.08 5.75
v  0.22 20.34 6.18
v  3.64 21.20 4.91
v  3.89 21.24 4.31
v  3.32 20.97 5.46
v  2.94 20.58 5.97
v  2.50 20.00 6.45
v  1.99 19.26 6.88
v  4.68 20.01 5.36
v  4.94 20.06 4.76
v  4.37 19.79 5.91
v  3.99 19.39 6.42
v  3.55 18.82 6.90
v  3.04 18.07 7.33
v  5.45 18.88 5.70
v  5.70 18.93 5.11
v  5.13 18.66 6.26
v  4.76 18.27 6.77
v  4.31 17.69 7.25
v  3.80 16.95 7.68
v  6.62 17.12 6.23
v  6.87 17.16 5.64
v  6.30 16.89 6.79
v  5.92 16.50 7.30
v  5.48 15.92 7.78
v  4.97 15.18 8.21
v  -5.82 24.67 1.54
v  -5.75 24.65 1.71
v  -5.40 24.66 1.54
v  -5.49 24.71 1.35
v  -5.04 24.71 1.37
v  -5.16 24.79 1.17
v  -4.81 24.91 1.00
v  -4.67 24.83 1.21
v  -4.96 24.80 1.59
v  -4.60 24.92 1.46
v  -5.68 24.68 1.89
v  -5.32 24.71 1.74
v  -6.19 24.63 1.74
v  -6.13 24.66 1.89
v  -6.06 24.64 2.05
v  -6.60 24.65 2.11
v  -6.54 24.58 2.25
v  -6.66 24.58 1.98
v  -7.23 24.53 2.25
v  -7.18 24.60 2.38
v  -7.11 24.53 2.51
v  -7.89 24.45 2.55
v  -7.84 24.52 2.68
v  -7.76 24.46 2.82
v  -8.58 24.31 2.87
v  -8.53 24.39 3.01
v  -8.46 24.32 3.14
v  -9.15 24.16 3.15
v  -9.11 24.21 3.28
v  -9.05 24.17 3.41
v  -9.53 24.10 3.48
v  -9.57 24.04 3.34
v  -9.46 24.05 3.60
v  -9.92 23.92 3.52
v  -9.88 23.97 3.65
v  -9.82 23.92 3.77
v  -10.38 23.76 3.73
v  -10.35 23.85 3.87
v  -10.27 23.77 3.98
v  -10.79 23.60 3.94
v  -10.75 23.66 4.06
v  -10.69 23.60 4.16
v  -11.12 23.47 4.09
v  -11.08 23.53 4.21
v  -11.02 23.47 4.31
v  -11.46 23.33 4.25
v  -11.43 23.39 4.37
v  -11.35 23.34 4.47
v  -11.86 23.17 4.57
v  -11.89 23.11 4.45
v  -11.79 23.12 4.66
v  -12.32 22.88 4.65
v  -12.31 22.95 4.78
v  -12.23 22.88 4.87
v  -12.75 22.67 4.98
v  -12.77 22.63 4.87
v  -12.68 22.64 5.07
v  -13.18 22.41 5.06
v  -13.17 22.46 5.18
v  -13.09 22.41 5.27
v  -13.54 22.16 5.24
v  -13.52 22.20 5.35
v  -13.45 22.16 5.42
v  -13.84 21.91 5.49
v  -13.85 21.88 5.40
v  -13.77 21.89 5.55
v  -14.19 21.59 5.66
v  -14.19 21.56 5.55
v  -14.13 21.56 5.72
v  -14.46 21.30 5.78
v  -14.46 21.28 5.69
v  -14.41 21.28 5.84
v  -14.67 21.06 5.81
v  -14.67 21.08 5.88
v  -14.62 21.07 5.93
v  -14.83 20.90 5.89
v  -14.83 20.91 5.95
v  -14.79 20.91 6.00
v  -14.93 20.81 5.94
v  -14.93 20.81 6.00
v  -14.89 20.82 6.03
v  -14.96 20.76 5.97
v  -14.96 20.75 6.01
v  -14.94 20.76 6.04
v  -4.51 25.08 0.87
v  -4.38 25.07 1.08
v  -4.31 25.08 1.33
v  -4.30 25.23 0.80
v  -4.09 25.34 0.97
v  -4.10 25.22 1.21
v  -5.18 24.57 1.04
v  -5.52 24.52 1.25
v  -5.85 24.50 1.46
v  -4.82 24.67 0.81
v  -4.48 24.86 0.67
v  -4.22 25.07 0.67
v  -6.24 24.47 1.70
v  -6.70 24.42 1.97
v  -7.26 24.35 2.25
v  -7.89 24.27 2.56
v  -8.54 24.16 2.90
v  -9.11 24.01 3.15
v  -9.53 23.88 3.33
v  -9.91 23.75 3.51
v  -10.35 23.60 3.71
v  -10.75 23.47 3.93
v  -11.07 23.35 4.09
v  -11.42 23.20 4.24
v  -11.84 22.99 4.43
v  -12.26 22.76 4.63
v  -12.71 22.52 4.85
v  -13.11 22.30 5.06
v  -13.46 22.07 5.24
v  -13.78 21.79 5.38
v  -14.10 21.50 5.54
v  -14.38 21.24 5.67
v  -14.60 21.03 5.78
v  -14.77 20.88 5.87
v  -14.88 20.79 5.92
v  -14.93 20.75 5.95
v  -14.91 20.74 5.99
v  -14.90 20.74 6.02
v  -4.04 25.21 0.79
v  -4.57 24.37 1.13
v  -4.99 24.36 1.32
v  -4.26 24.67 1.01
v  -3.99 24.88 0.90
v  -3.95 25.12 0.90
v  -5.37 24.35 1.51
v  -5.75 24.36 1.69
v  -6.16 24.33 1.89
v  -6.65 24.31 2.11
v  -7.20 24.26 2.38
v  -7.83 24.20 2.68
v  -8.50 24.11 3.01
v  -9.06 23.94 3.28
v  -9.47 23.79 3.47
v  -9.84 23.67 3.64
v  -10.28 23.52 3.85
v  -10.70 23.41 4.04
v  -11.02 23.30 4.19
v  -11.35 23.14 4.34
v  -11.76 22.93 4.54
v  -12.19 22.70 4.73
v  -12.65 22.48 4.94
v  -13.05 22.26 5.14
v  -13.42 22.05 5.31
v  -13.73 21.77 5.46
v  -14.06 21.47 5.62
v  -14.33 21.22 5.74
v  -14.55 21.02 5.84
v  -14.73 20.87 5.92
v  -14.84 20.78 5.96
v  -4.15 24.80 1.36
v  -4.47 24.62 1.52
v  -3.98 25.04 1.21
v  -3.94 25.19 1.03
v  -4.86 24.53 1.65
v  -5.25 24.48 1.79
v  -5.66 24.47 1.93
v  -6.07 24.44 2.08
v  -6.55 24.40 2.27
v  -7.11 24.34 2.52
v  -7.76 24.27 2.81
v  -8.46 24.17 3.12
v  -9.04 24.02 3.41
v  -9.44 23.89 3.61
v  -9.80 23.76 3.77
v  -10.24 23.61 3.98
v  -10.66 23.48 4.15
v  -10.99 23.36 4.30
v  -11.32 23.21 4.46
v  -11.75 23.00 4.66
v  -12.18 22.77 4.86
v  -12.64 22.53 5.06
v  -13.05 22.31 5.24
v  -13.41 22.08 5.39
v  -13.72 21.82 5.54
v  -14.07 21.50 5.71
v  -14.35 21.24 5.83
v  -14.57 21.04 5.92
v  -14.75 20.87 5.98
v  -14.84 20.79 6.01
v  -5.31 24.40 2.31
v  -5.60 24.49 1.74
v  -4.34 24.42 1.15
v  -4.05 24.34 1.72
v  -4.99 24.13 2.84
v  -3.73 24.06 2.25
v  -4.64 23.67 3.32
v  -3.39 23.61 2.74
v  -4.26 23.03 3.77
v  -3.01 22.97 3.18
v  -3.85 22.21 4.17
v  -2.60 22.14 3.58
v  -6.51 24.41 2.87
v  -6.80 24.49 2.30
v  -6.19 24.13 3.40
v  -5.84 23.68 3.88
v  -5.47 23.04 4.33
v  -5.06 22.21 4.73
v  -7.90 24.18 3.52
v  -8.19 24.27 2.95
v  -7.58 23.91 4.05
v  -7.24 23.45 4.53
v  -6.86 22.81 4.98
v  -6.45 21.99 5.38
v  -9.19 23.87 4.12
v  -9.48 23.96 3.55
v  -8.87 23.60 4.64
v  -8.52 23.14 5.13
v  -8.14 22.50 5.57
v  -7.73 21.67 5.97
v  -10.57 23.39 4.76
v  -10.86 23.48 4.19
v  -10.26 23.12 5.29
v  -9.91 22.66 5.78
v  -9.53 22.02 6.22
v  -9.12 21.20 6.62
v  -12.43 22.63 5.63
v  -12.72 22.72 5.06
v  -12.12 22.36 6.16
v  -11.77 21.90 6.64
v  -11.39 21.26 7.09
v  -10.98 20.44 7.49
v  -13.63 21.65 6.19
v  -13.92 21.74 5.62
v  -13.31 21.38 6.72
v  -12.96 20.92 7.20
v  -12.58 20.28 7.65
v  -12.18 19.46 8.05
v  -14.54 20.67 6.61
v  -14.83 20.76 6.04
v  -14.23 20.40 7.14
v  -13.88 19.94 7.63
v  -13.50 19.30 8.07
v  -13.09 18.48 8.47
v  -15.95 19.13 7.27
v  -16.24 19.22 6.70
v  -15.63 18.86 7.80
v  -15.28 18.40 8.28
v  -14.90 17.76 8.73
v  -14.50 16.94 9.13
v  -5.92 24.40 1.00
v  -4.66 24.34 0.42
v  -4.41 24.42 1.01
v  -5.66 24.49 1.59
v  -6.11 24.13 0.42
v  -4.86 24.06 -0.16
v  -6.26 23.67 -0.16
v  -5.01 23.61 -0.74
v  -6.36 23.03 -0.73
v  -5.11 22.97 -1.32
v  -6.41 22.21 -1.30
v  -5.15 22.14 -1.89
v  -7.12 24.41 1.57
v  -6.87 24.49 2.15
v  -7.32 24.13 0.98
v  -7.47 23.68 0.40
v  -7.56 23.04 -0.17
v  -7.61 22.21 -0.74
v  -8.51 24.18 2.21
v  -8.26 24.27 2.80
v  -8.71 23.91 1.63
v  -8.86 23.45 1.05
v  -8.95 22.81 0.48
v  -9.00 21.99 -0.09
v  -9.79 23.87 2.81
v  -9.54 23.96 3.40
v  -9.99 23.60 2.23
v  -10.14 23.14 1.65
v  -10.24 22.50 1.08
v  -10.28 21.67 0.51
v  -11.18 23.39 3.46
v  -10.93 23.48 4.05
v  -11.38 23.12 2.88
v  -11.53 22.66 2.30
v  -11.63 22.02 1.72
v  -11.67 21.20 1.15
v  -13.04 22.63 4.33
v  -12.79 22.72 4.92
v  -13.24 22.36 3.74
v  -13.39 21.90 3.16
v  -13.49 21.26 2.59
v  -13.53 20.44 2.02
v  -14.24 21.65 4.88
v  -13.99 21.74 5.47
v  -14.44 21.38 4.30
v  -14.58 20.92 3.72
v  -14.68 20.28 3.15
v  -14.73 19.46 2.58
v  -15.15 20.67 5.31
v  -14.90 20.76 5.90
v  -15.35 20.40 4.73
v  -15.50 19.94 4.15
v  -15.60 19.30 3.57
v  -15.64 18.48 3.00
v  -16.56 19.13 5.97
v  -16.31 19.22 6.56
v  -16.76 18.86 5.38
v  -16.90 18.40 4.80
v  -17.00 17.76 4.23
v  -17.05 16.94 3.66
v  -4.25 23.58 0.71
v  -4.31 23.58 0.72
v  -4.30 23.56 0.81
v  -4.21 23.57 0.75
v  -4.24 23.59 0.65
v  -4.32 23.59 0.64
v  -4.16 23.58 0.67
v  -4.26 23.63 0.41
v  -4.33 23.63 0.39
v  -4.33 23.62 0.48
v  -4.24 23.62 0.48
v  -4.21 23.64 0.35
v  -4.31 23.65 0.29
v  -4.15 23.62 0.45
v  0.86 -0.97 -0.05
v  0.74 -0.95 0.06
v  0.66 -0.97 -0.09
v  0.83 -1.00 -0.17
v  1.04 -1.04 -0.22
v  1.03 -0.99 -0.01
v  0.90 -0.95 0.19
v  -0.14 -1.01 0.22
v  0.03 -0.99 0.27
v  -0.03 -1.01 0.47
v  -0.26 -1.05 0.32
v  -0.18 -1.03 0.08
v  0.03 -1.00 0.09
v  -0.39 -1.09 0.12
v  0.55 -1.03 -0.35
v  0.60 -1.00 -0.24
v  0.43 -1.00 -0.17
v  0.41 -1.03 -0.34
v  0.44 -1.10 -0.51
v  0.63 -1.06 -0.45
v  0.76 -1.04 -0.33
v  -0.11 -1.13 -0.40
v  -0.16 -1.09 -0.27
v  -0.37 -1.18 -0.32
v  -0.24 -1.21 -0.51
v  -0.03 -1.21 -0.64
v  0.03 -1.12 -0.45
v  0.03 -1.06 -0.28
v  -4.46 23.57 0.75
v  -4.50 23.56 0.81
v  -4.40 23.56 0.82
v  -4.39 23.57 0.74
v  -4.49 23.58 0.69
v  -4.59 23.57 0.75
v  -4.41 23.59 0.66
v  -4.64 23.64 0.34
v  -4.66 23.63 0.43
v  -4.54 23.63 0.41
v  -4.56 23.65 0.30
v  -4.62 23.64 0.17
v  -4.74 23.63 0.27
v  -4.81 23.61 0.40
v  -4.77 23.42 0.22
v  -4.85 23.40 0.36
v  -4.87 23.36 0.52
v  -4.84 23.57 0.55
v  -4.67 23.61 0.54
v  -4.54 23.61 0.51
v  -4.79 23.53 0.71
v  -4.65 23.59 0.66
v  -4.53 23.60 0.61
v  -4.42 23.60 0.58
v  -4.43 23.62 0.49
v  -4.43 23.63 0.39
v  -4.33 23.60 0.56
v  -4.23 23.60 0.56
v  -4.14 23.60 0.56
v  -4.08 23.49 0.69
v  -4.04 23.53 0.55
v  -4.06 23.56 0.40
v  -4.06 23.35 0.52
v  -4.09 23.38 0.36
v  -4.17 23.41 0.22
v  -4.14 23.60 0.26
v  -4.31 23.43 0.12
v  -4.28 23.62 0.16
v  -4.48 23.44 0.09
v  -4.45 23.64 0.13
v  -4.44 23.65 0.27
v  -4.64 23.44 0.13
v  -4.50 23.16 0.04
v  -4.67 23.16 0.08
v  -4.80 23.14 0.18
v  -4.69 22.66 0.01
v  -4.83 22.65 0.11
v  -4.92 22.62 0.24
v  -4.88 23.11 0.32
v  -4.94 22.59 0.40
v  -4.91 23.08 0.48
v  -4.90 22.56 0.55
v  -4.87 23.05 0.63
v  -4.83 23.33 0.67
v  -4.78 23.03 0.75
v  -4.74 23.30 0.80
v  -4.70 23.50 0.83
v  -4.60 23.28 0.88
v  -4.56 23.47 0.90
v  -4.45 23.27 0.90
v  -4.42 23.46 0.92
v  -4.31 23.27 0.87
v  -4.28 23.46 0.89
v  -4.19 23.29 0.79
v  -4.17 23.47 0.81
v  -4.10 23.31 0.66
v  -4.22 23.02 0.75
v  -4.13 23.05 0.62
v  -4.09 23.08 0.47
v  -4.16 22.56 0.55
v  -4.12 22.59 0.40
v  -4.15 22.62 0.24
v  -4.12 23.11 0.31
v  -4.24 22.65 0.11
v  -4.21 23.13 0.18
v  -4.37 22.66 0.01
v  -4.34 23.15 0.08
v  -4.53 22.67 -0.01
v  -4.40 21.97 -0.08
v  -4.56 21.98 -0.11
v  -4.72 21.97 -0.08
v  -4.58 21.24 -0.23
v  -4.75 21.23 -0.20
v  -4.89 21.21 -0.10
v  -4.86 21.95 0.00
v  -4.97 21.18 0.03
v  -4.95 21.93 0.14
v  -5.01 21.14 0.19
v  -4.98 21.89 0.30
v  -4.98 21.11 0.35
v  -4.95 21.86 0.46
v  -4.86 21.08 0.47
v  -4.86 21.84 0.59
v  -4.82 22.54 0.69
v  -4.73 21.82 0.69
v  -4.69 22.53 0.77
v  -4.65 23.01 0.84
v  -4.54 22.52 0.81
v  -4.49 23.00 0.87
v  -4.38 22.52 0.78
v  -4.34 23.01 0.84
v  -4.25 22.54 0.69
v  -4.42 21.82 0.69
v  -4.28 21.84 0.60
v  -4.18 21.87 0.46
v  -4.31 21.08 0.49
v  -4.21 21.11 0.36
v  -4.19 21.15 0.20
v  -4.15 21.90 0.30
v  -4.21 21.18 0.03
v  -4.18 21.93 0.14
v  -4.30 21.21 -0.10
v  -4.27 21.95 0.01
v  -4.43 21.23 -0.19
v  -4.32 20.46 -0.23
v  -4.45 20.49 -0.32
v  -4.61 20.49 -0.35
v  -4.47 19.75 -0.51
v  -4.63 19.76 -0.54
v  -4.80 19.75 -0.51
v  -4.77 20.49 -0.33
v  -4.94 19.72 -0.43
v  -4.91 20.46 -0.24
v  -5.04 19.68 -0.30
v  -5.01 20.43 -0.11
v  -5.07 19.64 -0.14
v  -5.05 20.39 0.05
v  -5.05 19.59 0.02
v  -5.02 20.35 0.21
v  -4.96 19.55 0.16
v  -4.93 20.31 0.35
v  -4.83 19.53 0.25
v  -4.79 20.29 0.44
v  -4.75 21.06 0.57
v  -4.64 20.28 0.47
v  -4.61 21.05 0.61
v  -4.58 21.82 0.72
v  -4.45 21.06 0.58
v  -4.47 20.29 0.45
v  -4.33 20.32 0.36
v  -4.50 19.53 0.26
v  -4.36 19.55 0.17
v  -4.26 19.59 0.04
v  -4.23 20.35 0.23
v  -4.22 19.64 -0.12
v  -4.20 20.39 0.06
v  -4.25 19.68 -0.28
v  -4.23 20.43 -0.09
v  -4.34 19.72 -0.42
v  -4.27 18.94 -0.52
v  -4.36 18.99 -0.65
v  -4.50 19.02 -0.74
v  -4.36 18.26 -0.94
v  -4.50 18.29 -1.04
v  -4.67 18.30 -1.07
v  -4.66 19.03 -0.78
v  -4.84 18.29 -1.05
v  -4.82 19.02 -0.75
v  -4.98 18.26 -0.96
v  -4.97 18.99 -0.67
v  -5.09 18.21 -0.84
v  -5.07 18.95 -0.54
v  -5.13 18.15 -0.68
v  -5.11 18.89 -0.38
v  -5.10 18.09 -0.52
v  -5.08 18.84 -0.22
v  -5.01 18.04 -0.38
v  -4.99 18.80 -0.09
v  -4.87 18.01 -0.28
v  -4.86 18.77 0.01
v  -4.71 18.00 -0.25
v  -4.70 18.76 0.03
v  -4.67 19.52 0.28
v  -4.53 18.76 0.02
v  -4.54 18.01 -0.28
v  -4.39 18.04 -0.35
v  -4.38 18.79 -0.06
v  -4.29 18.09 -0.48
v  -4.27 18.84 -0.20
v  -4.24 18.15 -0.64
v  -4.24 18.89 -0.36
v  -4.28 18.21 -0.80
v  -4.22 17.42 -0.97
v  -4.25 17.48 -1.13
v  -4.35 17.53 -1.27
v  -4.16 16.77 -1.49
v  -4.26 16.82 -1.63
v  -4.40 16.85 -1.73
v  -4.49 17.56 -1.36
v  -4.57 16.86 -1.78
v  -4.65 17.58 -1.41
v  -4.74 16.83 -1.76
v  -4.82 17.56 -1.37
v  -4.89 16.78 -1.69
v  -4.97 17.52 -1.31
v  -4.98 16.71 -1.56
v  -5.08 17.46 -1.18
v  -5.02 16.63 -1.40
v  -5.12 17.39 -1.02
v  -4.98 16.56 -1.23
v  -5.09 17.32 -0.86
v  -4.89 16.51 -1.08
v  -5.00 17.27 -0.71
v  -4.74 16.49 -1.00
v  -4.85 17.24 -0.61
v  -4.58 16.51 -0.97
v  -4.69 17.24 -0.58
v  -4.41 16.53 -0.97
v  -4.52 17.26 -0.59
v  -4.25 16.58 -1.04
v  -4.37 17.30 -0.68
v  -4.15 16.64 -1.16
v  -4.26 17.36 -0.81
v  -4.12 16.71 -1.32
v  -3.94 15.94 -1.54
v  -3.91 16.02 -1.70
v  -3.95 16.08 -1.87
v  -3.59 15.34 -2.09
v  -3.64 15.40 -2.26
v  -3.74 15.44 -2.42
v  -4.06 16.13 -2.02
v  -3.89 15.45 -2.54
v  -4.20 16.15 -2.13
v  -4.06 15.44 -2.59
v  -4.37 16.14 -2.17
v  -4.22 15.40 -2.58
v  -4.54 16.11 -2.16
v  -4.36 15.33 -2.51
v  -4.68 16.05 -2.09
v  -4.45 15.26 -2.38
v  -4.78 15.97 -1.96
v  -4.48 15.18 -2.22
v  -4.81 15.89 -1.80
v  -4.47 15.09 -2.04
v  -4.77 15.82 -1.63
v  -4.38 15.04 -1.88
v  -4.67 15.77 -1.48
v  -4.23 15.03 -1.76
v  -4.52 15.75 -1.38
v  -4.05 15.06 -1.71
v  -4.35 15.76 -1.33
v  -3.87 15.11 -1.72
v  -4.18 15.80 -1.34
v  -3.72 15.18 -1.79
v  -4.03 15.86 -1.41
v  -3.62 15.26 -1.92
v  -3.34 14.49 -2.12
v  -3.24 14.57 -2.26
v  -3.20 14.65 -2.43
v  -2.81 13.88 -2.53
v  -2.77 13.95 -2.71
v  -2.81 14.01 -2.90
v  -3.25 14.71 -2.61
v  -2.92 14.04 -3.07
v  -3.36 14.73 -2.76
v  -3.08 14.04 -3.20
v  -3.51 14.75 -2.90
v  -3.26 14.00 -3.27
v  -3.69 14.72 -2.96
v  -3.45 13.94 -3.27
v  -3.87 14.66 -2.95
v  -3.61 13.86 -3.19
v  -4.02 14.59 -2.87
v  -3.72 13.77 -3.05
v  -4.13 14.50 -2.74
v  -3.76 13.69 -2.87
v  -4.17 14.42 -2.57
v  -3.73 13.63 -2.68
v  -4.12 14.36 -2.39
v  -3.62 13.60 -2.50
v  -4.02 14.32 -2.22
v  -3.46 13.61 -2.37
v  -3.86 14.32 -2.10
v  -3.27 13.65 -2.31
v  -3.68 14.35 -2.04
v  -3.08 13.71 -2.31
v  -3.50 14.41 -2.05
v  -2.92 13.79 -2.39
v  -2.67 13.00 -2.53
v  -2.50 13.08 -2.60
v  -2.38 13.17 -2.75
v  -2.10 12.37 -2.77
v  -1.98 12.45 -2.92
v  -1.93 12.52 -3.11
v  -2.34 13.25 -2.93
v  -1.96 12.57 -3.31
v  -2.37 13.30 -3.13
v  -2.06 12.60 -3.50
v  -2.47 13.33 -3.31
v  -2.22 12.58 -3.65
v  -2.64 13.32 -3.45
v  -2.42 12.54 -3.71
v  -2.83 13.28 -3.52
v  -2.62 12.47 -3.72
v  -3.02 13.21 -3.51
v  -2.79 12.39 -3.63
v  -3.19 13.13 -3.44
v  -2.92 12.31 -3.49
v  -3.30 13.04 -3.30
v  -2.97 12.23 -3.29
v  -3.35 12.96 -3.11
v  -2.94 12.18 -3.09
v  -3.32 12.91 -2.91
v  -2.84 12.16 -2.90
v  -3.21 12.88 -2.73
v  -2.68 12.17 -2.76
v  -3.05 12.89 -2.59
v  -2.48 12.22 -2.69
v  -2.86 12.94 -2.52
v  -2.28 12.29 -2.69
v  -2.14 11.49 -2.82
v  -1.94 11.55 -2.81
v  -1.76 11.63 -2.89
v  -1.66 10.81 -2.92
v  -1.47 10.89 -3.00
v  -1.33 10.97 -3.15
v  -1.62 11.71 -3.04
v  -1.26 11.03 -3.35
v  -1.56 11.78 -3.24
v  -1.28 11.08 -3.57
v  -1.59 11.83 -3.46
v  -1.39 11.09 -3.78
v  -1.69 11.85 -3.65
v  -1.56 11.08 -3.93
v  -1.86 11.84 -3.80
v  -1.76 11.04 -4.01
v  -2.06 11.79 -3.88
v  -1.98 10.97 -4.00
v  -2.27 11.73 -3.87
v  -2.16 10.90 -3.91
v  -2.45 11.65 -3.78
v  -2.29 10.82 -3.76
v  -2.58 11.57 -3.64
v  -2.36 10.76 -3.56
v  -2.63 11.50 -3.44
v  -2.35 10.71 -3.34
v  -2.62 11.45 -3.22
v  -2.24 10.69 -3.14
v  -2.52 11.43 -3.03
v  -2.08 10.71 -2.99
v  -2.34 11.44 -2.89
v  -1.87 10.75 -2.91
v  -1.85 9.99 -3.07
v  -1.65 10.03 -2.99
v  -1.43 10.10 -3.00
v  -1.46 9.33 -2.98
v  -1.23 9.39 -2.99
v  -1.02 9.46 -3.07
v  -1.24 10.17 -3.09
v  -0.87 9.51 -3.23
v  -1.09 10.24 -3.24
v  -0.78 9.56 -3.44
v  -1.02 10.29 -3.45
v  -0.79 9.57 -3.67
v  -1.03 10.33 -3.68
v  -0.89 9.56 -3.89
v  -1.13 10.33 -3.88
v  -1.05 9.53 -4.05
v  -1.30 10.31 -4.04
v  -1.26 9.48 -4.14
v  -1.51 10.27 -4.12
v  -1.48 9.41 -4.13
v  -1.73 10.20 -4.11
v  -1.67 9.35 -4.04
v  -1.91 10.13 -4.02
v  -1.83 9.29 -3.87
v  -2.05 10.06 -3.86
v  -1.91 9.25 -3.66
v  -2.12 10.00 -3.66
v  -1.91 9.24 -3.43
v  -2.11 9.97 -3.43
v  -1.82 9.25 -3.21
v  -2.01 9.97 -3.23
v  -1.66 9.28 -3.06
v  -1.67 8.52 -3.10
v  -1.52 8.56 -2.94
v  -1.30 8.62 -2.85
v  -1.41 7.85 -2.73
v  -1.20 7.90 -2.65
v  -0.96 7.95 -2.65
v  -1.07 8.67 -2.86
v  -0.73 8.00 -2.74
v  -0.85 8.73 -2.95
v  -0.56 8.03 -2.91
v  -0.69 8.77 -3.12
v  -0.46 8.04 -3.12
v  -0.60 8.80 -3.33
v  -0.46 8.02 -3.36
v  -0.60 8.80 -3.56
v  -0.54 7.98 -3.58
v  -0.69 8.77 -3.78
v  -0.71 7.93 -3.75
v  -0.85 8.73 -3.94
v  -0.92 7.87 -3.83
v  -1.04 8.68 -4.00
v  -1.15 7.82 -3.83
v  -1.27 8.62 -3.99
v  -1.37 7.78 -3.74
v  -1.49 8.56 -3.94
v  -1.54 7.75 -3.57
v  -1.66 8.52 -3.77
v  -1.65 7.75 -3.35
v  -1.76 8.50 -3.55
v  -1.66 7.77 -3.11
v  -1.76 8.50 -3.31
v  -1.58 7.80 -2.89
v  -1.58 7.04 -2.84
v  -1.50 7.09 -2.62
v  -1.34 7.15 -2.46
v  -1.44 6.39 -2.31
v  -1.28 6.46 -2.14
v  -1.06 6.51 -2.05
v  -1.13 7.20 -2.38
v  -0.81 6.55 -2.06
v  -0.89 7.25 -2.38
v  -0.59 6.58 -2.15
v  -0.66 7.28 -2.48
v  -0.40 6.58 -2.31
v  -0.49 7.29 -2.65
v  -0.30 6.56 -2.53
v  -0.43 7.27 -2.89
v  -0.28 6.52 -2.76
v  -0.40 7.24 -3.12
v  -0.36 6.46 -2.99
v  -0.47 7.20 -3.33
v  -0.52 6.40 -3.15
v  -0.62 7.15 -3.48
v  -0.74 6.34 -3.25
v  -0.82 7.09 -3.57
v  -0.99 6.29 -3.25
v  -1.06 7.04 -3.56
v  -1.21 6.27 -3.15
v  -1.28 7.01 -3.46
v  -1.39 6.27 -2.98
v  -1.46 7.00 -3.30
v  -1.50 6.29 -2.77
v  -1.57 7.01 -3.08
v  -1.53 6.34 -2.53
v  -1.46 5.58 -2.44
v  -1.48 5.64 -2.19
v  -1.40 5.70 -1.97
v  -1.43 4.94 -1.84
v  -1.35 5.02 -1.61
v  -1.18 5.10 -1.43
v  -1.23 5.77 -1.80
v  -0.94 5.16 -1.34
v  -1.00 5.83 -1.70
v  -0.69 5.20 -1.32
v  -0.75 5.87 -1.70
v  -0.44 5.21 -1.41
v  -0.52 5.89 -1.79
v  -0.24 5.20 -1.58
v  -0.33 5.88 -1.95
v  -0.12 5.16 -1.81
v  -0.22 5.85 -2.17
v  -0.11 5.10 -2.05
v  -0.20 5.80 -2.41
v  -0.18 5.02 -2.29
v  -0.28 5.73 -2.64
v  -0.35 4.94 -2.47
v  -0.44 5.66 -2.82
v  -0.58 4.88 -2.57
v  -0.67 5.60 -2.91
v  -0.84 4.84 -2.57
v  -0.92 5.56 -2.91
v  -1.08 4.82 -2.48
v  -1.15 5.54 -2.82
v  -1.27 4.84 -2.31
v  -1.34 5.54 -2.66
v  -1.39 4.88 -2.09
v  -1.20 4.13 -1.98
v  -1.34 4.18 -1.75
v  -1.37 4.25 -1.50
v  -1.26 3.49 -1.43
v  -1.29 3.56 -1.17
v  -1.21 3.65 -0.92
v  -1.29 4.34 -1.25
v  -1.03 3.73 -0.73
v  -1.11 4.42 -1.08
v  -0.78 3.80 -0.62
v  -0.87 4.49 -0.96
v  -0.51 3.85 -0.61
v  -0.61 4.53 -0.96
v  -0.25 3.86 -0.70
v  -0.35 4.54 -1.04
v  -0.04 3.84 -0.87
v  -0.15 4.53 -1.21
v  0.09 3.79 -1.10
v  -0.02 4.48 -1.44
v  0.13 3.72 -1.36
v  0.00 4.41 -1.69
v  0.04 3.64 -1.61
v  -0.07 4.33 -1.93
v  -0.13 3.55 -1.80
v  -0.25 4.24 -2.12
v  -0.38 3.48 -1.91
v  -0.48 4.17 -2.23
v  -0.65 3.44 -1.93
v  -0.75 4.13 -2.24
v  -0.91 3.42 -1.83
v  -1.00 4.11 -2.15
v  -1.12 3.44 -1.66
v  -0.81 2.72 -1.56
v  -1.02 2.74 -1.39
v  -1.15 2.79 -1.15
v  -0.90 2.04 -1.14
v  -1.03 2.08 -0.90
v  -1.04 2.15 -0.64
v  -1.18 2.86 -0.89
v  -0.96 2.23 -0.40
v  -1.10 2.94 -0.64
v  -0.81 2.32 -0.19
v  -0.93 3.03 -0.43
v  -0.57 2.39 -0.05
v  -0.68 3.10 -0.32
v  -0.28 2.44 -0.03
v  -0.40 3.15 -0.29
v  -0.00 2.46 -0.12
v  -0.13 3.16 -0.39
v  0.23 2.45 -0.30
v  0.09 3.15 -0.56
v  0.37 2.41 -0.54
v  0.23 3.10 -0.80
v  0.40 2.34 -0.82
v  0.26 3.03 -1.07
v  0.32 2.25 -1.08
v  0.17 2.95 -1.32
v  0.14 2.17 -1.28
v  -0.01 2.86 -1.52
v  -0.12 2.09 -1.39
v  -0.26 2.79 -1.64
v  -0.41 2.04 -1.42
v  -0.54 2.74 -1.65
v  -0.68 2.02 -1.32
v  -0.27 1.33 -1.21
v  -0.55 1.31 -1.12
v  -0.76 1.33 -0.93
v  -0.41 0.58 -0.97
v  -0.64 0.59 -0.78
v  -0.79 0.63 -0.53
v  -0.88 1.37 -0.69
v  -0.84 0.70 -0.25
v  -0.92 1.43 -0.43
v  -0.76 0.80 0.02
v  -0.84 1.51 -0.18
v  -0.57 0.89 0.24
v  -0.68 1.60 0.03
v  -0.31 0.97 0.39
v  -0.44 1.68 0.18
v  0.01 1.04 0.44
v  -0.14 1.73 0.21
v  0.33 1.07 0.33
v  0.15 1.76 0.12
v  0.57 1.06 0.12
v  0.38 1.74 -0.07
v  0.73 1.02 -0.15
v  0.53 1.70 -0.32
v  0.76 0.95 -0.43
v  0.57 1.64 -0.60
v  0.66 0.86 -0.70
v  0.48 1.55 -0.87
v  0.47 0.75 -0.92
v  0.29 1.46 -1.08
v  0.20 0.66 -1.04
v  0.03 1.39 -1.19
v  -0.11 0.60 -1.06
v  0.37 -0.07 -1.00
v  0.02 -0.15 -1.03
v  -0.31 -0.18 -0.93
v  0.10 -0.57 -1.05
v  -0.26 -0.59 -0.95
v  -0.57 -0.58 -0.76
v  -0.59 -0.17 -0.74
v  -0.84 -0.54 -0.49
v  -0.80 -0.12 -0.47
v  -0.92 -0.51 -0.11
v  -0.88 -0.04 -0.14
v  -0.82 -0.43 0.26
v  -0.79 0.12 0.20
v  -0.57 -0.35 0.57
v  -0.55 0.22 0.46
v  -0.20 -0.30 0.77
v  -0.23 0.31 0.63
v  0.25 -0.25 0.88
v  0.15 0.39 0.70
v  0.71 -0.20 0.73
v  0.55 0.43 0.57
v  1.06 -0.18 0.42
v  0.82 0.42 0.30
v  1.27 -0.20 0.07
v  0.99 0.38 -0.01
v  1.26 -0.26 -0.29
v  1.02 0.31 -0.33
v  1.10 -0.36 -0.59
v  0.90 0.20 -0.61
v  0.83 -0.46 -0.83
v  0.68 0.04 -0.84
v  0.49 -0.53 -1.02
v  0.90 -0.76 -0.83
v  0.55 -0.82 -1.01
v  0.15 -0.86 -1.06
v  0.57 -1.09 -0.93
v  0.20 -1.14 -0.98
v  -0.16 -1.16 -0.89
v  -0.22 -0.87 -0.95
v  -0.47 -1.19 -0.72
v  -0.56 -0.87 -0.78
v  -0.69 -1.19 -0.44
v  -0.83 -0.86 -0.49
v  -0.78 -1.16 -0.09
v  -0.91 -0.82 -0.10
v  -0.70 -1.09 0.24
v  -0.82 -0.76 0.26
v  -0.49 -1.03 0.53
v  -0.58 -0.69 0.59
v  -0.15 -0.97 0.77
v  -0.19 -0.64 0.81
v  0.34 -0.95 0.83
v  0.30 -0.61 0.91
v  0.82 -0.91 0.66
v  0.80 -0.57 0.74
v  1.15 -0.89 0.37
v  1.18 -0.54 0.43
v  1.34 -0.91 0.05
v  1.40 -0.55 0.07
v  1.35 -0.94 -0.28
v  1.39 -0.60 -0.30
v  1.17 -0.98 -0.57
v  1.19 -0.68 -0.60
v  0.90 -1.02 -0.78
v  0.95 -1.09 -0.43
v  0.76 -1.12 -0.59
v  0.51 -1.17 -0.69
v  0.23 -1.11 -0.49
v  0.23 -1.21 -0.70
v  0.23 -1.04 -0.31
v  0.23 -1.01 -0.11
v  0.02 -1.02 -0.10
v  -0.19 -1.05 -0.10
v  0.25 -0.98 0.10
v  0.28 -0.96 0.30
v  0.47 -0.97 0.01
v  0.54 -0.95 0.20
v  0.66 -0.95 0.39
v  0.32 -0.98 0.51
v  -0.42 -1.13 -0.09
v  2.42 -1.43 0.29
v  2.47 -1.51 0.37
v  2.50 -1.58 0.16
v  2.37 -1.49 0.17
v  2.20 -1.33 0.31
v  2.21 -1.37 0.45
v  2.20 -1.35 0.16
v  0.35 -1.62 1.96
v  0.42 -1.64 2.00
v  0.53 -1.64 2.01
v  0.39 -1.60 2.01
v  0.20 -1.51 1.79
v  0.17 -1.55 1.79
v  0.19 -1.58 1.82
v  0.66 -1.32 1.57
v  0.76 -1.42 1.64
v  0.86 -1.27 1.29
v  0.67 -1.14 1.26
v  0.47 -1.11 1.32
v  0.55 -1.38 1.70
v  0.62 -1.52 1.85
v  0.40 -1.70 -1.75
v  0.35 -1.68 -1.81
v  0.58 -1.62 -1.63
v  0.67 -1.68 -1.70
v  0.14 -1.60 -1.75
v  0.21 -1.55 -1.68
v  0.43 -1.39 -1.44
v  -1.57 -1.72 -0.86
v  -1.58 -1.74 -0.83
v  -1.18 -1.67 -1.00
v  -1.19 -1.68 -1.07
v  -1.65 -1.71 -0.47
v  -1.65 -1.74 -0.49
v  2.44 -1.60 0.39
v  2.22 -1.50 0.51
v  2.21 -1.57 0.48
v  2.45 -1.68 0.25
v  0.45 -1.50 1.94
v  0.35 -1.43 1.78
v  0.30 -1.49 1.78
v  0.45 -1.52 1.97
v  0.52 -1.52 1.93
v  0.44 -1.39 1.77
v  0.55 -1.56 1.95
v  -1.47 -1.67 -0.71
v  -1.59 -1.74 -0.81
v  -1.55 -1.65 -0.53
v  -1.39 -1.60 -0.53
v  -1.13 -1.52 -0.83
v  -1.20 -1.63 -0.93
v  -0.95 -1.38 -0.59
v  0.48 -0.89 -0.91
v  0.45 -0.71 -0.49
v  0.98 -0.67 -0.30
v  1.05 -0.81 -0.61
v  0.78 -1.17 -1.14
v  0.14 -1.19 -1.23
v  1.15 -1.09 -0.78
v  2.17 -1.39 0.01
v  2.28 -1.45 -0.02
v  2.03 -1.37 -0.27
v  1.96 -1.25 -0.16
v  1.87 -1.17 0.03
v  1.75 -1.14 0.50
v  1.82 -1.12 0.23
v  1.43 -0.82 -0.01
v  1.34 -0.84 0.27
v  1.19 -0.90 0.55
v  1.43 -1.15 0.72
v  1.57 -1.34 0.80
v  1.86 -1.37 0.61
v  1.61 -1.44 0.80
v  1.88 -1.46 0.59
v  2.06 -1.51 -0.33
v  2.07 -1.45 -0.32
v  2.37 -1.55 -0.07
v  2.35 -1.62 -0.05
v  1.74 -1.44 -0.67
v  1.74 -1.38 -0.66
v  1.69 -1.26 -0.60
v  1.40 -1.49 -1.02
v  1.38 -1.41 -1.02
v  1.31 -1.28 -0.95
v  1.58 -1.09 -0.47
v  1.05 -1.54 -1.36
v  0.96 -1.41 -1.29
v  1.06 -1.62 -1.35
v  0.72 -1.75 -1.72
v  -0.20 -1.56 -1.50
v  -0.46 -1.51 -1.32
v  -0.45 -1.43 -1.33
v  -0.17 -1.49 -1.50
v  0.09 -1.64 -1.76
v  -0.39 -1.30 -1.27
v  -0.06 -1.42 -1.41
v  -0.27 -1.10 -1.11
v  -0.68 -1.25 -0.95
v  -0.60 -1.06 -0.71
v  -0.15 -0.87 -0.84
v  -0.74 -1.40 -1.11
v  -0.77 -1.49 -1.20
v  -0.75 -1.55 -1.18
v  -1.14 -1.64 0.26
v  -1.16 -1.59 0.28
v  -1.31 -1.69 -0.22
v  -1.39 -1.72 -0.18
v  -1.09 -1.50 0.25
v  -1.30 -1.60 -0.17
v  -0.89 -1.31 0.17
v  -1.08 -1.44 -0.22
v  -0.72 -1.02 0.08
v  -0.84 -1.15 -0.29
v  -0.51 -0.77 -0.03
v  -0.59 -0.84 -0.42
v  -0.13 -0.70 -0.11
v  -0.14 -0.70 -0.50
v  0.42 -0.71 -0.11
v  -0.06 -0.80 0.36
v  0.42 -0.77 0.33
v  0.86 -0.73 0.39
v  0.93 -0.66 0.05
v  0.42 -0.87 0.82
v  0.73 -0.90 0.83
v  0.99 -1.06 0.90
v  1.01 -1.44 1.38
v  1.21 -1.30 0.99
v  1.08 -1.52 1.40
v  1.30 -1.43 1.02
v  1.09 -1.59 1.39
v  1.36 -1.48 1.04
v  -0.90 -1.51 0.94
v  -0.53 -1.52 1.11
v  -0.60 -1.51 1.14
v  -0.99 -1.54 0.82
v  -0.63 -1.41 1.10
v  -0.97 -1.40 0.79
v  -0.59 -1.35 1.06
v  -0.81 -1.25 0.67
v  -0.40 -1.10 1.00
v  -0.61 -0.97 0.55
v  -0.19 -0.96 0.92
v  -0.40 -0.78 0.46
v  0.09 -0.90 0.85
v  0.09 -1.20 1.37
v  0.27 -1.18 1.33
v  -0.04 -1.31 1.38
v  -0.16 -1.40 1.41
v  -0.19 -1.45 1.44
v  -0.12 -1.46 1.43
v  -0.04 -1.35 1.43
v  0.25 -1.60 1.80
v  0.54 -1.68 1.96
v  0.81 -1.65 1.75
v  0.88 -1.62 1.77
v  0.68 -1.64 1.95
v  0.83 -1.53 1.71
v  0.67 -1.57 1.90
v  1.50 -0.92 -0.27
v  0.37 -1.74 -1.90
# 4484 vertices

vn -0.50 0.80 -0.34
vn -0.03 0.89 -0.46
vn -0.02 0.91 -0.41
vn 0.23 0.89 -0.39
vn -0.01 0.96 -0.29
vn 0.32 0.91 -0.28
vn 0.29 0.95 -0.08
vn -0.01 1.00 -0.09
vn -0.34 0.90 -0.28
vn -0.31 0.95 -0.09
vn -0.11 0.88 -0.46
vn -0.26 0.88 -0.39
vn -0.64 0.70 -0.31
vn -0.03 0.89 -0.45
vn 0.70 0.66 -0.29
vn -0.02 0.90 -0.44
vn 0.80 0.55 -0.24
vn -0.77 0.59 -0.26
vn -0.83 0.51 -0.23
vn 0.42 0.83 -0.38
vn -0.86 0.47 -0.18
vn -0.03 0.93 -0.37
vn 0.85 0.50 -0.20
vn -0.88 0.45 -0.14
vn -0.03 0.95 -0.31
vn 0.85 0.50 -0.16
vn -0.43 0.87 -0.24
vn -0.04 0.96 -0.27
vn 0.82 0.55 -0.16
vn -0.04 0.97 -0.24
vn -0.42 0.88 -0.22
vn 0.34 0.91 -0.23
vn -0.84 0.52 -0.12
vn -0.03 0.97 -0.23
vn 0.81 0.57 -0.13
vn -0.86 0.51 -0.09
vn -0.01 0.98 -0.20
vn 0.83 0.54 -0.10
vn -0.87 0.49 -0.07
vn 0.00 0.99 -0.16
vn 0.85 0.53 -0.07
vn -0.46 0.87 -0.15
vn -0.01 0.98 -0.17
vn 0.84 0.54 -0.09
vn -0.88 0.48 -0.07
vn -0.03 0.99 -0.13
vn 0.82 0.56 -0.08
vn -0.03 1.00 -0.09
vn -0.88 0.47 -0.05
vn 0.83 0.56 -0.05
vn -0.88 0.47 -0.02
vn -0.02 1.00 -0.06
vn 0.84 0.54 -0.03
vn -0.02 1.00 -0.05
vn -0.88 0.47 -0.01
vn 0.84 0.54 -0.02
vn -0.89 0.46 0.01
vn -0.01 1.00 -0.01
vn 0.45 0.89 -0.01
vn -0.90 0.44 0.06
vn 0.02 0.99 0.11
vn 0.86 0.51 0.07
vn 0.02 0.99 0.17
vn -0.45 0.88 0.15
vn 0.83 0.54 0.09
vn -0.00 0.98 0.21
vn -0.46 0.87 0.18
vn 0.80 0.59 0.13
vn -0.02 0.97 0.24
vn -0.45 0.87 0.21
vn 0.78 0.61 0.16
vn -0.42 0.88 0.21
vn -0.04 0.97 0.22
vn -0.86 0.49 0.13
vn -0.06 0.97 0.22
vn 0.78 0.60 0.18
vn -0.31 0.90 0.31
vn -0.05 0.93 0.37
vn 0.21 0.93 0.30
vn -0.27 0.84 0.46
vn -0.04 0.88 0.47
vn 0.19 0.87 0.46
vn -0.44 0.90 -0.00
vn -0.00 1.00 0.09
vn 0.55 0.83 0.01
vn 0.02 0.99 0.14
vn 0.05 0.78 -0.63
vn 0.63 0.74 -0.23
vn -0.96 -0.18 0.21
vn -0.87 0.48 -0.11
vn -0.85 0.52 -0.09
vn -0.90 0.43 -0.11
vn -0.83 0.55 -0.07
vn -0.84 0.54 -0.09
vn -0.79 0.50 -0.35
vn -0.75 0.50 -0.43
vn -0.95 0.31 -0.07
vn -0.92 -0.33 0.19
vn -0.90 -0.40 0.20
vn -0.85 -0.48 0.22
vn -0.81 -0.55 0.20
vn -0.81 -0.57 0.14
vn -0.99 -0.12 0.02
vn -0.85 -0.52 0.12
vn -1.00 -0.03 0.01
vn -1.00 0.02 0.00
vn -0.86 -0.49 0.14
vn -0.84 -0.52 0.15
vn -1.00 -0.07 0.01
vn -0.82 -0.56 0.10
vn -0.83 -0.56 0.06
vn -1.00 -0.04 0.00
vn -0.84 -0.53 0.05
vn -0.82 -0.57 0.06
vn -0.78 -0.63 0.04
vn -0.74 -0.67 -0.03
vn -0.74 -0.67 -0.11
vn -0.98 -0.20 -0.03
vn -0.73 -0.68 -0.11
vn -0.98 -0.20 -0.02
vn -0.98 -0.20 -0.01
vn -0.99 -0.17 -0.01
vn -0.99 -0.16 -0.01
vn -0.99 -0.12 -0.00
vn -0.99 -0.11 0.05
vn -0.99 -0.13 0.09
vn -0.98 -0.15 0.12
vn -0.28 -0.89 0.37
vn -0.01 -0.91 0.42
vn -0.02 -0.66 0.75
vn -0.24 -0.65 0.72
vn 0.26 -0.90 0.36
vn 0.19 -0.64 0.74
vn -0.42 -0.01 -0.91
vn -0.56 -0.82 0.12
vn -0.05 -0.98 0.17
vn -0.05 -0.89 0.45
vn -0.50 -0.85 -0.16
vn -0.03 -0.99 -0.16
vn -0.46 -0.78 -0.43
vn 0.00 -0.88 -0.48
vn 0.05 -0.44 -0.90
vn -0.06 -0.87 0.49
vn -0.51 -0.75 0.43
vn -0.07 -0.87 0.49
vn -0.52 -0.74 0.43
vn -0.07 -0.88 0.46
vn -0.55 -0.73 0.40
vn -0.08 -0.89 0.44
vn -0.06 -0.90 0.42
vn -0.02 -0.91 0.40
vn 0.03 -0.95 0.32
vn 0.07 -0.97 0.24
vn 0.07 -0.97 0.22
vn -0.47 -0.86 0.20
vn 0.06 -0.97 0.25
vn 0.05 -0.97 0.24
vn 0.06 -0.98 0.17
vn 0.07 -0.99 0.11
vn 0.07 -0.99 0.08
vn -0.45 -0.89 0.07
vn 0.06 -0.99 0.09
vn 0.10 -0.99 0.05
vn 0.13 -0.99 -0.06
vn 0.15 -0.98 -0.16
vn 0.18 -0.97 -0.16
vn -0.24 -0.96 -0.16
vn -0.25 -0.95 -0.16
vn 0.17 -0.97 -0.16
vn 0.12 -0.98 -0.14
vn -0.30 -0.94 -0.14
vn -0.30 -0.95 -0.07
vn 0.04 -1.00 -0.08
vn 0.45 -0.88 -0.14
vn 0.48 -0.87 0.14
vn 0.86 -0.26 -0.44
vn 0.51 -0.05 -0.86
vn 0.46 -0.80 0.39
vn 0.41 -0.80 0.44
vn 0.40 -0.80 0.44
vn 0.42 -0.80 0.42
vn 0.44 -0.80 0.40
vn 0.45 -0.81 0.38
vn 0.84 -0.49 0.22
vn 0.85 -0.50 0.17
vn 0.89 -0.45 0.10
vn 0.91 -0.41 0.09
vn 0.58 -0.80 0.18
vn 0.90 -0.42 0.12
vn 0.89 -0.44 0.13
vn 0.88 -0.46 0.08
vn 0.90 -0.43 0.04
vn 0.91 -0.41 0.04
vn 0.89 -0.46 0.05
vn 0.87 -0.49 0.04
vn 0.87 -0.48 -0.02
vn 0.90 -0.42 -0.07
vn 0.57 -0.81 -0.13
vn 0.56 -0.82 -0.13
vn 0.92 -0.39 -0.04
vn 0.89 -0.46 -0.02
vn 0.73 -0.68 -0.01
vn 0.95 0.31 -0.04
vn 0.94 0.33 -0.01
vn 0.94 0.33 -0.03
vn 0.94 0.33 -0.02
vn 0.95 0.29 -0.05
vn 0.95 0.30 -0.05
vn 0.97 0.23 -0.04
vn 0.99 0.15 -0.01
vn 1.00 0.07 -0.00
vn 1.00 0.02 -0.00
vn 1.00 0.08 -0.03
vn 1.00 -0.03 0.02
vn 0.98 0.18 0.05
vn 0.98 0.19 0.07
vn 1.00 -0.01 0.10
vn -0.27 -0.82 0.50
vn -0.14 -0.85 0.52
vn -0.14 -0.83 0.54
vn -0.28 -0.81 0.52
vn -0.51 -0.73 0.45
vn -0.52 -0.72 0.46
vn -0.68 -0.62 0.38
vn -0.69 -0.61 0.39
vn -0.79 -0.52 0.32
vn -0.80 -0.50 0.33
vn -0.84 -0.47 0.29
vn -0.84 -0.46 0.30
vn -0.28 -0.86 0.42
vn -0.14 -0.89 0.43
vn -0.52 -0.77 0.37
vn -0.69 -0.65 0.32
vn -0.80 -0.54 0.26
vn -0.84 -0.48 0.24
vn -0.28 -0.90 0.32
vn -0.14 -0.93 0.33
vn -0.52 -0.80 0.29
vn -0.69 -0.68 0.24
vn -0.80 -0.56 0.20
vn -0.84 -0.50 0.18
vn -0.28 -0.93 0.25
vn -0.14 -0.96 0.26
vn -0.52 -0.82 0.22
vn -0.69 -0.69 0.19
vn -0.80 -0.57 0.15
vn -0.85 -0.52 0.14
vn -0.28 -0.94 0.19
vn -0.14 -0.97 0.19
vn -0.52 -0.84 0.17
vn -0.69 -0.71 0.14
vn -0.80 -0.58 0.12
vn -0.84 -0.53 0.10
vn -0.27 -0.96 0.03
vn -0.14 -0.99 0.03
vn -0.51 -0.86 0.02
vn -0.68 -0.73 0.02
vn -0.79 -0.61 0.01
vn -0.84 -0.55 0.00
vn -0.25 -0.95 -0.17
vn -0.13 -0.98 -0.18
vn -0.48 -0.86 -0.16
vn -0.65 -0.74 -0.14
vn -0.77 -0.63 -0.12
vn -0.81 -0.57 -0.11
vn -0.25 -0.94 -0.24
vn -0.12 -0.96 -0.25
vn -0.47 -0.86 -0.22
vn -0.64 -0.74 -0.19
vn -0.76 -0.63 -0.16
vn -0.81 -0.57 -0.15
vn -0.26 -0.93 -0.25
vn -0.48 -0.85 -0.22
vn -0.66 -0.73 -0.19
vn -0.77 -0.62 -0.16
vn -0.80 -0.57 -0.15
vn 0.27 -0.82 0.50
vn 0.28 -0.81 0.52
vn 0.14 -0.83 0.54
vn 0.14 -0.85 0.52
vn 0.51 -0.73 0.45
vn 0.52 -0.72 0.46
vn 0.68 -0.62 0.38
vn 0.69 -0.61 0.39
vn 0.79 -0.52 0.32
vn 0.80 -0.50 0.33
vn 0.84 -0.47 0.29
vn 0.84 -0.46 0.30
vn 0.28 -0.86 0.42
vn 0.14 -0.89 0.43
vn 0.52 -0.77 0.37
vn 0.69 -0.65 0.32
vn 0.80 -0.54 0.26
vn 0.84 -0.48 0.24
vn 0.28 -0.90 0.32
vn 0.14 -0.93 0.33
vn 0.52 -0.80 0.29
vn 0.69 -0.68 0.24
vn 0.80 -0.56 0.20
vn 0.84 -0.50 0.18
vn 0.28 -0.93 0.25
vn 0.14 -0.96 0.26
vn 0.52 -0.82 0.22
vn 0.69 -0.69 0.19
vn 0.80 -0.57 0.15
vn 0.85 -0.52 0.14
vn 0.28 -0.94 0.19
vn 0.14 -0.97 0.19
vn 0.52 -0.84 0.17
vn 0.69 -0.71 0.14
vn 0.80 -0.58 0.12
vn 0.84 -0.53 0.10
vn 0.27 -0.96 0.03
vn 0.14 -0.99 0.03
vn 0.51 -0.86 0.02
vn 0.68 -0.73 0.02
vn 0.79 -0.61 0.01
vn 0.84 -0.55 0.00
vn 0.25 -0.95 -0.17
vn 0.13 -0.98 -0.18
vn 0.48 -0.86 -0.16
vn 0.65 -0.74 -0.14
vn 0.77 -0.63 -0.12
vn 0.81 -0.57 -0.11
vn 0.25 -0.94 -0.24
vn 0.12 -0.96 -0.25
vn 0.47 -0.86 -0.22
vn 0.64 -0.74 -0.19
vn 0.76 -0.63 -0.16
vn 0.81 -0.57 -0.15
vn 0.26 -0.93 -0.25
vn 0.48 -0.85 -0.22
vn 0.66 -0.73 -0.19
vn 0.77 -0.62 -0.16
vn 0.80 -0.57 -0.15
vn -0.30 0.80 0.53
vn -0.45 0.89 0.07
vn -0.41 0.91 0.05
vn -0.41 0.89 -0.20
vn -0.29 0.96 0.03
vn -0.30 0.91 -0.30
vn -0.11 0.95 -0.28
vn -0.09 1.00 0.02
vn -0.25 0.90 0.36
vn -0.06 0.95 0.31
vn -0.44 0.88 0.15
vn -0.37 0.88 0.29
vn -0.25 0.70 0.67
vn -0.35 0.66 -0.67
vn -0.43 0.90 0.06
vn -0.31 0.55 -0.77
vn -0.19 0.59 0.79
vn -0.15 0.51 0.84
vn -0.41 0.83 -0.38
vn -0.11 0.47 0.87
vn -0.37 0.93 0.06
vn -0.27 0.50 -0.83
vn -0.06 0.45 0.89
vn -0.30 0.95 0.06
vn -0.23 0.50 -0.83
vn -0.21 0.87 0.45
vn -0.27 0.96 0.06
vn -0.23 0.55 -0.80
vn -0.24 0.97 0.07
vn -0.18 0.88 0.44
vn -0.26 0.91 -0.32
vn -0.04 0.52 0.85
vn -0.22 0.97 0.05
vn -0.20 0.57 -0.79
vn -0.02 0.51 0.86
vn -0.20 0.98 0.03
vn -0.17 0.54 -0.82
vn 0.01 0.49 0.87
vn -0.16 0.99 0.01
vn -0.14 0.53 -0.84
vn -0.11 0.87 0.47
vn -0.17 0.98 0.02
vn -0.17 0.54 -0.83
vn 0.01 0.48 0.88
vn -0.13 0.99 0.04
vn -0.15 0.56 -0.81
vn -0.09 1.00 0.04
vn 0.03 0.47 0.88
vn -0.12 0.56 -0.82
vn 0.06 0.47 0.88
vn -0.05 1.00 0.03
vn -0.10 0.54 -0.83
vn -0.05 1.00 0.02
vn -0.09 0.54 -0.84
vn 0.08 0.46 0.88
vn -0.01 1.00 0.01
vn -0.05 0.89 -0.45
vn 0.14 0.44 0.89
vn 0.11 0.99 -0.03
vn -0.00 0.51 -0.86
vn 0.17 0.99 -0.03
vn 0.19 0.88 0.44
vn 0.02 0.54 -0.84
vn 0.21 0.98 -0.02
vn 0.22 0.87 0.45
vn 0.06 0.59 -0.81
vn 0.24 0.97 -0.00
vn 0.25 0.87 0.43
vn 0.09 0.61 -0.79
vn 0.24 0.88 0.40
vn 0.23 0.97 0.02
vn 0.21 0.49 0.85
vn 0.22 0.97 0.04
vn 0.11 0.60 -0.80
vn 0.34 0.90 0.28
vn 0.38 0.93 0.02
vn 0.28 0.93 -0.23
vn 0.49 0.84 0.23
vn 0.48 0.88 -0.01
vn 0.44 0.87 -0.23
vn 0.03 0.90 0.44
vn 0.09 1.00 -0.01
vn -0.03 0.83 -0.55
vn 0.14 0.99 -0.03
vn -0.63 0.78 0.01
vn -0.28 0.74 -0.61
vn 0.29 -0.18 0.94
vn -0.03 0.48 0.88
vn -0.01 0.52 0.86
vn -0.03 0.43 0.90
vn 0.01 0.55 0.83
vn -0.02 0.54 0.84
vn -0.28 0.50 0.82
vn -0.37 0.50 0.79
vn 0.01 0.31 0.95
vn 0.27 -0.33 0.90
vn 0.27 -0.40 0.88
vn 0.29 -0.48 0.83
vn 0.27 -0.55 0.79
vn 0.21 -0.57 0.80
vn 0.11 -0.12 0.99
vn 0.19 -0.52 0.83
vn 0.09 -0.03 1.00
vn 0.09 0.02 1.00
vn 0.21 -0.49 0.84
vn 0.22 -0.52 0.82
vn 0.10 -0.07 0.99
vn 0.17 -0.56 0.81
vn 0.13 -0.56 0.82
vn 0.09 -0.04 1.00
vn 0.12 -0.53 0.84
vn 0.13 -0.57 0.81
vn 0.11 -0.63 0.77
vn 0.03 -0.67 0.74
vn -0.04 -0.67 0.74
vn 0.06 -0.20 0.98
vn -0.04 -0.68 0.74
vn 0.07 -0.20 0.98
vn 0.08 -0.17 0.98
vn 0.08 -0.16 0.98
vn 0.09 -0.12 0.99
vn 0.14 -0.11 0.98
vn 0.17 -0.13 0.98
vn 0.21 -0.15 0.97
vn 0.39 -0.89 0.25
vn 0.42 -0.91 -0.02
vn 0.75 -0.66 -0.05
vn 0.74 -0.65 0.17
vn 0.33 -0.90 -0.29
vn 0.72 -0.64 -0.25
vn -0.87 -0.01 0.50
vn 0.17 -0.82 0.55
vn 0.18 -0.98 0.04
vn 0.45 -0.89 0.01
vn -0.11 -0.85 0.51
vn -0.16 -0.99 0.04
vn -0.39 -0.78 0.50
vn -0.47 -0.88 0.04
vn -0.90 -0.44 0.03
vn 0.49 -0.87 0.02
vn 0.47 -0.75 0.47
vn 0.47 -0.74 0.48
vn 0.47 -0.88 0.03
vn 0.44 -0.73 0.51
vn 0.45 -0.89 0.04
vn 0.43 -0.90 0.02
vn 0.40 -0.91 -0.02
vn 0.32 -0.95 -0.06
vn 0.23 -0.97 -0.09
vn 0.21 -0.97 -0.09
vn 0.24 -0.86 0.45
vn 0.24 -0.97 -0.08
vn 0.17 -0.98 -0.07
vn 0.10 -0.99 -0.08
vn 0.08 -0.99 -0.08
vn 0.11 -0.89 0.44
vn 0.08 -0.99 -0.06
vn 0.08 -0.99 -0.07
vn 0.04 -0.99 -0.11
vn -0.07 -0.99 -0.12
vn -0.17 -0.98 -0.14
vn -0.18 -0.97 -0.16
vn -0.14 -0.96 0.25
vn -0.17 -0.97 -0.17
vn -0.14 -0.95 0.27
vn -0.17 -0.97 -0.15
vn -0.15 -0.98 -0.11
vn -0.11 -0.94 0.31
vn -0.04 -0.95 0.30
vn -0.08 -1.00 -0.03
vn -0.18 -0.88 -0.44
vn 0.10 -0.87 -0.49
vn -0.52 -0.26 -0.81
vn -0.90 -0.05 -0.43
vn 0.35 -0.80 -0.49
vn 0.40 -0.80 -0.44
vn 0.41 -0.80 -0.44
vn 0.38 -0.80 -0.46
vn 0.36 -0.80 -0.47
vn 0.34 -0.81 -0.48
vn 0.15 -0.49 -0.86
vn 0.10 -0.50 -0.86
vn 0.03 -0.45 -0.89
vn 0.01 -0.41 -0.91
vn 0.02 -0.41 -0.91
vn 0.13 -0.80 -0.59
vn 0.04 -0.42 -0.91
vn 0.05 -0.44 -0.89
vn 0.00 -0.46 -0.89
vn -0.03 -0.43 -0.90
vn -0.04 -0.41 -0.91
vn -0.03 -0.46 -0.89
vn -0.04 -0.49 -0.87
vn -0.10 -0.48 -0.87
vn -0.15 -0.42 -0.89
vn -0.18 -0.81 -0.56
vn -0.18 -0.82 -0.55
vn -0.12 -0.39 -0.91
vn -0.10 -0.46 -0.88
vn -0.07 -0.68 -0.73
vn -0.13 0.31 -0.94
vn -0.09 0.33 -0.94
vn -0.11 0.33 -0.94
vn -0.13 0.29 -0.95
vn -0.13 0.30 -0.95
vn -0.13 0.23 -0.97
vn -0.10 0.15 -0.98
vn -0.09 0.07 -0.99
vn -0.09 0.02 -1.00
vn -0.11 0.08 -0.99
vn -0.07 -0.03 -1.00
vn -0.04 0.18 -0.98
vn -0.02 0.19 -0.98
vn 0.01 -0.01 -1.00
vn 0.52 -0.82 0.23
vn 0.53 -0.85 0.09
vn 0.55 -0.83 0.09
vn 0.54 -0.81 0.23
vn 0.49 -0.73 0.47
vn 0.51 -0.72 0.48
vn 0.44 -0.62 0.65
vn 0.45 -0.61 0.65
vn 0.38 -0.52 0.76
vn 0.39 -0.50 0.77
vn 0.36 -0.47 0.81
vn 0.37 -0.46 0.81
vn 0.44 -0.86 0.24
vn 0.44 -0.89 0.10
vn 0.42 -0.77 0.48
vn 0.38 -0.65 0.66
vn 0.33 -0.54 0.77
vn 0.31 -0.48 0.82
vn 0.35 -0.90 0.25
vn 0.34 -0.93 0.11
vn 0.33 -0.80 0.50
vn 0.30 -0.68 0.67
vn 0.27 -0.56 0.78
vn 0.25 -0.50 0.83
vn 0.27 -0.93 0.26
vn 0.27 -0.96 0.12
vn 0.25 -0.69 0.68
vn 0.22 -0.57 0.79
vn 0.21 -0.52 0.83
vn 0.21 -0.94 0.26
vn 0.20 -0.97 0.12
vn 0.21 -0.84 0.51
vn 0.20 -0.71 0.68
vn 0.19 -0.58 0.79
vn 0.18 -0.53 0.83
vn 0.05 -0.96 0.27
vn 0.04 -0.99 0.13
vn 0.07 -0.86 0.50
vn 0.08 -0.73 0.68
vn 0.08 -0.61 0.79
vn 0.07 -0.55 0.83
vn -0.15 -0.95 0.27
vn -0.16 -0.98 0.14
vn -0.11 -0.86 0.49
vn -0.08 -0.74 0.66
vn -0.05 -0.63 0.78
vn -0.04 -0.57 0.82
vn -0.22 -0.94 0.27
vn -0.24 -0.96 0.14
vn -0.18 -0.86 0.49
vn -0.13 -0.74 0.65
vn -0.10 -0.63 0.77
vn -0.08 -0.57 0.82
vn -0.22 -0.93 0.28
vn -0.18 -0.85 0.50
vn -0.14 -0.73 0.67
vn -0.09 -0.62 0.78
vn -0.08 -0.57 0.81
vn 0.48 -0.82 -0.32
vn 0.49 -0.81 -0.32
vn 0.52 -0.83 -0.18
vn 0.50 -0.85 -0.18
vn 0.40 -0.73 -0.55
vn 0.42 -0.72 -0.56
vn 0.32 -0.62 -0.71
vn 0.33 -0.61 -0.72
vn 0.25 -0.52 -0.82
vn 0.25 -0.50 -0.83
vn 0.21 -0.47 -0.86
vn 0.22 -0.46 -0.86
vn 0.39 -0.86 -0.31
vn 0.42 -0.89 -0.18
vn 0.33 -0.77 -0.55
vn 0.26 -0.65 -0.71
vn 0.19 -0.54 -0.82
vn 0.17 -0.48 -0.86
vn 0.30 -0.90 -0.31
vn 0.32 -0.93 -0.17
vn 0.24 -0.80 -0.55
vn 0.18 -0.68 -0.71
vn 0.13 -0.56 -0.82
vn 0.11 -0.50 -0.86
vn 0.22 -0.93 -0.30
vn 0.24 -0.96 -0.16
vn 0.18 -0.82 -0.54
vn 0.13 -0.69 -0.71
vn 0.08 -0.57 -0.81
vn 0.06 -0.52 -0.85
vn 0.16 -0.94 -0.30
vn 0.12 -0.84 -0.53
vn 0.08 -0.71 -0.70
vn 0.05 -0.58 -0.81
vn 0.03 -0.53 -0.85
vn 0.00 -0.96 -0.27
vn 0.02 -0.99 -0.14
vn -0.02 -0.86 -0.51
vn -0.04 -0.73 -0.68
vn -0.06 -0.61 -0.79
vn -0.07 -0.55 -0.83
vn -0.19 -0.95 -0.24
vn -0.19 -0.98 -0.11
vn -0.20 -0.86 -0.47
vn -0.19 -0.74 -0.64
vn -0.18 -0.63 -0.76
vn -0.18 -0.57 -0.80
vn -0.26 -0.94 -0.22
vn -0.26 -0.96 -0.10
vn -0.26 -0.86 -0.45
vn -0.25 -0.74 -0.62
vn -0.23 -0.63 -0.74
vn -0.22 -0.57 -0.79
vn -0.27 -0.93 -0.23
vn -0.26 -0.85 -0.46
vn -0.25 -0.73 -0.64
vn -0.23 -0.62 -0.75
vn 0.50 0.80 0.34
vn 0.03 0.89 0.46
vn 0.02 0.91 0.41
vn -0.23 0.89 0.39
vn 0.01 0.96 0.29
vn -0.32 0.91 0.28
vn -0.29 0.95 0.08
vn 0.01 1.00 0.09
vn 0.31 0.95 0.09
vn 0.11 0.88 0.46
vn 0.26 0.88 0.39
vn 0.64 0.70 0.31
vn 0.03 0.89 0.45
vn -0.70 0.66 0.29
vn 0.02 0.90 0.44
vn -0.80 0.55 0.24
vn 0.77 0.59 0.26
vn 0.83 0.51 0.23
vn -0.42 0.83 0.38
vn 0.86 0.47 0.18
vn 0.03 0.93 0.37
vn -0.85 0.50 0.20
vn 0.88 0.45 0.14
vn 0.03 0.95 0.31
vn -0.85 0.50 0.16
vn 0.43 0.87 0.24
vn 0.04 0.96 0.27
vn -0.82 0.55 0.16
vn 0.04 0.97 0.24
vn 0.42 0.88 0.22
vn -0.34 0.91 0.23
vn 0.84 0.52 0.12
vn 0.03 0.97 0.23
vn -0.81 0.57 0.13
vn 0.86 0.51 0.09
vn 0.01 0.98 0.20
vn -0.83 0.54 0.10
vn 0.87 0.49 0.07
vn -0.00 0.99 0.16
vn -0.85 0.53 0.07
vn 0.46 0.87 0.15
vn 0.01 0.98 0.17
vn -0.84 0.54 0.09
vn 0.88 0.48 0.07
vn 0.03 0.99 0.13
vn -0.82 0.56 0.08
vn 0.03 1.00 0.09
vn 0.88 0.47 0.05
vn -0.83 0.56 0.05
vn 0.88 0.47 0.02
vn 0.02 1.00 0.06
vn -0.84 0.54 0.03
vn 0.02 1.00 0.05
vn 0.88 0.47 0.01
vn -0.84 0.54 0.02
vn 0.89 0.46 -0.01
vn 0.01 1.00 0.01
vn -0.45 0.89 0.01
vn 0.90 0.44 -0.06
vn -0.02 0.99 -0.11
vn -0.86 0.51 -0.07
vn -0.02 0.99 -0.17
vn 0.45 0.88 -0.15
vn -0.83 0.54 -0.09
vn 0.00 0.98 -0.21
vn 0.46 0.87 -0.18
vn -0.80 0.59 -0.13
vn 0.02 0.97 -0.24
vn 0.45 0.87 -0.21
vn -0.78 0.61 -0.16
vn 0.42 0.88 -0.21
vn 0.04 0.97 -0.22
vn 0.86 0.49 -0.13
vn 0.06 0.97 -0.22
vn -0.78 0.60 -0.18
vn 0.31 0.90 -0.31
vn 0.05 0.93 -0.37
vn -0.21 0.93 -0.30
vn 0.27 0.84 -0.46
vn 0.04 0.88 -0.47
vn -0.19 0.87 -0.46
vn 0.44 0.90 0.00
vn 0.00 1.00 -0.09
vn -0.55 0.83 -0.01
vn -0.02 0.99 -0.14
vn -0.05 0.78 0.63
vn -0.63 0.74 0.23
vn 0.96 -0.18 -0.21
vn 0.87 0.48 0.11
vn 0.85 0.52 0.09
vn 0.90 0.43 0.11
vn 0.83 0.55 0.07
vn 0.84 0.54 0.09
vn 0.79 0.50 0.35
vn 0.75 0.50 0.43
vn 0.95 0.31 0.07
vn 0.92 -0.33 -0.19
vn 0.90 -0.40 -0.20
vn 0.85 -0.48 -0.22
vn 0.81 -0.55 -0.20
vn 0.81 -0.57 -0.14
vn 0.99 -0.12 -0.02
vn 0.85 -0.52 -0.12
vn 1.00 -0.03 -0.01
vn 0.86 -0.49 -0.14
vn 0.84 -0.52 -0.15
vn 1.00 -0.07 -0.01
vn 0.82 -0.56 -0.10
vn 0.83 -0.56 -0.06
vn 1.00 -0.04 -0.00
vn 0.84 -0.53 -0.05
vn 0.82 -0.57 -0.06
vn 0.78 -0.63 -0.04
vn 0.74 -0.67 0.03
vn 0.74 -0.67 0.11
vn 0.98 -0.20 0.03
vn 0.73 -0.68 0.11
vn 0.98 -0.20 0.02
vn 0.98 -0.20 0.01
vn 0.99 -0.17 0.01
vn 0.99 -0.16 0.01
vn 0.99 -0.12 0.00
vn 0.99 -0.11 -0.05
vn 0.99 -0.13 -0.09
vn 0.98 -0.15 -0.12
vn 0.28 -0.89 -0.37
vn 0.01 -0.91 -0.42
vn 0.02 -0.66 -0.75
vn 0.24 -0.65 -0.72
vn -0.26 -0.90 -0.36
vn -0.19 -0.64 -0.74
vn 0.42 -0.01 0.91
vn 0.56 -0.82 -0.12
vn 0.05 -0.98 -0.17
vn 0.05 -0.89 -0.45
vn 0.50 -0.85 0.16
vn 0.03 -0.99 0.16
vn 0.46 -0.78 0.43
vn -0.00 -0.88 0.48
vn -0.05 -0.44 0.90
vn 0.06 -0.87 -0.49
vn 0.51 -0.75 -0.43
vn 0.07 -0.87 -0.49
vn 0.52 -0.74 -0.43
vn 0.07 -0.88 -0.46
vn 0.55 -0.73 -0.40
vn 0.08 -0.89 -0.44
vn 0.06 -0.90 -0.42
vn 0.02 -0.91 -0.40
vn -0.03 -0.95 -0.32
vn -0.07 -0.97 -0.24
vn -0.07 -0.97 -0.22
vn 0.47 -0.86 -0.20
vn -0.06 -0.97 -0.25
vn -0.05 -0.97 -0.24
vn -0.06 -0.98 -0.17
vn -0.07 -0.99 -0.11
vn -0.07 -0.99 -0.08
vn 0.45 -0.89 -0.07
vn -0.06 -0.99 -0.09
vn -0.10 -0.99 -0.05
vn -0.13 -0.99 0.06
vn -0.15 -0.98 0.16
vn -0.18 -0.97 0.16
vn 0.24 -0.96 0.16
vn 0.25 -0.95 0.16
vn -0.17 -0.97 0.16
vn -0.12 -0.98 0.14
vn 0.30 -0.94 0.14
vn 0.30 -0.95 0.07
vn -0.04 -1.00 0.08
vn -0.45 -0.88 0.14
vn -0.48 -0.87 -0.14
vn -0.86 -0.26 0.44
vn -0.51 -0.05 0.86
vn -0.46 -0.80 -0.39
vn -0.41 -0.80 -0.44
vn -0.40 -0.80 -0.44
vn -0.42 -0.80 -0.42
vn -0.44 -0.80 -0.40
vn -0.45 -0.81 -0.38
vn -0.84 -0.49 -0.22
vn -0.85 -0.50 -0.17
vn -0.89 -0.45 -0.10
vn -0.91 -0.41 -0.09
vn -0.58 -0.80 -0.18
vn -0.90 -0.42 -0.12
vn -0.89 -0.44 -0.13
vn -0.88 -0.46 -0.08
vn -0.90 -0.43 -0.04
vn -0.91 -0.41 -0.04
vn -0.89 -0.46 -0.05
vn -0.87 -0.49 -0.04
vn -0.87 -0.48 0.02
vn -0.90 -0.42 0.07
vn -0.57 -0.81 0.13
vn -0.56 -0.82 0.13
vn -0.92 -0.39 0.04
vn -0.89 -0.46 0.02
vn -0.73 -0.68 0.01
vn -0.95 0.31 0.04
vn -0.94 0.33 0.01
vn -0.94 0.33 0.03
vn -0.94 0.33 0.02
vn -0.95 0.29 0.05
vn -0.95 0.30 0.05
vn -0.97 0.23 0.04
vn -0.99 0.15 0.01
vn -1.00 0.07 0.00
vn -1.00 0.08 0.03
vn -1.00 -0.03 -0.02
vn -0.98 0.18 -0.05
vn -0.98 0.19 -0.07
vn -1.00 -0.01 -0.10
vn 0.27 -0.82 -0.50
vn 0.14 -0.85 -0.52
vn 0.14 -0.83 -0.54
vn 0.28 -0.81 -0.52
vn 0.51 -0.73 -0.45
vn 0.52 -0.72 -0.46
vn 0.68 -0.62 -0.38
vn 0.69 -0.61 -0.39
vn 0.79 -0.52 -0.32
vn 0.80 -0.50 -0.33
vn 0.84 -0.47 -0.29
vn 0.84 -0.46 -0.30
vn 0.28 -0.86 -0.42
vn 0.14 -0.89 -0.43
vn 0.52 -0.77 -0.37
vn 0.69 -0.65 -0.32
vn 0.80 -0.54 -0.26
vn 0.84 -0.48 -0.24
vn 0.28 -0.90 -0.32
vn 0.14 -0.93 -0.33
vn 0.52 -0.80 -0.29
vn 0.69 -0.68 -0.24
vn 0.80 -0.56 -0.20
vn 0.84 -0.50 -0.18
vn 0.28 -0.93 -0.25
vn 0.14 -0.96 -0.26
vn 0.52 -0.82 -0.22
vn 0.69 -0.69 -0.19
vn 0.85 -0.52 -0.14
vn 0.28 -0.94 -0.19
vn 0.14 -0.97 -0.19
vn 0.52 -0.84 -0.17
vn 0.69 -0.71 -0.14
vn 0.80 -0.58 -0.12
vn 0.84 -0.53 -0.10
vn 0.27 -0.96 -0.03
vn 0.14 -0.99 -0.03
vn 0.51 -0.86 -0.02
vn 0.68 -0.73 -0.02
vn 0.79 -0.61 -0.01
vn 0.84 -0.55 -0.00
vn 0.25 -0.95 0.17
vn 0.13 -0.98 0.18
vn 0.48 -0.86 0.16
vn 0.65 -0.74 0.14
vn 0.77 -0.63 0.12
vn 0.81 -0.57 0.11
vn 0.25 -0.94 0.24
vn 0.12 -0.96 0.25
vn 0.47 -0.86 0.22
vn 0.64 -0.74 0.19
vn 0.76 -0.63 0.16
vn 0.81 -0.57 0.15
vn 0.26 -0.93 0.25
vn 0.48 -0.85 0.22
vn 0.66 -0.73 0.19
vn 0.77 -0.62 0.16
vn -0.27 -0.82 -0.50
vn -0.28 -0.81 -0.52
vn -0.14 -0.83 -0.54
vn -0.14 -0.85 -0.52
vn -0.51 -0.73 -0.45
vn -0.52 -0.72 -0.46
vn -0.68 -0.62 -0.38
vn -0.69 -0.61 -0.39
vn -0.79 -0.52 -0.32
vn -0.80 -0.50 -0.33
vn -0.84 -0.47 -0.29
vn -0.84 -0.46 -0.30
vn -0.28 -0.86 -0.42
vn -0.14 -0.89 -0.43
vn -0.52 -0.77 -0.37
vn -0.69 -0.65 -0.32
vn -0.80 -0.54 -0.26
vn -0.84 -0.48 -0.24
vn -0.28 -0.90 -0.32
vn -0.14 -0.93 -0.33
vn -0.52 -0.80 -0.29
vn -0.69 -0.68 -0.24
vn -0.80 -0.56 -0.20
vn -0.84 -0.50 -0.18
vn -0.28 -0.93 -0.25
vn -0.14 -0.96 -0.26
vn -0.52 -0.82 -0.22
vn -0.69 -0.69 -0.19
vn -0.85 -0.52 -0.14
vn -0.28 -0.94 -0.19
vn -0.14 -0.97 -0.19
vn -0.52 -0.84 -0.17
vn -0.69 -0.71 -0.14
vn -0.80 -0.58 -0.12
vn -0.84 -0.53 -0.10
vn -0.27 -0.96 -0.03
vn -0.14 -0.99 -0.03
vn -0.51 -0.86 -0.02
vn -0.68 -0.73 -0.02
vn -0.79 -0.61 -0.01
vn -0.84 -0.55 -0.00
vn -0.25 -0.95 0.17
vn -0.13 -0.98 0.18
vn -0.48 -0.86 0.16
vn -0.65 -0.74 0.14
vn -0.77 -0.63 0.12
vn -0.81 -0.57 0.11
vn -0.25 -0.94 0.24
vn -0.12 -0.96 0.25
vn -0.47 -0.86 0.22
vn -0.64 -0.74 0.19
vn -0.76 -0.63 0.16
vn -0.81 -0.57 0.15
vn -0.26 -0.93 0.25
vn -0.48 -0.85 0.22
vn -0.66 -0.73 0.19
vn -0.77 -0.62 0.16
vn 0.42 0.80 -0.43
vn 0.46 0.89 0.05
vn 0.40 0.91 0.06
vn 0.35 0.89 0.30
vn 0.29 0.96 0.04
vn 0.21 0.91 0.37
vn 0.03 0.95 0.30
vn 0.09 1.00 0.01
vn 0.33 0.90 -0.29
vn 0.14 0.95 -0.29
vn 0.47 0.88 -0.03
vn 0.43 0.88 -0.19
vn 0.41 0.70 -0.58
vn 0.45 0.89 0.05
vn 0.17 0.66 0.74
vn 0.43 0.90 0.06
vn 0.10 0.55 0.83
vn 0.39 0.59 -0.71
vn 0.37 0.51 -0.78
vn 0.41 0.91 0.05
vn 0.30 0.83 0.48
vn 0.33 0.47 -0.82
vn 0.37 0.93 0.04
vn 0.05 0.50 0.87
vn 0.29 0.45 -0.85
vn 0.31 0.95 0.02
vn 0.01 0.50 0.86
vn 0.31 0.87 -0.38
vn 0.27 0.96 0.01
vn 0.02 0.55 0.83
vn 0.25 0.97 -0.00
vn 0.29 0.88 -0.38
vn 0.17 0.91 0.37
vn 0.26 0.52 -0.81
vn 0.23 0.97 0.01
vn -0.01 0.57 0.82
vn 0.24 0.51 -0.83
vn 0.20 0.98 0.02
vn -0.05 0.54 0.84
vn 0.22 0.49 -0.84
vn 0.16 0.99 0.03
vn -0.08 0.53 0.85
vn 0.23 0.87 -0.43
vn 0.17 0.98 0.02
vn 0.22 0.48 -0.85
vn 0.13 0.99 -0.00
vn -0.07 0.56 0.82
vn 0.10 1.00 -0.01
vn 0.20 0.47 -0.86
vn -0.09 0.56 0.82
vn 0.17 0.47 -0.87
vn 0.06 1.00 -0.01
vn -0.12 0.54 0.83
vn 0.15 0.46 -0.88
vn 0.01 1.00 -0.00
vn -0.07 0.89 0.45
vn 0.09 0.44 -0.89
vn -0.11 0.99 -0.00
vn -0.22 0.51 0.83
vn -0.17 0.99 -0.01
vn -0.07 0.88 -0.47
vn -0.24 0.54 0.81
vn -0.20 0.98 -0.04
vn -0.10 0.87 -0.49
vn -0.27 0.59 0.77
vn -0.23 0.97 -0.06
vn -0.13 0.87 -0.48
vn -0.29 0.61 0.74
vn -0.13 0.88 -0.45
vn -0.21 0.97 -0.07
vn 0.02 0.49 -0.87
vn -0.21 0.97 -0.09
vn -0.31 0.60 0.74
vn -0.26 0.90 -0.36
vn -0.36 0.93 -0.11
vn -0.33 0.93 0.15
vn -0.41 0.84 -0.35
vn -0.46 0.88 -0.12
vn -0.48 0.87 0.11
vn 0.08 0.90 -0.44
vn -0.09 1.00 -0.02
vn -0.11 0.83 0.54
vn -0.14 0.99 -0.01
vn 0.61 0.78 0.16
vn 0.12 0.74 0.66
vn -0.04 -0.18 -0.98
vn 0.26 0.48 -0.84
vn 0.23 0.52 -0.82
vn 0.26 0.43 -0.87
vn 0.21 0.55 -0.81
vn 0.23 0.54 -0.81
vn 0.48 0.50 -0.72
vn 0.56 0.50 -0.66
vn 0.23 0.31 -0.92
vn -0.03 -0.33 -0.94
vn -0.04 -0.40 -0.92
vn -0.07 -0.48 -0.87
vn -0.05 -0.55 -0.83
vn 0.00 -0.57 -0.82
vn 0.15 -0.12 -0.98
vn 0.03 -0.52 -0.85
vn 0.17 -0.03 -0.99
vn 0.17 0.02 -0.98
vn 0.02 -0.49 -0.87
vn -0.00 -0.52 -0.85
vn 0.16 -0.07 -0.98
vn 0.04 -0.56 -0.83
vn 0.09 -0.56 -0.83
vn 0.17 -0.04 -0.98
vn 0.10 -0.53 -0.84
vn 0.08 -0.57 -0.82
vn 0.09 -0.63 -0.77
vn 0.16 -0.67 -0.73
vn 0.23 -0.67 -0.71
vn 0.20 -0.20 -0.96
vn 0.23 -0.68 -0.70
vn 0.19 -0.20 -0.96
vn 0.18 -0.20 -0.96
vn 0.18 -0.17 -0.97
vn 0.18 -0.16 -0.97
vn 0.17 -0.12 -0.98
vn 0.12 -0.11 -0.99
vn 0.09 -0.13 -0.99
vn 0.05 -0.15 -0.99
vn -0.31 -0.89 -0.34
vn -0.41 -0.91 -0.09
vn -0.74 -0.66 -0.15
vn -0.67 -0.65 -0.36
vn -0.40 -0.90 0.19
vn -0.76 -0.64 0.05
vn 0.97 -0.01 -0.25
vn -0.02 -0.82 -0.57
vn -0.16 -0.98 -0.08
vn -0.43 -0.89 -0.13
vn 0.24 -0.85 -0.47
vn 0.16 -0.99 0.00
vn 0.50 -0.78 -0.38
vn 0.47 -0.88 0.08
vn 0.88 -0.44 0.20
vn -0.47 -0.87 -0.14
vn -0.34 -0.75 -0.58
vn -0.47 -0.87 -0.15
vn -0.33 -0.74 -0.58
vn -0.45 -0.88 -0.15
vn -0.29 -0.73 -0.61
vn -0.42 -0.89 -0.16
vn -0.41 -0.90 -0.13
vn -0.40 -0.91 -0.09
vn -0.32 -0.95 -0.02
vn -0.25 -0.97 0.02
vn -0.23 -0.97 0.03
vn -0.11 -0.86 -0.50
vn -0.25 -0.97 0.01
vn -0.18 -0.98 0.03
vn -0.12 -0.99 0.05
vn -0.09 -0.99 0.06
vn 0.00 -0.89 -0.45
vn -0.09 -0.99 0.04
vn -0.10 -0.99 0.05
vn -0.07 -0.99 0.09
vn 0.04 -0.99 0.14
vn 0.13 -0.97 0.20
vn 0.20 -0.96 -0.21
vn 0.13 -0.97 0.21
vn 0.20 -0.95 -0.22
vn 0.13 -0.97 0.19
vn 0.12 -0.98 0.15
vn 0.19 -0.94 -0.27
vn 0.12 -0.95 -0.28
vn 0.07 -1.00 0.05
vn 0.06 -0.88 0.47
vn -0.22 -0.87 0.45
vn 0.29 -0.26 0.92
vn 0.76 -0.05 0.65
vn -0.47 -0.80 0.38
vn -0.51 -0.80 0.32
vn -0.48 -0.80 0.34
vn -0.47 -0.80 0.37
vn -0.45 -0.81 0.38
vn -0.37 -0.49 0.79
vn -0.32 -0.50 0.81
vn -0.26 -0.45 0.86
vn -0.24 -0.41 0.88
vn -0.25 -0.41 0.88
vn -0.28 -0.80 0.54
vn -0.27 -0.42 0.87
vn -0.28 -0.44 0.85
vn -0.23 -0.46 0.86
vn -0.20 -0.43 0.88
vn -0.19 -0.41 0.89
vn -0.20 -0.46 0.87
vn -0.19 -0.49 0.85
vn -0.13 -0.48 0.86
vn -0.09 -0.42 0.90
vn 0.03 -0.81 0.59
vn 0.03 -0.82 0.58
vn -0.12 -0.39 0.91
vn -0.13 -0.46 0.88
vn -0.12 -0.68 0.72
vn -0.12 0.31 0.94
vn -0.15 0.33 0.93
vn -0.14 0.33 0.93
vn -0.12 0.29 0.95
vn -0.12 0.30 0.95
vn -0.13 0.23 0.96
vn -0.13 0.23 0.97
vn -0.16 0.15 0.98
vn -0.17 0.07 0.98
vn -0.17 0.02 0.98
vn -0.15 0.08 0.99
vn -0.19 -0.03 0.98
vn -0.22 0.18 0.96
vn -0.24 0.19 0.95
vn -0.27 -0.01 0.96
vn -0.45 -0.82 -0.36
vn -0.50 -0.83 -0.23
vn -0.46 -0.81 -0.36
vn -0.35 -0.73 -0.58
vn -0.37 -0.72 -0.59
vn -0.26 -0.62 -0.74
vn -0.27 -0.61 -0.75
vn -0.17 -0.52 -0.84
vn -0.18 -0.50 -0.84
vn -0.14 -0.47 -0.87
vn -0.15 -0.46 -0.87
vn -0.36 -0.86 -0.35
vn -0.40 -0.89 -0.21
vn -0.28 -0.77 -0.57
vn -0.19 -0.65 -0.73
vn -0.12 -0.54 -0.83
vn -0.09 -0.48 -0.87
vn -0.27 -0.90 -0.33
vn -0.30 -0.93 -0.20
vn -0.19 -0.80 -0.56
vn -0.12 -0.68 -0.73
vn -0.06 -0.56 -0.83
vn -0.03 -0.50 -0.86
vn -0.20 -0.93 -0.32
vn -0.23 -0.96 -0.18
vn -0.13 -0.82 -0.55
vn -0.06 -0.69 -0.72
vn -0.01 -0.57 -0.82
vn 0.01 -0.52 -0.86
vn -0.14 -0.94 -0.31
vn -0.16 -0.97 -0.17
vn -0.07 -0.84 -0.54
vn -0.02 -0.71 -0.71
vn 0.03 -0.58 -0.81
vn 0.04 -0.53 -0.85
vn 0.02 -0.96 -0.27
vn -0.01 -0.99 -0.14
vn 0.07 -0.86 -0.50
vn 0.10 -0.73 -0.67
vn 0.12 -0.61 -0.78
vn 0.14 -0.55 -0.82
vn 0.21 -0.95 -0.22
vn 0.20 -0.98 -0.09
vn 0.24 -0.86 -0.45
vn 0.25 -0.74 -0.62
vn 0.25 -0.63 -0.74
vn 0.25 -0.57 -0.78
vn 0.28 -0.94 -0.20
vn 0.26 -0.96 -0.08
vn 0.30 -0.86 -0.42
vn 0.30 -0.74 -0.60
vn 0.29 -0.63 -0.72
vn 0.29 -0.57 -0.77
vn 0.29 -0.93 -0.21
vn 0.27 -0.96 -0.08
vn 0.30 -0.85 -0.44
vn 0.30 -0.73 -0.61
vn 0.29 -0.62 -0.73
vn -0.54 -0.82 0.18
vn -0.56 -0.81 0.18
vn -0.55 -0.83 0.04
vn -0.53 -0.85 0.05
vn -0.53 -0.73 0.43
vn -0.55 -0.72 0.43
vn -0.49 -0.62 0.61
vn -0.51 -0.61 0.61
vn -0.45 -0.52 0.73
vn -0.46 -0.50 0.73
vn -0.43 -0.47 0.77
vn -0.44 -0.46 0.77
vn -0.46 -0.86 0.20
vn -0.45 -0.89 0.06
vn -0.46 -0.77 0.44
vn -0.43 -0.65 0.62
vn -0.40 -0.54 0.74
vn -0.38 -0.48 0.79
vn -0.37 -0.90 0.22
vn -0.35 -0.93 0.08
vn -0.37 -0.80 0.46
vn -0.36 -0.68 0.64
vn -0.34 -0.56 0.76
vn -0.32 -0.50 0.80
vn -0.30 -0.93 0.23
vn -0.28 -0.96 0.10
vn -0.31 -0.82 0.48
vn -0.31 -0.69 0.65
vn -0.29 -0.57 0.77
vn -0.28 -0.52 0.81
vn -0.23 -0.94 0.24
vn -0.21 -0.97 0.11
vn -0.25 -0.84 0.49
vn -0.26 -0.71 0.66
vn -0.25 -0.58 0.77
vn -0.25 -0.53 0.81
vn -0.07 -0.96 0.26
vn -0.05 -0.99 0.13
vn -0.11 -0.86 0.50
vn -0.15 -0.61 0.78
vn -0.15 -0.55 0.82
vn 0.13 -0.95 0.28
vn 0.15 -0.98 0.16
vn 0.02 -0.74 0.67
vn -0.02 -0.63 0.78
vn -0.03 -0.57 0.82
vn 0.19 -0.94 0.28
vn 0.22 -0.96 0.16
vn 0.14 -0.86 0.50
vn 0.08 -0.74 0.66
vn 0.03 -0.63 0.78
vn 0.01 -0.57 0.82
vn 0.20 -0.93 0.30
vn 0.23 -0.96 0.16
vn 0.03 -0.62 0.79
vn -0.04 0.58 -0.82
vn 0.43 0.61 -0.66
vn 0.42 0.65 -0.63
vn 0.61 0.64 -0.47
vn 0.38 0.74 -0.55
vn 0.63 0.70 -0.33
vn 0.51 0.83 -0.22
vn 0.28 0.87 -0.42
vn 0.08 0.70 -0.71
vn 0.02 0.82 -0.57
vn 0.36 0.61 -0.71
vn 0.21 0.63 -0.75
vn -0.20 0.51 -0.84
vn 0.43 0.62 -0.66
vn 0.88 0.47 -0.04
vn 0.43 0.63 -0.65
vn 0.91 0.40 0.09
vn -0.35 0.42 -0.84
vn -0.44 0.37 -0.82
vn 0.74 0.59 -0.33
vn -0.50 0.35 -0.79
vn 0.40 0.68 -0.62
vn 0.92 0.37 0.17
vn -0.55 0.35 -0.76
vn 0.37 0.73 -0.57
vn 0.90 0.39 0.20
vn -0.01 0.69 -0.73
vn 0.34 0.76 -0.56
vn 0.89 0.43 0.16
vn 0.32 0.78 -0.54
vn -0.02 0.71 -0.71
vn 0.62 0.73 -0.29
vn -0.50 0.42 -0.75
vn 0.33 0.79 -0.52
vn 0.87 0.46 0.17
vn -0.53 0.42 -0.74
vn 0.33 0.80 -0.49
vn 0.87 0.45 0.22
vn -0.56 0.42 -0.72
vn 0.32 0.83 -0.46
vn 0.86 0.45 0.25
vn -0.09 0.73 -0.68
vn 0.32 0.82 -0.47
vn -0.57 0.41 -0.72
vn 0.29 0.84 -0.45
vn 0.85 0.48 0.22
vn 0.27 0.86 -0.43
vn -0.58 0.41 -0.70
vn 0.84 0.49 0.24
vn -0.60 0.41 -0.68
vn 0.25 0.88 -0.40
vn 0.83 0.48 0.27
vn 0.26 0.88 -0.39
vn -0.60 0.42 -0.68
vn 0.83 0.48 0.28
vn -0.62 0.42 -0.66
vn 0.24 0.90 -0.35
vn 0.59 0.81 -0.06
vn -0.66 0.42 -0.62
vn 0.20 0.95 -0.25
vn 0.79 0.49 0.37
vn 0.17 0.96 -0.21
vn -0.24 0.86 -0.45
vn 0.77 0.53 0.36
vn 0.13 0.97 -0.19
vn -0.26 0.86 -0.43
vn 0.73 0.59 0.35
vn 0.10 0.98 -0.17
vn -0.27 0.88 -0.40
vn 0.70 0.62 0.36
vn -0.24 0.89 -0.39
vn 0.09 0.98 -0.19
vn 0.70 0.62 0.35
vn -0.65 0.50 -0.57
vn 0.08 0.98 -0.21
vn 0.69 0.62 0.38
vn -0.20 0.95 -0.25
vn -0.01 1.00 -0.07
vn 0.24 0.97 0.02
vn -0.26 0.96 -0.10
vn -0.06 1.00 0.03
vn 0.13 0.98 0.15
vn -0.14 0.81 -0.57
vn 0.19 0.94 -0.28
vn 0.65 0.76 0.04
vn 0.18 0.96 -0.23
vn 0.55 0.44 -0.71
vn 0.81 0.58 -0.07
vn -0.94 -0.08 -0.33
vn -0.54 0.39 -0.75
vn -0.53 0.43 -0.73
vn -0.58 0.34 -0.74
vn -0.51 0.47 -0.72
vn -0.51 0.45 -0.73
vn -0.35 0.31 -0.89
vn -0.27 0.27 -0.93
vn -0.67 0.25 -0.70
vn -0.94 -0.22 -0.27
vn -0.93 -0.28 -0.23
vn -0.93 -0.34 -0.16
vn -0.88 -0.45 -0.17
vn -0.85 -0.10 -0.51
vn -0.88 -0.42 -0.22
vn -0.83 -0.02 -0.56
vn -0.81 0.02 -0.58
vn -0.89 -0.39 -0.22
vn -0.89 -0.41 -0.19
vn -0.84 -0.06 -0.54
vn -0.86 -0.46 -0.20
vn -0.83 -0.03 -0.56
vn -0.85 -0.46 -0.26
vn -0.84 -0.49 -0.23
vn -0.81 -0.55 -0.20
vn -0.75 -0.62 -0.22
vn -0.71 -0.65 -0.27
vn -0.84 -0.19 -0.52
vn -0.71 -0.66 -0.26
vn -0.84 -0.19 -0.51
vn -0.84 -0.19 -0.50
vn -0.85 -0.18 -0.50
vn -0.84 -0.16 -0.51
vn -0.84 -0.15 -0.52
vn -0.84 -0.11 -0.53
vn -0.87 -0.08 -0.49
vn -0.89 -0.08 -0.46
vn -0.90 -0.08 -0.42
vn -0.63 -0.65 0.42
vn -0.45 -0.65 0.62
vn -0.56 -0.28 0.78
vn -0.73 -0.28 0.63
vn -0.19 -0.66 0.72
vn -0.39 -0.27 0.88
vn 0.13 -0.40 -0.91
vn -0.72 -0.69 0.05
vn -0.37 -0.82 0.44
vn -0.54 -0.84 -0.11
vn -0.18 -0.96 0.21
vn -0.34 -0.88 -0.32
vn 0.04 -1.00 -0.05
vn 0.40 -0.77 -0.49
vn -0.51 -0.58 0.63
vn -0.82 -0.49 0.29
vn -0.52 -0.58 0.63
vn -0.83 -0.49 0.28
vn -0.52 -0.60 0.61
vn -0.84 -0.50 0.23
vn -0.51 -0.62 0.59
vn -0.49 -0.64 0.59
vn -0.45 -0.66 0.61
vn -0.37 -0.72 0.59
vn -0.31 -0.78 0.55
vn -0.29 -0.79 0.54
vn -0.70 -0.70 0.18
vn -0.32 -0.77 0.55
vn -0.28 -0.82 0.50
vn -0.24 -0.85 0.46
vn -0.23 -0.87 0.45
vn -0.62 -0.78 0.11
vn -0.24 -0.87 0.44
vn -0.23 -0.86 0.45
vn -0.19 -0.88 0.44
vn -0.10 -0.92 0.37
vn -0.03 -0.95 0.31
vn -0.01 -0.95 0.32
vn -0.34 -0.94 0.08
vn -0.00 -0.95 0.32
vn -0.35 -0.93 0.07
vn -0.02 -0.95 0.32
vn -0.06 -0.95 0.31
vn -0.40 -0.91 0.05
vn -0.44 -0.89 0.11
vn -0.17 -0.94 0.31
vn 0.23 -0.86 0.46
vn 0.11 -0.73 0.68
vn 0.87 -0.43 0.25
vn 0.85 -0.41 -0.33
vn -0.02 -0.56 0.83
vn -0.09 -0.54 0.84
vn -0.10 -0.54 0.84
vn -0.07 -0.55 0.83
vn -0.04 -0.56 0.83
vn 0.46 -0.35 0.82
vn 0.48 -0.38 0.79
vn 0.56 -0.36 0.74
vn 0.60 -0.33 0.73
vn 0.59 -0.33 0.73
vn 0.18 -0.64 0.74
vn 0.57 -0.33 0.75
vn 0.55 -0.35 0.76
vn 0.57 -0.38 0.73
vn 0.61 -0.37 0.70
vn 0.63 -0.36 0.69
vn 0.59 -0.40 0.70
vn 0.58 -0.43 0.70
vn 0.61 -0.45 0.65
vn 0.67 -0.41 0.61
vn 0.34 -0.79 0.51
vn 0.33 -0.79 0.51
vn 0.68 -0.37 0.64
vn 0.63 -0.43 0.65
vn 0.88 0.26 0.41
vn 0.86 0.30 0.42
vn 0.87 0.29 0.41
vn 0.88 0.25 0.41
vn 0.87 0.19 0.45
vn 0.85 0.13 0.51
vn 0.83 0.07 0.55
vn 0.82 0.01 0.57
vn 0.82 0.02 0.57
vn 0.85 0.06 0.52
vn 0.80 -0.01 0.60
vn 0.82 0.18 0.54
vn 0.81 0.20 0.55
vn 0.76 0.03 0.65
vn -0.68 -0.53 0.50
vn -0.59 -0.55 0.60
vn -0.59 -0.53 0.61
vn -0.69 -0.51 0.51
vn -0.83 -0.48 0.29
vn -0.84 -0.46 0.29
vn -0.91 -0.40 0.11
vn -0.92 -0.39 0.11
vn -0.94 -0.34 -0.04
vn -0.95 -0.32 -0.04
vn -0.95 -0.30 -0.10
vn -0.95 -0.29 -0.10
vn -0.65 -0.61 0.45
vn -0.56 -0.63 0.55
vn -0.80 -0.54 0.25
vn -0.89 -0.46 0.07
vn -0.92 -0.38 -0.08
vn -0.93 -0.34 -0.14
vn -0.62 -0.68 0.39
vn -0.52 -0.70 0.49
vn -0.77 -0.61 0.19
vn -0.86 -0.51 0.02
vn -0.91 -0.38 -0.18
vn -0.58 -0.73 0.35
vn -0.48 -0.76 0.44
vn -0.74 -0.65 0.15
vn -0.83 -0.55 -0.02
vn -0.88 -0.45 -0.15
vn -0.89 -0.41 -0.20
vn -0.56 -0.77 0.30
vn -0.45 -0.80 0.40
vn -0.72 -0.69 0.11
vn -0.81 -0.58 -0.05
vn -0.86 -0.48 -0.17
vn -0.87 -0.43 -0.23
vn -0.37 -0.88 0.29
vn -0.64 -0.77 0.02
vn -0.74 -0.66 -0.12
vn -0.80 -0.55 -0.23
vn -0.82 -0.50 -0.29
vn -0.35 -0.94 0.06
vn -0.25 -0.96 0.13
vn -0.52 -0.85 -0.09
vn -0.64 -0.73 -0.22
vn -0.72 -0.62 -0.31
vn -0.75 -0.56 -0.35
vn -0.30 -0.95 0.00
vn -0.20 -0.98 0.08
vn -0.61 -0.75 -0.25
vn -0.69 -0.64 -0.34
vn -0.72 -0.58 -0.37
vn -0.31 -0.95 -0.01
vn -0.20 -0.98 0.07
vn -0.49 -0.86 -0.15
vn -0.61 -0.74 -0.27
vn -0.70 -0.63 -0.35
vn -0.72 -0.58 -0.38
vn -0.24 -0.53 0.81
vn -0.24 -0.51 0.83
vn -0.37 -0.53 0.76
vn -0.36 -0.55 0.75
vn 0.01 -0.48 0.88
vn 0.01 -0.46 0.89
vn 0.21 -0.40 0.89
vn 0.21 -0.39 0.90
vn 0.36 -0.34 0.87
vn 0.36 -0.32 0.87
vn 0.42 -0.30 0.85
vn 0.42 -0.29 0.86
vn -0.20 -0.61 0.77
vn -0.33 -0.63 0.71
vn 0.04 -0.54 0.84
vn 0.24 -0.46 0.86
vn 0.39 -0.38 0.84
vn 0.45 -0.34 0.83
vn -0.16 -0.68 0.71
vn -0.28 -0.70 0.65
vn 0.28 -0.51 0.81
vn 0.42 -0.42 0.80
vn -0.12 -0.73 0.67
vn -0.25 -0.76 0.60
vn 0.11 -0.65 0.75
vn 0.30 -0.55 0.78
vn 0.44 -0.45 0.77
vn 0.50 -0.41 0.77
vn -0.10 -0.77 0.63
vn -0.22 -0.80 0.56
vn 0.14 -0.69 0.71
vn 0.32 -0.58 0.75
vn 0.46 -0.48 0.75
vn 0.51 -0.43 0.74
vn -0.03 -0.86 0.51
vn -0.14 -0.88 0.44
vn 0.19 -0.77 0.61
vn 0.37 -0.66 0.66
vn 0.49 -0.55 0.68
vn 0.55 -0.50 0.67
vn 0.07 -0.94 0.35
vn -0.04 -0.96 0.28
vn 0.27 -0.85 0.46
vn 0.43 -0.73 0.53
vn 0.54 -0.62 0.57
vn 0.59 -0.56 0.58
vn 0.10 -0.95 0.29
vn -0.00 -0.98 0.22
vn 0.29 -0.87 0.40
vn 0.44 -0.75 0.48
vn 0.55 -0.64 0.53
vn 0.60 -0.58 0.55
vn 0.11 -0.95 0.29
vn -0.00 -0.98 0.21
vn 0.31 -0.86 0.40
vn 0.46 -0.74 0.49
vn 0.57 -0.63 0.53
vn -0.82 0.58 -0.03
vn -0.62 0.61 -0.49
vn -0.59 0.65 -0.47
vn -0.41 0.64 -0.65
vn -0.52 0.74 -0.43
vn -0.28 0.70 -0.65
vn -0.18 0.83 -0.53
vn -0.39 0.87 -0.32
vn -0.70 0.70 -0.15
vn -0.56 0.82 -0.07
vn -0.67 0.61 -0.42
vn -0.73 0.63 -0.27
vn -0.85 0.51 0.12
vn -0.62 0.62 -0.48
vn 0.03 0.47 -0.88
vn -0.61 0.63 -0.48
vn 0.17 0.40 -0.90
vn -0.86 0.42 0.28
vn -0.85 0.37 0.36
vn -0.26 0.59 -0.76
vn -0.83 0.35 0.43
vn -0.58 0.68 -0.45
vn 0.25 0.37 -0.90
vn -0.81 0.35 0.48
vn -0.54 0.73 -0.41
vn 0.27 0.39 -0.88
vn -0.73 0.69 -0.05
vn -0.52 0.76 -0.39
vn 0.23 0.43 -0.87
vn -0.51 0.78 -0.37
vn -0.71 0.71 -0.04
vn -0.24 0.73 -0.64
vn -0.79 0.42 0.44
vn -0.49 0.79 -0.37
vn 0.24 0.46 -0.85
vn -0.78 0.42 0.46
vn -0.46 0.80 -0.37
vn 0.29 0.45 -0.84
vn -0.76 0.42 0.49
vn -0.43 0.83 -0.36
vn 0.32 0.45 -0.83
vn -0.69 0.73 0.03
vn -0.44 0.82 -0.36
vn 0.30 0.45 -0.84
vn -0.76 0.41 0.50
vn -0.43 0.84 -0.33
vn 0.29 0.48 -0.83
vn -0.41 0.86 -0.30
vn -0.75 0.41 0.52
vn 0.32 0.49 -0.81
vn -0.73 0.41 0.54
vn -0.38 0.88 -0.29
vn 0.35 0.48 -0.81
vn -0.37 0.88 -0.29
vn -0.73 0.42 0.54
vn 0.35 0.48 -0.80
vn -0.72 0.42 0.56
vn -0.33 0.90 -0.27
vn -0.01 0.81 -0.59
vn -0.68 0.42 0.60
vn -0.23 0.95 -0.22
vn 0.44 0.49 -0.76
vn -0.19 0.96 -0.18
vn -0.47 0.86 0.20
vn 0.42 0.53 -0.73
vn -0.17 0.97 -0.14
vn -0.45 0.86 0.22
vn 0.41 0.59 -0.70
vn -0.16 0.98 -0.11
vn -0.42 0.88 0.23
vn 0.42 0.62 -0.67
vn -0.41 0.89 0.20
vn -0.18 0.98 -0.11
vn 0.41 0.62 -0.67
vn -0.62 0.50 0.60
vn -0.20 0.98 -0.09
vn -0.27 0.95 0.17
vn -0.07 1.00 0.00
vn 0.04 0.97 -0.24
vn -0.13 0.96 0.25
vn 0.16 0.98 -0.12
vn -0.58 0.81 0.09
vn -0.26 0.94 -0.22
vn 0.10 0.76 -0.64
vn -0.21 0.96 -0.20
vn -0.66 0.44 -0.61
vn 0.01 0.58 -0.82
vn -0.41 -0.08 0.91
vn -0.79 0.39 0.47
vn -0.77 0.43 0.46
vn -0.79 0.34 0.51
vn -0.76 0.47 0.45
vn -0.77 0.45 0.44
vn -0.91 0.31 0.27
vn -0.95 0.27 0.19
vn -0.76 0.25 0.60
vn -0.35 -0.22 0.91
vn -0.31 -0.28 0.91
vn -0.24 -0.34 0.91
vn -0.20 -0.42 0.89
vn -0.24 -0.45 0.86
vn -0.58 -0.10 0.81
vn -0.29 -0.42 0.86
vn -0.63 -0.02 0.78
vn -0.65 0.02 0.76
vn -0.30 -0.39 0.87
vn -0.27 -0.41 0.87
vn -0.61 -0.06 0.79
vn -0.28 -0.46 0.84
vn -0.31 -0.48 0.82
vn -0.63 -0.03 0.78
vn -0.34 -0.46 0.82
vn -0.30 -0.49 0.82
vn -0.27 -0.55 0.79
vn -0.28 -0.62 0.73
vn -0.33 -0.65 0.68
vn -0.59 -0.19 0.79
vn -0.33 -0.66 0.68
vn -0.58 -0.19 0.79
vn -0.57 -0.19 0.80
vn -0.57 -0.18 0.80
vn -0.58 -0.16 0.80
vn -0.59 -0.15 0.79
vn -0.60 -0.11 0.79
vn -0.57 -0.08 0.82
vn -0.53 -0.08 0.84
vn -0.50 -0.08 0.86
vn 0.36 -0.65 0.67
vn 0.57 -0.65 0.50
vn 0.72 -0.28 0.63
vn 0.56 -0.28 0.78
vn 0.70 -0.66 0.25
vn 0.84 -0.27 0.46
vn -0.89 -0.40 -0.21
vn -0.01 -0.69 0.72
vn 0.40 -0.82 0.41
vn 0.56 -0.62 0.54
vn -0.15 -0.84 0.52
vn 0.19 -0.96 0.19
vn -0.34 -0.88 0.31
vn -0.04 -1.00 -0.04
vn -0.45 -0.77 -0.44
vn 0.58 -0.58 0.57
vn 0.21 -0.49 0.85
vn 0.56 -0.60 0.57
vn 0.16 -0.50 0.85
vn 0.54 -0.62 0.56
vn 0.55 -0.64 0.54
vn 0.57 -0.66 0.50
vn 0.55 -0.72 0.42
vn 0.52 -0.78 0.35
vn 0.52 -0.79 0.34
vn 0.12 -0.70 0.71
vn 0.11 -0.70 0.71
vn 0.52 -0.77 0.36
vn 0.48 -0.82 0.32
vn 0.44 -0.85 0.28
vn 0.43 -0.87 0.26
vn 0.05 -0.78 0.63
vn 0.42 -0.87 0.28
vn 0.42 -0.86 0.27
vn 0.42 -0.88 0.22
vn 0.36 -0.92 0.13
vn 0.30 -0.95 0.06
vn 0.31 -0.95 0.04
vn 0.05 -0.94 0.35
vn 0.32 -0.95 0.03
vn 0.03 -0.93 0.36
vn 0.30 -0.95 0.09
vn 0.02 -0.91 0.41
vn 0.07 -0.89 0.45
vn 0.30 -0.94 0.20
vn 0.48 -0.86 -0.19
vn 0.69 -0.73 -0.05
vn 0.33 -0.43 -0.84
vn -0.25 -0.41 -0.88
vn 0.83 -0.56 0.09
vn 0.83 -0.54 0.16
vn 0.82 -0.54 0.17
vn 0.82 -0.55 0.14
vn 0.82 -0.56 0.11
vn 0.81 -0.57 0.10
vn 0.85 -0.35 -0.38
vn 0.83 -0.38 -0.41
vn 0.79 -0.36 -0.50
vn 0.78 -0.33 -0.54
vn 0.78 -0.33 -0.53
vn 0.75 -0.64 -0.12
vn 0.80 -0.33 -0.51
vn 0.80 -0.35 -0.48
vn 0.77 -0.38 -0.50
vn 0.75 -0.37 -0.55
vn 0.74 -0.36 -0.57
vn 0.75 -0.40 -0.53
vn 0.74 -0.43 -0.51
vn 0.70 -0.45 -0.55
vn 0.67 -0.41 -0.62
vn 0.54 -0.79 -0.30
vn 0.54 -0.79 -0.29
vn 0.69 -0.37 -0.62
vn 0.70 -0.43 -0.57
vn 0.69 -0.62 -0.38
vn 0.48 0.26 -0.84
vn 0.49 0.30 -0.82
vn 0.48 0.29 -0.83
vn 0.49 0.25 -0.84
vn 0.52 0.19 -0.83
vn 0.58 0.13 -0.80
vn 0.62 0.07 -0.78
vn 0.64 0.01 -0.77
vn 0.64 0.02 -0.77
vn 0.59 0.06 -0.80
vn 0.66 -0.01 -0.75
vn 0.61 0.18 -0.77
vn 0.62 0.20 -0.76
vn 0.71 0.03 -0.70
vn 0.44 -0.53 0.72
vn 0.54 -0.55 0.64
vn 0.55 -0.53 0.64
vn 0.44 -0.51 0.74
vn 0.22 -0.48 0.85
vn 0.22 -0.46 0.86
vn 0.03 -0.40 0.91
vn 0.03 -0.39 0.92
vn -0.12 -0.34 0.93
vn -0.12 -0.32 0.94
vn -0.19 -0.30 0.93
vn -0.18 -0.29 0.94
vn 0.39 -0.61 0.69
vn 0.50 -0.63 0.60
vn 0.18 -0.54 0.82
vn -0.01 -0.46 0.89
vn -0.16 -0.38 0.91
vn -0.22 -0.34 0.92
vn 0.34 -0.68 0.65
vn 0.44 -0.70 0.56
vn 0.12 -0.61 0.79
vn -0.06 -0.51 0.86
vn -0.20 -0.42 0.88
vn -0.26 -0.38 0.89
vn 0.29 -0.73 0.61
vn 0.40 -0.76 0.52
vn 0.08 -0.65 0.75
vn -0.09 -0.55 0.83
vn -0.22 -0.45 0.86
vn -0.28 -0.41 0.87
vn 0.25 -0.77 0.58
vn 0.36 -0.80 0.48
vn 0.05 -0.69 0.72
vn -0.12 -0.58 0.80
vn -0.25 -0.48 0.84
vn -0.30 -0.43 0.85
vn 0.16 -0.86 0.49
vn 0.25 -0.88 0.39
vn -0.03 -0.77 0.64
vn -0.19 -0.66 0.73
vn -0.30 -0.55 0.78
vn -0.36 -0.50 0.79
vn 0.03 -0.94 0.35
vn 0.11 -0.96 0.26
vn -0.14 -0.85 0.51
vn -0.27 -0.73 0.62
vn -0.37 -0.62 0.69
vn -0.42 -0.56 0.71
vn -0.02 -0.95 0.30
vn 0.06 -0.98 0.21
vn -0.18 -0.87 0.46
vn -0.30 -0.75 0.58
vn -0.40 -0.64 0.66
vn -0.44 -0.58 0.69
vn -0.19 -0.86 0.47
vn -0.32 -0.74 0.59
vn -0.41 -0.63 0.66
vn -0.44 -0.58 0.68
vn 0.79 -0.53 0.31
vn 0.80 -0.51 0.31
vn 0.73 -0.53 0.43
vn 0.72 -0.55 0.43
vn 0.88 -0.48 0.07
vn 0.89 -0.46 0.07
vn 0.91 -0.40 -0.13
vn 0.91 -0.39 -0.13
vn 0.90 -0.34 -0.28
vn 0.90 -0.32 -0.29
vn 0.89 -0.30 -0.35
vn 0.89 -0.29 -0.34
vn 0.75 -0.61 0.27
vn 0.68 -0.63 0.39
vn 0.84 -0.54 0.03
vn 0.87 -0.46 -0.17
vn 0.87 -0.38 -0.31
vn 0.86 -0.34 -0.37
vn 0.70 -0.68 0.22
vn 0.62 -0.70 0.34
vn 0.79 -0.61 -0.02
vn 0.83 -0.51 -0.21
vn 0.84 -0.42 -0.35
vn 0.65 -0.73 0.18
vn 0.58 -0.76 0.30
vn 0.76 -0.65 -0.05
vn 0.80 -0.55 -0.23
vn 0.81 -0.45 -0.37
vn 0.81 -0.41 -0.43
vn 0.61 -0.77 0.15
vn 0.54 -0.80 0.27
vn 0.72 -0.69 -0.08
vn 0.77 -0.58 -0.26
vn 0.79 -0.48 -0.39
vn 0.78 -0.43 -0.44
vn 0.50 -0.86 0.07
vn 0.43 -0.88 0.18
vn 0.62 -0.77 -0.14
vn 0.69 -0.66 -0.31
vn 0.72 -0.55 -0.43
vn 0.72 -0.50 -0.49
vn 0.35 -0.94 -0.04
vn 0.28 -0.96 0.06
vn 0.48 -0.85 -0.23
vn 0.57 -0.73 -0.38
vn 0.62 -0.62 -0.49
vn 0.63 -0.56 -0.54
vn 0.29 -0.95 -0.07
vn 0.22 -0.98 0.02
vn 0.43 -0.87 -0.26
vn 0.52 -0.75 -0.40
vn 0.58 -0.64 -0.51
vn 0.60 -0.58 -0.55
vn 0.30 -0.95 -0.09
vn 0.21 -0.98 0.02
vn 0.43 -0.86 -0.27
vn 0.52 -0.74 -0.42
vn 0.58 -0.63 -0.52
vn -0.24 0.58 0.78
vn -0.63 0.61 0.47
vn -0.61 0.65 0.45
vn -0.73 0.64 0.23
vn -0.55 0.74 0.39
vn -0.70 0.70 0.10
vn -0.56 0.83 0.04
vn -0.41 0.87 0.29
vn -0.32 0.70 0.64
vn -0.22 0.82 0.53
vn -0.58 0.61 0.54
vn -0.45 0.63 0.63
vn -0.10 0.51 0.85
vn -0.63 0.62 0.48
vn -0.84 0.47 -0.26
vn -0.62 0.63 0.46
vn -0.83 0.40 -0.39
vn 0.05 0.42 0.91
vn 0.13 0.37 0.92
vn -0.81 0.59 0.05
vn 0.20 0.35 0.92
vn -0.58 0.68 0.44
vn -0.80 0.37 -0.47
vn 0.25 0.35 0.90
vn -0.54 0.73 0.41
vn -0.78 0.39 -0.49
vn -0.24 0.69 0.69
vn -0.51 0.76 0.40
vn -0.78 0.43 -0.45
vn -0.49 0.78 0.40
vn -0.22 0.71 0.67
vn -0.68 0.73 0.06
vn 0.22 0.42 0.88
vn -0.49 0.79 0.38
vn -0.76 0.46 -0.45
vn 0.24 0.42 0.87
vn -0.48 0.80 0.35
vn -0.74 0.45 -0.50
vn 0.28 0.42 0.86
vn -0.46 0.83 0.32
vn -0.72 0.45 -0.53
vn -0.15 0.73 0.67
vn -0.46 0.82 0.34
vn -0.74 0.45 -0.51
vn 0.29 0.41 0.87
vn -0.43 0.84 0.33
vn -0.72 0.48 -0.50
vn -0.40 0.86 0.31
vn 0.31 0.41 0.86
vn -0.71 0.49 -0.52
vn 0.33 0.41 0.85
vn -0.69 0.48 -0.54
vn -0.38 0.88 0.28
vn 0.33 0.42 0.84
vn -0.69 0.48 -0.55
vn 0.36 0.42 0.84
vn -0.35 0.90 0.25
vn -0.57 0.81 -0.15
vn 0.41 0.42 0.81
vn -0.62 0.49 -0.62
vn -0.23 0.96 0.14
vn 0.07 0.86 0.51
vn -0.60 0.53 -0.60
vn -0.18 0.97 0.13
vn 0.10 0.86 0.50
vn -0.57 0.59 -0.58
vn -0.15 0.98 0.13
vn 0.11 0.88 0.47
vn -0.54 0.62 -0.58
vn 0.09 0.89 0.45
vn -0.15 0.98 0.15
vn -0.54 0.62 -0.57
vn 0.42 0.50 0.76
vn -0.14 0.98 0.17
vn -0.52 0.62 -0.59
vn 0.10 0.95 0.31
vn -0.01 1.00 0.07
vn -0.22 0.97 -0.10
vn 0.21 0.96 0.19
vn 0.07 1.00 -0.00
vn -0.07 0.98 -0.19
vn -0.06 0.81 0.58
vn -0.28 0.94 0.19
vn -0.59 0.76 -0.26
vn -0.24 0.96 0.15
vn -0.76 0.44 0.48
vn -0.79 0.58 -0.22
vn 0.77 -0.08 0.63
vn 0.25 0.39 0.89
vn 0.25 0.43 0.87
vn 0.29 0.34 0.90
vn 0.24 0.47 0.85
vn 0.23 0.45 0.86
vn 0.02 0.31 0.95
vn -0.06 0.27 0.96
vn 0.39 0.25 0.89
vn 0.79 -0.22 0.58
vn 0.80 -0.28 0.54
vn 0.82 -0.34 0.46
vn 0.80 -0.42 0.42
vn 0.77 -0.45 0.46
vn 0.63 -0.10 0.77
vn 0.75 -0.42 0.50
vn 0.59 -0.02 0.81
vn 0.57 0.02 0.82
vn 0.76 -0.39 0.51
vn 0.77 -0.41 0.48
vn 0.61 -0.06 0.79
vn 0.74 -0.46 0.49
vn 0.71 -0.48 0.51
vn 0.59 -0.03 0.81
vn 0.71 -0.46 0.54
vn 0.71 -0.49 0.50
vn 0.69 -0.55 0.46
vn 0.63 -0.62 0.46
vn 0.58 -0.65 0.50
vn 0.61 -0.19 0.77
vn 0.57 -0.66 0.49
vn 0.62 -0.19 0.76
vn 0.62 -0.18 0.76
vn 0.62 -0.16 0.77
vn 0.61 -0.15 0.78
vn 0.61 -0.11 0.78
vn 0.65 -0.08 0.76
vn 0.68 -0.08 0.73
vn 0.71 -0.08 0.70
vn 0.74 -0.65 -0.18
vn 0.63 -0.65 -0.42
vn 0.80 -0.28 -0.54
vn 0.90 -0.28 -0.34
vn 0.43 -0.66 -0.61
vn 0.67 -0.27 -0.69
vn -0.43 -0.40 0.81
vn 0.69 -0.69 0.20
vn 0.50 -0.82 -0.28
vn 0.67 -0.62 -0.40
vn 0.47 -0.84 0.28
vn 0.24 -0.96 -0.13
vn 0.21 -0.88 0.41
vn -0.05 -1.00 0.03
vn -0.54 -0.77 0.32
vn 0.70 -0.58 -0.42
vn 0.87 -0.49 0.01
vn 0.70 -0.58 -0.41
vn 0.87 -0.49 0.02
vn 0.69 -0.60 -0.40
vn 0.86 -0.50 0.07
vn 0.66 -0.64 -0.39
vn 0.63 -0.66 -0.42
vn 0.55 -0.72 -0.42
vn 0.48 -0.78 -0.41
vn 0.46 -0.79 -0.41
vn 0.71 -0.70 0.07
vn 0.49 -0.77 -0.41
vn 0.43 -0.82 -0.38
vn 0.38 -0.85 -0.35
vn 0.37 -0.87 -0.34
vn 0.62 -0.78 0.11
vn 0.38 -0.87 -0.33
vn 0.37 -0.86 -0.34
vn 0.32 -0.88 -0.35
vn 0.22 -0.92 -0.31
vn 0.13 -0.95 -0.28
vn 0.12 -0.95 -0.29
vn 0.35 -0.94 0.05
vn 0.11 -0.95 -0.30
vn 0.36 -0.93 0.06
vn 0.16 -0.95 -0.27
vn 0.40 -0.91 0.09
vn 0.45 -0.89 0.05
vn 0.27 -0.94 -0.23
vn -0.06 -0.86 -0.51
vn 0.13 -0.73 -0.68
vn -0.73 -0.43 -0.54
vn -0.91 -0.41 0.02
vn 0.30 -0.56 -0.77
vn 0.37 -0.54 -0.76
vn 0.38 -0.54 -0.75
vn 0.35 -0.55 -0.76
vn 0.32 -0.56 -0.76
vn 0.30 -0.57 -0.76
vn -0.15 -0.35 -0.92
vn -0.19 -0.38 -0.91
vn -0.28 -0.36 -0.89
vn -0.32 -0.33 -0.89
vn -0.31 -0.33 -0.89
vn 0.08 -0.64 -0.76
vn -0.28 -0.33 -0.90
vn -0.26 -0.35 -0.90
vn -0.29 -0.38 -0.88
vn -0.33 -0.37 -0.87
vn -0.35 -0.36 -0.86
vn -0.31 -0.40 -0.86
vn -0.30 -0.43 -0.85
vn -0.35 -0.45 -0.82
vn -0.42 -0.41 -0.81
vn -0.15 -0.79 -0.59
vn -0.14 -0.79 -0.59
vn -0.42 -0.37 -0.83
vn -0.37 -0.43 -0.83
vn -0.19 -0.62 -0.76
vn -0.68 0.26 -0.68
vn -0.67 0.30 -0.69
vn -0.67 0.29 -0.68
vn -0.68 0.25 -0.69
vn -0.67 0.19 -0.72
vn -0.63 0.13 -0.77
vn -0.60 0.07 -0.80
vn -0.58 0.01 -0.81
vn -0.58 0.02 -0.81
vn -0.62 0.06 -0.78
vn -0.55 -0.01 -0.83
vn -0.59 0.18 -0.79
vn -0.58 0.20 -0.79
vn -0.50 0.03 -0.87
vn 0.81 -0.53 -0.24
vn 0.75 -0.55 -0.36
vn 0.76 -0.53 -0.37
vn 0.83 -0.51 -0.24
vn 0.88 -0.48 0.01
vn 0.89 -0.46 0.01
vn 0.89 -0.40 0.21
vn 0.90 -0.39 0.21
vn 0.87 -0.34 0.36
vn 0.87 -0.32 0.36
vn 0.85 -0.30 0.42
vn 0.86 -0.29 0.42
vn 0.77 -0.61 -0.20
vn 0.71 -0.63 -0.33
vn 0.84 -0.54 0.04
vn 0.86 -0.46 0.24
vn 0.84 -0.38 0.39
vn 0.83 -0.34 0.45
vn 0.71 -0.68 -0.16
vn 0.65 -0.70 -0.28
vn 0.79 -0.61 0.08
vn 0.81 -0.51 0.28
vn 0.79 -0.38 0.48
vn 0.67 -0.73 -0.12
vn 0.60 -0.76 -0.25
vn 0.75 -0.65 0.11
vn 0.78 -0.55 0.30
vn 0.77 -0.45 0.44
vn 0.77 -0.41 0.50
vn 0.63 -0.77 -0.10
vn 0.56 -0.80 -0.22
vn 0.71 -0.69 0.14
vn 0.75 -0.58 0.32
vn 0.75 -0.48 0.46
vn 0.74 -0.43 0.51
vn 0.51 -0.86 -0.03
vn 0.44 -0.88 -0.14
vn 0.61 -0.77 0.19
vn 0.66 -0.66 0.37
vn 0.68 -0.55 0.49
vn 0.67 -0.50 0.55
vn 0.35 -0.94 0.07
vn 0.28 -0.96 -0.04
vn 0.46 -0.85 0.27
vn 0.53 -0.73 0.43
vn 0.57 -0.62 0.54
vn 0.58 -0.56 0.59
vn 0.29 -0.95 0.10
vn 0.22 -0.98 -0.00
vn 0.40 -0.87 0.29
vn 0.48 -0.75 0.44
vn 0.53 -0.64 0.55
vn 0.55 -0.58 0.60
vn 0.29 -0.95 0.11
vn 0.21 -0.98 -0.00
vn 0.40 -0.86 0.31
vn 0.49 -0.74 0.46
vn 0.53 -0.63 0.57
vn 0.50 -0.53 -0.68
vn 0.51 -0.51 -0.69
vn 0.61 -0.53 -0.59
vn 0.60 -0.55 -0.59
vn 0.29 -0.48 -0.83
vn 0.29 -0.46 -0.84
vn 0.11 -0.40 -0.91
vn 0.11 -0.39 -0.92
vn -0.04 -0.34 -0.94
vn -0.04 -0.32 -0.95
vn -0.10 -0.30 -0.95
vn -0.10 -0.29 -0.95
vn 0.45 -0.61 -0.65
vn 0.55 -0.63 -0.56
vn 0.25 -0.54 -0.80
vn 0.07 -0.46 -0.89
vn -0.08 -0.38 -0.92
vn -0.14 -0.34 -0.93
vn 0.39 -0.68 -0.62
vn 0.49 -0.70 -0.52
vn 0.19 -0.61 -0.77
vn 0.02 -0.51 -0.86
vn -0.12 -0.42 -0.90
vn -0.18 -0.38 -0.91
vn 0.35 -0.73 -0.58
vn 0.44 -0.76 -0.48
vn 0.15 -0.65 -0.74
vn -0.02 -0.55 -0.83
vn -0.15 -0.45 -0.88
vn -0.20 -0.41 -0.89
vn 0.30 -0.77 -0.56
vn 0.40 -0.80 -0.45
vn 0.11 -0.69 -0.72
vn -0.05 -0.58 -0.81
vn -0.17 -0.48 -0.86
vn -0.23 -0.43 -0.87
vn 0.20 -0.86 -0.47
vn 0.29 -0.88 -0.37
vn 0.02 -0.77 -0.64
vn -0.12 -0.66 -0.74
vn -0.23 -0.55 -0.80
vn -0.29 -0.50 -0.82
vn 0.06 -0.94 -0.35
vn 0.13 -0.96 -0.25
vn -0.09 -0.85 -0.52
vn -0.22 -0.73 -0.64
vn -0.31 -0.62 -0.72
vn -0.35 -0.56 -0.75
vn 0.00 -0.95 -0.30
vn 0.08 -0.98 -0.20
vn -0.14 -0.87 -0.48
vn -0.25 -0.75 -0.61
vn -0.34 -0.64 -0.69
vn -0.37 -0.58 -0.72
vn -0.01 -0.95 -0.31
vn 0.07 -0.98 -0.20
vn -0.15 -0.86 -0.49
vn -0.27 -0.74 -0.61
vn -0.35 -0.63 -0.70
vn -0.38 -0.58 -0.72
vn 0.78 0.58 0.24
vn 0.47 0.61 0.63
vn 0.45 0.65 0.61
vn 0.23 0.64 0.73
vn 0.39 0.74 0.55
vn 0.10 0.70 0.70
vn 0.04 0.83 0.56
vn 0.29 0.87 0.41
vn 0.64 0.70 0.32
vn 0.53 0.82 0.22
vn 0.54 0.61 0.58
vn 0.63 0.63 0.45
vn 0.85 0.51 0.10
vn 0.48 0.62 0.63
vn -0.26 0.47 0.84
vn 0.46 0.63 0.62
vn -0.39 0.40 0.83
vn 0.91 0.42 -0.05
vn 0.92 0.37 -0.13
vn 0.05 0.59 0.81
vn 0.92 0.35 -0.20
vn 0.44 0.68 0.58
vn -0.47 0.37 0.80
vn 0.90 0.35 -0.25
vn 0.41 0.73 0.54
vn -0.49 0.39 0.78
vn 0.69 0.69 0.24
vn 0.40 0.76 0.51
vn -0.45 0.43 0.78
vn 0.40 0.78 0.49
vn 0.67 0.71 0.22
vn 0.06 0.73 0.68
vn 0.88 0.42 -0.22
vn 0.38 0.79 0.49
vn -0.45 0.46 0.76
vn 0.87 0.42 -0.24
vn 0.35 0.80 0.48
vn -0.50 0.45 0.74
vn 0.86 0.42 -0.28
vn 0.32 0.83 0.46
vn -0.53 0.45 0.72
vn 0.67 0.73 0.15
vn 0.34 0.82 0.46
vn -0.51 0.45 0.74
vn 0.87 0.41 -0.29
vn 0.33 0.84 0.43
vn -0.50 0.48 0.72
vn 0.31 0.86 0.40
vn 0.86 0.41 -0.31
vn -0.52 0.49 0.71
vn 0.85 0.41 -0.33
vn 0.29 0.88 0.37
vn -0.54 0.48 0.69
vn 0.28 0.88 0.38
vn 0.84 0.42 -0.33
vn -0.55 0.48 0.69
vn 0.84 0.42 -0.36
vn 0.25 0.90 0.35
vn -0.15 0.81 0.57
vn 0.81 0.42 -0.41
vn 0.17 0.95 0.27
vn -0.62 0.49 0.62
vn 0.14 0.96 0.23
vn 0.51 0.86 -0.07
vn -0.60 0.53 0.60
vn 0.13 0.97 0.18
vn 0.50 0.86 -0.10
vn -0.58 0.59 0.57
vn 0.47 0.88 -0.11
vn -0.58 0.62 0.54
vn 0.45 0.89 -0.09
vn 0.15 0.98 0.15
vn -0.57 0.62 0.54
vn 0.76 0.50 -0.42
vn 0.17 0.98 0.14
vn -0.59 0.62 0.52
vn 0.31 0.95 -0.10
vn 0.07 1.00 0.01
vn -0.10 0.97 0.22
vn 0.19 0.96 -0.21
vn -0.00 1.00 -0.07
vn -0.19 0.98 0.07
vn 0.58 0.81 0.06
vn 0.19 0.94 0.28
vn -0.26 0.76 0.59
vn 0.15 0.96 0.24
vn 0.48 0.44 0.76
vn -0.22 0.58 0.79
vn 0.63 -0.08 -0.77
vn 0.89 0.39 -0.25
vn 0.87 0.43 -0.25
vn 0.90 0.34 -0.29
vn 0.85 0.47 -0.24
vn 0.86 0.45 -0.23
vn 0.95 0.31 -0.02
vn 0.96 0.27 0.06
vn 0.89 0.25 -0.39
vn 0.58 -0.22 -0.79
vn 0.54 -0.28 -0.80
vn 0.46 -0.34 -0.82
vn 0.42 -0.42 -0.80
vn 0.46 -0.45 -0.77
vn 0.77 -0.10 -0.63
vn 0.50 -0.42 -0.75
vn 0.81 -0.02 -0.59
vn 0.82 0.02 -0.57
vn 0.51 -0.39 -0.76
vn 0.48 -0.41 -0.77
vn 0.79 -0.06 -0.61
vn 0.49 -0.46 -0.74
vn 0.51 -0.48 -0.71
vn 0.81 -0.03 -0.59
vn 0.54 -0.46 -0.71
vn 0.50 -0.49 -0.71
vn 0.46 -0.55 -0.69
vn 0.46 -0.62 -0.63
vn 0.50 -0.65 -0.58
vn 0.77 -0.19 -0.61
vn 0.49 -0.66 -0.57
vn 0.76 -0.19 -0.62
vn 0.76 -0.18 -0.62
vn 0.77 -0.16 -0.62
vn 0.78 -0.15 -0.61
vn 0.78 -0.11 -0.61
vn 0.76 -0.08 -0.65
vn 0.73 -0.08 -0.68
vn 0.70 -0.08 -0.71
vn -0.18 -0.65 -0.74
vn -0.42 -0.65 -0.63
vn -0.54 -0.28 -0.80
vn -0.34 -0.28 -0.90
vn -0.61 -0.66 -0.43
vn -0.69 -0.27 -0.67
vn 0.81 -0.40 0.43
vn 0.20 -0.69 -0.69
vn -0.28 -0.82 -0.50
vn -0.40 -0.62 -0.67
vn 0.28 -0.84 -0.47
vn -0.13 -0.96 -0.24
vn 0.41 -0.88 -0.21
vn 0.03 -1.00 0.05
vn 0.32 -0.77 0.54
vn -0.42 -0.58 -0.70
vn 0.01 -0.49 -0.87
vn -0.41 -0.58 -0.70
vn -0.40 -0.60 -0.69
vn 0.07 -0.50 -0.86
vn -0.38 -0.62 -0.68
vn -0.39 -0.64 -0.66
vn -0.42 -0.66 -0.63
vn -0.42 -0.72 -0.55
vn -0.41 -0.78 -0.48
vn -0.41 -0.79 -0.46
vn 0.07 -0.70 -0.71
vn -0.41 -0.77 -0.49
vn -0.38 -0.82 -0.43
vn -0.35 -0.85 -0.38
vn -0.34 -0.87 -0.37
vn 0.11 -0.78 -0.62
vn -0.33 -0.87 -0.38
vn -0.34 -0.86 -0.37
vn -0.35 -0.88 -0.32
vn -0.31 -0.92 -0.22
vn -0.28 -0.95 -0.13
vn -0.29 -0.95 -0.12
vn 0.05 -0.94 -0.35
vn -0.30 -0.95 -0.11
vn 0.06 -0.93 -0.36
vn -0.27 -0.95 -0.16
vn 0.09 -0.91 -0.40
vn -0.23 -0.94 -0.27
vn -0.51 -0.86 0.06
vn -0.68 -0.73 -0.13
vn -0.54 -0.43 0.73
vn 0.02 -0.41 0.91
vn -0.77 -0.56 -0.30
vn -0.76 -0.54 -0.37
vn -0.75 -0.54 -0.38
vn -0.76 -0.55 -0.35
vn -0.76 -0.56 -0.32
vn -0.76 -0.57 -0.30
vn -0.92 -0.35 0.15
vn -0.91 -0.38 0.19
vn -0.89 -0.36 0.28
vn -0.89 -0.33 0.32
vn -0.89 -0.33 0.31
vn -0.76 -0.64 -0.08
vn -0.90 -0.33 0.28
vn -0.90 -0.35 0.26
vn -0.88 -0.38 0.29
vn -0.87 -0.37 0.33
vn -0.86 -0.36 0.35
vn -0.86 -0.40 0.31
vn -0.85 -0.43 0.30
vn -0.82 -0.45 0.35
vn -0.81 -0.41 0.42
vn -0.59 -0.79 0.15
vn -0.59 -0.79 0.14
vn -0.83 -0.37 0.42
vn -0.83 -0.43 0.37
vn -0.76 -0.62 0.19
vn -0.68 0.26 0.68
vn -0.69 0.30 0.67
vn -0.68 0.29 0.67
vn -0.69 0.25 0.68
vn -0.72 0.19 0.67
vn -0.77 0.13 0.63
vn -0.80 0.07 0.60
vn -0.81 0.01 0.58
vn -0.81 0.02 0.58
vn -0.78 0.06 0.62
vn -0.83 -0.01 0.55
vn -0.79 0.18 0.59
vn -0.79 0.20 0.58
vn -0.87 0.03 0.50
vn -0.24 -0.53 -0.81
vn -0.36 -0.55 -0.75
vn -0.37 -0.53 -0.76
vn -0.24 -0.51 -0.83
vn 0.01 -0.48 -0.88
vn 0.01 -0.46 -0.89
vn 0.21 -0.40 -0.89
vn 0.21 -0.39 -0.90
vn 0.36 -0.34 -0.87
vn 0.36 -0.32 -0.87
vn 0.42 -0.30 -0.85
vn 0.42 -0.29 -0.86
vn -0.20 -0.61 -0.77
vn -0.33 -0.63 -0.71
vn 0.04 -0.54 -0.84
vn 0.24 -0.46 -0.86
vn 0.39 -0.38 -0.84
vn 0.45 -0.34 -0.83
vn -0.16 -0.68 -0.71
vn -0.28 -0.70 -0.65
vn 0.08 -0.61 -0.79
vn 0.28 -0.51 -0.81
vn 0.48 -0.38 -0.79
vn -0.12 -0.73 -0.67
vn -0.25 -0.76 -0.60
vn 0.11 -0.65 -0.75
vn 0.30 -0.55 -0.78
vn 0.44 -0.45 -0.77
vn 0.50 -0.41 -0.77
vn -0.10 -0.77 -0.63
vn -0.22 -0.80 -0.56
vn 0.14 -0.69 -0.71
vn 0.32 -0.58 -0.75
vn 0.46 -0.48 -0.75
vn 0.51 -0.43 -0.74
vn -0.03 -0.86 -0.51
vn -0.14 -0.88 -0.44
vn 0.19 -0.77 -0.61
vn 0.37 -0.66 -0.66
vn 0.49 -0.55 -0.68
vn 0.55 -0.50 -0.67
vn 0.07 -0.94 -0.35
vn -0.04 -0.96 -0.28
vn 0.27 -0.85 -0.46
vn 0.43 -0.73 -0.53
vn 0.54 -0.62 -0.57
vn 0.59 -0.56 -0.58
vn 0.10 -0.95 -0.29
vn -0.00 -0.98 -0.22
vn 0.29 -0.87 -0.40
vn 0.44 -0.75 -0.48
vn 0.55 -0.64 -0.53
vn 0.11 -0.95 -0.29
vn -0.00 -0.98 -0.21
vn 0.31 -0.86 -0.40
vn 0.46 -0.74 -0.49
vn 0.57 -0.63 -0.53
vn -0.68 -0.53 -0.50
vn -0.69 -0.51 -0.51
vn -0.59 -0.53 -0.61
vn -0.59 -0.55 -0.60
vn -0.83 -0.48 -0.29
vn -0.84 -0.46 -0.29
vn -0.91 -0.40 -0.11
vn -0.92 -0.39 -0.11
vn -0.94 -0.34 0.04
vn -0.95 -0.32 0.04
vn -0.95 -0.30 0.10
vn -0.95 -0.29 0.10
vn -0.65 -0.61 -0.45
vn -0.56 -0.63 -0.55
vn -0.80 -0.54 -0.25
vn -0.89 -0.46 -0.07
vn -0.92 -0.38 0.08
vn -0.93 -0.34 0.14
vn -0.62 -0.68 -0.39
vn -0.52 -0.70 -0.49
vn -0.77 -0.61 -0.19
vn -0.86 -0.51 -0.02
vn -0.90 -0.42 0.12
vn -0.91 -0.38 0.18
vn -0.58 -0.73 -0.35
vn -0.48 -0.76 -0.44
vn -0.74 -0.65 -0.15
vn -0.83 -0.55 0.02
vn -0.88 -0.45 0.15
vn -0.89 -0.41 0.20
vn -0.56 -0.77 -0.30
vn -0.45 -0.80 -0.40
vn -0.72 -0.69 -0.11
vn -0.81 -0.58 0.05
vn -0.86 -0.48 0.17
vn -0.87 -0.43 0.23
vn -0.47 -0.86 -0.20
vn -0.37 -0.88 -0.29
vn -0.64 -0.77 -0.02
vn -0.74 -0.66 0.12
vn -0.80 -0.55 0.23
vn -0.82 -0.50 0.29
vn -0.35 -0.94 -0.06
vn -0.25 -0.96 -0.13
vn -0.52 -0.85 0.09
vn -0.64 -0.73 0.22
vn -0.72 -0.62 0.31
vn -0.75 -0.56 0.35
vn -0.30 -0.95 -0.00
vn -0.20 -0.98 -0.08
vn -0.48 -0.87 0.14
vn -0.61 -0.75 0.25
vn -0.69 -0.64 0.34
vn -0.72 -0.58 0.37
vn -0.31 -0.95 0.01
vn -0.20 -0.98 -0.07
vn -0.49 -0.86 0.15
vn -0.61 -0.74 0.27
vn -0.70 -0.63 0.35
vn -0.72 -0.58 0.38
vn -0.03 -0.04 -1.00
vn -0.02 0.02 -1.00
vn 0.23 0.02 -0.97
vn -0.01 0.14 -0.99
vn 0.32 0.13 -0.94
vn 0.29 0.33 -0.90
vn -0.01 0.34 -0.94
vn -0.34 0.13 -0.93
vn -0.31 0.32 -0.90
vn -0.11 -0.04 -0.99
vn -0.26 0.02 -0.97
vn -0.64 0.02 -0.77
vn 0.70 0.01 -0.72
vn -0.02 -0.02 -1.00
vn 0.80 0.01 -0.60
vn -0.77 0.01 -0.64
vn -0.83 0.01 -0.56
vn -0.02 0.01 -1.00
vn 0.42 0.01 -0.91
vn -0.86 0.03 -0.51
vn -0.03 0.05 -1.00
vn 0.85 0.03 -0.53
vn -0.88 0.07 -0.46
vn -0.03 0.13 -0.99
vn 0.85 0.07 -0.52
vn -0.43 0.15 -0.89
vn -0.04 0.16 -0.99
vn 0.82 0.08 -0.57
vn -0.04 0.19 -0.98
vn -0.42 0.17 -0.89
vn 0.34 0.18 -0.92
vn -0.84 0.11 -0.52
vn -0.03 0.21 -0.98
vn 0.81 0.12 -0.58
vn -0.86 0.13 -0.50
vn -0.01 0.23 -0.97
vn 0.83 0.14 -0.53
vn -0.87 0.15 -0.48
vn 0.00 0.27 -0.96
vn 0.85 0.16 -0.51
vn -0.46 0.23 -0.86
vn -0.01 0.26 -0.97
vn 0.84 0.14 -0.53
vn -0.88 0.14 -0.46
vn -0.03 0.30 -0.95
vn 0.82 0.17 -0.54
vn -0.03 0.34 -0.94
vn -0.88 0.16 -0.45
vn 0.83 0.19 -0.53
vn -0.88 0.18 -0.43
vn -0.02 0.37 -0.93
vn 0.84 0.20 -0.50
vn -0.88 0.19 -0.43
vn 0.84 0.21 -0.50
vn -0.89 0.20 -0.41
vn -0.01 0.42 -0.91
vn 0.45 0.37 -0.81
vn -0.90 0.24 -0.37
vn 0.02 0.52 -0.85
vn 0.86 0.28 -0.43
vn 0.02 0.57 -0.82
vn -0.45 0.51 -0.73
vn 0.83 0.31 -0.45
vn -0.00 0.60 -0.80
vn -0.46 0.53 -0.71
vn 0.80 0.36 -0.48
vn -0.02 0.62 -0.78
vn -0.45 0.56 -0.70
vn 0.78 0.40 -0.48
vn -0.42 0.56 -0.71
vn -0.04 0.61 -0.79
vn -0.86 0.33 -0.39
vn -0.06 0.61 -0.79
vn 0.78 0.41 -0.46
vn -0.31 0.66 -0.68
vn -0.05 0.73 -0.68
vn 0.21 0.66 -0.72
vn -0.27 0.78 -0.57
vn -0.04 0.80 -0.60
vn 0.19 0.78 -0.59
vn -0.44 0.37 -0.81
vn 0.55 0.37 -0.75
vn 0.02 0.55 -0.84
vn 0.05 -0.24 -0.97
vn 0.63 0.11 -0.77
vn -0.96 0.11 0.25
vn -0.87 0.10 -0.48
vn -0.85 0.14 -0.51
vn -0.90 0.08 -0.43
vn -0.83 0.17 -0.53
vn -0.84 0.15 -0.52
vn -0.79 -0.10 -0.60
vn -0.75 -0.18 -0.63
vn -0.95 0.07 -0.31
vn -0.92 0.03 0.38
vn -0.90 0.01 0.44
vn -0.85 -0.00 0.53
vn -0.81 -0.05 0.59
vn -0.81 -0.11 0.57
vn -0.99 -0.03 0.11
vn -0.85 -0.11 0.52
vn -1.00 -0.01 0.03
vn -1.00 0.01 -0.02
vn -0.86 -0.09 0.50
vn -0.84 -0.09 0.54
vn -1.00 -0.02 0.07
vn -0.82 -0.14 0.55
vn -0.83 -0.18 0.53
vn -1.00 -0.01 0.04
vn -0.84 -0.18 0.50
vn -0.82 -0.19 0.54
vn -0.78 -0.23 0.59
vn -0.74 -0.31 0.59
vn -0.74 -0.38 0.56
vn -0.98 -0.11 0.17
vn -0.73 -0.38 0.57
vn -0.98 -0.10 0.17
vn -0.98 -0.10 0.18
vn -0.98 -0.09 0.17
vn -0.99 -0.08 0.15
vn -0.99 -0.07 0.14
vn -0.99 -0.05 0.11
vn -0.99 0.00 0.12
vn -0.99 0.03 0.15
vn -0.98 0.05 0.18
vn -0.28 -0.04 0.96
vn -0.01 -0.01 1.00
vn -0.02 0.40 0.92
vn -0.24 0.38 0.89
vn 0.26 -0.06 0.96
vn 0.19 0.40 0.90
vn -0.42 -0.83 -0.37
vn -0.56 -0.24 0.79
vn -0.05 -0.26 0.96
vn -0.05 0.03 1.00
vn -0.50 -0.50 0.71
vn -0.03 -0.56 0.83
vn -0.46 -0.72 0.52
vn 0.00 -0.80 0.60
vn 0.05 -1.00 0.01
vn -0.06 0.08 1.00
vn -0.51 0.07 0.86
vn -0.07 0.08 0.99
vn -0.52 0.08 0.85
vn -0.07 0.05 1.00
vn -0.55 0.05 0.83
vn -0.08 0.02 1.00
vn -0.06 0.00 1.00
vn -0.02 -0.02 1.00
vn 0.03 -0.11 0.99
vn 0.07 -0.19 0.98
vn 0.07 -0.21 0.97
vn -0.47 -0.18 0.86
vn 0.06 -0.19 0.98
vn 0.05 -0.19 0.98
vn 0.06 -0.26 0.96
vn 0.07 -0.32 0.94
vn 0.07 -0.34 0.94
vn -0.45 -0.31 0.84
vn 0.06 -0.34 0.94
vn 0.10 -0.37 0.92
vn 0.13 -0.47 0.87
vn 0.15 -0.55 0.82
vn 0.18 -0.56 0.81
vn -0.24 -0.55 0.80
vn 0.18 -0.55 0.81
vn -0.25 -0.55 0.80
vn 0.17 -0.55 0.81
vn 0.12 -0.54 0.83
vn -0.30 -0.52 0.80
vn -0.30 -0.46 0.84
vn 0.04 -0.49 0.87
vn 0.45 -0.50 0.74
vn 0.48 -0.24 0.84
vn 0.86 -0.51 0.05
vn 0.51 -0.80 -0.32
vn 0.46 0.02 0.89
vn 0.41 0.06 0.91
vn 0.40 0.06 0.91
vn 0.42 0.04 0.91
vn 0.44 0.02 0.90
vn 0.45 0.00 0.89
vn 0.84 -0.01 0.54
vn 0.85 -0.05 0.53
vn 0.89 -0.10 0.45
vn 0.91 -0.09 0.40
vn 0.91 -0.09 0.41
vn 0.58 -0.17 0.80
vn 0.90 -0.07 0.43
vn 0.89 -0.07 0.46
vn 0.88 -0.12 0.45
vn 0.90 -0.14 0.41
vn 0.91 -0.14 0.39
vn 0.89 -0.15 0.44
vn 0.87 -0.17 0.46
vn 0.87 -0.22 0.43
vn 0.90 -0.24 0.36
vn 0.57 -0.46 0.68
vn 0.56 -0.46 0.68
vn 0.92 -0.20 0.34
vn 0.89 -0.21 0.41
vn 0.73 -0.29 0.61
vn 0.95 0.09 -0.30
vn 0.94 0.13 -0.31
vn 0.94 0.12 -0.31
vn 0.95 0.08 -0.29
vn 0.97 0.06 -0.23
vn 0.97 0.06 -0.22
vn 0.99 0.05 -0.14
vn 1.00 0.03 -0.07
vn 1.00 0.01 -0.01
vn 1.00 0.01 -0.02
vn 1.00 0.01 -0.09
vn 1.00 0.01 0.03
vn 0.98 0.12 -0.14
vn 0.98 0.14 -0.14
vn 1.00 0.08 0.05
vn -0.27 0.11 0.96
vn -0.14 0.11 0.98
vn -0.14 0.13 0.98
vn -0.28 0.13 0.95
vn -0.51 0.10 0.85
vn -0.52 0.12 0.85
vn -0.68 0.08 0.73
vn -0.69 0.10 0.72
vn -0.79 0.07 0.60
vn -0.80 0.08 0.59
vn -0.84 0.06 0.54
vn -0.84 0.07 0.54
vn -0.28 0.01 0.96
vn -0.14 0.01 0.99
vn -0.52 0.01 0.86
vn -0.69 0.01 0.72
vn -0.80 0.01 0.60
vn -0.84 0.01 0.54
vn -0.28 -0.09 0.96
vn -0.14 -0.09 0.99
vn -0.52 -0.08 0.85
vn -0.69 -0.07 0.72
vn -0.80 -0.06 0.59
vn -0.84 -0.05 0.53
vn -0.28 -0.16 0.95
vn -0.14 -0.17 0.98
vn -0.52 -0.15 0.84
vn -0.69 -0.12 0.71
vn -0.80 -0.10 0.59
vn -0.85 -0.09 0.53
vn -0.28 -0.23 0.93
vn -0.14 -0.24 0.96
vn -0.52 -0.20 0.83
vn -0.69 -0.17 0.70
vn -0.80 -0.14 0.58
vn -0.84 -0.13 0.52
vn -0.27 -0.38 0.88
vn -0.14 -0.39 0.91
vn -0.51 -0.34 0.79
vn -0.68 -0.29 0.67
vn -0.79 -0.25 0.56
vn -0.84 -0.23 0.50
vn -0.25 -0.56 0.79
vn -0.13 -0.57 0.81
vn -0.48 -0.51 0.71
vn -0.65 -0.44 0.62
vn -0.77 -0.37 0.52
vn -0.81 -0.34 0.47
vn -0.25 -0.62 0.75
vn -0.12 -0.63 0.77
vn -0.47 -0.56 0.68
vn -0.64 -0.49 0.59
vn -0.76 -0.41 0.50
vn -0.81 -0.38 0.46
vn -0.26 -0.62 0.74
vn -0.12 -0.64 0.76
vn -0.48 -0.56 0.67
vn -0.66 -0.48 0.58
vn -0.77 -0.41 0.49
vn -0.80 -0.38 0.46
vn 0.27 0.11 0.96
vn 0.28 0.13 0.95
vn 0.14 0.13 0.98
vn 0.14 0.11 0.98
vn 0.51 0.10 0.85
vn 0.52 0.12 0.85
vn 0.68 0.08 0.73
vn 0.69 0.10 0.72
vn 0.79 0.07 0.60
vn 0.80 0.08 0.59
vn 0.84 0.06 0.54
vn 0.84 0.07 0.54
vn 0.28 0.01 0.96
vn 0.14 0.01 0.99
vn 0.52 0.01 0.86
vn 0.69 0.01 0.72
vn 0.80 0.01 0.60
vn 0.84 0.01 0.54
vn 0.28 -0.09 0.96
vn 0.14 -0.09 0.99
vn 0.52 -0.08 0.85
vn 0.69 -0.07 0.72
vn 0.80 -0.06 0.59
vn 0.84 -0.05 0.53
vn 0.28 -0.16 0.95
vn 0.14 -0.17 0.98
vn 0.52 -0.15 0.84
vn 0.69 -0.12 0.71
vn 0.80 -0.10 0.59
vn 0.85 -0.09 0.53
vn 0.28 -0.23 0.93
vn 0.14 -0.24 0.96
vn 0.52 -0.20 0.83
vn 0.69 -0.17 0.70
vn 0.80 -0.14 0.58
vn 0.84 -0.13 0.52
vn 0.27 -0.38 0.88
vn 0.14 -0.39 0.91
vn 0.51 -0.34 0.79
vn 0.68 -0.29 0.67
vn 0.79 -0.25 0.56
vn 0.84 -0.23 0.50
vn 0.25 -0.56 0.79
vn 0.48 -0.51 0.71
vn 0.65 -0.44 0.62
vn 0.77 -0.37 0.52
vn 0.81 -0.34 0.47
vn 0.25 -0.62 0.75
vn 0.12 -0.63 0.77
vn 0.47 -0.56 0.68
vn 0.64 -0.49 0.59
vn 0.76 -0.41 0.50
vn 0.81 -0.38 0.46
vn 0.26 -0.62 0.74
vn 0.12 -0.64 0.76
vn 0.48 -0.56 0.67
vn 0.66 -0.48 0.58
vn 0.77 -0.41 0.49
vn 0.80 -0.38 0.46
vn 0.77 0.39 -0.50
vn 0.92 0.39 -0.03
vn 0.90 0.44 -0.02
vn 0.87 0.43 0.23
vn 0.84 0.54 -0.01
vn 0.79 0.52 0.32
vn 0.67 0.68 0.29
vn 0.71 0.71 -0.01
vn 0.79 0.51 -0.34
vn 0.68 0.67 -0.31
vn 0.92 0.38 -0.11
vn 0.87 0.42 -0.26
vn 0.69 0.34 -0.64
vn 0.64 0.32 0.70
vn 0.91 0.41 -0.02
vn 0.54 0.27 0.80
vn 0.58 0.28 -0.77
vn 0.50 0.25 -0.83
vn 0.90 0.43 -0.02
vn 0.82 0.39 0.42
vn 0.44 0.25 -0.86
vn 0.88 0.47 -0.03
vn 0.47 0.25 0.85
vn 0.39 0.25 -0.88
vn 0.85 0.53 -0.03
vn 0.44 0.28 0.85
vn 0.75 0.51 -0.43
vn 0.83 0.56 -0.04
vn 0.48 0.32 0.82
vn 0.81 0.59 -0.04
vn 0.73 0.53 -0.42
vn 0.76 0.55 0.34
vn 0.43 0.32 -0.84
vn 0.80 0.60 -0.03
vn 0.47 0.36 0.81
vn 0.40 0.33 -0.86
vn 0.78 0.62 -0.01
vn 0.42 0.35 0.83
vn 0.37 0.34 -0.87
vn 0.76 0.65 0.00
vn 0.39 0.36 0.85
vn 0.68 0.57 -0.46
vn 0.77 0.64 -0.01
vn 0.42 0.35 0.84
vn 0.36 0.32 -0.88
vn 0.74 0.68 -0.03
vn 0.42 0.38 0.82
vn 0.71 0.70 -0.03
vn 0.34 0.33 -0.88
vn 0.40 0.40 0.83
vn 0.32 0.34 -0.88
vn 0.69 0.73 -0.02
vn 0.37 0.40 0.84
vn 0.68 0.73 -0.02
vn 0.31 0.35 -0.88
vn 0.36 0.40 0.84
vn 0.29 0.36 -0.89
vn 0.65 0.76 -0.01
vn 0.58 0.68 0.45
vn 0.23 0.38 -0.90
vn 0.55 0.83 0.02
vn 0.27 0.43 0.86
vn 0.51 0.86 0.02
vn 0.45 0.77 -0.45
vn 0.28 0.48 0.83
vn 0.47 0.88 -0.00
vn 0.42 0.78 -0.46
vn 0.28 0.53 0.80
vn 0.44 0.90 -0.02
vn 0.40 0.80 -0.45
vn 0.27 0.57 0.78
vn 0.41 0.81 -0.42
vn 0.45 0.89 -0.04
vn 0.22 0.46 -0.86
vn 0.46 0.89 -0.06
vn 0.25 0.57 0.78
vn 0.34 0.89 -0.31
vn 0.31 0.95 -0.05
vn 0.37 0.91 0.21
vn 0.19 0.94 -0.27
vn 0.20 0.98 -0.04
vn 0.58 0.68 -0.44
vn 0.57 0.82 -0.00
vn 0.52 0.65 0.55
vn 0.53 0.85 0.02
vn 0.98 0.19 0.05
vn 0.65 0.42 0.63
vn -0.28 -0.00 -0.96
vn 0.39 0.30 -0.87
vn 0.40 0.34 -0.85
vn 0.36 0.26 -0.90
vn 0.41 0.38 -0.83
vn 0.41 0.35 -0.84
vn 0.59 0.16 -0.79
vn 0.65 0.10 -0.75
vn 0.25 0.19 -0.95
vn -0.36 -0.13 -0.92
vn -0.41 -0.18 -0.90
vn -0.48 -0.23 -0.85
vn -0.51 -0.30 -0.81
vn -0.47 -0.34 -0.81
vn -0.09 -0.07 -0.99
vn -0.43 -0.32 -0.85
vn 0.01 0.02 -1.00
vn -0.42 -0.29 -0.86
vn -0.45 -0.31 -0.84
vn -0.06 -0.05 -1.00
vn -0.44 -0.36 -0.82
vn -0.40 -0.39 -0.83
vn -0.03 -0.03 -1.00
vn -0.38 -0.38 -0.84
vn -0.41 -0.40 -0.82
vn -0.43 -0.45 -0.78
vn -0.40 -0.53 -0.74
vn -0.35 -0.58 -0.74
vn -0.10 -0.17 -0.98
vn -0.35 -0.59 -0.73
vn -0.11 -0.16 -0.98
vn -0.12 -0.16 -0.98
vn -0.10 -0.14 -0.99
vn -0.09 -0.13 -0.99
vn -0.08 -0.09 -0.99
vn -0.11 -0.05 -0.99
vn -0.15 -0.04 -0.99
vn -0.19 -0.03 -0.98
vn -0.85 -0.45 -0.28
vn -0.90 -0.43 -0.01
vn -1.00 -0.02 -0.02
vn -0.97 -0.03 -0.24
vn -0.85 -0.46 0.26
vn -0.98 -0.02 0.19
vn 0.69 -0.59 -0.42
vn -0.62 -0.55 -0.56
vn -0.76 -0.64 -0.05
vn -0.92 -0.40 -0.05
vn -0.43 -0.75 -0.50
vn -0.51 -0.86 -0.03
vn -0.17 -0.87 -0.46
vn -0.20 -0.98 0.00
vn 0.41 -0.91 0.05
vn -0.93 -0.35 -0.06
vn -0.81 -0.29 -0.51
vn -0.93 -0.35 -0.07
vn -0.81 -0.29 -0.52
vn -0.92 -0.38 -0.07
vn -0.78 -0.31 -0.55
vn -0.91 -0.40 -0.08
vn -0.91 -0.42 -0.06
vn -0.90 -0.44 -0.02
vn -0.86 -0.52 0.03
vn -0.81 -0.59 0.07
vn -0.80 -0.60 0.07
vn -0.71 -0.53 -0.47
vn -0.81 -0.58 0.06
vn -0.76 -0.64 0.06
vn -0.72 -0.69 0.07
vn -0.70 -0.71 0.07
vn -0.63 -0.64 -0.45
vn -0.70 -0.71 0.06
vn -0.71 -0.70 0.06
vn -0.68 -0.73 0.10
vn -0.59 -0.80 0.13
vn -0.51 -0.85 0.15
vn -0.50 -0.85 0.18
vn -0.49 -0.84 -0.24
vn -0.49 -0.83 -0.25
vn -0.50 -0.85 0.17
vn -0.52 -0.84 0.12
vn -0.50 -0.81 -0.30
vn -0.58 -0.81 0.04
vn -0.46 -0.76 0.45
vn -0.66 -0.57 0.48
vn 0.17 -0.49 0.86
vn 0.62 -0.59 0.51
vn -0.81 -0.36 0.46
vn -0.85 -0.33 0.41
vn -0.85 -0.33 0.40
vn -0.84 -0.35 0.42
vn -0.82 -0.36 0.44
vn -0.81 -0.38 0.45
vn -0.48 -0.23 0.84
vn -0.45 -0.27 0.85
vn -0.37 -0.28 0.89
vn -0.33 -0.25 0.91
vn -0.34 -0.25 0.91
vn -0.65 -0.49 0.58
vn -0.36 -0.24 0.90
vn -0.39 -0.26 0.89
vn -0.36 -0.30 0.88
vn -0.31 -0.30 0.90
vn -0.29 -0.29 0.91
vn -0.33 -0.32 0.89
vn -0.34 -0.35 0.87
vn -0.30 -0.38 0.87
vn -0.22 -0.37 0.90
vn -0.42 -0.71 0.57
vn -0.42 -0.71 0.56
vn -0.23 -0.32 0.92
vn -0.28 -0.37 0.89
vn -0.43 -0.52 0.73
vn 0.23 0.21 0.95
vn 0.22 0.25 0.94
vn 0.23 0.24 0.94
vn 0.22 0.20 0.95
vn 0.23 0.20 0.95
vn 0.18 0.15 0.97
vn 0.10 0.11 0.99
vn 0.05 0.06 1.00
vn 0.01 0.01 1.00
vn 0.07 0.05 1.00
vn -0.03 -0.01 1.00
vn 0.08 0.17 0.98
vn 0.07 0.19 0.98
vn -0.08 0.06 1.00
vn -0.91 -0.31 -0.27
vn -0.94 -0.32 -0.14
vn -0.95 -0.29 -0.14
vn -0.92 -0.28 -0.28
vn -0.81 -0.27 -0.51
vn -0.82 -0.25 -0.52
vn -0.69 -0.23 -0.68
vn -0.69 -0.21 -0.69
vn -0.58 -0.19 -0.79
vn -0.57 -0.18 -0.80
vn -0.52 -0.17 -0.84
vn -0.53 -0.16 -0.84
vn -0.88 -0.39 -0.28
vn -0.90 -0.41 -0.14
vn -0.78 -0.35 -0.52
vn -0.66 -0.30 -0.69
vn -0.55 -0.24 -0.80
vn -0.49 -0.22 -0.84
vn -0.83 -0.49 -0.28
vn -0.85 -0.50 -0.14
vn -0.74 -0.43 -0.52
vn -0.62 -0.36 -0.69
vn -0.51 -0.30 -0.80
vn -0.46 -0.27 -0.84
vn -0.79 -0.55 -0.28
vn -0.81 -0.57 -0.14
vn -0.70 -0.49 -0.52
vn -0.59 -0.41 -0.69
vn -0.49 -0.34 -0.80
vn -0.44 -0.31 -0.85
vn -0.75 -0.60 -0.28
vn -0.77 -0.62 -0.14
vn -0.66 -0.53 -0.52
vn -0.56 -0.45 -0.69
vn -0.46 -0.37 -0.80
vn -0.42 -0.34 -0.84
vn -0.64 -0.72 -0.27
vn -0.66 -0.74 -0.14
vn -0.57 -0.65 -0.51
vn -0.48 -0.55 -0.68
vn -0.40 -0.46 -0.79
vn -0.35 -0.42 -0.84
vn -0.48 -0.84 -0.25
vn -0.49 -0.86 -0.13
vn -0.43 -0.76 -0.48
vn -0.37 -0.66 -0.65
vn -0.31 -0.55 -0.77
vn -0.28 -0.51 -0.81
vn -0.42 -0.87 -0.25
vn -0.43 -0.90 -0.12
vn -0.38 -0.80 -0.47
vn -0.33 -0.69 -0.64
vn -0.28 -0.59 -0.76
vn -0.25 -0.54 -0.81
vn -0.41 -0.87 -0.26
vn -0.42 -0.90 -0.12
vn -0.37 -0.79 -0.48
vn -0.32 -0.68 -0.66
vn -0.27 -0.58 -0.77
vn -0.25 -0.54 -0.80
vn -0.91 -0.31 0.27
vn -0.92 -0.28 0.28
vn -0.95 -0.29 0.14
vn -0.94 -0.32 0.14
vn -0.81 -0.27 0.51
vn -0.82 -0.25 0.52
vn -0.69 -0.23 0.68
vn -0.69 -0.21 0.69
vn -0.52 -0.17 0.84
vn -0.53 -0.16 0.84
vn -0.88 -0.39 0.28
vn -0.90 -0.41 0.14
vn -0.78 -0.35 0.52
vn -0.66 -0.30 0.69
vn -0.55 -0.24 0.80
vn -0.49 -0.22 0.84
vn -0.85 -0.50 0.14
vn -0.74 -0.43 0.52
vn -0.62 -0.36 0.69
vn -0.51 -0.30 0.80
vn -0.46 -0.27 0.84
vn -0.79 -0.55 0.28
vn -0.70 -0.49 0.52
vn -0.59 -0.41 0.69
vn -0.49 -0.34 0.80
vn -0.44 -0.31 0.85
vn -0.75 -0.60 0.28
vn -0.77 -0.62 0.14
vn -0.66 -0.53 0.52
vn -0.56 -0.45 0.69
vn -0.46 -0.37 0.80
vn -0.42 -0.34 0.84
vn -0.64 -0.72 0.27
vn -0.66 -0.74 0.14
vn -0.57 -0.65 0.51
vn -0.48 -0.55 0.68
vn -0.40 -0.46 0.79
vn -0.35 -0.42 0.84
vn -0.48 -0.84 0.25
vn -0.49 -0.86 0.13
vn -0.43 -0.76 0.48
vn -0.37 -0.66 0.65
vn -0.31 -0.55 0.77
vn -0.28 -0.51 0.81
vn -0.42 -0.87 0.25
vn -0.43 -0.90 0.12
vn -0.38 -0.80 0.47
vn -0.33 -0.69 0.64
vn -0.28 -0.59 0.76
vn -0.25 -0.54 0.81
vn -0.41 -0.87 0.26
vn -0.42 -0.90 0.12
vn -0.37 -0.79 0.48
vn -0.32 -0.68 0.66
vn -0.27 -0.58 0.77
vn -0.25 -0.54 0.80
vn 0.08 0.86 0.50
vn 0.21 0.98 0.04
vn 0.26 0.96 0.05
vn 0.34 0.92 -0.18
vn 0.37 0.92 0.08
vn 0.47 0.85 -0.23
vn 0.62 0.77 -0.13
vn 0.54 0.83 0.15
vn 0.24 0.89 0.39
vn 0.42 0.80 0.42
vn 0.18 0.98 0.12
vn 0.17 0.95 0.28
vn -0.00 0.77 0.63
vn 0.21 0.98 0.05
vn 0.43 0.65 -0.63
vn 0.23 0.97 0.04
vn 0.43 0.53 -0.73
vn -0.08 0.66 0.74
vn -0.12 0.59 0.80
vn 0.26 0.97 0.05
vn 0.38 0.85 -0.36
vn -0.13 0.53 0.84
vn 0.29 0.95 0.07
vn 0.45 0.46 -0.77
vn -0.12 0.48 0.87
vn 0.36 0.93 0.10
vn 0.48 0.44 -0.76
vn 0.21 0.85 0.48
vn 0.38 0.92 0.12
vn 0.50 0.48 -0.72
vn 0.41 0.90 0.14
vn 0.24 0.84 0.48
vn 0.51 0.83 -0.23
vn -0.05 0.53 0.85
vn 0.42 0.90 0.13
vn 0.53 0.48 -0.70
vn -0.04 0.50 0.86
vn 0.45 0.88 0.12
vn 0.54 0.43 -0.72
vn -0.04 0.48 0.88
vn 0.49 0.86 0.12
vn 0.56 0.40 -0.73
vn 0.27 0.80 0.54
vn 0.48 0.87 0.13
vn -0.05 0.46 0.88
vn 0.51 0.85 0.15
vn 0.57 0.43 -0.70
vn 0.53 0.83 0.17
vn -0.04 0.44 0.90
vn 0.59 0.41 -0.70
vn 0.56 0.81 0.18
vn 0.59 0.39 -0.71
vn 0.57 0.80 0.17
vn -0.02 0.42 0.91
vn 0.60 0.38 -0.70
vn -0.01 0.40 0.92
vn 0.61 0.78 0.17
vn 0.69 0.67 -0.27
vn 0.01 0.35 0.94
vn 0.70 0.69 0.19
vn 0.65 0.29 -0.70
vn 0.73 0.65 0.20
vn 0.49 0.61 0.62
vn 0.68 0.31 -0.66
vn 0.75 0.62 0.23
vn 0.50 0.58 0.64
vn 0.72 0.32 -0.61
vn 0.76 0.60 0.25
vn 0.53 0.56 0.63
vn 0.75 0.32 -0.58
vn 0.55 0.58 0.61
vn 0.75 0.61 0.27
vn 0.11 0.35 0.93
vn 0.73 0.62 0.28
vn 0.76 0.30 -0.58
vn 0.67 0.51 0.54
vn 0.82 0.48 0.32
vn 0.85 0.52 0.05
vn 0.76 0.37 0.54
vn 0.87 0.38 0.32
vn 0.92 0.37 0.10
vn 0.40 0.72 0.57
vn 0.68 0.71 0.20
vn 0.71 0.60 -0.37
vn 0.71 0.67 0.20
vn 0.04 0.99 -0.10
vn 0.50 0.68 -0.53
vn -0.28 -0.22 0.93
vn -0.08 0.49 0.87
vn -0.03 0.50 0.86
vn -0.12 0.45 0.88
vn 0.01 0.52 0.86
vn -0.02 0.52 0.85
vn -0.21 0.66 0.73
vn -0.26 0.70 0.66
vn -0.18 0.34 0.92
vn -0.38 -0.32 0.87
vn -0.41 -0.38 0.83
vn -0.42 -0.46 0.78
vn -0.47 -0.51 0.72
vn -0.52 -0.48 0.71
vn -0.39 -0.04 0.92
vn -0.52 -0.43 0.74
vn -0.35 0.03 0.94
vn -0.32 0.08 0.94
vn -0.49 -0.41 0.76
vn -0.50 -0.45 0.74
vn -0.37 -0.01 0.93
vn -0.55 -0.45 0.71
vn -0.58 -0.42 0.70
vn -0.36 0.03 0.93
vn -0.58 -0.39 0.72
vn -0.58 -0.43 0.69
vn -0.62 -0.46 0.64
vn -0.68 -0.45 0.57
vn -0.73 -0.41 0.55
vn -0.47 -0.08 0.88
vn -0.74 -0.41 0.54
vn -0.46 -0.09 0.88
vn -0.44 -0.07 0.89
vn -0.43 -0.06 0.90
vn -0.41 -0.04 0.91
vn -0.36 -0.06 0.93
vn -0.35 -0.09 0.93
vn -0.33 -0.13 0.93
vn -0.38 -0.90 0.22
vn -0.27 -0.96 -0.02
vn 0.13 -0.98 0.12
vn 0.04 -0.94 0.33
vn -0.21 -0.93 -0.29
vn 0.20 -0.98 -0.07
vn -0.80 0.59 0.12
vn -0.61 -0.67 0.42
vn -0.50 -0.86 -0.07
vn -0.25 -0.97 0.03
vn -0.80 -0.53 0.28
vn -0.73 -0.66 -0.19
vn -0.94 -0.30 0.17
vn -0.88 -0.38 -0.29
vn -0.89 0.23 -0.38
vn -0.20 -0.98 0.05
vn -0.32 -0.82 0.48
vn -0.20 -0.98 0.06
vn -0.32 -0.81 0.49
vn -0.23 -0.97 0.06
vn -0.35 -0.78 0.51
vn -0.26 -0.96 0.05
vn -0.28 -0.96 -0.02
vn -0.34 -0.94 -0.10
vn -0.40 -0.90 -0.16
vn -0.41 -0.90 -0.17
vn -0.54 -0.76 0.35
vn -0.40 -0.91 -0.14
vn -0.40 -0.90 -0.14
vn -0.46 -0.87 -0.17
vn -0.51 -0.84 -0.20
vn -0.53 -0.82 -0.21
vn -0.64 -0.71 0.29
vn -0.53 -0.82 -0.20
vn -0.52 -0.83 -0.20
vn -0.54 -0.81 -0.25
vn -0.61 -0.73 -0.31
vn -0.66 -0.66 -0.36
vn -0.65 -0.66 -0.38
vn -0.78 -0.62 0.01
vn -0.65 -0.66 -0.39
vn -0.79 -0.62 0.03
vn -0.65 -0.66 -0.37
vn -0.66 -0.67 -0.33
vn -0.78 -0.62 0.08
vn -0.73 -0.68 0.10
vn -0.65 -0.72 -0.23
vn -0.49 -0.62 -0.62
vn -0.27 -0.78 -0.56
vn -0.19 0.03 -0.98
vn -0.48 0.47 -0.74
vn -0.05 -0.89 -0.45
vn -0.04 -0.92 -0.39
vn -0.04 -0.92 -0.38
vn -0.05 -0.91 -0.41
vn -0.06 -0.90 -0.44
vn -0.08 -0.89 -0.45
vn 0.14 -0.57 -0.81
vn 0.11 -0.55 -0.83
vn 0.10 -0.46 -0.88
vn 0.12 -0.42 -0.90
vn 0.12 -0.43 -0.89
vn -0.16 -0.76 -0.62
vn 0.13 -0.45 -0.88
vn 0.12 -0.48 -0.87
vn 0.07 -0.41 -0.91
vn 0.08 -0.39 -0.92
vn 0.07 -0.42 -0.91
vn 0.02 -0.45 -0.89
vn -0.02 -0.41 -0.91
vn -0.00 -0.34 -0.94
vn -0.40 -0.57 -0.71
vn -0.40 -0.58 -0.71
vn 0.04 -0.34 -0.94
vn 0.00 -0.39 -0.92
vn -0.17 -0.56 -0.81
vn 0.48 0.21 -0.85
vn 0.51 0.21 -0.83
vn 0.50 0.21 -0.84
vn 0.47 0.20 -0.86
vn 0.44 0.15 -0.89
vn 0.44 0.14 -0.89
vn 0.42 0.06 -0.91
vn 0.38 -0.00 -0.92
vn 0.35 -0.05 -0.94
vn 0.35 -0.04 -0.94
vn 0.37 0.02 -0.93
vn 0.33 -0.09 -0.94
vn 0.47 0.05 -0.88
vn 0.50 0.05 -0.87
vn 0.40 -0.13 -0.91
vn -0.24 -0.93 0.26
vn -0.20 -0.97 0.14
vn -0.17 -0.97 0.14
vn -0.22 -0.94 0.28
vn -0.30 -0.82 0.49
vn -0.34 -0.68 0.65
vn -0.33 -0.68 0.66
vn -0.35 -0.55 0.76
vn -0.36 -0.49 0.79
vn -0.35 -0.50 0.79
vn -0.32 -0.92 0.24
vn -0.28 -0.95 0.11
vn -0.38 -0.80 0.46
vn -0.41 -0.66 0.63
vn -0.41 -0.54 0.74
vn -0.41 -0.47 0.78
vn -0.42 -0.88 0.20
vn -0.38 -0.92 0.07
vn -0.48 -0.63 0.61
vn -0.46 -0.45 0.76
vn -0.48 -0.86 0.18
vn -0.45 -0.89 0.05
vn -0.52 -0.74 0.42
vn -0.53 -0.61 0.59
vn -0.51 -0.49 0.70
vn -0.50 -0.44 0.75
vn -0.54 -0.83 0.16
vn -0.57 -0.72 0.40
vn -0.57 -0.59 0.57
vn -0.55 -0.48 0.69
vn -0.53 -0.42 0.73
vn -0.66 -0.74 0.10
vn -0.63 -0.77 -0.03
vn -0.68 -0.65 0.34
vn -0.67 -0.54 0.52
vn -0.63 -0.43 0.64
vn -0.62 -0.38 0.69
vn -0.79 -0.61 0.03
vn -0.77 -0.63 -0.10
vn -0.77 -0.45 0.45
vn -0.73 -0.36 0.58
vn -0.71 -0.32 0.63
vn -0.83 -0.56 -0.00
vn -0.81 -0.58 -0.12
vn -0.84 -0.49 0.23
vn -0.76 -0.34 0.56
vn -0.73 -0.30 0.61
vn -0.84 -0.55 0.01
vn -0.81 -0.57 -0.12
vn -0.81 -0.40 0.43
vn -0.75 -0.33 0.57
vn -0.05 -0.97 -0.25
vn -0.03 -0.97 -0.25
vn -0.08 -0.99 -0.11
vn -0.10 -0.99 -0.12
vn 0.04 -0.88 -0.47
vn 0.06 -0.88 -0.47
vn 0.12 -0.76 -0.64
vn 0.14 -0.76 -0.64
vn 0.18 -0.65 -0.74
vn 0.19 -0.64 -0.74
vn 0.20 -0.59 -0.78
vn 0.21 -0.59 -0.78
vn -0.14 -0.95 -0.28
vn -0.19 -0.97 -0.16
vn 0.06 -0.74 -0.66
vn 0.13 -0.63 -0.77
vn 0.16 -0.57 -0.80
vn -0.23 -0.92 -0.32
vn -0.29 -0.94 -0.19
vn -0.11 -0.83 -0.54
vn -0.01 -0.72 -0.70
vn 0.07 -0.61 -0.79
vn 0.10 -0.55 -0.83
vn -0.29 -0.89 -0.35
vn -0.35 -0.91 -0.22
vn -0.17 -0.81 -0.57
vn -0.06 -0.70 -0.72
vn 0.03 -0.59 -0.81
vn 0.07 -0.54 -0.84
vn -0.35 -0.86 -0.37
vn -0.41 -0.88 -0.24
vn -0.22 -0.78 -0.58
vn -0.10 -0.67 -0.73
vn -0.00 -0.57 -0.82
vn 0.04 -0.52 -0.85
vn -0.48 -0.78 -0.41
vn -0.54 -0.79 -0.29
vn -0.34 -0.71 -0.62
vn -0.21 -0.62 -0.76
vn -0.10 -0.53 -0.84
vn -0.05 -0.47 -0.88
vn -0.62 -0.64 -0.45
vn -0.68 -0.65 -0.34
vn -0.48 -0.59 -0.65
vn -0.33 -0.53 -0.78
vn -0.21 -0.46 -0.87
vn -0.16 -0.42 -0.90
vn -0.67 -0.59 -0.46
vn -0.72 -0.59 -0.35
vn -0.52 -0.55 -0.65
vn -0.38 -0.49 -0.79
vn -0.25 -0.43 -0.87
vn -0.19 -0.40 -0.90
vn -0.66 -0.58 -0.47
vn -0.73 -0.59 -0.35
vn -0.52 -0.54 -0.67
vn -0.36 -0.48 -0.80
vn -0.23 -0.42 -0.88
vn -0.19 -0.39 -0.90
vn -0.30 0.86 -0.41
vn -0.05 1.00 -0.00
vn -0.10 0.99 0.03
vn 0.01 0.97 0.25
vn -0.20 0.97 0.09
vn -0.06 0.92 0.38
vn -0.25 0.87 0.44
vn -0.38 0.91 0.17
vn -0.33 0.92 -0.22
vn -0.49 0.86 -0.11
vn -0.09 0.99 -0.08
vn -0.20 0.96 -0.19
vn -0.35 0.76 -0.54
vn -0.06 1.00 -0.01
vn 0.23 0.71 0.66
vn -0.07 1.00 0.01
vn 0.28 0.60 0.75
vn -0.39 0.64 -0.67
vn -0.41 0.56 -0.72
vn 0.10 0.90 0.42
vn -0.44 0.50 -0.75
vn -0.14 0.99 0.03
vn 0.29 0.53 0.80
vn -0.47 0.46 -0.76
vn -0.20 0.98 0.06
vn 0.25 0.51 0.82
vn -0.38 0.87 -0.29
vn 0.23 0.56 0.80
vn -0.27 0.96 0.08
vn -0.41 0.87 -0.28
vn -0.09 0.90 0.42
vn -0.50 0.51 -0.70
vn -0.28 0.96 0.09
vn 0.18 0.56 0.80
vn -0.52 0.49 -0.70
vn -0.29 0.95 0.12
vn 0.18 0.52 0.83
vn -0.54 0.46 -0.71
vn -0.32 0.94 0.15
vn 0.17 0.49 0.85
vn -0.47 0.83 -0.29
vn -0.31 0.94 0.14
vn 0.18 0.51 0.84
vn -0.54 0.45 -0.72
vn -0.36 0.92 0.14
vn 0.15 0.53 0.84
vn -0.39 0.91 0.15
vn -0.55 0.43 -0.72
vn 0.14 0.51 0.85
vn -0.57 0.41 -0.71
vn -0.42 0.89 0.17
vn 0.13 0.48 0.87
vn -0.42 0.89 0.18
vn -0.59 0.39 -0.71
vn -0.45 0.87 0.20
vn -0.21 0.78 0.59
vn -0.63 0.35 -0.70
vn -0.53 0.80 0.27
vn 0.08 0.40 0.91
vn -0.57 0.77 0.29
vn -0.71 0.69 -0.17
vn 0.03 0.42 0.90
vn -0.61 0.74 0.28
vn -0.73 0.66 -0.17
vn -0.03 0.44 0.90
vn -0.63 0.72 0.28
vn -0.75 0.65 -0.14
vn -0.07 0.44 0.89
vn -0.74 0.66 -0.12
vn -0.63 0.73 0.26
vn -0.07 0.45 0.89
vn -0.69 0.36 -0.63
vn -0.64 0.73 0.24
vn -0.08 0.43 0.90
vn -0.78 0.62 0.03
vn -0.73 0.62 0.29
vn -0.57 0.66 0.49
vn -0.86 0.50 0.10
vn -0.79 0.53 0.33
vn -0.67 0.52 0.53
vn -0.59 0.78 -0.21
vn -0.52 0.82 0.24
vn -0.16 0.71 0.68
vn -0.55 0.79 0.28
vn 0.16 0.99 -0.02
vn 0.11 0.76 0.64
vn -0.49 -0.26 -0.83
vn -0.50 0.47 -0.73
vn -0.53 0.49 -0.69
vn -0.49 0.42 -0.76
vn -0.55 0.51 -0.66
vn -0.53 0.51 -0.68
vn -0.29 0.61 -0.74
vn -0.20 0.65 -0.73
vn -0.49 0.30 -0.82
vn -0.39 -0.38 -0.84
vn -0.35 -0.44 -0.82
vn -0.31 -0.53 -0.79
vn -0.25 -0.58 -0.78
vn -0.20 -0.56 -0.80
vn -0.39 -0.11 -0.92
vn -0.22 -0.51 -0.83
vn -0.41 -0.03 -0.91
vn -0.43 0.02 -0.90
vn -0.25 -0.49 -0.83
vn -0.23 -0.53 -0.82
vn -0.40 -0.07 -0.91
vn -0.17 -0.53 -0.83
vn -0.14 -0.51 -0.85
vn -0.41 -0.04 -0.91
vn -0.15 -0.49 -0.86
vn -0.13 -0.52 -0.84
vn -0.08 -0.56 -0.82
vn 0.02 -0.56 -0.83
vn 0.07 -0.53 -0.85
vn -0.30 -0.16 -0.94
vn 0.08 -0.53 -0.84
vn -0.31 -0.16 -0.94
vn -0.31 -0.17 -0.93
vn -0.32 -0.16 -0.93
vn -0.33 -0.14 -0.93
vn -0.34 -0.13 -0.93
vn -0.36 -0.11 -0.93
vn -0.41 -0.12 -0.90
vn -0.43 -0.15 -0.89
vn -0.45 -0.19 -0.87
vn -0.00 -0.95 -0.31
vn 0.08 -1.00 -0.05
vn -0.30 -0.95 0.12
vn -0.37 -0.92 -0.09
vn 0.23 -0.96 0.18
vn -0.21 -0.93 0.31
vn 0.54 0.44 -0.71
vn 0.04 -0.77 -0.64
vn 0.29 -0.94 -0.19
vn 0.03 -1.00 -0.07
vn 0.30 -0.66 -0.69
vn 0.56 -0.77 -0.29
vn 0.77 -0.52 -0.36
vn 0.92 0.07 -0.38
vn -0.02 -1.00 -0.06
vn -0.21 -0.86 -0.46
vn -0.22 -0.86 -0.47
vn 0.00 -1.00 -0.08
vn -0.21 -0.83 -0.51
vn 0.02 -0.99 -0.10
vn 0.05 -0.99 -0.09
vn 0.09 -0.99 -0.06
vn 0.19 -0.98 -0.05
vn 0.28 -0.96 -0.06
vn 0.30 -0.95 -0.06
vn 0.04 -0.84 -0.53
vn 0.27 -0.96 -0.06
vn 0.27 -0.96 -0.07
vn 0.34 -0.94 -0.09
vn 0.39 -0.91 -0.11
vn 0.41 -0.90 -0.12
vn 0.16 -0.81 -0.57
vn 0.41 -0.90 -0.13
vn 0.45 -0.89 -0.10
vn 0.55 -0.83 -0.12
vn 0.63 -0.77 -0.13
vn 0.64 -0.76 -0.11
vn 0.46 -0.75 -0.48
vn 0.64 -0.76 -0.10
vn 0.45 -0.75 -0.49
vn 0.61 -0.78 -0.15
vn 0.41 -0.75 -0.52
vn 0.36 -0.79 -0.49
vn 0.53 -0.82 -0.20
vn 0.70 -0.69 0.17
vn 0.49 -0.82 0.30
vn 0.83 -0.01 0.56
vn 0.91 0.38 0.13
vn 0.25 -0.89 0.39
vn 0.19 -0.91 0.36
vn 0.19 -0.92 0.36
vn 0.22 -0.91 0.37
vn 0.24 -0.90 0.38
vn 0.26 -0.89 0.37
vn 0.40 -0.54 0.74
vn 0.45 -0.52 0.73
vn 0.50 -0.44 0.75
vn 0.50 -0.40 0.77
vn 0.49 -0.40 0.77
vn 0.46 -0.78 0.42
vn 0.48 -0.42 0.77
vn 0.47 -0.45 0.76
vn 0.52 -0.44 0.73
vn 0.54 -0.40 0.74
vn 0.54 -0.37 0.75
vn 0.55 -0.42 0.72
vn 0.56 -0.44 0.70
vn 0.61 -0.41 0.68
vn 0.63 -0.33 0.70
vn 0.71 -0.63 0.30
vn 0.71 -0.64 0.29
vn 0.59 -0.32 0.74
vn 0.60 -0.39 0.70
vn 0.62 -0.58 0.52
vn 0.30 0.29 0.91
vn 0.26 0.29 0.92
vn 0.27 0.30 0.92
vn 0.31 0.28 0.91
vn 0.34 0.22 0.91
vn 0.36 0.13 0.92
vn 0.39 0.06 0.92
vn 0.42 0.01 0.91
vn 0.42 0.02 0.91
vn 0.40 0.09 0.91
vn 0.42 -0.03 0.91
vn 0.30 0.13 0.95
vn 0.27 0.13 0.95
vn 0.35 -0.06 0.94
vn -0.14 -0.96 -0.24
vn -0.10 -0.99 -0.10
vn -0.16 -0.96 -0.23
vn -0.24 -0.86 -0.45
vn -0.26 -0.85 -0.45
vn -0.31 -0.73 -0.61
vn -0.32 -0.72 -0.61
vn -0.35 -0.61 -0.71
vn -0.36 -0.60 -0.71
vn -0.37 -0.55 -0.75
vn -0.38 -0.55 -0.75
vn -0.05 -0.96 -0.28
vn 0.01 -0.99 -0.16
vn -0.16 -0.85 -0.49
vn -0.24 -0.72 -0.65
vn -0.30 -0.60 -0.74
vn -0.32 -0.54 -0.78
vn 0.04 -0.94 -0.33
vn 0.10 -0.97 -0.20
vn -0.08 -0.84 -0.54
vn -0.18 -0.71 -0.68
vn -0.24 -0.58 -0.77
vn -0.27 -0.53 -0.81
vn 0.10 -0.93 -0.36
vn 0.17 -0.96 -0.24
vn -0.13 -0.70 -0.71
vn -0.20 -0.57 -0.79
vn -0.23 -0.52 -0.82
vn 0.16 -0.91 -0.38
vn 0.23 -0.94 -0.26
vn 0.03 -0.81 -0.59
vn -0.08 -0.68 -0.73
vn -0.20 -0.51 -0.84
vn 0.37 -0.87 -0.32
vn 0.16 -0.76 -0.63
vn 0.03 -0.64 -0.76
vn -0.07 -0.54 -0.84
vn -0.11 -0.48 -0.87
vn 0.53 -0.76 -0.39
vn 0.31 -0.67 -0.68
vn 0.17 -0.58 -0.80
vn 0.05 -0.48 -0.87
vn 0.00 -0.44 -0.90
vn 0.51 -0.69 -0.51
vn 0.58 -0.71 -0.40
vn 0.36 -0.63 -0.69
vn 0.22 -0.55 -0.81
vn 0.09 -0.46 -0.88
vn 0.51 -0.69 -0.52
vn 0.58 -0.70 -0.41
vn 0.35 -0.62 -0.70
vn 0.21 -0.54 -0.82
vn 0.08 -0.45 -0.89
vn 0.09 -0.96 0.26
vn 0.08 -0.96 0.27
vn 0.01 -0.99 0.14
vn 0.20 -0.86 0.47
vn 0.18 -0.85 0.49
vn 0.27 -0.73 0.63
vn 0.26 -0.72 0.64
vn 0.32 -0.61 0.73
vn 0.31 -0.60 0.74
vn 0.34 -0.55 0.76
vn 0.33 -0.55 0.77
vn 0.18 -0.96 0.22
vn 0.12 -0.99 0.10
vn 0.27 -0.85 0.44
vn 0.34 -0.72 0.60
vn 0.38 -0.60 0.71
vn 0.39 -0.54 0.75
vn 0.28 -0.94 0.18
vn 0.22 -0.97 0.05
vn 0.36 -0.84 0.41
vn 0.41 -0.71 0.57
vn 0.44 -0.58 0.68
vn 0.44 -0.53 0.73
vn 0.34 -0.93 0.15
vn 0.29 -0.96 0.02
vn 0.42 -0.82 0.38
vn 0.46 -0.70 0.55
vn 0.48 -0.57 0.66
vn 0.48 -0.52 0.71
vn 0.40 -0.91 0.12
vn 0.35 -0.94 -0.01
vn 0.47 -0.81 0.36
vn 0.50 -0.68 0.53
vn 0.51 -0.56 0.65
vn 0.51 -0.51 0.69
vn 0.53 -0.85 0.05
vn 0.48 -0.87 -0.07
vn 0.59 -0.76 0.29
vn 0.61 -0.64 0.47
vn 0.60 -0.54 0.59
vn 0.60 -0.48 0.64
vn 0.67 -0.74 -0.03
vn 0.63 -0.76 -0.16
vn 0.72 -0.67 0.20
vn 0.72 -0.58 0.38
vn 0.70 -0.48 0.52
vn 0.69 -0.44 0.58
vn 0.72 -0.69 -0.06
vn 0.68 -0.71 -0.18
vn 0.76 -0.55 0.35
vn 0.73 -0.46 0.50
vn 0.72 -0.42 0.55
vn 0.73 -0.69 -0.06
vn 0.69 -0.70 -0.19
vn 0.76 -0.62 0.18
vn 0.76 -0.54 0.37
vn 0.73 -0.45 0.51
vn 0.03 0.98 0.19
vn 0.01 0.98 0.19
vn 0.18 0.83 0.53
vn 0.03 0.98 0.18
vn 0.00 0.99 0.17
vn 0.39 0.86 0.33
vn 0.02 0.99 0.16
vn 0.01 0.99 0.16
vn 0.22 0.98 0.00
vn 0.11 0.99 -0.02
vn 0.32 0.94 0.08
vn -0.09 -0.98 0.17
vn -0.02 -1.00 0.09
vn 0.01 -0.99 0.16
vn -0.09 -0.97 0.23
vn 0.13 -0.98 0.15
vn 0.07 -0.98 0.18
vn 0.06 -0.99 0.11
vn 0.14 -0.99 -0.02
vn 0.10 -0.99 0.04
vn 0.15 -0.99 0.08
vn 0.24 -0.97 0.09
vn 0.11 -0.99 0.10
vn 0.18 -0.97 0.14
vn 0.01 -0.96 0.29
vn -0.01 -0.98 0.21
vn 0.07 -0.98 0.16
vn 0.08 -0.96 0.28
vn 0.07 -0.92 0.39
vn -0.02 -0.94 0.35
vn -0.09 -0.96 0.28
vn 0.22 -0.91 0.35
vn 0.24 -0.93 0.29
vn 0.14 -0.97 0.18
vn 0.09 -0.99 0.13
vn 0.15 -0.92 0.37
vn 0.14 -0.95 0.27
vn 0.00 0.98 0.19
vn -0.07 0.89 0.46
vn 0.04 0.86 0.51
vn -0.00 0.98 0.18
vn -0.13 0.92 0.36
vn 0.01 0.99 0.17
vn -0.10 0.99 0.07
vn -0.10 0.99 0.14
vn 0.00 0.99 0.16
vn -0.04 1.00 0.05
vn -0.08 1.00 -0.05
vn -0.15 0.99 0.02
vn -0.18 0.98 0.12
vn -0.94 0.22 -0.28
vn -0.74 0.25 -0.63
vn -0.75 0.22 -0.63
vn -0.94 0.18 -0.28
vn -0.99 0.13 0.10
vn -0.74 0.64 0.19
vn -0.11 0.97 0.19
vn -0.69 0.55 0.47
vn -0.14 0.95 0.27
vn 0.37 0.91 0.19
vn 0.85 0.26 0.45
vn 0.93 0.34 0.12
vn 0.87 0.44 -0.21
vn 0.99 -0.12 0.02
vn 0.94 -0.06 -0.35
vn 0.74 0.02 -0.67
vn 0.68 0.55 -0.49
vn 0.40 0.11 -0.91
vn 0.41 0.12 -0.90
vn 0.17 0.97 -0.15
vn -0.01 0.18 -0.98
vn -0.00 0.71 -0.70
vn 0.02 1.00 0.01
vn -0.42 0.22 -0.88
vn -0.42 0.25 -0.87
vn 0.00 0.14 -0.99
vn -0.41 0.16 -0.90
vn -0.74 0.16 -0.65
vn -0.39 0.14 -0.91
vn -0.72 0.13 -0.68
vn -0.93 0.11 -0.34
vn -0.94 0.13 -0.31
vn -1.00 0.06 0.06
vn -0.99 0.08 0.08
vn -0.91 0.01 0.41
vn -0.91 0.03 0.42
vn -0.89 0.07 0.45
vn -0.70 -0.02 0.72
vn -0.67 -0.00 0.74
vn -0.52 0.46 0.72
vn -0.34 -0.07 0.94
vn -0.25 0.36 0.90
vn 0.02 -0.12 0.99
vn 0.06 0.29 0.96
vn 0.40 -0.16 0.90
vn 0.38 0.23 0.90
vn 0.71 -0.17 0.69
vn 0.66 0.22 0.72
vn 0.91 -0.16 0.39
vn 0.71 -0.15 0.68
vn 0.92 -0.13 0.38
vn 1.00 -0.09 0.01
vn 0.92 -0.09 0.37
vn 1.00 -0.05 0.00
vn 0.93 0.00 -0.37
vn 0.93 -0.03 -0.36
vn 0.72 0.06 -0.69
vn 0.73 0.03 -0.68
vn 0.40 0.10 -0.91
vn 0.40 0.09 -0.91
vn 0.02 0.13 -0.99
vn 0.02 0.14 -0.99
vn -0.38 0.15 -0.91
vn 0.03 0.16 -0.99
vn -0.37 0.16 -0.91
vn -0.71 0.14 -0.69
vn -0.71 0.13 -0.69
vn -0.92 0.10 -0.38
vn -0.93 0.09 -0.36
vn -1.00 0.04 0.00
vn -1.00 0.04 0.03
vn -0.90 -0.03 0.43
vn -0.91 -0.02 0.42
vn -0.71 -0.08 0.70
vn -0.72 -0.07 0.69
vn -0.72 -0.04 0.70
vn -0.43 -0.11 0.90
vn -0.40 -0.09 0.91
vn -0.38 -0.08 0.92
vn -0.02 -0.12 0.99
vn -0.00 -0.12 0.99
vn 0.38 -0.14 0.91
vn 0.39 -0.15 0.91
vn 0.71 -0.12 0.69
vn 0.37 -0.14 0.92
vn 0.70 -0.13 0.70
vn 0.93 -0.09 0.37
vn 0.69 -0.14 0.71
vn 1.00 -0.03 -0.00
vn 0.93 0.03 -0.36
vn 0.93 0.01 -0.37
vn 0.72 0.09 -0.69
vn 0.72 0.07 -0.70
vn 0.41 0.14 -0.90
vn 0.73 0.12 -0.67
vn 0.40 0.18 -0.90
vn 0.02 0.21 -0.98
vn 0.40 0.24 -0.88
vn 0.02 0.28 -0.96
vn -0.35 0.27 -0.90
vn -0.36 0.21 -0.91
vn -0.68 0.23 -0.69
vn -0.70 0.18 -0.69
vn -0.92 0.14 -0.38
vn -0.91 0.12 -0.38
vn -1.00 0.04 -0.01
vn -1.00 0.04 -0.00
vn -0.93 -0.06 0.35
vn -0.92 -0.04 0.39
vn -0.72 -0.16 0.67
vn -0.71 -0.11 0.69
vn -0.40 -0.23 0.89
vn -0.42 -0.17 0.89
vn -0.44 -0.12 0.89
vn -0.03 -0.21 0.98
vn -0.02 -0.16 0.99
vn -0.02 -0.14 0.99
vn 0.37 -0.16 0.92
vn 0.36 -0.20 0.91
vn 0.68 -0.17 0.71
vn 0.34 -0.26 0.90
vn 0.67 -0.22 0.71
vn 0.91 -0.14 0.40
vn 0.91 -0.11 0.39
vn 1.00 -0.03 0.00
vn 0.93 0.08 -0.35
vn 0.93 0.05 -0.35
vn 0.73 0.17 -0.66
vn 0.93 0.10 -0.34
vn 0.74 0.22 -0.64
vn 0.41 0.30 -0.86
vn 0.74 0.27 -0.62
vn 0.41 0.36 -0.84
vn 0.03 0.40 -0.92
vn 0.03 0.34 -0.94
vn -0.35 0.37 -0.86
vn -0.35 0.33 -0.88
vn -0.67 0.30 -0.68
vn -0.68 0.27 -0.68
vn -0.90 0.18 -0.40
vn -0.91 0.17 -0.38
vn -1.00 0.02 -0.03
vn -1.00 0.05 -0.02
vn -0.93 -0.13 0.33
vn -0.93 -0.09 0.35
vn -0.73 -0.26 0.64
vn -0.73 -0.21 0.66
vn -0.40 -0.35 0.85
vn -0.40 -0.29 0.87
vn -0.03 -0.38 0.93
vn -0.04 -0.33 0.94
vn -0.04 -0.27 0.96
vn 0.32 -0.32 0.89
vn 0.32 -0.36 0.88
vn 0.67 -0.28 0.69
vn 0.67 -0.26 0.70
vn 0.90 -0.16 0.40
vn 1.00 -0.00 0.03
vn 1.00 -0.02 0.02
vn 0.93 0.15 -0.33
vn 1.00 0.07 0.05
vn 0.92 0.23 -0.31
vn 0.72 0.35 -0.60
vn 0.90 0.34 -0.28
vn 0.69 0.45 -0.56
vn 0.40 0.49 -0.77
vn 0.42 0.42 -0.80
vn 0.02 0.48 -0.88
vn 0.02 0.44 -0.90
vn -0.36 0.39 -0.85
vn -0.35 0.39 -0.85
vn -0.91 0.04 -0.41
vn -0.91 0.13 -0.40
vn -0.98 -0.16 -0.07
vn -1.00 -0.05 -0.05
vn -0.91 -0.32 0.26
vn -0.93 -0.21 0.30
vn -0.69 -0.44 0.57
vn -0.72 -0.34 0.61
vn -0.35 -0.49 0.80
vn -0.38 -0.42 0.82
vn -0.04 -0.46 0.89
vn -0.03 -0.43 0.90
vn 0.30 -0.38 0.88
vn 0.31 -0.38 0.87
vn 0.66 -0.22 0.72
vn 0.66 -0.27 0.70
vn 0.90 -0.02 0.43
vn 0.90 -0.11 0.41
vn 0.89 0.09 0.45
vn 0.95 0.31 0.09
vn 0.86 0.46 -0.24
vn 0.91 0.40 0.12
vn 0.81 0.53 -0.23
vn 0.65 0.58 -0.49
vn 0.66 0.54 -0.51
vn 0.37 0.58 -0.73
vn 0.37 0.56 -0.74
vn 0.02 0.50 -0.87
vn -0.35 0.32 -0.88
vn -0.37 0.36 -0.86
vn -0.68 0.09 -0.73
vn -0.69 0.15 -0.70
vn -0.87 -0.14 -0.46
vn -0.89 -0.08 -0.44
vn -0.93 -0.32 -0.18
vn -0.95 -0.27 -0.13
vn -0.87 -0.46 0.15
vn -0.89 -0.42 0.19
vn -0.66 -0.56 0.50
vn -0.68 -0.52 0.53
vn -0.37 -0.55 0.75
vn -0.36 -0.53 0.77
vn -0.03 -0.46 0.89
vn -0.04 -0.47 0.88
vn 0.34 -0.29 0.89
vn 0.32 -0.34 0.88
vn 0.66 -0.06 0.75
vn 0.67 -0.14 0.73
vn 0.86 0.18 0.49
vn 0.62 0.02 0.78
vn 0.82 0.25 0.52
vn 0.88 0.45 0.15
vn 0.79 0.30 0.53
vn 0.79 0.57 -0.20
vn 0.79 0.57 -0.22
vn 0.63 0.59 -0.51
vn 0.63 0.60 -0.49
vn 0.39 0.53 -0.76
vn 0.39 0.56 -0.73
vn 0.04 0.38 -0.92
vn -0.30 0.19 -0.94
vn -0.33 0.25 -0.91
vn -0.60 -0.04 -0.80
vn -0.64 0.03 -0.76
vn -0.81 -0.26 -0.53
vn -0.85 -0.19 -0.49
vn -0.89 -0.43 -0.18
vn -0.91 -0.37 -0.17
vn -0.83 -0.53 0.19
vn -0.85 -0.50 0.17
vn -0.65 -0.55 0.53
vn -0.65 -0.56 0.51
vn -0.38 -0.49 0.79
vn -0.37 -0.53 0.77
vn -0.05 -0.35 0.94
vn -0.04 -0.41 0.91
vn 0.28 -0.15 0.95
vn 0.32 -0.22 0.92
vn 0.59 0.08 0.81
vn 0.26 -0.10 0.96
vn 0.57 0.11 0.81
vn 0.78 0.31 0.54
vn 0.56 0.12 0.82
vn 0.78 0.29 0.55
vn 0.88 0.43 0.19
vn 0.87 0.46 0.19
vn 0.85 0.49 -0.19
vn 0.82 0.54 -0.19
vn 0.69 0.49 -0.54
vn 0.66 0.54 -0.52
vn 0.41 0.41 -0.82
vn 0.39 0.47 -0.79
vn 0.09 0.28 -0.96
vn 0.07 0.32 -0.94
vn -0.25 0.11 -0.96
vn -0.27 0.14 -0.95
vn -0.56 -0.08 -0.82
vn -0.57 -0.07 -0.82
vn -0.79 -0.26 -0.55
vn -0.80 -0.27 -0.54
vn -0.90 -0.40 -0.18
vn -0.89 -0.42 -0.18
vn -0.87 -0.46 0.20
vn -0.84 -0.51 0.19
vn -0.70 -0.45 0.55
vn -0.67 -0.51 0.54
vn -0.42 -0.37 0.83
vn -0.40 -0.43 0.81
vn -0.09 -0.24 0.97
vn -0.07 -0.29 0.95
vn 0.24 -0.07 0.97
vn -0.12 -0.20 0.97
vn 0.23 -0.05 0.97
vn 0.56 0.11 0.82
vn 0.23 -0.04 0.97
vn 0.56 0.09 0.82
vn 0.80 0.21 0.56
vn 0.79 0.26 0.56
vn 0.93 0.31 0.19
vn 0.91 0.37 0.19
vn 0.91 0.36 -0.22
vn 0.88 0.43 -0.21
vn 0.74 0.36 -0.57
vn 0.72 0.42 -0.55
vn 0.47 0.30 -0.83
vn 0.44 0.35 -0.82
vn 0.12 0.20 -0.97
vn 0.11 0.24 -0.97
vn -0.25 0.06 -0.97
vn -0.25 0.08 -0.97
vn -0.58 -0.08 -0.81
vn -0.57 -0.09 -0.82
vn -0.81 -0.20 -0.54
vn -0.80 -0.24 -0.55
vn -0.93 -0.29 -0.20
vn -0.92 -0.35 -0.19
vn -0.92 -0.34 0.21
vn -0.74 -0.33 0.58
vn -0.72 -0.39 0.58
vn -0.47 -0.27 0.84
vn -0.44 -0.31 0.84
vn -0.13 -0.17 0.98
vn -0.51 -0.19 0.84
vn -0.15 -0.09 0.99
vn 0.21 0.02 0.98
vn -0.18 0.05 0.98
vn 0.18 0.14 0.97
vn 0.51 0.21 0.83
vn 0.54 0.13 0.83
vn 0.80 0.23 0.56
vn 0.94 0.28 0.19
vn 0.94 0.29 0.18
vn 0.94 0.25 -0.22
vn 0.92 0.32 -0.23
vn 0.80 0.19 -0.58
vn 0.76 0.29 -0.58
vn 0.52 0.10 -0.85
vn 0.49 0.23 -0.84
vn 0.18 -0.02 -0.98
vn 0.14 0.13 -0.98
vn -0.17 -0.12 -0.98
vn -0.23 0.01 -0.97
vn -0.51 -0.19 -0.84
vn -0.57 -0.11 -0.81
vn -0.79 -0.24 -0.57
vn -0.81 -0.21 -0.55
vn -0.95 -0.25 -0.21
vn -0.94 -0.27 -0.21
vn -0.96 -0.21 0.20
vn -0.94 -0.29 0.20
vn -0.82 -0.14 0.56
vn -0.78 -0.26 0.57
vn -0.54 -0.05 0.84
vn -0.84 -0.02 0.55
vn -0.57 0.09 0.82
vn -0.21 0.19 0.96
vn -0.57 0.20 0.80
vn -0.22 0.28 0.93
vn 0.14 0.33 0.93
vn 0.15 0.25 0.96
vn 0.48 0.33 0.81
vn 0.49 0.28 0.83
vn 0.79 0.27 0.55
vn 0.77 0.28 0.57
vn 0.96 0.18 0.21
vn 0.95 0.24 0.20
vn 0.98 0.08 -0.17
vn 0.96 0.17 -0.20
vn 0.85 -0.04 -0.53
vn 0.82 0.07 -0.56
vn 0.57 -0.15 -0.81
vn 0.55 -0.04 -0.84
vn 0.22 -0.23 -0.95
vn 0.20 -0.14 -0.97
vn -0.12 -0.28 -0.95
vn -0.12 -0.21 -0.97
vn -0.47 -0.31 -0.83
vn -0.46 -0.25 -0.85
vn -0.76 -0.28 -0.58
vn -0.78 -0.26 -0.58
vn -0.95 -0.20 -0.24
vn -0.95 -0.22 -0.23
vn -0.98 -0.07 0.16
vn -0.97 -0.13 0.18
vn -0.85 0.07 0.53
vn -0.99 -0.04 0.15
vn -0.85 0.13 0.51
vn -0.58 0.27 0.77
vn -0.86 0.17 0.49
vn -0.59 0.31 0.74
vn -0.25 0.41 0.88
vn -0.24 0.36 0.90
vn 0.11 0.45 0.89
vn 0.12 0.40 0.91
vn 0.46 0.43 0.77
vn 0.48 0.38 0.79
vn 0.77 0.36 0.53
vn 0.80 0.30 0.52
vn 0.95 0.23 0.20
vn 0.96 0.18 0.19
vn 0.99 0.07 -0.14
vn 0.99 0.05 -0.15
vn 0.86 -0.11 -0.49
vn 0.85 -0.10 -0.51
vn 0.60 -0.26 -0.75
vn 0.59 -0.23 -0.77
vn 0.26 -0.36 -0.89
vn 0.25 -0.32 -0.91
vn -0.13 -0.41 -0.90
vn -0.13 -0.37 -0.92
vn -0.48 -0.39 -0.79
vn -0.48 -0.36 -0.80
vn -0.76 -0.31 -0.57
vn -0.76 -0.30 -0.57
vn -0.95 -0.19 -0.25
vn -0.99 -0.01 0.13
vn -0.99 -0.01 0.12
vn -0.86 0.18 0.47
vn -0.99 -0.02 0.11
vn -0.60 0.33 0.72
vn -0.60 0.33 0.73
vn -0.28 0.44 0.85
vn -0.27 0.43 0.86
vn 0.08 0.49 0.87
vn 0.10 0.48 0.87
vn 0.44 0.47 0.76
vn 0.45 0.46 0.77
vn 0.74 0.40 0.54
vn 0.75 0.38 0.55
vn 0.94 0.25 0.22
vn 0.95 0.23 0.22
vn 0.88 -0.11 -0.47
vn 0.87 -0.12 -0.48
vn 0.62 -0.28 -0.74
vn 0.61 -0.28 -0.74
vn 0.27 -0.39 -0.88
vn 0.26 -0.38 -0.88
vn -0.10 -0.43 -0.89
vn -0.12 -0.43 -0.90
vn -0.46 -0.42 -0.78
vn -0.47 -0.41 -0.78
vn -0.76 -0.34 -0.56
vn -0.76 -0.33 -0.56
vn -0.94 -0.21 -0.26
vn -0.75 -0.35 -0.57
vn -0.94 -0.23 -0.26
vn -0.99 -0.08 0.12
vn -0.87 0.10 0.48
vn -0.86 0.15 0.48
vn -0.63 0.25 0.74
vn -0.61 0.31 0.73
vn -0.30 0.37 0.88
vn -0.29 0.42 0.86
vn 0.08 0.44 0.90
vn 0.08 0.48 0.88
vn 0.44 0.44 0.78
vn 0.43 0.47 0.77
vn 0.73 0.39 0.56
vn 0.73 0.40 0.55
vn 0.93 0.28 0.24
vn 0.93 0.27 0.23
vn 0.98 0.12 -0.13
vn 0.99 0.10 -0.13
vn 0.87 -0.06 -0.48
vn 0.88 -0.09 -0.47
vn 0.63 -0.22 -0.75
vn 0.62 -0.26 -0.74
vn 0.29 -0.33 -0.90
vn 0.29 -0.37 -0.88
vn -0.09 -0.40 -0.91
vn -0.09 -0.43 -0.90
vn -0.45 -0.40 -0.80
vn -0.74 -0.34 -0.58
vn -0.45 -0.37 -0.81
vn -0.75 -0.33 -0.58
vn -0.94 -0.24 -0.23
vn -0.94 -0.25 -0.22
vn -0.98 -0.13 0.15
vn -0.98 -0.11 0.15
vn -0.89 -0.01 0.47
vn -0.88 0.03 0.48
vn -0.68 0.12 0.72
vn -0.65 0.18 0.74
vn -0.34 0.26 0.91
vn -0.31 0.31 0.90
vn 0.06 0.35 0.94
vn 0.07 0.39 0.92
vn 0.43 0.38 0.82
vn 0.44 0.41 0.80
vn 0.72 0.36 0.59
vn 0.73 0.37 0.58
vn 0.92 0.29 0.26
vn 0.92 0.29 0.25
vn 0.98 0.17 -0.14
vn 0.86 0.03 -0.50
vn 0.87 -0.02 -0.49
vn 0.61 -0.12 -0.78
vn 0.63 -0.17 -0.76
vn 0.28 -0.24 -0.93
vn 0.29 -0.29 -0.91
vn -0.09 -0.31 -0.95
vn -0.09 -0.36 -0.93
vn -0.46 -0.35 -0.82
vn -0.09 -0.25 -0.96
vn -0.47 -0.29 -0.83
vn -0.77 -0.28 -0.58
vn -0.46 -0.18 -0.87
vn -0.74 -0.16 -0.65
vn -0.93 -0.10 -0.34
vn -0.94 -0.21 -0.25
vn -1.00 -0.01 0.06
vn -0.99 -0.11 0.12
vn -0.89 0.08 0.45
vn -0.89 0.01 0.46
vn -0.67 0.16 0.73
vn -0.68 0.11 0.72
vn -0.37 0.25 0.90
vn -0.36 0.22 0.91
vn 0.03 0.35 0.94
vn 0.05 0.32 0.95
vn 0.44 0.40 0.80
vn 0.44 0.37 0.82
vn 0.73 0.40 0.56
vn 0.73 0.36 0.59
vn 0.90 0.37 0.23
vn 0.92 0.31 0.26
vn 0.94 0.28 -0.19
vn 0.97 0.21 -0.15
vn 0.82 0.15 -0.56
vn 0.59 0.03 -0.81
vn 0.60 -0.06 -0.80
vn 0.27 -0.07 -0.96
vn 0.27 -0.17 -0.95
vn -0.10 -0.14 -0.98
vn 0.26 0.05 -0.96
vn -0.11 -0.02 -0.99
vn -0.43 -0.04 -0.90
vn -0.10 0.01 -1.00
vn -0.39 -0.01 -0.92
vn -0.63 0.00 -0.78
vn -0.68 -0.03 -0.73
vn -0.89 0.02 -0.46
vn -0.90 0.02 -0.43
vn -1.00 0.03 0.02
vn -1.00 0.07 0.02
vn -0.89 0.06 0.44
vn -0.89 0.13 0.44
vn -0.65 0.10 0.75
vn -0.65 0.19 0.74
vn -0.36 0.14 0.92
vn -0.37 0.24 0.90
vn 0.03 0.18 0.98
vn 0.02 0.32 0.95
vn 0.46 0.25 0.85
vn 0.45 0.39 0.80
vn 0.73 0.32 0.60
vn 0.73 0.41 0.55
vn 0.90 0.38 0.21
vn 0.88 0.42 0.21
vn 0.89 0.35 -0.30
vn 0.71 0.24 -0.66
vn 0.76 0.22 -0.61
vn 0.54 0.15 -0.83
vn 0.56 0.13 -0.82
vn 0.27 0.07 -0.96
vn 0.55 -0.02 -0.84
vn 0.30 -0.09 -0.95
vn -0.06 -0.14 -0.99
vn 0.31 -0.65 -0.69
vn 0.01 -0.70 -0.72
vn -0.22 -0.72 -0.66
vn -0.36 -0.15 -0.92
vn -0.58 -0.31 -0.75
vn -0.61 -0.17 -0.78
vn -0.83 -0.38 -0.41
vn -0.88 -0.20 -0.44
vn -0.93 -0.38 0.05
vn -0.98 -0.20 0.04
vn -0.84 -0.33 0.44
vn -0.88 -0.16 0.45
vn -0.64 -0.26 0.73
vn -0.65 -0.11 0.75
vn -0.33 -0.21 0.92
vn -0.35 -0.07 0.94
vn 0.10 -0.21 0.97
vn 0.07 -0.05 1.00
vn 0.51 -0.19 0.84
vn 0.50 -0.01 0.87
vn 0.76 -0.17 0.63
vn 0.77 0.05 0.64
vn 0.74 -0.62 0.27
vn 0.96 0.09 0.25
vn 0.79 -0.60 -0.14
vn 0.95 0.10 -0.29
vn 0.65 -0.59 -0.47
vn 0.74 0.05 -0.67
vn 0.50 -0.61 -0.62
vn 0.15 -0.99 0.06
vn 0.16 -0.99 0.03
vn 0.16 -0.99 0.04
vn 0.11 -0.92 0.38
vn 0.09 -0.99 0.05
vn 0.11 -0.96 0.27
vn 0.09 -0.98 0.15
vn 0.12 -0.98 0.17
vn 0.25 -0.95 0.18
vn 0.08 -0.99 0.10
vn 0.08 -1.00 -0.01
vn 0.06 -0.99 0.12
vn 0.03 -1.00 0.03
vn 0.08 -1.00 0.03
vn 0.08 -0.99 0.11
vn 0.06 -0.99 0.14
vn 0.12 -0.99 0.11
vn 0.15 -0.97 0.17
vn 0.17 -0.97 0.18
vn 0.05 -0.99 0.16
vn 0.01 -1.00 0.09
vn 0.06 -0.98 0.18
vn -0.02 -1.00 -0.04
vn 0.60 0.80 -0.06
vn 0.84 0.40 0.37
vn 0.96 0.05 -0.27
vn 0.61 0.75 -0.25
vn 0.50 0.87 0.05
vn 0.47 0.67 0.58
vn 0.53 0.83 -0.20
vn -0.67 -0.19 0.72
vn -0.27 -0.44 0.86
vn -0.30 0.19 0.94
vn -0.49 0.58 0.65
vn -0.73 -0.32 0.61
vn -0.38 -0.91 0.15
vn -0.26 -0.93 0.24
vn 0.34 0.79 0.52
vn 0.43 0.74 0.52
vn 0.47 0.73 0.50
vn 0.29 0.82 0.49
vn 0.03 0.86 0.50
vn 0.19 0.82 0.54
vn 0.37 0.75 0.55
vn 0.17 0.67 -0.73
vn 0.06 0.48 -0.87
vn 0.26 0.65 -0.71
vn 0.35 0.64 -0.69
vn -0.13 0.69 -0.72
vn -0.04 0.70 -0.72
vn 0.10 0.74 -0.67
vn -0.08 0.99 0.12
vn -0.30 0.90 -0.31
vn -0.39 0.82 -0.41
vn -0.32 0.88 -0.36
vn 0.98 -0.05 0.20
vn 0.53 0.85 0.01
vn 0.15 0.93 0.33
vn 0.61 -0.39 0.69
vn 0.34 -0.07 0.94
vn 0.14 -0.63 0.77
vn 0.84 -0.52 0.15
vn -0.14 0.76 0.64
vn -0.32 0.74 0.59
vn -0.43 0.70 0.58
vn -0.03 0.67 0.74
vn 0.28 0.76 0.59
vn 0.03 0.85 0.53
vn 0.32 0.60 0.73
vn -0.37 0.89 -0.27
vn -0.57 0.78 -0.27
vn -0.63 0.77 0.11
vn -0.45 0.89 -0.06
vn -0.51 0.81 -0.30
vn -0.46 0.76 -0.46
vn -0.62 0.77 -0.16
vn 0.09 0.82 -0.57
vn 0.01 0.97 -0.24
vn 0.18 0.97 -0.16
vn 0.32 0.82 -0.48
vn 0.24 0.72 -0.66
vn -0.03 0.74 -0.68
vn 0.39 0.71 -0.58
vn 0.56 0.80 -0.21
vn 0.59 0.75 -0.29
vn 0.62 0.68 -0.39
vn 0.59 0.76 -0.26
vn 0.58 0.80 -0.15
vn 0.46 0.75 0.47
vn 0.53 0.85 0.07
vn 0.47 0.88 -0.01
vn 0.38 0.89 0.26
vn 0.33 0.82 0.46
vn 0.42 0.67 0.61
vn 0.51 0.45 0.73
vn 0.45 0.28 0.85
vn 0.57 0.23 0.79
vn 0.34 -0.19 0.92
vn 0.68 -0.07 -0.73
vn 0.70 0.31 -0.64
vn 0.80 0.16 -0.57
vn 0.71 0.14 -0.69
vn 0.67 0.38 -0.64
vn 0.56 0.65 -0.50
vn 0.68 0.14 -0.72
vn 0.44 0.67 -0.60
vn 0.53 0.73 -0.43
vn 0.52 0.43 -0.73
vn 0.32 0.67 -0.67
vn 0.65 0.20 -0.73
vn 0.45 0.58 -0.68
vn -0.53 0.22 -0.82
vn -0.45 -0.08 -0.89
vn -0.41 0.37 -0.83
vn -0.34 0.56 -0.75
vn -0.27 0.63 -0.73
vn -0.28 0.69 -0.67
vn -0.10 0.75 -0.65
vn -0.25 0.75 -0.62
vn -0.53 0.75 -0.39
vn -0.57 0.74 -0.37
vn -0.20 0.83 -0.52
vn -0.50 0.67 -0.55
vn -0.46 0.24 -0.86
vn -0.94 0.00 0.35
vn -0.95 0.08 0.30
vn -0.68 0.64 0.35
vn -0.38 0.92 0.05
vn -0.79 0.60 0.13
vn -0.73 0.64 0.25
vn -0.74 0.67 0.08
vn -0.64 0.77 0.03
vn -0.76 0.64 0.09
vn -0.75 0.65 -0.07
vn -0.46 0.88 0.05
vn -0.57 0.80 -0.21
vn -0.08 1.00 0.05
vn -0.17 0.95 -0.25
vn -0.05 1.00 0.07
vn -0.02 0.98 0.19
vn -0.06 0.98 0.20
vn 0.10 0.95 0.29
vn 0.10 0.99 0.12
vn -0.02 0.93 0.35
vn 0.18 0.89 0.43
vn 0.38 0.75 0.54
vn 0.56 0.66 0.50
vn 0.49 0.64 0.60
vn 0.76 0.34 0.56
vn 0.57 0.53 0.63
vn 0.83 -0.03 0.56
vn 0.60 0.46 0.66
vn 0.49 -0.45 -0.75
vn 0.47 -0.71 -0.53
vn -0.18 -0.96 0.22
vn -0.38 -0.89 0.26
vn -0.81 0.30 0.50
vn -0.56 0.43 0.71
vn -0.73 0.57 0.39
vn -0.47 0.69 0.55
vn -0.66 0.70 0.27
vn -0.48 0.67 0.57
vn -0.66 0.69 0.30
vn -0.20 0.85 0.48
vn -0.32 0.91 0.25
vn -0.05 0.93 0.36
vn -0.25 0.77 0.59
vn -0.09 0.86 0.50
vn -0.39 0.66 0.64
vn -0.41 0.66 0.63
vn -0.61 0.13 0.78
vn 0.05 -0.98 -0.21
vn 0.39 -0.73 -0.55
vn -0.12 -0.98 -0.14
vn 0.07 -0.86 0.51
vn 0.46 -0.84 0.29
vn 0.79 -0.06 0.61
vn 0.27 -0.91 0.30
vn 0.14 -0.74 0.66
vn 0.40 0.60 0.69
vn 0.51 0.68 0.53
vn 0.42 0.66 0.62
vn 0.26 0.49 0.83
vn 0.54 0.79 -0.29
vn 0.18 0.85 -0.49
# 4783 vertex normals

vt 0.28 0.92 0.00
vt 0.28 0.94 0.00
vt 0.29 0.94 0.00
vt 0.28 0.95 0.00
vt 0.28 0.96 0.00
vt 0.27 0.95 0.00
vt 0.27 0.96 0.00
vt 0.27 0.92 0.00
vt 0.27 0.94 0.00
vt 0.29 0.91 0.00
vt 0.28 0.91 0.00
vt 0.28 0.90 0.00
vt 0.29 0.90 0.00
vt 0.29 0.88 0.00
vt 0.28 0.88 0.00
vt 0.29 0.85 0.00
vt 0.28 0.85 0.00
vt 0.29 0.83 0.00
vt 0.28 0.83 0.00
vt 0.29 0.81 0.00
vt 0.28 0.81 0.00
vt 0.28 0.80 0.00
vt 0.29 0.80 0.00
vt 0.29 0.79 0.00
vt 0.28 0.79 0.00
vt 0.28 0.78 0.00
vt 0.29 0.77 0.00
vt 0.28 0.77 0.00
vt 0.29 0.75 0.00
vt 0.28 0.75 0.00
vt 0.29 0.74 0.00
vt 0.28 0.74 0.00
vt 0.29 0.73 0.00
vt 0.28 0.73 0.00
vt 0.29 0.71 0.00
vt 0.28 0.71 0.00
vt 0.29 0.70 0.00
vt 0.28 0.70 0.00
vt 0.29 0.68 0.00
vt 0.28 0.68 0.00
vt 0.29 0.67 0.00
vt 0.28 0.67 0.00
vt 0.29 0.65 0.00
vt 0.29 0.64 0.00
vt 0.29 0.62 0.00
vt 0.29 0.61 0.00
vt 0.29 0.60 0.00
vt 0.29 0.59 0.00
vt 0.29 0.97 0.00
vt 0.28 0.97 0.00
vt 0.27 0.97 0.00
vt 0.29 0.98 0.00
vt 0.29 0.99 0.00
vt 0.28 0.98 0.00
vt 0.29 0.95 0.00
vt 0.29 0.92 0.00
vt 0.29 0.96 0.00
vt 0.29 0.89 0.00
vt 0.29 0.87 0.00
vt 0.29 0.78 0.00
vt 0.30 0.68 0.00
vt 0.30 0.67 0.00
vt 0.30 0.65 0.00
vt 0.30 0.64 0.00
vt 0.30 0.62 0.00
vt 0.30 0.61 0.00
vt 0.30 0.60 0.00
vt 0.30 0.59 0.00
vt 0.31 0.96 0.00
vt 0.31 0.95 0.00
vt 0.31 0.97 0.00
vt 0.30 0.98 0.00
vt 0.30 0.93 0.00
vt 0.30 0.92 0.00
vt 0.30 0.91 0.00
vt 0.30 0.89 0.00
vt 0.30 0.87 0.00
vt 0.30 0.85 0.00
vt 0.30 0.83 0.00
vt 0.30 0.81 0.00
vt 0.30 0.80 0.00
vt 0.30 0.78 0.00
vt 0.30 0.77 0.00
vt 0.30 0.75 0.00
vt 0.30 0.74 0.00
vt 0.30 0.73 0.00
vt 0.30 0.71 0.00
vt 0.30 0.70 0.00
vt 0.32 0.98 0.00
vt 0.32 0.96 0.00
vt 0.31 0.99 0.00
vt 0.30 0.99 0.00
vt 0.32 0.95 0.00
vt 0.31 0.93 0.00
vt 0.31 0.92 0.00
vt 0.31 0.91 0.00
vt 0.30 0.88 0.00
vt 0.27 0.98 0.00
vt 0.28 0.99 0.00
vt 0.26 0.97 0.00
vt 0.26 0.95 0.00
vt 0.26 0.94 0.00
vt 0.27 0.91 0.00
vt 0.27 0.89 0.00
vt 0.27 0.88 0.00
vt 0.27 0.85 0.00
vt 0.27 0.83 0.00
vt 0.27 0.80 0.00
vt 0.28 0.66 0.00
vt 0.28 0.65 0.00
vt 0.28 0.64 0.00
vt 0.28 0.62 0.00
vt 0.59 0.41 0.00
vt 0.66 0.41 0.00
vt 0.66 0.34 0.00
vt 0.59 0.34 0.00
vt 0.53 0.41 0.00
vt 0.53 0.34 0.00
vt 0.46 0.41 0.00
vt 0.46 0.34 0.00
vt 0.40 0.41 0.00
vt 0.40 0.34 0.00
vt 0.34 0.41 0.00
vt 0.34 0.34 0.00
vt 0.59 0.48 0.00
vt 0.66 0.48 0.00
vt 0.53 0.48 0.00
vt 0.46 0.48 0.00
vt 0.40 0.48 0.00
vt 0.34 0.48 0.00
vt 0.59 0.55 0.00
vt 0.66 0.55 0.00
vt 0.53 0.55 0.00
vt 0.46 0.55 0.00
vt 0.40 0.55 0.00
vt 0.34 0.55 0.00
vt 0.59 0.63 0.00
vt 0.66 0.63 0.00
vt 0.53 0.63 0.00
vt 0.46 0.63 0.00
vt 0.40 0.63 0.00
vt 0.34 0.63 0.00
vt 0.59 0.70 0.00
vt 0.66 0.70 0.00
vt 0.53 0.70 0.00
vt 0.46 0.70 0.00
vt 0.40 0.70 0.00
vt 0.34 0.70 0.00
vt 0.59 0.77 0.00
vt 0.66 0.77 0.00
vt 0.53 0.77 0.00
vt 0.46 0.77 0.00
vt 0.40 0.77 0.00
vt 0.34 0.77 0.00
vt 0.59 0.84 0.00
vt 0.66 0.84 0.00
vt 0.53 0.84 0.00
vt 0.46 0.84 0.00
vt 0.40 0.84 0.00
vt 0.34 0.84 0.00
vt 0.59 0.92 0.00
vt 0.66 0.92 0.00
vt 0.53 0.92 0.00
vt 0.46 0.92 0.00
vt 0.40 0.92 0.00
vt 0.34 0.92 0.00
vt 0.59 0.99 0.00
vt 0.66 0.99 0.00
vt 0.53 0.99 0.00
vt 0.46 0.99 0.00
vt 0.40 0.99 0.00
vt 0.34 0.99 0.00
vt 0.73 0.41 0.00
vt 0.73 0.34 0.00
vt 0.79 0.41 0.00
vt 0.79 0.34 0.00
vt 0.86 0.41 0.00
vt 0.86 0.34 0.00
vt 0.92 0.41 0.00
vt 0.92 0.34 0.00
vt 0.99 0.41 0.00
vt 0.99 0.34 0.00
vt 0.73 0.48 0.00
vt 0.79 0.48 0.00
vt 0.86 0.48 0.00
vt 0.92 0.48 0.00
vt 0.99 0.48 0.00
vt 0.73 0.55 0.00
vt 0.79 0.55 0.00
vt 0.86 0.55 0.00
vt 0.92 0.55 0.00
vt 0.99 0.55 0.00
vt 0.73 0.63 0.00
vt 0.79 0.63 0.00
vt 0.86 0.63 0.00
vt 0.92 0.63 0.00
vt 0.99 0.63 0.00
vt 0.73 0.70 0.00
vt 0.79 0.70 0.00
vt 0.86 0.70 0.00
vt 0.92 0.70 0.00
vt 0.99 0.70 0.00
vt 0.73 0.77 0.00
vt 0.79 0.77 0.00
vt 0.86 0.77 0.00
vt 0.92 0.77 0.00
vt 0.99 0.77 0.00
vt 0.73 0.84 0.00
vt 0.79 0.84 0.00
vt 0.86 0.84 0.00
vt 0.92 0.84 0.00
vt 0.99 0.84 0.00
vt 0.73 0.92 0.00
vt 0.79 0.92 0.00
vt 0.86 0.92 0.00
vt 0.92 0.92 0.00
vt 0.99 0.92 0.00
vt 0.73 0.99 0.00
vt 0.79 0.99 0.00
vt 0.86 0.99 0.00
vt 0.92 0.99 0.00
vt 0.99 0.99 0.00
vt 0.15 0.03 0.00
vt 0.15 0.02 0.00
vt 0.14 0.03 0.00
vt 0.15 0.04 0.00
vt 0.16 0.04 0.00
vt 0.15 0.05 0.00
vt 0.06 0.94 0.00
vt 0.06 0.93 0.00
vt 0.05 0.94 0.00
vt 0.06 0.96 0.00
vt 0.05 0.96 0.00
vt 0.06 0.97 0.00
vt 0.07 0.94 0.00
vt 0.08 0.94 0.00
vt 0.08 0.95 0.00
vt 0.08 0.96 0.00
vt 0.07 0.95 0.00
vt 0.16 0.02 0.00
vt 0.16 0.03 0.00
vt 0.17 0.05 0.00
vt 0.17 0.04 0.00
vt 0.16 0.05 0.00
vt 0.18 0.05 0.00
vt 0.17 0.06 0.00
vt 0.18 0.06 0.00
vt 0.17 0.03 0.00
vt 0.19 0.05 0.00
vt 0.14 0.04 0.00
vt 0.14 0.05 0.00
vt 0.13 0.04 0.00
vt 0.15 0.06 0.00
vt 0.16 0.06 0.00
vt 0.15 0.07 0.00
vt 0.16 0.07 0.00
vt 0.17 0.07 0.00
vt 0.16 0.08 0.00
vt 0.17 0.08 0.00
vt 0.18 0.08 0.00
vt 0.18 0.07 0.00
vt 0.19 0.08 0.00
vt 0.19 0.07 0.00
vt 0.19 0.06 0.00
vt 0.20 0.07 0.00
vt 0.20 0.06 0.00
vt 0.20 0.05 0.00
vt 0.21 0.06 0.00
vt 0.21 0.05 0.00
vt 0.21 0.04 0.00
vt 0.22 0.05 0.00
vt 0.14 0.02 0.00
vt 0.13 0.02 0.00
vt 0.13 0.03 0.00
vt 0.12 0.03 0.00
vt 0.13 0.05 0.00
vt 0.11 0.05 0.00
vt 0.11 0.06 0.00
vt 0.12 0.07 0.00
vt 0.13 0.06 0.00
vt 0.13 0.07 0.00
vt 0.14 0.06 0.00
vt 0.14 0.08 0.00
vt 0.15 0.08 0.00
vt 0.14 0.11 0.00
vt 0.15 0.11 0.00
vt 0.15 0.13 0.00
vt 0.16 0.14 0.00
vt 0.16 0.11 0.00
vt 0.17 0.14 0.00
vt 0.17 0.11 0.00
vt 0.18 0.14 0.00
vt 0.18 0.11 0.00
vt 0.19 0.14 0.00
vt 0.19 0.11 0.00
vt 0.20 0.14 0.00
vt 0.20 0.11 0.00
vt 0.20 0.08 0.00
vt 0.21 0.08 0.00
vt 0.22 0.08 0.00
vt 0.22 0.06 0.00
vt 0.11 0.03 0.00
vt 0.11 0.04 0.00
vt 0.22 0.11 0.00
vt 0.23 0.11 0.00
vt 0.24 0.10 0.00
vt 0.23 0.08 0.00
vt 0.23 0.13 0.00
vt 0.24 0.13 0.00
vt 0.25 0.13 0.00
vt 0.24 0.08 0.00
vt 0.26 0.12 0.00
vt 0.25 0.10 0.00
vt 0.25 0.07 0.00
vt 0.12 0.10 0.00
vt 0.12 0.13 0.00
vt 0.13 0.13 0.00
vt 0.13 0.11 0.00
vt 0.14 0.13 0.00
vt 0.13 0.16 0.00
vt 0.14 0.16 0.00
vt 0.15 0.16 0.00
vt 0.14 0.19 0.00
vt 0.15 0.19 0.00
vt 0.16 0.19 0.00
vt 0.16 0.16 0.00
vt 0.17 0.19 0.00
vt 0.17 0.16 0.00
vt 0.18 0.19 0.00
vt 0.18 0.16 0.00
vt 0.19 0.19 0.00
vt 0.19 0.16 0.00
vt 0.20 0.19 0.00
vt 0.20 0.16 0.00
vt 0.21 0.19 0.00
vt 0.21 0.16 0.00
vt 0.21 0.14 0.00
vt 0.22 0.16 0.00
vt 0.22 0.13 0.00
vt 0.21 0.11 0.00
vt 0.23 0.16 0.00
vt 0.22 0.19 0.00
vt 0.23 0.19 0.00
vt 0.10 0.16 0.00
vt 0.10 0.19 0.00
vt 0.11 0.16 0.00
vt 0.24 0.16 0.00
vt 0.11 0.19 0.00
vt 0.11 0.13 0.00
vt 0.10 0.13 0.00
vt 0.12 0.19 0.00
vt 0.12 0.16 0.00
vt 0.13 0.19 0.00
vt 0.12 0.22 0.00
vt 0.13 0.22 0.00
vt 0.14 0.22 0.00
vt 0.13 0.24 0.00
vt 0.14 0.24 0.00
vt 0.15 0.22 0.00
vt 0.15 0.24 0.00
vt 0.16 0.24 0.00
vt 0.16 0.22 0.00
vt 0.17 0.24 0.00
vt 0.17 0.22 0.00
vt 0.18 0.24 0.00
vt 0.18 0.22 0.00
vt 0.19 0.24 0.00
vt 0.19 0.22 0.00
vt 0.20 0.24 0.00
vt 0.20 0.22 0.00
vt 0.21 0.25 0.00
vt 0.21 0.22 0.00
vt 0.22 0.22 0.00
vt 0.22 0.25 0.00
vt 0.23 0.25 0.00
vt 0.23 0.22 0.00
vt 0.10 0.21 0.00
vt 0.09 0.24 0.00
vt 0.10 0.24 0.00
vt 0.11 0.24 0.00
vt 0.11 0.21 0.00
vt 0.12 0.24 0.00
vt 0.11 0.27 0.00
vt 0.12 0.27 0.00
vt 0.13 0.27 0.00
vt 0.12 0.30 0.00
vt 0.13 0.30 0.00
vt 0.14 0.30 0.00
vt 0.14 0.27 0.00
vt 0.15 0.30 0.00
vt 0.15 0.27 0.00
vt 0.16 0.30 0.00
vt 0.16 0.27 0.00
vt 0.17 0.30 0.00
vt 0.17 0.27 0.00
vt 0.18 0.30 0.00
vt 0.18 0.27 0.00
vt 0.19 0.30 0.00
vt 0.19 0.27 0.00
vt 0.20 0.27 0.00
vt 0.20 0.30 0.00
vt 0.21 0.30 0.00
vt 0.21 0.27 0.00
vt 0.22 0.30 0.00
vt 0.22 0.27 0.00
vt 0.23 0.30 0.00
vt 0.23 0.27 0.00
vt 0.09 0.27 0.00
vt 0.09 0.29 0.00
vt 0.10 0.29 0.00
vt 0.10 0.27 0.00
vt 0.11 0.30 0.00
vt 0.10 0.32 0.00
vt 0.11 0.32 0.00
vt 0.10 0.35 0.00
vt 0.11 0.35 0.00
vt 0.12 0.35 0.00
vt 0.12 0.32 0.00
vt 0.13 0.35 0.00
vt 0.13 0.32 0.00
vt 0.14 0.35 0.00
vt 0.14 0.32 0.00
vt 0.15 0.35 0.00
vt 0.15 0.33 0.00
vt 0.16 0.35 0.00
vt 0.16 0.33 0.00
vt 0.17 0.33 0.00
vt 0.17 0.35 0.00
vt 0.18 0.35 0.00
vt 0.18 0.33 0.00
vt 0.19 0.35 0.00
vt 0.19 0.33 0.00
vt 0.20 0.35 0.00
vt 0.20 0.33 0.00
vt 0.21 0.35 0.00
vt 0.21 0.33 0.00
vt 0.22 0.35 0.00
vt 0.22 0.33 0.00
vt 0.23 0.36 0.00
vt 0.23 0.33 0.00
vt 0.09 0.32 0.00
vt 0.09 0.35 0.00
vt 0.08 0.38 0.00
vt 0.09 0.38 0.00
vt 0.10 0.38 0.00
vt 0.09 0.40 0.00
vt 0.10 0.40 0.00
vt 0.11 0.40 0.00
vt 0.11 0.38 0.00
vt 0.12 0.41 0.00
vt 0.12 0.38 0.00
vt 0.13 0.41 0.00
vt 0.13 0.38 0.00
vt 0.14 0.41 0.00
vt 0.14 0.38 0.00
vt 0.15 0.38 0.00
vt 0.15 0.41 0.00
vt 0.16 0.41 0.00
vt 0.16 0.38 0.00
vt 0.17 0.41 0.00
vt 0.17 0.38 0.00
vt 0.18 0.41 0.00
vt 0.18 0.38 0.00
vt 0.19 0.41 0.00
vt 0.19 0.38 0.00
vt 0.20 0.41 0.00
vt 0.20 0.38 0.00
vt 0.21 0.41 0.00
vt 0.21 0.38 0.00
vt 0.22 0.41 0.00
vt 0.22 0.38 0.00
vt 0.22 0.44 0.00
vt 0.08 0.40 0.00
vt 0.08 0.43 0.00
vt 0.09 0.43 0.00
vt 0.08 0.46 0.00
vt 0.09 0.46 0.00
vt 0.10 0.46 0.00
vt 0.10 0.43 0.00
vt 0.11 0.46 0.00
vt 0.11 0.43 0.00
vt 0.12 0.43 0.00
vt 0.12 0.46 0.00
vt 0.13 0.46 0.00
vt 0.13 0.43 0.00
vt 0.14 0.46 0.00
vt 0.14 0.43 0.00
vt 0.15 0.46 0.00
vt 0.15 0.43 0.00
vt 0.16 0.46 0.00
vt 0.16 0.43 0.00
vt 0.17 0.46 0.00
vt 0.17 0.44 0.00
vt 0.18 0.46 0.00
vt 0.18 0.44 0.00
vt 0.19 0.46 0.00
vt 0.19 0.44 0.00
vt 0.20 0.46 0.00
vt 0.20 0.44 0.00
vt 0.21 0.46 0.00
vt 0.21 0.44 0.00
vt 0.20 0.49 0.00
vt 0.21 0.49 0.00
vt 0.07 0.46 0.00
vt 0.07 0.48 0.00
vt 0.08 0.48 0.00
vt 0.07 0.43 0.00
vt 0.06 0.51 0.00
vt 0.07 0.51 0.00
vt 0.08 0.51 0.00
vt 0.09 0.48 0.00
vt 0.09 0.51 0.00
vt 0.09 0.49 0.00
vt 0.10 0.51 0.00
vt 0.10 0.49 0.00
vt 0.11 0.51 0.00
vt 0.11 0.49 0.00
vt 0.12 0.51 0.00
vt 0.12 0.49 0.00
vt 0.13 0.51 0.00
vt 0.13 0.49 0.00
vt 0.14 0.52 0.00
vt 0.14 0.49 0.00
vt 0.15 0.52 0.00
vt 0.15 0.49 0.00
vt 0.16 0.52 0.00
vt 0.16 0.49 0.00
vt 0.17 0.52 0.00
vt 0.17 0.49 0.00
vt 0.18 0.52 0.00
vt 0.18 0.49 0.00
vt 0.19 0.49 0.00
vt 0.19 0.52 0.00
vt 0.20 0.52 0.00
vt 0.19 0.55 0.00
vt 0.20 0.55 0.00
vt 0.21 0.55 0.00
vt 0.21 0.52 0.00
vt 0.20 0.57 0.00
vt 0.21 0.57 0.00
vt 0.06 0.54 0.00
vt 0.06 0.56 0.00
vt 0.07 0.56 0.00
vt 0.07 0.54 0.00
vt 0.08 0.57 0.00
vt 0.08 0.54 0.00
vt 0.09 0.57 0.00
vt 0.09 0.54 0.00
vt 0.10 0.57 0.00
vt 0.10 0.54 0.00
vt 0.11 0.57 0.00
vt 0.11 0.54 0.00
vt 0.12 0.57 0.00
vt 0.12 0.54 0.00
vt 0.13 0.57 0.00
vt 0.13 0.54 0.00
vt 0.14 0.54 0.00
vt 0.14 0.57 0.00
vt 0.15 0.54 0.00
vt 0.15 0.57 0.00
vt 0.16 0.54 0.00
vt 0.16 0.57 0.00
vt 0.17 0.57 0.00
vt 0.17 0.54 0.00
vt 0.18 0.57 0.00
vt 0.18 0.55 0.00
vt 0.19 0.57 0.00
vt 0.18 0.60 0.00
vt 0.19 0.60 0.00
vt 0.20 0.60 0.00
vt 0.19 0.63 0.00
vt 0.20 0.63 0.00
vt 0.21 0.63 0.00
vt 0.21 0.60 0.00
vt 0.06 0.59 0.00
vt 0.05 0.62 0.00
vt 0.06 0.62 0.00
vt 0.07 0.59 0.00
vt 0.07 0.62 0.00
vt 0.08 0.59 0.00
vt 0.08 0.62 0.00
vt 0.09 0.62 0.00
vt 0.09 0.59 0.00
vt 0.10 0.62 0.00
vt 0.10 0.59 0.00
vt 0.11 0.62 0.00
vt 0.11 0.60 0.00
vt 0.12 0.62 0.00
vt 0.12 0.60 0.00
vt 0.13 0.62 0.00
vt 0.13 0.60 0.00
vt 0.14 0.62 0.00
vt 0.14 0.60 0.00
vt 0.15 0.63 0.00
vt 0.15 0.60 0.00
vt 0.16 0.63 0.00
vt 0.16 0.60 0.00
vt 0.17 0.63 0.00
vt 0.17 0.60 0.00
vt 0.18 0.63 0.00
vt 0.17 0.65 0.00
vt 0.18 0.65 0.00
vt 0.19 0.66 0.00
vt 0.17 0.68 0.00
vt 0.18 0.68 0.00
vt 0.19 0.68 0.00
vt 0.20 0.66 0.00
vt 0.20 0.68 0.00
vt 0.21 0.66 0.00
vt 0.05 0.64 0.00
vt 0.05 0.67 0.00
vt 0.06 0.67 0.00
vt 0.06 0.65 0.00
vt 0.07 0.67 0.00
vt 0.07 0.65 0.00
vt 0.08 0.67 0.00
vt 0.08 0.65 0.00
vt 0.09 0.68 0.00
vt 0.09 0.65 0.00
vt 0.10 0.68 0.00
vt 0.10 0.65 0.00
vt 0.11 0.68 0.00
vt 0.11 0.65 0.00
vt 0.12 0.68 0.00
vt 0.12 0.65 0.00
vt 0.13 0.68 0.00
vt 0.13 0.65 0.00
vt 0.14 0.68 0.00
vt 0.14 0.65 0.00
vt 0.15 0.68 0.00
vt 0.15 0.65 0.00
vt 0.16 0.68 0.00
vt 0.16 0.65 0.00
vt 0.15 0.71 0.00
vt 0.16 0.71 0.00
vt 0.17 0.71 0.00
vt 0.16 0.74 0.00
vt 0.17 0.74 0.00
vt 0.18 0.74 0.00
vt 0.18 0.71 0.00
vt 0.19 0.74 0.00
vt 0.19 0.71 0.00
vt 0.20 0.74 0.00
vt 0.20 0.71 0.00
vt 0.04 0.70 0.00
vt 0.04 0.73 0.00
vt 0.05 0.73 0.00
vt 0.05 0.70 0.00
vt 0.06 0.73 0.00
vt 0.06 0.70 0.00
vt 0.07 0.73 0.00
vt 0.07 0.70 0.00
vt 0.08 0.73 0.00
vt 0.08 0.70 0.00
vt 0.09 0.73 0.00
vt 0.09 0.70 0.00
vt 0.10 0.73 0.00
vt 0.10 0.70 0.00
vt 0.11 0.73 0.00
vt 0.11 0.70 0.00
vt 0.12 0.73 0.00
vt 0.12 0.71 0.00
vt 0.13 0.73 0.00
vt 0.13 0.71 0.00
vt 0.14 0.73 0.00
vt 0.14 0.71 0.00
vt 0.15 0.74 0.00
vt 0.14 0.76 0.00
vt 0.15 0.76 0.00
vt 0.16 0.76 0.00
vt 0.15 0.79 0.00
vt 0.16 0.79 0.00
vt 0.17 0.79 0.00
vt 0.17 0.76 0.00
vt 0.18 0.79 0.00
vt 0.18 0.77 0.00
vt 0.19 0.79 0.00
vt 0.19 0.77 0.00
vt 0.20 0.79 0.00
vt 0.20 0.77 0.00
vt 0.04 0.75 0.00
vt 0.03 0.78 0.00
vt 0.04 0.78 0.00
vt 0.05 0.75 0.00
vt 0.05 0.78 0.00
vt 0.06 0.75 0.00
vt 0.06 0.78 0.00
vt 0.07 0.76 0.00
vt 0.07 0.78 0.00
vt 0.08 0.76 0.00
vt 0.08 0.78 0.00
vt 0.09 0.76 0.00
vt 0.10 0.78 0.00
vt 0.10 0.76 0.00
vt 0.11 0.79 0.00
vt 0.11 0.76 0.00
vt 0.12 0.79 0.00
vt 0.12 0.76 0.00
vt 0.13 0.79 0.00
vt 0.13 0.76 0.00
vt 0.14 0.79 0.00
vt 0.12 0.82 0.00
vt 0.13 0.82 0.00
vt 0.14 0.82 0.00
vt 0.13 0.84 0.00
vt 0.14 0.84 0.00
vt 0.15 0.85 0.00
vt 0.15 0.82 0.00
vt 0.16 0.85 0.00
vt 0.16 0.82 0.00
vt 0.17 0.85 0.00
vt 0.17 0.82 0.00
vt 0.18 0.85 0.00
vt 0.19 0.82 0.00
vt 0.19 0.85 0.00
vt 0.20 0.82 0.00
vt 0.03 0.81 0.00
vt 0.03 0.83 0.00
vt 0.04 0.83 0.00
vt 0.04 0.81 0.00
vt 0.05 0.83 0.00
vt 0.05 0.81 0.00
vt 0.06 0.84 0.00
vt 0.06 0.81 0.00
vt 0.07 0.84 0.00
vt 0.07 0.81 0.00
vt 0.08 0.84 0.00
vt 0.08 0.81 0.00
vt 0.09 0.84 0.00
vt 0.09 0.81 0.00
vt 0.10 0.84 0.00
vt 0.10 0.81 0.00
vt 0.11 0.84 0.00
vt 0.11 0.81 0.00
vt 0.12 0.84 0.00
vt 0.11 0.87 0.00
vt 0.12 0.87 0.00
vt 0.13 0.87 0.00
vt 0.11 0.90 0.00
vt 0.12 0.90 0.00
vt 0.13 0.90 0.00
vt 0.14 0.87 0.00
vt 0.15 0.90 0.00
vt 0.15 0.87 0.00
vt 0.16 0.90 0.00
vt 0.16 0.87 0.00
vt 0.17 0.90 0.00
vt 0.17 0.88 0.00
vt 0.18 0.90 0.00
vt 0.18 0.88 0.00
vt 0.19 0.91 0.00
vt 0.19 0.88 0.00
vt 0.02 0.86 0.00
vt 0.02 0.89 0.00
vt 0.03 0.89 0.00
vt 0.03 0.86 0.00
vt 0.04 0.89 0.00
vt 0.04 0.86 0.00
vt 0.05 0.89 0.00
vt 0.05 0.86 0.00
vt 0.06 0.89 0.00
vt 0.06 0.86 0.00
vt 0.07 0.89 0.00
vt 0.08 0.86 0.00
vt 0.08 0.89 0.00
vt 0.09 0.86 0.00
vt 0.09 0.89 0.00
vt 0.10 0.87 0.00
vt 0.10 0.90 0.00
vt 0.09 0.91 0.00
vt 0.10 0.92 0.00
vt 0.11 0.93 0.00
vt 0.09 0.93 0.00
vt 0.10 0.94 0.00
vt 0.10 0.95 0.00
vt 0.12 0.93 0.00
vt 0.12 0.94 0.00
vt 0.13 0.94 0.00
vt 0.13 0.93 0.00
vt 0.14 0.94 0.00
vt 0.14 0.93 0.00
vt 0.15 0.94 0.00
vt 0.15 0.93 0.00
vt 0.16 0.94 0.00
vt 0.16 0.93 0.00
vt 0.17 0.94 0.00
vt 0.17 0.93 0.00
vt 0.18 0.95 0.00
vt 0.19 0.93 0.00
vt 0.02 0.92 0.00
vt 0.03 0.94 0.00
vt 0.03 0.93 0.00
vt 0.03 0.92 0.00
vt 0.04 0.92 0.00
vt 0.04 0.91 0.00
vt 0.05 0.92 0.00
vt 0.05 0.91 0.00
vt 0.06 0.92 0.00
vt 0.06 0.91 0.00
vt 0.07 0.92 0.00
vt 0.07 0.91 0.00
vt 0.08 0.92 0.00
vt 0.08 0.91 0.00
vt 0.09 0.92 0.00
vt 0.08 0.93 0.00
vt 0.09 0.94 0.00
vt 0.09 0.95 0.00
vt 0.09 0.97 0.00
vt 0.07 0.97 0.00
vt 0.08 0.97 0.00
vt 0.08 0.98 0.00
vt 0.06 0.98 0.00
vt 0.05 0.97 0.00
vt 0.05 0.98 0.00
vt 0.04 0.96 0.00
vt 0.03 0.96 0.00
vt 0.04 0.95 0.00
vt 0.03 0.95 0.00
vt 0.04 0.94 0.00
vt 0.04 0.93 0.00
vt 0.05 0.93 0.00
vt 0.07 0.93 0.00
vt 0.07 0.96 0.00
vt 0.06 0.95 0.00
vt 0.05 0.95 0.00
vt 0.28 0.23 0.00
vt 0.28 0.24 0.00
vt 0.29 0.24 0.00
vt 0.29 0.22 0.00
vt 0.28 0.21 0.00
vt 0.30 0.23 0.00
vt 0.33 0.03 0.00
vt 0.32 0.03 0.00
vt 0.35 0.03 0.00
vt 0.35 0.02 0.00
vt 0.33 0.07 0.00
vt 0.32 0.06 0.00
vt 0.33 0.09 0.00
vt 0.34 0.09 0.00
vt 0.36 0.08 0.00
vt 0.33 0.05 0.00
vt 0.32 0.04 0.00
vt 0.51 0.28 0.00
vt 0.50 0.27 0.00
vt 0.48 0.27 0.00
vt 0.48 0.28 0.00
vt 0.52 0.26 0.00
vt 0.51 0.26 0.00
vt 0.48 0.25 0.00
vt 0.59 0.12 0.00
vt 0.58 0.11 0.00
vt 0.57 0.14 0.00
vt 0.57 0.15 0.00
vt 0.58 0.09 0.00
vt 0.57 0.09 0.00
vt 0.27 0.23 0.00
vt 0.27 0.21 0.00
vt 0.27 0.24 0.00
vt 0.33 0.04 0.00
vt 0.34 0.04 0.00
vt 0.34 0.03 0.00
vt 0.34 0.05 0.00
vt 0.57 0.11 0.00
vt 0.57 0.10 0.00
vt 0.56 0.11 0.00
vt 0.55 0.14 0.00
vt 0.53 0.13 0.00
vt 0.45 0.21 0.00
vt 0.43 0.18 0.00
vt 0.39 0.19 0.00
vt 0.40 0.22 0.00
vt 0.44 0.25 0.00
vt 0.49 0.22 0.00
vt 0.41 0.24 0.00
vt 0.31 0.24 0.00
vt 0.30 0.24 0.00
vt 0.33 0.25 0.00
vt 0.33 0.24 0.00
vt 0.32 0.22 0.00
vt 0.31 0.18 0.00
vt 0.32 0.20 0.00
vt 0.36 0.20 0.00
vt 0.35 0.18 0.00
vt 0.34 0.15 0.00
vt 0.32 0.15 0.00
vt 0.30 0.15 0.00
vt 0.29 0.18 0.00
vt 0.29 0.15 0.00
vt 0.28 0.18 0.00
vt 0.32 0.26 0.00
vt 0.29 0.25 0.00
vt 0.29 0.26 0.00
vt 0.36 0.27 0.00
vt 0.36 0.26 0.00
vt 0.40 0.28 0.00
vt 0.40 0.27 0.00
vt 0.40 0.26 0.00
vt 0.36 0.24 0.00
vt 0.44 0.28 0.00
vt 0.44 0.27 0.00
vt 0.44 0.29 0.00
vt 0.48 0.29 0.00
vt 0.53 0.23 0.00
vt 0.54 0.20 0.00
vt 0.53 0.20 0.00
vt 0.52 0.23 0.00
vt 0.52 0.20 0.00
vt 0.51 0.23 0.00
vt 0.50 0.19 0.00
vt 0.53 0.17 0.00
vt 0.51 0.15 0.00
vt 0.48 0.18 0.00
vt 0.54 0.17 0.00
vt 0.55 0.18 0.00
vt 0.52 0.06 0.00
vt 0.51 0.06 0.00
vt 0.54 0.08 0.00
vt 0.55 0.08 0.00
vt 0.51 0.07 0.00
vt 0.49 0.08 0.00
vt 0.53 0.10 0.00
vt 0.48 0.10 0.00
vt 0.51 0.12 0.00
vt 0.47 0.12 0.00
vt 0.49 0.14 0.00
vt 0.45 0.14 0.00
vt 0.46 0.16 0.00
vt 0.42 0.16 0.00
vt 0.43 0.12 0.00
vt 0.40 0.14 0.00
vt 0.37 0.15 0.00
vt 0.38 0.17 0.00
vt 0.38 0.11 0.00
vt 0.36 0.12 0.00
vt 0.34 0.12 0.00
vt 0.31 0.09 0.00
vt 0.31 0.12 0.00
vt 0.30 0.09 0.00
vt 0.30 0.12 0.00
vt 0.29 0.12 0.00
vt 0.47 0.03 0.00
vt 0.43 0.02 0.00
vt 0.43 0.03 0.00
vt 0.47 0.04 0.00
vt 0.43 0.04 0.00
vt 0.46 0.06 0.00
vt 0.42 0.06 0.00
vt 0.45 0.08 0.00
vt 0.41 0.08 0.00
vt 0.44 0.10 0.00
vt 0.40 0.09 0.00
vt 0.38 0.05 0.00
vt 0.37 0.07 0.00
vt 0.38 0.04 0.00
vt 0.39 0.03 0.00
vt 0.39 0.02 0.00
vt 0.38 0.02 0.00
vt 0.34 0.02 0.00
vt 0.31 0.02 0.00
vt 0.30 0.05 0.00
vt 0.31 0.04 0.00
vt 0.31 0.06 0.00
vt 0.36 0.22 0.00
vt 0.51 0.29 0.00
# 964 texture coords

o Coconut
g Coconut
usemtl MAT_Coco
f 1/1/1 2/1/2 3/2/3 
f 3/2/3 4/3/4 1/1/1 
f 3/2/3 5/4/5 6/4/6 
f 6/4/6 4/3/4 3/2/3 
f 7/5/7 6/4/6 5/4/5 
f 5/4/5 8/5/8 7/5/7 
f 9/6/9 10/7/10 8/5/8 
f 8/5/8 5/4/5 9/6/9 
f 3/2/3 2/1/2 11/8/11 
f 11/8/11 12/9/12 3/2/3 
f 12/9/12 9/6/9 5/4/5 
f 5/4/5 3/2/3 12/9/12 
f 1/1/1 13/10/13 14/11/14 
f 14/11/14 2/1/2 1/1/1 
f 15/11/15 11/8/11 2/1/2 
f 2/1/2 14/11/14 15/11/15 
f 16/12/16 17/12/17 15/11/15 
f 15/11/15 14/11/14 16/12/16 
f 13/10/13 18/13/18 16/12/16 
f 16/12/16 14/11/14 13/10/13 
f 18/13/18 19/14/19 20/15/3 
f 20/15/3 16/12/16 18/13/18 
f 21/15/20 17/12/17 16/12/16 
f 16/12/16 20/15/3 21/15/20 
f 19/14/19 22/16/21 23/17/22 
f 23/17/22 20/15/3 19/14/19 
f 20/15/3 23/17/22 24/17/23 
f 24/17/23 21/15/20 20/15/3 
f 22/16/21 25/18/24 26/19/25 
f 26/19/25 23/17/22 22/16/21 
f 27/19/26 24/17/23 23/17/22 
f 23/17/22 26/19/25 27/19/26 
f 25/18/24 28/20/27 29/21/28 
f 29/21/28 26/19/25 25/18/24 
f 30/21/29 27/19/26 26/19/25 
f 26/19/25 29/21/28 30/21/29 
f 31/22/30 29/21/28 28/20/27 
f 28/20/27 32/23/31 31/22/30 
f 33/22/32 30/21/29 29/21/28 
f 29/21/28 31/22/30 33/22/32 
f 32/23/31 34/24/33 35/25/34 
f 35/25/34 31/22/30 32/23/31 
f 31/22/30 35/25/34 36/26/35 
f 36/26/35 33/22/32 31/22/30 
f 34/24/33 37/27/36 38/28/37 
f 38/28/37 35/25/34 34/24/33 
f 39/28/38 36/26/35 35/25/34 
f 35/25/34 38/28/37 39/28/38 
f 37/27/36 40/29/39 41/29/40 
f 41/29/40 38/28/37 37/27/36 
f 38/28/37 41/29/40 42/30/41 
f 42/30/41 39/28/38 38/28/37 
f 40/29/39 43/31/42 44/31/43 
f 44/31/43 41/29/40 40/29/39 
f 45/32/44 42/30/41 41/29/40 
f 41/29/40 44/31/43 45/32/44 
f 43/31/42 46/33/45 47/33/46 
f 47/33/46 44/31/43 43/31/42 
f 48/34/47 45/32/44 44/31/43 
f 44/31/43 47/33/46 48/34/47 
f 49/35/48 47/33/46 46/33/45 
f 46/33/45 50/35/49 49/35/48 
f 47/33/46 49/35/48 51/36/50 
f 51/36/50 48/34/47 47/33/46 
f 50/35/49 52/37/51 53/37/52 
f 53/37/52 49/35/48 50/35/49 
f 54/38/53 51/36/50 49/35/48 
f 49/35/48 53/37/52 54/38/53 
f 55/39/54 53/37/52 52/37/51 
f 52/37/51 56/39/55 55/39/54 
f 53/37/52 55/39/54 57/40/56 
f 57/40/56 54/38/53 53/37/52 
f 56/39/55 58/41/57 59/41/58 
f 59/41/58 55/39/54 56/39/55 
f 60/42/59 57/40/56 55/39/54 
f 55/39/54 59/41/58 60/42/59 
f 58/41/57 61/43/60 62/43/61 
f 62/43/61 59/41/58 58/41/57 
f 63/43/62 60/42/59 59/41/58 
f 59/41/58 62/43/61 63/43/62 
f 64/44/63 62/43/61 61/43/60 
f 61/43/60 65/44/64 64/44/63 
f 62/43/61 64/44/63 66/44/65 
f 66/44/65 63/43/62 62/43/61 
f 67/45/66 64/44/63 65/44/64 
f 65/44/64 68/45/67 67/45/66 
f 64/44/63 67/45/66 69/45/68 
f 69/45/68 66/44/65 64/44/63 
f 70/46/69 67/45/66 68/45/67 
f 68/45/67 71/46/70 70/46/69 
f 72/46/71 69/45/68 67/45/66 
f 67/45/66 70/46/69 72/46/71 
f 71/46/70 73/47/72 74/47/73 
f 74/47/73 70/46/69 71/46/70 
f 75/47/71 72/46/71 70/46/69 
f 70/46/69 74/47/73 75/47/71 
f 73/47/72 76/48/74 77/48/75 
f 77/48/75 74/47/73 73/47/72 
f 77/48/75 78/48/76 75/47/71 
f 75/47/71 74/47/73 77/48/75 
f 77/48/75 76/48/74 79/48/77 
f 79/48/77 80/48/78 77/48/75 
f 81/48/79 78/48/76 77/48/75 
f 77/48/75 80/48/78 81/48/79 
f 79/48/77 82/48/80 83/48/81 
f 83/48/81 80/48/78 79/48/77 
f 84/48/82 81/48/79 80/48/78 
f 80/48/78 83/48/81 84/48/82 
f 85/49/83 7/5/7 8/5/8 
f 8/5/8 86/50/84 85/49/83 
f 10/7/10 87/51/85 86/50/84 
f 86/50/84 8/5/8 10/7/10 
f 88/52/86 85/49/83 86/50/84 
f 86/50/84 89/53/87 88/52/86 
f 87/51/85 90/54/88 89/53/87 
f 89/53/87 86/50/84 87/51/85 
f 91/55/89 92/3/90 4/3/90 
f 4/3/90 6/4/91 91/55/89 
f 92/3/90 93/56/92 1/1/1 
f 1/1/1 4/3/90 92/3/90 
f 94/57/93 91/55/89 6/4/91 
f 6/4/91 7/5/93 94/57/93 
f 95/49/94 94/57/93 7/5/93 
f 7/5/93 85/49/83 95/49/94 
f 96/49/95 95/49/94 85/49/83 
f 85/49/83 88/52/96 96/49/95 
f 93/56/92 97/10/97 13/10/13 
f 13/10/13 1/1/1 93/56/92 
f 97/10/97 98/58/98 18/13/18 
f 18/13/18 13/10/13 97/10/97 
f 98/58/98 99/59/99 19/14/19 
f 19/14/19 18/13/18 98/58/98 
f 99/59/99 100/16/100 22/16/21 
f 22/16/21 19/14/19 99/59/99 
f 100/16/100 101/18/101 25/18/24 
f 25/18/24 22/16/21 100/16/100 
f 101/18/101 102/20/102 28/20/103 
f 28/20/103 25/18/24 101/18/101 
f 102/20/102 103/23/104 32/23/105 
f 32/23/105 28/20/103 102/20/102 
f 103/23/104 104/60/106 34/24/33 
f 34/24/33 32/23/105 103/23/104 
f 104/60/106 105/27/107 37/27/36 
f 37/27/36 34/24/33 104/60/106 
f 105/27/107 106/29/108 40/29/39 
f 40/29/39 37/27/36 105/27/107 
f 43/31/109 40/29/39 106/29/108 
f 106/29/108 107/31/110 43/31/109 
f 107/31/110 108/33/111 46/33/45 
f 46/33/45 43/31/109 107/31/110 
f 108/33/111 109/35/112 50/35/49 
f 50/35/49 46/33/45 108/33/111 
f 109/35/112 110/37/113 52/37/51 
f 52/37/51 50/35/49 109/35/112 
f 110/37/113 111/61/114 56/39/55 
f 56/39/55 52/37/51 110/37/113 
f 111/61/114 112/62/115 58/41/57 
f 58/41/57 56/39/55 111/61/114 
f 61/43/60 58/41/57 112/62/115 
f 112/62/115 113/63/116 61/43/60 
f 113/63/116 114/64/117 65/44/118 
f 65/44/118 61/43/60 113/63/116 
f 114/64/117 115/65/119 68/45/120 
f 68/45/120 65/44/118 114/64/117 
f 115/65/119 116/66/121 71/46/121 
f 71/46/121 68/45/120 115/65/119 
f 116/66/121 117/67/122 73/47/123 
f 73/47/123 71/46/121 116/66/121 
f 117/67/122 118/47/124 76/48/74 
f 76/48/74 73/47/123 117/67/122 
f 118/47/124 119/48/125 79/48/126 
f 79/48/126 76/48/74 118/47/124 
f 119/48/125 120/48/127 82/48/127 
f 82/48/127 79/48/126 119/48/125 
f 120/48/128 121/68/129 83/68/130 
f 83/68/130 82/48/131 120/48/128 
f 122/68/132 84/68/133 83/68/130 
f 83/68/130 121/68/129 122/68/132 
f 123/52/134 96/49/95 88/52/96 
f 88/52/96 89/53/87 123/52/134 
f 91/55/89 94/57/135 124/69/136 
f 124/69/136 125/70/137 91/55/89 
f 124/69/136 94/57/135 95/49/138 
f 95/49/138 126/71/139 124/69/136 
f 96/49/140 127/72/141 126/71/139 
f 126/71/139 95/49/138 96/49/140 
f 123/52/134 128/72/142 127/72/141 
f 127/72/141 96/49/140 123/52/134 
f 125/70/137 129/73/143 92/3/144 
f 92/3/144 91/55/89 125/70/137 
f 129/73/143 130/74/145 93/56/146 
f 93/56/146 92/3/144 129/73/143 
f 130/74/145 131/75/147 97/10/148 
f 97/10/148 93/56/146 130/74/145 
f 131/75/147 132/76/149 98/58/98 
f 98/58/98 97/10/148 131/75/147 
f 132/76/149 133/77/150 99/59/99 
f 99/59/99 98/58/98 132/76/149 
f 100/16/100 99/59/99 133/77/150 
f 133/77/150 134/78/151 100/16/100 
f 101/18/101 100/16/100 134/78/151 
f 134/78/151 135/79/152 101/18/101 
f 102/20/102 101/18/101 135/79/152 
f 135/79/152 136/80/153 102/20/102 
f 103/23/104 102/20/102 136/80/153 
f 136/80/153 137/81/154 103/23/104 
f 104/60/155 103/23/104 137/81/154 
f 137/81/154 138/82/155 104/60/155 
f 105/27/107 104/60/155 138/82/155 
f 138/82/155 139/83/156 105/27/107 
f 106/29/108 105/27/107 139/83/156 
f 139/83/156 140/84/157 106/29/108 
f 107/31/110 106/29/108 140/84/157 
f 140/84/157 141/85/158 107/31/110 
f 108/33/111 107/31/110 141/85/158 
f 141/85/158 142/86/159 108/33/111 
f 142/86/159 143/87/160 109/35/161 
f 109/35/161 108/33/111 142/86/159 
f 143/87/160 144/88/162 110/37/113 
f 110/37/113 109/35/161 143/87/160 
f 144/88/162 145/61/162 111/61/114 
f 111/61/114 110/37/113 144/88/162 
f 112/62/115 111/61/114 145/61/162 
f 145/61/162 146/62/163 112/62/115 
f 146/62/163 147/63/164 113/63/116 
f 113/63/116 112/62/115 146/62/163 
f 147/63/164 148/64/165 114/64/117 
f 114/64/117 113/63/116 147/63/164 
f 148/64/165 149/65/166 115/65/119 
f 115/65/119 114/64/117 148/64/165 
f 116/66/167 115/65/119 149/65/166 
f 149/65/166 150/66/166 116/66/167 
f 117/67/168 116/66/167 150/66/166 
f 150/66/166 151/67/169 117/67/168 
f 151/67/169 152/67/170 118/47/171 
f 118/47/171 117/67/168 151/67/169 
f 119/48/172 118/47/171 152/67/170 
f 152/67/170 153/68/173 119/48/172 
f 120/48/128 119/48/172 153/68/173 
f 153/68/173 121/68/129 120/48/128 
f 154/89/174 155/90/175 124/69/136 
f 124/69/136 126/71/139 154/89/174 
f 156/91/176 154/89/174 126/71/139 
f 126/71/139 127/72/141 156/91/176 
f 157/92/177 156/91/176 127/72/141 
f 127/72/141 128/72/142 157/92/177 
f 155/90/175 158/93/178 125/70/137 
f 125/70/137 124/69/136 155/90/175 
f 158/93/178 159/94/179 129/73/143 
f 129/73/143 125/70/137 158/93/178 
f 159/94/179 160/95/180 130/74/145 
f 130/74/145 129/73/143 159/94/179 
f 160/95/180 161/96/181 131/75/147 
f 131/75/147 130/74/145 160/95/180 
f 161/96/181 162/76/182 132/76/149 
f 132/76/149 131/75/147 161/96/181 
f 162/76/182 163/97/183 133/77/150 
f 133/77/150 132/76/149 162/76/182 
f 134/78/151 133/77/150 163/97/183 
f 163/97/183 164/78/184 134/78/151 
f 164/78/184 165/79/185 135/79/152 
f 135/79/152 134/78/151 164/78/184 
f 136/80/153 135/79/152 165/79/185 
f 165/79/185 166/80/186 136/80/153 
f 166/80/186 167/81/187 137/81/154 
f 137/81/154 136/80/153 166/80/186 
f 167/81/187 168/82/187 138/82/188 
f 138/82/188 137/81/154 167/81/187 
f 139/83/156 138/82/188 168/82/187 
f 168/82/187 169/83/189 139/83/156 
f 169/83/189 170/84/190 140/84/157 
f 140/84/157 139/83/156 169/83/189 
f 170/84/190 171/85/191 141/85/158 
f 141/85/158 140/84/157 170/84/190 
f 171/85/191 172/86/192 142/86/159 
f 142/86/159 141/85/158 171/85/191 
f 143/87/160 142/86/159 172/86/192 
f 172/86/192 173/87/193 143/87/160 
f 144/88/162 143/87/160 173/87/193 
f 173/87/193 174/88/192 144/88/162 
f 145/61/162 144/88/162 174/88/192 
f 174/88/192 175/61/194 145/61/162 
f 175/61/194 176/62/195 146/62/163 
f 146/62/163 145/61/162 175/61/194 
f 176/62/195 177/63/196 147/63/164 
f 147/63/164 146/62/163 176/62/195 
f 177/63/196 178/64/197 148/64/165 
f 148/64/165 147/63/164 177/63/196 
f 149/65/166 148/64/165 178/64/197 
f 178/64/197 179/65/198 149/65/166 
f 179/65/198 180/66/199 150/66/166 
f 150/66/166 149/65/166 179/65/198 
f 151/67/169 150/66/166 180/66/199 
f 180/66/199 181/67/200 151/67/169 
f 181/67/200 182/68/201 152/67/170 
f 152/67/170 151/67/169 181/67/200 
f 182/68/201 183/68/202 153/68/173 
f 153/68/173 152/67/170 182/68/201 
f 121/68/129 153/68/173 183/68/202 
f 183/68/202 122/68/132 121/68/129 
f 157/92/177 128/72/142 123/52/134 
f 123/52/134 89/53/87 157/92/177 
f 90/54/88 156/98/176 157/99/177 
f 157/99/177 89/53/87 90/54/88 
f 156/98/176 90/54/88 87/51/85 
f 87/51/85 154/98/203 156/98/176 
f 87/51/85 10/7/204 155/100/204 
f 155/100/204 154/98/203 87/51/85 
f 10/7/204 9/6/205 158/101/206 
f 158/101/206 155/100/204 10/7/204 
f 9/6/205 12/9/207 159/102/208 
f 159/102/208 158/101/206 9/6/205 
f 12/9/207 11/8/209 160/8/209 
f 160/8/209 159/102/208 12/9/207 
f 11/8/209 15/11/15 161/103/210 
f 161/103/210 160/8/209 11/8/209 
f 15/11/15 17/12/17 162/104/211 
f 162/104/211 161/103/210 15/11/15 
f 163/105/212 162/104/211 17/12/17 
f 17/12/17 21/15/212 163/105/212 
f 164/106/184 163/105/212 21/15/212 
f 21/15/212 24/17/23 164/106/184 
f 165/107/185 164/106/184 24/17/23 
f 24/17/23 27/19/26 165/107/185 
f 27/19/26 30/21/29 166/21/186 
f 166/21/186 165/107/185 27/19/26 
f 30/21/29 33/22/213 167/108/187 
f 167/108/187 166/21/186 30/21/29 
f 33/22/213 36/26/35 168/26/187 
f 168/26/187 167/108/187 33/22/213 
f 169/28/189 168/26/187 36/26/35 
f 36/26/35 39/28/38 169/28/189 
f 39/28/38 42/30/41 170/30/190 
f 170/30/190 169/28/189 39/28/38 
f 42/30/41 45/32/44 171/32/191 
f 171/32/191 170/30/190 42/30/41 
f 172/34/192 171/32/191 45/32/44 
f 45/32/44 48/34/47 172/34/192 
f 173/36/193 172/34/192 48/34/47 
f 48/34/47 51/36/50 173/36/193 
f 174/38/192 173/36/193 51/36/50 
f 51/36/50 54/38/53 174/38/192 
f 54/38/53 57/40/56 175/40/194 
f 175/40/194 174/38/192 54/38/53 
f 176/109/195 175/40/194 57/40/56 
f 57/40/56 60/42/214 176/109/195 
f 177/110/196 176/109/195 60/42/214 
f 60/42/214 63/43/62 177/110/196 
f 63/43/62 66/44/65 178/111/197 
f 178/111/197 177/110/196 63/43/62 
f 179/112/215 178/111/197 66/44/65 
f 66/44/65 69/45/68 179/112/215 
f 180/46/216 179/112/215 69/45/68 
f 69/45/68 72/46/71 180/46/216 
f 72/46/71 75/47/71 181/47/200 
f 181/47/200 180/46/216 72/46/71 
f 75/47/71 78/48/76 182/48/201 
f 182/48/201 181/47/200 75/47/71 
f 78/48/76 81/48/217 183/48/202 
f 183/48/202 182/48/201 78/48/76 
f 184/113/218 185/114/219 186/115/220 
f 186/115/220 187/116/221 184/113/218 
f 188/117/222 184/113/218 187/116/221 
f 187/116/221 189/118/223 188/117/222 
f 190/119/224 188/117/222 189/118/223 
f 189/118/223 191/120/225 190/119/224 
f 192/121/226 190/119/224 191/120/225 
f 191/120/225 193/122/227 192/121/226 
f 194/123/228 192/121/226 193/122/227 
f 193/122/227 195/124/229 194/123/228 
f 196/125/230 197/126/231 185/114/219 
f 185/114/219 184/113/218 196/125/230 
f 198/127/232 196/125/230 184/113/218 
f 184/113/218 188/117/222 198/127/232 
f 199/128/233 198/127/232 188/117/222 
f 188/117/222 190/119/224 199/128/233 
f 200/129/234 199/128/233 190/119/224 
f 190/119/224 192/121/226 200/129/234 
f 201/130/235 200/129/234 192/121/226 
f 192/121/226 194/123/228 201/130/235 
f 202/131/236 203/132/237 197/126/231 
f 197/126/231 196/125/230 202/131/236 
f 204/133/238 202/131/236 196/125/230 
f 196/125/230 198/127/232 204/133/238 
f 205/134/239 204/133/238 198/127/232 
f 198/127/232 199/128/233 205/134/239 
f 206/135/240 205/134/239 199/128/233 
f 199/128/233 200/129/234 206/135/240 
f 207/136/241 206/135/240 200/129/234 
f 200/129/234 201/130/235 207/136/241 
f 208/137/242 209/138/243 203/132/237 
f 203/132/237 202/131/236 208/137/242 
f 210/139/244 208/137/242 202/131/236 
f 202/131/236 204/133/238 210/139/244 
f 211/140/245 210/139/244 204/133/238 
f 204/133/238 205/134/239 211/140/245 
f 212/141/246 211/140/245 205/134/239 
f 205/134/239 206/135/240 212/141/246 
f 213/142/247 212/141/246 206/135/240 
f 206/135/240 207/136/241 213/142/247 
f 214/143/248 215/144/249 209/138/243 
f 209/138/243 208/137/242 214/143/248 
f 216/145/250 214/143/248 208/137/242 
f 208/137/242 210/139/244 216/145/250 
f 217/146/251 216/145/250 210/139/244 
f 210/139/244 211/140/245 217/146/251 
f 218/147/252 217/146/251 211/140/245 
f 211/140/245 212/141/246 218/147/252 
f 219/148/253 218/147/252 212/141/246 
f 212/141/246 213/142/247 219/148/253 
f 220/149/254 221/150/255 215/144/249 
f 215/144/249 214/143/248 220/149/254 
f 222/151/256 220/149/254 214/143/248 
f 214/143/248 216/145/250 222/151/256 
f 223/152/257 222/151/256 216/145/250 
f 216/145/250 217/146/251 223/152/257 
f 224/153/258 223/152/257 217/146/251 
f 217/146/251 218/147/252 224/153/258 
f 225/154/259 224/153/258 218/147/252 
f 218/147/252 219/148/253 225/154/259 
f 226/155/260 227/156/261 221/150/255 
f 221/150/255 220/149/254 226/155/260 
f 228/157/262 226/155/260 220/149/254 
f 220/149/254 222/151/256 228/157/262 
f 229/158/263 228/157/262 222/151/256 
f 222/151/256 223/152/257 229/158/263 
f 230/159/264 229/158/263 223/152/257 
f 223/152/257 224/153/258 230/159/264 
f 231/160/265 230/159/264 224/153/258 
f 224/153/258 225/154/259 231/160/265 
f 232/161/266 233/162/267 227/156/261 
f 227/156/261 226/155/260 232/161/266 
f 234/163/268 232/161/266 226/155/260 
f 226/155/260 228/157/262 234/163/268 
f 235/164/269 234/163/268 228/157/262 
f 228/157/262 229/158/263 235/164/269 
f 236/165/270 235/164/269 229/158/263 
f 229/158/263 230/159/264 236/165/270 
f 237/166/271 236/165/270 230/159/264 
f 230/159/264 231/160/265 237/166/271 
f 238/167/272 239/168/267 233/162/267 
f 233/162/267 232/161/266 238/167/272 
f 240/169/273 238/167/272 232/161/266 
f 232/161/266 234/163/268 240/169/273 
f 241/170/274 240/169/273 234/163/268 
f 234/163/268 235/164/269 241/170/274 
f 242/171/275 241/170/274 235/164/269 
f 235/164/269 236/165/270 242/171/275 
f 243/172/276 242/171/275 236/165/270 
f 236/165/270 237/166/271 243/172/276 
f 244/173/277 245/174/278 246/115/279 
f 246/115/279 247/114/280 244/173/277 
f 248/175/281 249/176/282 245/174/278 
f 245/174/278 244/173/277 248/175/281 
f 250/177/283 251/178/284 249/176/282 
f 249/176/282 248/175/281 250/177/283 
f 252/179/285 253/180/286 251/178/284 
f 251/178/284 250/177/283 252/179/285 
f 254/181/287 255/182/288 253/180/286 
f 253/180/286 252/179/285 254/181/287 
f 256/183/289 244/173/277 247/114/280 
f 247/114/280 257/126/290 256/183/289 
f 258/184/291 248/175/281 244/173/277 
f 244/173/277 256/183/289 258/184/291 
f 259/185/292 250/177/283 248/175/281 
f 248/175/281 258/184/291 259/185/292 
f 260/186/293 252/179/285 250/177/283 
f 250/177/283 259/185/292 260/186/293 
f 261/187/294 254/181/287 252/179/285 
f 252/179/285 260/186/293 261/187/294 
f 262/188/295 256/183/289 257/126/290 
f 257/126/290 263/132/296 262/188/295 
f 264/189/297 258/184/291 256/183/289 
f 256/183/289 262/188/295 264/189/297 
f 265/190/298 259/185/292 258/184/291 
f 258/184/291 264/189/297 265/190/298 
f 266/191/299 260/186/293 259/185/292 
f 259/185/292 265/190/298 266/191/299 
f 267/192/300 261/187/294 260/186/293 
f 260/186/293 266/191/299 267/192/300 
f 268/193/301 262/188/295 263/132/296 
f 263/132/296 269/138/302 268/193/301 
f 270/194/303 264/189/297 262/188/295 
f 262/188/295 268/193/301 270/194/303 
f 271/195/304 265/190/298 264/189/297 
f 264/189/297 270/194/303 271/195/304 
f 272/196/305 266/191/299 265/190/298 
f 265/190/298 271/195/304 272/196/305 
f 273/197/306 267/192/300 266/191/299 
f 266/191/299 272/196/305 273/197/306 
f 274/198/307 268/193/301 269/138/302 
f 269/138/302 275/144/308 274/198/307 
f 276/199/309 270/194/303 268/193/301 
f 268/193/301 274/198/307 276/199/309 
f 277/200/310 271/195/304 270/194/303 
f 270/194/303 276/199/309 277/200/310 
f 278/201/311 272/196/305 271/195/304 
f 271/195/304 277/200/310 278/201/311 
f 279/202/312 273/197/306 272/196/305 
f 272/196/305 278/201/311 279/202/312 
f 280/203/313 274/198/307 275/144/308 
f 275/144/308 281/150/314 280/203/313 
f 282/204/315 276/199/309 274/198/307 
f 274/198/307 280/203/313 282/204/315 
f 283/205/316 277/200/310 276/199/309 
f 276/199/309 282/204/315 283/205/316 
f 284/206/317 278/201/311 277/200/310 
f 277/200/310 283/205/316 284/206/317 
f 285/207/318 279/202/312 278/201/311 
f 278/201/311 284/206/317 285/207/318 
f 286/208/319 280/203/313 281/150/314 
f 281/150/314 287/156/320 286/208/319 
f 288/209/321 282/204/315 280/203/313 
f 280/203/313 286/208/319 288/209/321 
f 289/210/322 283/205/316 282/204/315 
f 282/204/315 288/209/321 289/210/322 
f 290/211/323 284/206/317 283/205/316 
f 283/205/316 289/210/322 290/211/323 
f 291/212/324 285/207/318 284/206/317 
f 284/206/317 290/211/323 291/212/324 
f 292/213/325 286/208/319 287/156/320 
f 287/156/320 293/162/326 292/213/325 
f 294/214/327 288/209/321 286/208/319 
f 286/208/319 292/213/325 294/214/327 
f 295/215/328 289/210/322 288/209/321 
f 288/209/321 294/214/327 295/215/328 
f 296/216/329 290/211/323 289/210/322 
f 289/210/322 295/215/328 296/216/329 
f 297/217/330 291/212/324 290/211/323 
f 290/211/323 296/216/329 297/217/330 
f 298/218/331 292/213/325 293/162/326 
f 293/162/326 299/168/326 298/218/331 
f 300/219/332 294/214/327 292/213/325 
f 292/213/325 298/218/331 300/219/332 
f 301/220/333 295/215/328 294/214/327 
f 294/214/327 300/219/332 301/220/333 
f 302/221/334 296/216/329 295/215/328 
f 295/215/328 301/220/333 302/221/334 
f 303/222/335 297/217/330 296/216/329 
f 296/216/329 302/221/334 303/222/335 
f 304/1/336 305/1/337 306/2/338 
f 306/2/338 307/3/339 304/1/336 
f 306/2/338 308/4/340 309/4/341 
f 309/4/341 307/3/339 306/2/338 
f 310/5/342 309/4/341 308/4/340 
f 308/4/340 311/5/343 310/5/342 
f 312/6/344 313/7/345 311/5/343 
f 311/5/343 308/4/340 312/6/344 
f 306/2/338 305/1/337 314/8/346 
f 314/8/346 315/9/347 306/2/338 
f 315/9/347 312/6/344 308/4/340 
f 308/4/340 306/2/338 315/9/347 
f 304/1/336 316/10/348 317/11/337 
f 317/11/337 305/1/337 304/1/336 
f 318/11/349 314/8/346 305/1/337 
f 305/1/337 317/11/337 318/11/349 
f 319/12/350 320/12/351 318/11/349 
f 318/11/349 317/11/337 319/12/350 
f 316/10/348 321/13/352 319/12/350 
f 319/12/350 317/11/337 316/10/348 
f 321/13/352 322/14/353 323/15/338 
f 323/15/338 319/12/350 321/13/352 
f 324/15/354 320/12/351 319/12/350 
f 319/12/350 323/15/338 324/15/354 
f 322/14/353 325/16/355 326/17/356 
f 326/17/356 323/15/338 322/14/353 
f 323/15/338 326/17/356 327/17/357 
f 327/17/357 324/15/354 323/15/338 
f 325/16/355 328/18/358 329/19/359 
f 329/19/359 326/17/356 325/16/355 
f 330/19/360 327/17/357 326/17/356 
f 326/17/356 329/19/359 330/19/360 
f 328/18/358 331/20/361 332/21/362 
f 332/21/362 329/19/359 328/18/358 
f 333/21/363 330/19/360 329/19/359 
f 329/19/359 332/21/362 333/21/363 
f 334/22/364 332/21/362 331/20/361 
f 331/20/361 335/23/365 334/22/364 
f 336/22/366 333/21/363 332/21/362 
f 332/21/362 334/22/364 336/22/366 
f 335/23/365 337/24/367 338/25/368 
f 338/25/368 334/22/364 335/23/365 
f 334/22/364 338/25/368 339/26/369 
f 339/26/369 336/22/366 334/22/364 
f 337/24/367 340/27/370 341/28/371 
f 341/28/371 338/25/368 337/24/367 
f 342/28/372 339/26/369 338/25/368 
f 338/25/368 341/28/371 342/28/372 
f 340/27/370 343/29/373 344/29/374 
f 344/29/374 341/28/371 340/27/370 
f 341/28/371 344/29/374 345/30/375 
f 345/30/375 342/28/372 341/28/371 
f 343/29/373 346/31/376 347/31/377 
f 347/31/377 344/29/374 343/29/373 
f 348/32/378 345/30/375 344/29/374 
f 344/29/374 347/31/377 348/32/378 
f 346/31/376 349/33/379 350/33/380 
f 350/33/380 347/31/377 346/31/376 
f 351/34/381 348/32/378 347/31/377 
f 347/31/377 350/33/380 351/34/381 
f 352/35/382 350/33/380 349/33/379 
f 349/33/379 353/35/383 352/35/382 
f 350/33/380 352/35/382 354/36/384 
f 354/36/384 351/34/381 350/33/380 
f 353/35/383 355/37/385 356/37/386 
f 356/37/386 352/35/382 353/35/383 
f 357/38/387 354/36/384 352/35/382 
f 352/35/382 356/37/386 357/38/387 
f 358/39/388 356/37/386 355/37/385 
f 355/37/385 359/39/385 358/39/388 
f 356/37/386 358/39/388 360/40/389 
f 360/40/389 357/38/387 356/37/386 
f 359/39/385 361/41/390 362/41/391 
f 362/41/391 358/39/388 359/39/385 
f 363/42/392 360/40/389 358/39/388 
f 358/39/388 362/41/391 363/42/392 
f 361/41/390 364/43/393 365/43/394 
f 365/43/394 362/41/391 361/41/390 
f 366/43/395 363/42/392 362/41/391 
f 362/41/391 365/43/394 366/43/395 
f 367/44/396 365/43/394 364/43/393 
f 364/43/393 368/44/397 367/44/396 
f 365/43/394 367/44/396 369/44/398 
f 369/44/398 366/43/395 365/43/394 
f 370/45/399 367/44/396 368/44/397 
f 368/44/397 371/45/400 370/45/399 
f 367/44/396 370/45/399 372/45/401 
f 372/45/401 369/44/398 367/44/396 
f 373/46/402 370/45/399 371/45/400 
f 371/45/400 374/46/403 373/46/402 
f 375/46/404 372/45/401 370/45/399 
f 370/45/399 373/46/402 375/46/404 
f 374/46/403 376/47/405 377/47/406 
f 377/47/406 373/46/402 374/46/403 
f 378/47/404 375/46/404 373/46/402 
f 373/46/402 377/47/406 378/47/404 
f 376/47/405 379/48/407 380/48/408 
f 380/48/408 377/47/406 376/47/405 
f 380/48/408 381/48/409 378/47/404 
f 378/47/404 377/47/406 380/48/408 
f 380/48/408 379/48/407 382/48/410 
f 382/48/410 383/48/411 380/48/408 
f 384/48/412 381/48/409 380/48/408 
f 380/48/408 383/48/411 384/48/412 
f 382/48/410 385/48/413 386/48/414 
f 386/48/414 383/48/411 382/48/410 
f 387/48/415 384/48/412 383/48/411 
f 383/48/411 386/48/414 387/48/415 
f 388/49/416 310/5/342 311/5/343 
f 311/5/343 389/50/417 388/49/416 
f 313/7/345 390/51/418 389/50/417 
f 389/50/417 311/5/343 313/7/345 
f 391/52/419 388/49/416 389/50/417 
f 389/50/417 392/53/420 391/52/419 
f 390/51/418 393/54/421 392/53/420 
f 392/53/420 389/50/417 390/51/418 
f 394/55/422 395/3/423 307/3/423 
f 307/3/423 309/4/424 394/55/422 
f 395/3/423 396/56/425 304/1/336 
f 304/1/336 307/3/423 395/3/423 
f 397/57/426 394/55/422 309/4/424 
f 309/4/424 310/5/426 397/57/426 
f 398/49/427 397/57/426 310/5/426 
f 310/5/426 388/49/416 398/49/427 
f 399/49/428 398/49/427 388/49/416 
f 388/49/416 391/52/429 399/49/428 
f 396/56/425 400/10/430 316/10/348 
f 316/10/348 304/1/336 396/56/425 
f 400/10/430 401/58/431 321/13/352 
f 321/13/352 316/10/348 400/10/430 
f 401/58/431 402/59/432 322/14/353 
f 322/14/353 321/13/352 401/58/431 
f 402/59/432 403/16/433 325/16/355 
f 325/16/355 322/14/353 402/59/432 
f 403/16/433 404/18/434 328/18/358 
f 328/18/358 325/16/355 403/16/433 
f 404/18/434 405/20/435 331/20/436 
f 331/20/436 328/18/358 404/18/434 
f 405/20/435 406/23/437 335/23/438 
f 335/23/438 331/20/436 405/20/435 
f 406/23/437 407/60/439 337/24/367 
f 337/24/367 335/23/438 406/23/437 
f 407/60/439 408/27/440 340/27/370 
f 340/27/370 337/24/367 407/60/439 
f 408/27/440 409/29/441 343/29/373 
f 343/29/373 340/27/370 408/27/440 
f 346/31/442 343/29/373 409/29/441 
f 409/29/441 410/31/443 346/31/442 
f 410/31/443 411/33/444 349/33/379 
f 349/33/379 346/31/442 410/31/443 
f 411/33/444 412/35/445 353/35/383 
f 353/35/383 349/33/379 411/33/444 
f 412/35/445 413/37/446 355/37/385 
f 355/37/385 353/35/383 412/35/445 
f 413/37/446 414/61/447 359/39/385 
f 359/39/385 355/37/385 413/37/446 
f 414/61/447 415/62/448 361/41/390 
f 361/41/390 359/39/385 414/61/447 
f 364/43/393 361/41/390 415/62/448 
f 415/62/448 416/63/449 364/43/393 
f 416/63/449 417/64/450 368/44/451 
f 368/44/451 364/43/393 416/63/449 
f 417/64/450 418/65/452 371/45/451 
f 371/45/451 368/44/451 417/64/450 
f 418/65/452 419/66/453 374/46/453 
f 374/46/453 371/45/451 418/65/452 
f 419/66/453 420/67/454 376/47/455 
f 376/47/455 374/46/453 419/66/453 
f 420/67/454 421/47/456 379/48/407 
f 379/48/407 376/47/455 420/67/454 
f 421/47/456 422/48/457 382/48/458 
f 382/48/458 379/48/407 421/47/456 
f 422/48/457 423/48/459 385/48/459 
f 385/48/459 382/48/458 422/48/457 
f 423/48/460 424/68/461 386/68/462 
f 386/68/462 385/48/463 423/48/460 
f 425/68/464 387/68/465 386/68/462 
f 386/68/462 424/68/461 425/68/464 
f 426/52/466 399/49/428 391/52/429 
f 391/52/429 392/53/420 426/52/466 
f 394/55/422 397/57/467 427/69/468 
f 427/69/468 428/70/469 394/55/422 
f 427/69/468 397/57/467 398/49/470 
f 398/49/470 429/71/471 427/69/468 
f 399/49/472 430/72/473 429/71/471 
f 429/71/471 398/49/470 399/49/472 
f 426/52/466 431/72/474 430/72/473 
f 430/72/473 399/49/472 426/52/466 
f 428/70/469 432/73/475 395/3/476 
f 395/3/476 394/55/422 428/70/469 
f 432/73/475 433/74/475 396/56/477 
f 396/56/477 395/3/476 432/73/475 
f 433/74/475 434/75/478 400/10/479 
f 400/10/479 396/56/477 433/74/475 
f 434/75/478 435/76/480 401/58/431 
f 401/58/431 400/10/479 434/75/478 
f 435/76/480 436/77/481 402/59/432 
f 402/59/432 401/58/431 435/76/480 
f 403/16/433 402/59/432 436/77/481 
f 436/77/481 437/78/482 403/16/433 
f 404/18/434 403/16/433 437/78/482 
f 437/78/482 438/79/483 404/18/434 
f 405/20/435 404/18/434 438/79/483 
f 438/79/483 439/80/484 405/20/435 
f 406/23/437 405/20/435 439/80/484 
f 439/80/484 440/81/485 406/23/437 
f 407/60/486 406/23/437 440/81/485 
f 440/81/485 441/82/486 407/60/486 
f 408/27/440 407/60/486 441/82/486 
f 441/82/486 442/83/487 408/27/440 
f 409/29/441 408/27/440 442/83/487 
f 442/83/487 443/84/487 409/29/441 
f 410/31/443 409/29/441 443/84/487 
f 443/84/487 444/85/488 410/31/443 
f 411/33/444 410/31/443 444/85/488 
f 444/85/488 445/86/489 411/33/444 
f 445/86/489 446/87/490 412/35/491 
f 412/35/491 411/33/444 445/86/489 
f 446/87/490 447/88/492 413/37/446 
f 413/37/446 412/35/491 446/87/490 
f 447/88/492 448/61/493 414/61/447 
f 414/61/447 413/37/446 447/88/492 
f 415/62/448 414/61/447 448/61/493 
f 448/61/493 449/62/494 415/62/448 
f 449/62/494 450/63/495 416/63/449 
f 416/63/449 415/62/448 449/62/494 
f 450/63/495 451/64/496 417/64/450 
f 417/64/450 416/63/449 450/63/495 
f 451/64/496 452/65/497 418/65/452 
f 418/65/452 417/64/450 451/64/496 
f 419/66/498 418/65/452 452/65/497 
f 452/65/497 453/66/499 419/66/498 
f 420/67/500 419/66/498 453/66/499 
f 453/66/499 454/67/501 420/67/500 
f 454/67/501 455/67/502 421/47/503 
f 421/47/503 420/67/500 454/67/501 
f 422/48/504 421/47/503 455/67/502 
f 455/67/502 456/68/505 422/48/504 
f 423/48/460 422/48/504 456/68/505 
f 456/68/505 424/68/461 423/48/460 
f 457/89/506 458/90/507 427/69/468 
f 427/69/468 429/71/471 457/89/506 
f 459/91/508 457/89/506 429/71/471 
f 429/71/471 430/72/473 459/91/508 
f 460/92/509 459/91/508 430/72/473 
f 430/72/473 431/72/474 460/92/509 
f 458/90/507 461/93/510 428/70/469 
f 428/70/469 427/69/468 458/90/507 
f 461/93/510 462/94/511 432/73/475 
f 432/73/475 428/70/469 461/93/510 
f 462/94/511 463/95/512 433/74/475 
f 433/74/475 432/73/475 462/94/511 
f 463/95/512 464/96/513 434/75/478 
f 434/75/478 433/74/475 463/95/512 
f 464/96/513 465/76/514 435/76/480 
f 435/76/480 434/75/478 464/96/513 
f 465/76/514 466/97/515 436/77/481 
f 436/77/481 435/76/480 465/76/514 
f 437/78/482 436/77/481 466/97/515 
f 466/97/515 467/78/516 437/78/482 
f 467/78/516 468/79/517 438/79/483 
f 438/79/483 437/78/482 467/78/516 
f 439/80/484 438/79/483 468/79/517 
f 468/79/517 469/80/518 439/80/484 
f 469/80/518 470/81/519 440/81/485 
f 440/81/485 439/80/484 469/80/518 
f 470/81/519 471/82/520 441/82/521 
f 441/82/521 440/81/485 470/81/519 
f 442/83/487 441/82/521 471/82/520 
f 471/82/520 472/83/522 442/83/487 
f 472/83/522 473/84/523 443/84/487 
f 443/84/487 442/83/487 472/83/522 
f 473/84/523 474/85/524 444/85/488 
f 444/85/488 443/84/487 473/84/523 
f 474/85/524 475/86/525 445/86/489 
f 445/86/489 444/85/488 474/85/524 
f 446/87/490 445/86/489 475/86/525 
f 475/86/525 476/87/526 446/87/490 
f 447/88/492 446/87/490 476/87/526 
f 476/87/526 477/88/525 447/88/492 
f 448/61/493 447/88/492 477/88/525 
f 477/88/525 478/61/527 448/61/493 
f 478/61/527 479/62/528 449/62/494 
f 449/62/494 448/61/493 478/61/527 
f 479/62/528 480/63/529 450/63/495 
f 450/63/495 449/62/494 479/62/528 
f 480/63/529 481/64/530 451/64/496 
f 451/64/496 450/63/495 480/63/529 
f 452/65/497 451/64/496 481/64/530 
f 481/64/530 482/65/531 452/65/497 
f 482/65/531 483/66/532 453/66/499 
f 453/66/499 452/65/497 482/65/531 
f 454/67/501 453/66/499 483/66/532 
f 483/66/532 484/67/533 454/67/501 
f 484/67/533 485/68/534 455/67/502 
f 455/67/502 454/67/501 484/67/533 
f 485/68/534 486/68/535 456/68/505 
f 456/68/505 455/67/502 485/68/534 
f 424/68/461 456/68/505 486/68/535 
f 486/68/535 425/68/464 424/68/461 
f 460/92/509 431/72/474 426/52/466 
f 426/52/466 392/53/420 460/92/509 
f 393/54/421 459/98/508 460/99/509 
f 460/99/509 392/53/420 393/54/421 
f 459/98/508 393/54/421 390/51/418 
f 390/51/418 457/98/536 459/98/508 
f 390/51/418 313/7/537 458/100/537 
f 458/100/537 457/98/536 390/51/418 
f 313/7/537 312/6/538 461/101/538 
f 461/101/538 458/100/537 313/7/537 
f 312/6/538 315/9/539 462/102/540 
f 462/102/540 461/101/538 312/6/538 
f 315/9/539 314/8/541 463/8/541 
f 463/8/541 462/102/540 315/9/539 
f 314/8/541 318/11/349 464/103/542 
f 464/103/542 463/8/541 314/8/541 
f 318/11/349 320/12/351 465/104/543 
f 465/104/543 464/103/542 318/11/349 
f 466/105/544 465/104/543 320/12/351 
f 320/12/351 324/15/544 466/105/544 
f 467/106/516 466/105/544 324/15/544 
f 324/15/544 327/17/357 467/106/516 
f 468/107/517 467/106/516 327/17/357 
f 327/17/357 330/19/360 468/107/517 
f 330/19/360 333/21/363 469/21/518 
f 469/21/518 468/107/517 330/19/360 
f 333/21/363 336/22/545 470/108/519 
f 470/108/519 469/21/518 333/21/363 
f 336/22/545 339/26/369 471/26/520 
f 471/26/520 470/108/519 336/22/545 
f 472/28/522 471/26/520 339/26/369 
f 339/26/369 342/28/372 472/28/522 
f 342/28/372 345/30/375 473/30/523 
f 473/30/523 472/28/522 342/28/372 
f 345/30/375 348/32/378 474/32/524 
f 474/32/524 473/30/523 345/30/375 
f 475/34/525 474/32/524 348/32/378 
f 348/32/378 351/34/381 475/34/525 
f 476/36/526 475/34/525 351/34/381 
f 351/34/381 354/36/384 476/36/526 
f 477/38/525 476/36/526 354/36/384 
f 354/36/384 357/38/387 477/38/525 
f 357/38/387 360/40/389 478/40/527 
f 478/40/527 477/38/525 357/38/387 
f 479/109/528 478/40/527 360/40/389 
f 360/40/389 363/42/546 479/109/528 
f 480/110/529 479/109/528 363/42/546 
f 363/42/546 366/43/395 480/110/529 
f 366/43/395 369/44/398 481/111/530 
f 481/111/530 480/110/529 366/43/395 
f 482/112/547 481/111/530 369/44/398 
f 369/44/398 372/45/401 482/112/547 
f 483/46/548 482/112/547 372/45/401 
f 372/45/401 375/46/404 483/46/548 
f 375/46/404 378/47/404 484/47/533 
f 484/47/533 483/46/548 375/46/404 
f 378/47/404 381/48/409 485/48/534 
f 485/48/534 484/47/533 378/47/404 
f 381/48/409 384/48/549 486/48/535 
f 486/48/535 485/48/534 381/48/409 
f 487/113/550 488/114/551 489/115/552 
f 489/115/552 490/116/553 487/113/550 
f 491/117/554 487/113/550 490/116/553 
f 490/116/553 492/118/555 491/117/554 
f 493/119/556 491/117/554 492/118/555 
f 492/118/555 494/120/557 493/119/556 
f 495/121/558 493/119/556 494/120/557 
f 494/120/557 496/122/559 495/121/558 
f 497/123/560 495/121/558 496/122/559 
f 496/122/559 498/124/561 497/123/560 
f 499/125/562 500/126/563 488/114/551 
f 488/114/551 487/113/550 499/125/562 
f 501/127/564 499/125/562 487/113/550 
f 487/113/550 491/117/554 501/127/564 
f 502/128/565 501/127/564 491/117/554 
f 491/117/554 493/119/556 502/128/565 
f 503/129/566 502/128/565 493/119/556 
f 493/119/556 495/121/558 503/129/566 
f 504/130/567 503/129/566 495/121/558 
f 495/121/558 497/123/560 504/130/567 
f 505/131/568 506/132/569 500/126/563 
f 500/126/563 499/125/562 505/131/568 
f 507/133/570 505/131/568 499/125/562 
f 499/125/562 501/127/564 507/133/570 
f 508/134/571 507/133/570 501/127/564 
f 501/127/564 502/128/565 508/134/571 
f 509/135/572 508/134/571 502/128/565 
f 502/128/565 503/129/566 509/135/572 
f 510/136/573 509/135/572 503/129/566 
f 503/129/566 504/130/567 510/136/573 
f 511/137/574 512/138/575 506/132/569 
f 506/132/569 505/131/568 511/137/574 
f 513/139/277 511/137/574 505/131/568 
f 505/131/568 507/133/570 513/139/277 
f 514/140/576 513/139/277 507/133/570 
f 507/133/570 508/134/571 514/140/576 
f 515/141/577 514/140/576 508/134/571 
f 508/134/571 509/135/572 515/141/577 
f 516/142/578 515/141/577 509/135/572 
f 509/135/572 510/136/573 516/142/578 
f 517/143/579 518/144/580 512/138/575 
f 512/138/575 511/137/574 517/143/579 
f 519/145/581 517/143/579 511/137/574 
f 511/137/574 513/139/277 519/145/581 
f 520/146/582 519/145/581 513/139/277 
f 513/139/277 514/140/576 520/146/582 
f 521/147/583 520/146/582 514/140/576 
f 514/140/576 515/141/577 521/147/583 
f 522/148/584 521/147/583 515/141/577 
f 515/141/577 516/142/578 522/148/584 
f 523/149/585 524/150/586 518/144/580 
f 518/144/580 517/143/579 523/149/585 
f 525/151/587 523/149/585 517/143/579 
f 517/143/579 519/145/581 525/151/587 
f 526/152/588 525/151/587 519/145/581 
f 519/145/581 520/146/582 526/152/588 
f 527/153/589 526/152/588 520/146/582 
f 520/146/582 521/147/583 527/153/589 
f 528/154/590 527/153/589 521/147/583 
f 521/147/583 522/148/584 528/154/590 
f 529/155/591 530/156/592 524/150/586 
f 524/150/586 523/149/585 529/155/591 
f 531/157/593 529/155/591 523/149/585 
f 523/149/585 525/151/587 531/157/593 
f 532/158/594 531/157/593 525/151/587 
f 525/151/587 526/152/588 532/158/594 
f 533/159/595 532/158/594 526/152/588 
f 526/152/588 527/153/589 533/159/595 
f 534/160/596 533/159/595 527/153/589 
f 527/153/589 528/154/590 534/160/596 
f 535/161/597 536/162/598 530/156/592 
f 530/156/592 529/155/591 535/161/597 
f 537/163/599 535/161/597 529/155/591 
f 529/155/591 531/157/593 537/163/599 
f 538/164/600 537/163/599 531/157/593 
f 531/157/593 532/158/594 538/164/600 
f 539/165/601 538/164/600 532/158/594 
f 532/158/594 533/159/595 539/165/601 
f 540/166/602 539/165/601 533/159/595 
f 533/159/595 534/160/596 540/166/602 
f 541/167/603 542/168/598 536/162/598 
f 536/162/598 535/161/597 541/167/603 
f 543/169/604 541/167/603 535/161/597 
f 535/161/597 537/163/599 543/169/604 
f 544/170/605 543/169/604 537/163/599 
f 537/163/599 538/164/600 544/170/605 
f 545/171/606 544/170/605 538/164/600 
f 538/164/600 539/165/601 545/171/606 
f 546/172/607 545/171/606 539/165/601 
f 539/165/601 540/166/602 546/172/607 
f 547/173/608 548/174/609 549/115/610 
f 549/115/610 550/114/611 547/173/608 
f 551/175/612 552/176/613 548/174/609 
f 548/174/609 547/173/608 551/175/612 
f 553/177/614 554/178/615 552/176/613 
f 552/176/613 551/175/612 553/177/614 
f 555/179/616 556/180/617 554/178/615 
f 554/178/615 553/177/614 555/179/616 
f 557/181/618 558/182/619 556/180/617 
f 556/180/617 555/179/616 557/181/618 
f 559/183/620 547/173/608 550/114/611 
f 550/114/611 560/126/621 559/183/620 
f 561/184/622 551/175/612 547/173/608 
f 547/173/608 559/183/620 561/184/622 
f 562/185/623 553/177/614 551/175/612 
f 551/175/612 561/184/622 562/185/623 
f 563/186/624 555/179/616 553/177/614 
f 553/177/614 562/185/623 563/186/624 
f 564/187/625 557/181/618 555/179/616 
f 555/179/616 563/186/624 564/187/625 
f 565/188/626 559/183/620 560/126/621 
f 560/126/621 566/132/627 565/188/626 
f 567/189/628 561/184/622 559/183/620 
f 559/183/620 565/188/626 567/189/628 
f 568/190/629 562/185/623 561/184/622 
f 561/184/622 567/189/628 568/190/629 
f 569/191/630 563/186/624 562/185/623 
f 562/185/623 568/190/629 569/191/630 
f 570/192/631 564/187/625 563/186/624 
f 563/186/624 569/191/630 570/192/631 
f 571/193/632 565/188/626 566/132/627 
f 566/132/627 572/138/633 571/193/632 
f 573/194/634 567/189/628 565/188/626 
f 565/188/626 571/193/632 573/194/634 
f 574/195/635 568/190/629 567/189/628 
f 567/189/628 573/194/634 574/195/635 
f 575/196/636 569/191/630 568/190/629 
f 568/190/629 574/195/635 575/196/636 
f 576/197/637 570/192/631 569/191/630 
f 569/191/630 575/196/636 576/197/637 
f 577/198/638 571/193/632 572/138/633 
f 572/138/633 578/144/166 577/198/638 
f 579/199/639 573/194/634 571/193/632 
f 571/193/632 577/198/638 579/199/639 
f 580/200/640 574/195/635 573/194/634 
f 573/194/634 579/199/639 580/200/640 
f 581/201/641 575/196/636 574/195/635 
f 574/195/635 580/200/640 581/201/641 
f 582/202/642 576/197/637 575/196/636 
f 575/196/636 581/201/641 582/202/642 
f 583/203/643 577/198/638 578/144/166 
f 578/144/166 584/150/644 583/203/643 
f 585/204/645 579/199/639 577/198/638 
f 577/198/638 583/203/643 585/204/645 
f 586/205/646 580/200/640 579/199/639 
f 579/199/639 585/204/645 586/205/646 
f 587/206/647 581/201/641 580/200/640 
f 580/200/640 586/205/646 587/206/647 
f 588/207/648 582/202/642 581/201/641 
f 581/201/641 587/206/647 588/207/648 
f 589/208/649 583/203/643 584/150/644 
f 584/150/644 590/156/650 589/208/649 
f 591/209/651 585/204/645 583/203/643 
f 583/203/643 589/208/649 591/209/651 
f 592/210/652 586/205/646 585/204/645 
f 585/204/645 591/209/651 592/210/652 
f 593/211/653 587/206/647 586/205/646 
f 586/205/646 592/210/652 593/211/653 
f 594/212/654 588/207/648 587/206/647 
f 587/206/647 593/211/653 594/212/654 
f 595/213/655 589/208/649 590/156/650 
f 590/156/650 596/162/656 595/213/655 
f 597/214/657 591/209/651 589/208/649 
f 589/208/649 595/213/655 597/214/657 
f 598/215/658 592/210/652 591/209/651 
f 591/209/651 597/214/657 598/215/658 
f 599/216/659 593/211/653 592/210/652 
f 592/210/652 598/215/658 599/216/659 
f 600/217/660 594/212/654 593/211/653 
f 593/211/653 599/216/659 600/217/660 
f 601/218/661 595/213/655 596/162/656 
f 596/162/656 602/168/656 601/218/661 
f 603/219/662 597/214/657 595/213/655 
f 595/213/655 601/218/661 603/219/662 
f 604/220/663 598/215/658 597/214/657 
f 597/214/657 603/219/662 604/220/663 
f 605/221/664 599/216/659 598/215/658 
f 598/215/658 604/220/663 605/221/664 
f 606/222/660 600/217/660 599/216/659 
f 599/216/659 605/221/664 606/222/660 
f 607/1/665 608/1/666 609/2/667 
f 609/2/667 610/3/668 607/1/665 
f 609/2/667 611/4/669 612/4/670 
f 612/4/670 610/3/668 609/2/667 
f 613/5/671 612/4/670 611/4/669 
f 611/4/669 614/5/672 613/5/671 
f 615/6/410 616/7/673 614/5/672 
f 614/5/672 611/4/669 615/6/410 
f 609/2/667 608/1/666 617/8/674 
f 617/8/674 618/9/675 609/2/667 
f 618/9/675 615/6/410 611/4/669 
f 611/4/669 609/2/667 618/9/675 
f 607/1/665 619/10/676 620/11/677 
f 620/11/677 608/1/666 607/1/665 
f 621/11/678 617/8/674 608/1/666 
f 608/1/666 620/11/677 621/11/678 
f 622/12/679 623/12/680 621/11/678 
f 621/11/678 620/11/677 622/12/679 
f 619/10/676 624/13/681 622/12/679 
f 622/12/679 620/11/677 619/10/676 
f 624/13/681 625/14/682 626/15/667 
f 626/15/667 622/12/679 624/13/681 
f 627/15/683 623/12/680 622/12/679 
f 622/12/679 626/15/667 627/15/683 
f 625/14/682 628/16/684 629/17/685 
f 629/17/685 626/15/667 625/14/682 
f 626/15/667 629/17/685 630/17/686 
f 630/17/686 627/15/683 626/15/667 
f 628/16/684 631/18/687 632/19/688 
f 632/19/688 629/17/685 628/16/684 
f 633/19/689 630/17/686 629/17/685 
f 629/17/685 632/19/688 633/19/689 
f 631/18/687 634/20/690 635/21/691 
f 635/21/691 632/19/688 631/18/687 
f 636/21/692 633/19/689 632/19/688 
f 632/19/688 635/21/691 636/21/692 
f 637/22/693 635/21/691 634/20/690 
f 634/20/690 638/23/694 637/22/693 
f 639/22/695 636/21/692 635/21/691 
f 635/21/691 637/22/693 639/22/695 
f 638/23/694 640/24/696 641/25/697 
f 641/25/697 637/22/693 638/23/694 
f 637/22/693 641/25/697 642/26/698 
f 642/26/698 639/22/695 637/22/693 
f 640/24/696 643/27/699 644/28/700 
f 644/28/700 641/25/697 640/24/696 
f 645/28/701 642/26/698 641/25/697 
f 641/25/697 644/28/700 645/28/701 
f 643/27/699 646/29/702 647/29/703 
f 647/29/703 644/28/700 643/27/699 
f 644/28/700 647/29/703 648/30/704 
f 648/30/704 645/28/701 644/28/700 
f 646/29/702 649/31/705 650/31/706 
f 650/31/706 647/29/703 646/29/702 
f 651/32/707 648/30/704 647/29/703 
f 647/29/703 650/31/706 651/32/707 
f 649/31/705 652/33/708 653/33/709 
f 653/33/709 650/31/706 649/31/705 
f 654/34/710 651/32/707 650/31/706 
f 650/31/706 653/33/709 654/34/710 
f 655/35/711 653/33/709 652/33/708 
f 652/33/708 656/35/712 655/35/711 
f 653/33/709 655/35/711 657/36/713 
f 657/36/713 654/34/710 653/33/709 
f 656/35/712 658/37/714 659/37/715 
f 659/37/715 655/35/711 656/35/712 
f 660/38/716 657/36/713 655/35/711 
f 655/35/711 659/37/715 660/38/716 
f 661/39/717 659/37/715 658/37/714 
f 658/37/714 662/39/718 661/39/717 
f 659/37/715 661/39/717 663/40/719 
f 663/40/719 660/38/716 659/37/715 
f 662/39/718 664/41/720 665/41/721 
f 665/41/721 661/39/717 662/39/718 
f 666/42/722 663/40/719 661/39/717 
f 661/39/717 665/41/721 666/42/722 
f 664/41/720 667/43/723 668/43/724 
f 668/43/724 665/41/721 664/41/720 
f 669/43/725 666/42/722 665/41/721 
f 665/41/721 668/43/724 669/43/725 
f 670/44/726 668/43/724 667/43/723 
f 667/43/723 671/44/727 670/44/726 
f 668/43/724 670/44/726 672/44/728 
f 672/44/728 669/43/725 668/43/724 
f 673/45/729 670/44/726 671/44/727 
f 671/44/727 674/45/730 673/45/729 
f 670/44/726 673/45/729 675/45/731 
f 675/45/731 672/44/728 670/44/726 
f 676/46/732 673/45/729 674/45/730 
f 674/45/730 677/46/733 676/46/732 
f 678/46/734 675/45/731 673/45/729 
f 673/45/729 676/46/732 678/46/734 
f 677/46/733 679/47/735 680/47/736 
f 680/47/736 676/46/732 677/46/733 
f 681/47/734 678/46/734 676/46/732 
f 676/46/732 680/47/736 681/47/734 
f 679/47/735 682/48/737 683/48/738 
f 683/48/738 680/47/736 679/47/735 
f 683/48/738 684/48/739 681/47/734 
f 681/47/734 680/47/736 683/48/738 
f 683/48/738 682/48/737 685/48/740 
f 685/48/740 686/48/741 683/48/738 
f 687/48/742 684/48/739 683/48/738 
f 683/48/738 686/48/741 687/48/742 
f 685/48/740 688/48/743 689/48/744 
f 689/48/744 686/48/741 685/48/740 
f 690/48/745 687/48/742 686/48/741 
f 686/48/741 689/48/744 690/48/745 
f 691/49/746 613/5/671 614/5/672 
f 614/5/672 692/50/747 691/49/746 
f 616/7/673 693/51/748 692/50/747 
f 692/50/747 614/5/672 616/7/673 
f 694/52/749 691/49/746 692/50/747 
f 692/50/747 695/53/750 694/52/749 
f 693/51/748 696/54/751 695/53/750 
f 695/53/750 692/50/747 693/51/748 
f 697/55/752 698/3/753 610/3/753 
f 610/3/753 612/4/754 697/55/752 
f 698/3/753 699/56/755 607/1/665 
f 607/1/665 610/3/753 698/3/753 
f 700/57/756 697/55/752 612/4/754 
f 612/4/754 613/5/756 700/57/756 
f 701/49/757 700/57/756 613/5/756 
f 613/5/756 691/49/746 701/49/757 
f 702/49/758 701/49/757 691/49/746 
f 691/49/746 694/52/759 702/49/758 
f 699/56/755 703/10/760 619/10/676 
f 619/10/676 607/1/665 699/56/755 
f 703/10/760 704/58/761 624/13/681 
f 624/13/681 619/10/676 703/10/760 
f 704/58/761 705/59/762 625/14/682 
f 625/14/682 624/13/681 704/58/761 
f 705/59/762 706/16/763 628/16/684 
f 628/16/684 625/14/682 705/59/762 
f 706/16/763 707/18/764 631/18/687 
f 631/18/687 628/16/684 706/16/763 
f 707/18/764 708/20/765 634/20/766 
f 634/20/766 631/18/687 707/18/764 
f 708/20/765 709/23/767 638/23/768 
f 638/23/768 634/20/766 708/20/765 
f 709/23/767 710/60/212 640/24/696 
f 640/24/696 638/23/768 709/23/767 
f 710/60/212 711/27/769 643/27/699 
f 643/27/699 640/24/696 710/60/212 
f 711/27/769 712/29/770 646/29/702 
f 646/29/702 643/27/699 711/27/769 
f 649/31/771 646/29/702 712/29/770 
f 712/29/770 713/31/772 649/31/771 
f 713/31/772 714/33/773 652/33/708 
f 652/33/708 649/31/771 713/31/772 
f 714/33/773 715/35/774 656/35/712 
f 656/35/712 652/33/708 714/33/773 
f 715/35/774 716/37/775 658/37/714 
f 658/37/714 656/35/712 715/35/774 
f 716/37/775 717/61/776 662/39/718 
f 662/39/718 658/37/714 716/37/775 
f 717/61/776 718/62/777 664/41/720 
f 664/41/720 662/39/718 717/61/776 
f 667/43/723 664/41/720 718/62/777 
f 718/62/777 719/63/778 667/43/723 
f 719/63/778 720/64/779 671/44/780 
f 671/44/780 667/43/723 719/63/778 
f 720/64/779 721/65/781 674/45/782 
f 674/45/782 671/44/780 720/64/779 
f 721/65/781 722/66/783 677/46/783 
f 677/46/783 674/45/782 721/65/781 
f 722/66/783 723/67/784 679/47/785 
f 679/47/785 677/46/783 722/66/783 
f 723/67/784 724/47/786 682/48/737 
f 682/48/737 679/47/785 723/67/784 
f 724/47/786 725/48/787 685/48/788 
f 685/48/788 682/48/737 724/47/786 
f 725/48/787 726/48/789 688/48/789 
f 688/48/789 685/48/788 725/48/787 
f 726/48/790 727/68/791 689/68/792 
f 689/68/792 688/48/793 726/48/790 
f 728/68/794 690/68/795 689/68/792 
f 689/68/792 727/68/791 728/68/794 
f 729/52/796 702/49/758 694/52/759 
f 694/52/759 695/53/750 729/52/796 
f 697/55/752 700/57/797 730/69/798 
f 730/69/798 731/70/799 697/55/752 
f 730/69/798 700/57/797 701/49/800 
f 701/49/800 732/71/801 730/69/798 
f 702/49/802 733/72/803 732/71/801 
f 732/71/801 701/49/800 702/49/802 
f 729/52/796 734/72/804 733/72/803 
f 733/72/803 702/49/802 729/52/796 
f 731/70/799 735/73/805 698/3/806 
f 698/3/806 697/55/752 731/70/799 
f 735/73/805 736/74/807 699/56/808 
f 699/56/808 698/3/806 735/73/805 
f 736/74/807 737/75/809 703/10/810 
f 703/10/810 699/56/808 736/74/807 
f 737/75/809 738/76/811 704/58/761 
f 704/58/761 703/10/810 737/75/809 
f 738/76/811 739/77/812 705/59/762 
f 705/59/762 704/58/761 738/76/811 
f 706/16/763 705/59/762 739/77/812 
f 739/77/812 740/78/813 706/16/763 
f 707/18/764 706/16/763 740/78/813 
f 740/78/813 741/79/814 707/18/764 
f 708/20/765 707/18/764 741/79/814 
f 741/79/814 742/80/815 708/20/765 
f 709/23/767 708/20/765 742/80/815 
f 742/80/815 743/81/816 709/23/767 
f 710/60/817 709/23/767 743/81/816 
f 743/81/816 744/82/817 710/60/817 
f 711/27/769 710/60/817 744/82/817 
f 744/82/817 745/83/818 711/27/769 
f 712/29/770 711/27/769 745/83/818 
f 745/83/818 746/84/819 712/29/770 
f 713/31/772 712/29/770 746/84/819 
f 746/84/819 747/85/820 713/31/772 
f 714/33/773 713/31/772 747/85/820 
f 747/85/820 748/86/821 714/33/773 
f 748/86/821 749/87/822 715/35/823 
f 715/35/823 714/33/773 748/86/821 
f 749/87/822 750/88/824 716/37/775 
f 716/37/775 715/35/823 749/87/822 
f 750/88/824 751/61/824 717/61/776 
f 717/61/776 716/37/775 750/88/824 
f 718/62/777 717/61/776 751/61/824 
f 751/61/824 752/62/825 718/62/777 
f 752/62/825 753/63/826 719/63/778 
f 719/63/778 718/62/777 752/62/825 
f 753/63/826 754/64/827 720/64/779 
f 720/64/779 719/63/778 753/63/826 
f 754/64/827 755/65/828 721/65/781 
f 721/65/781 720/64/779 754/64/827 
f 722/66/829 721/65/781 755/65/828 
f 755/65/828 756/66/828 722/66/829 
f 723/67/830 722/66/829 756/66/828 
f 756/66/828 757/67/831 723/67/830 
f 757/67/831 758/67/832 724/47/833 
f 724/47/833 723/67/830 757/67/831 
f 725/48/834 724/47/833 758/67/832 
f 758/67/832 759/68/835 725/48/834 
f 726/48/790 725/48/834 759/68/835 
f 759/68/835 727/68/791 726/48/790 
f 760/89/836 761/90/837 730/69/798 
f 730/69/798 732/71/801 760/89/836 
f 762/91/838 760/89/836 732/71/801 
f 732/71/801 733/72/803 762/91/838 
f 763/92/839 762/91/838 733/72/803 
f 733/72/803 734/72/804 763/92/839 
f 761/90/837 764/93/840 731/70/799 
f 731/70/799 730/69/798 761/90/837 
f 764/93/840 765/94/841 735/73/805 
f 735/73/805 731/70/799 764/93/840 
f 765/94/841 766/95/842 736/74/807 
f 736/74/807 735/73/805 765/94/841 
f 766/95/842 767/96/843 737/75/809 
f 737/75/809 736/74/807 766/95/842 
f 767/96/843 768/76/844 738/76/811 
f 738/76/811 737/75/809 767/96/843 
f 768/76/844 769/97/845 739/77/812 
f 739/77/812 738/76/811 768/76/844 
f 740/78/813 739/77/812 769/97/845 
f 769/97/845 770/78/846 740/78/813 
f 770/78/846 771/79/847 741/79/814 
f 741/79/814 740/78/813 770/78/846 
f 742/80/815 741/79/814 771/79/847 
f 771/79/847 772/80/848 742/80/815 
f 772/80/848 773/81/849 743/81/816 
f 743/81/816 742/80/815 772/80/848 
f 773/81/849 774/82/849 744/82/850 
f 744/82/850 743/81/816 773/81/849 
f 745/83/818 744/82/850 774/82/849 
f 774/82/849 775/83/851 745/83/818 
f 775/83/851 776/84/852 746/84/819 
f 746/84/819 745/83/818 775/83/851 
f 776/84/852 777/85/853 747/85/820 
f 747/85/820 746/84/819 776/84/852 
f 777/85/853 778/86/854 748/86/821 
f 748/86/821 747/85/820 777/85/853 
f 749/87/822 748/86/821 778/86/854 
f 778/86/854 779/87/855 749/87/822 
f 750/88/824 749/87/822 779/87/855 
f 779/87/855 780/88/854 750/88/824 
f 751/61/824 750/88/824 780/88/854 
f 780/88/854 781/61/856 751/61/824 
f 781/61/856 782/62/857 752/62/825 
f 752/62/825 751/61/824 781/61/856 
f 782/62/857 783/63/858 753/63/826 
f 753/63/826 752/62/825 782/62/857 
f 783/63/858 784/64/859 754/64/827 
f 754/64/827 753/63/826 783/63/858 
f 755/65/828 754/64/827 784/64/859 
f 784/64/859 785/65/860 755/65/828 
f 785/65/860 786/66/861 756/66/828 
f 756/66/828 755/65/828 785/65/860 
f 757/67/831 756/66/828 786/66/861 
f 786/66/861 787/67/862 757/67/831 
f 787/67/862 788/68/863 758/67/832 
f 758/67/832 757/67/831 787/67/862 
f 788/68/863 789/68/864 759/68/835 
f 759/68/835 758/67/832 788/68/863 
f 727/68/791 759/68/835 789/68/864 
f 789/68/864 728/68/794 727/68/791 
f 763/92/839 734/72/804 729/52/796 
f 729/52/796 695/53/750 763/92/839 
f 696/54/751 762/98/838 763/99/839 
f 763/99/839 695/53/750 696/54/751 
f 762/98/838 696/54/751 693/51/748 
f 693/51/748 760/98/865 762/98/838 
f 693/51/748 616/7/866 761/100/866 
f 761/100/866 760/98/865 693/51/748 
f 616/7/866 615/6/867 764/101/868 
f 764/101/868 761/100/866 616/7/866 
f 615/6/867 618/9/869 765/102/870 
f 765/102/870 764/101/868 615/6/867 
f 618/9/869 617/8/871 766/8/871 
f 766/8/871 765/102/870 618/9/869 
f 617/8/871 621/11/678 767/103/872 
f 767/103/872 766/8/871 617/8/871 
f 621/11/678 623/12/680 768/104/873 
f 768/104/873 767/103/872 621/11/678 
f 769/105/106 768/104/873 623/12/680 
f 623/12/680 627/15/106 769/105/106 
f 770/106/846 769/105/106 627/15/106 
f 627/15/106 630/17/686 770/106/846 
f 771/107/847 770/106/846 630/17/686 
f 630/17/686 633/19/689 771/107/847 
f 633/19/689 636/21/692 772/21/848 
f 772/21/848 771/107/847 633/19/689 
f 636/21/692 639/22/874 773/108/849 
f 773/108/849 772/21/848 636/21/692 
f 639/22/874 642/26/698 774/26/849 
f 774/26/849 773/108/849 639/22/874 
f 775/28/851 774/26/849 642/26/698 
f 642/26/698 645/28/701 775/28/851 
f 645/28/701 648/30/704 776/30/852 
f 776/30/852 775/28/851 645/28/701 
f 648/30/704 651/32/707 777/32/853 
f 777/32/853 776/30/852 648/30/704 
f 778/34/854 777/32/853 651/32/707 
f 651/32/707 654/34/710 778/34/854 
f 779/36/855 778/34/854 654/34/710 
f 654/34/710 657/36/713 779/36/855 
f 780/38/854 779/36/855 657/36/713 
f 657/36/713 660/38/716 780/38/854 
f 660/38/716 663/40/719 781/40/856 
f 781/40/856 780/38/854 660/38/716 
f 782/109/857 781/40/856 663/40/719 
f 663/40/719 666/42/875 782/109/857 
f 783/110/858 782/109/857 666/42/875 
f 666/42/875 669/43/725 783/110/858 
f 669/43/725 672/44/728 784/111/859 
f 784/111/859 783/110/858 669/43/725 
f 785/112/876 784/111/859 672/44/728 
f 672/44/728 675/45/731 785/112/876 
f 786/46/877 785/112/876 675/45/731 
f 675/45/731 678/46/734 786/46/877 
f 678/46/734 681/47/734 787/47/862 
f 787/47/862 786/46/877 678/46/734 
f 681/47/734 684/48/739 788/48/863 
f 788/48/863 787/47/862 681/47/734 
f 684/48/739 687/48/878 789/48/864 
f 789/48/864 788/48/863 684/48/739 
f 790/113/879 791/114/880 792/115/881 
f 792/115/881 793/116/882 790/113/879 
f 794/117/883 790/113/879 793/116/882 
f 793/116/882 795/118/884 794/117/883 
f 796/119/885 794/117/883 795/118/884 
f 795/118/884 797/120/886 796/119/885 
f 798/121/887 796/119/885 797/120/886 
f 797/120/886 799/122/888 798/121/887 
f 800/123/889 798/121/887 799/122/888 
f 799/122/888 801/124/890 800/123/889 
f 802/125/891 803/126/892 791/114/880 
f 791/114/880 790/113/879 802/125/891 
f 804/127/893 802/125/891 790/113/879 
f 790/113/879 794/117/883 804/127/893 
f 805/128/894 804/127/893 794/117/883 
f 794/117/883 796/119/885 805/128/894 
f 806/129/895 805/128/894 796/119/885 
f 796/119/885 798/121/887 806/129/895 
f 807/130/896 806/129/895 798/121/887 
f 798/121/887 800/123/889 807/130/896 
f 808/131/897 809/132/898 803/126/892 
f 803/126/892 802/125/891 808/131/897 
f 810/133/899 808/131/897 802/125/891 
f 802/125/891 804/127/893 810/133/899 
f 811/134/900 810/133/899 804/127/893 
f 804/127/893 805/128/894 811/134/900 
f 812/135/901 811/134/900 805/128/894 
f 805/128/894 806/129/895 812/135/901 
f 813/136/902 812/135/901 806/129/895 
f 806/129/895 807/130/896 813/136/902 
f 814/137/903 815/138/904 809/132/898 
f 809/132/898 808/131/897 814/137/903 
f 816/139/905 814/137/903 808/131/897 
f 808/131/897 810/133/899 816/139/905 
f 817/140/906 816/139/905 810/133/899 
f 810/133/899 811/134/900 817/140/906 
f 818/141/335 817/140/906 811/134/900 
f 811/134/900 812/135/901 818/141/335 
f 819/142/907 818/141/335 812/135/901 
f 812/135/901 813/136/902 819/142/907 
f 820/143/908 821/144/909 815/138/904 
f 815/138/904 814/137/903 820/143/908 
f 822/145/910 820/143/908 814/137/903 
f 814/137/903 816/139/905 822/145/910 
f 823/146/911 822/145/910 816/139/905 
f 816/139/905 817/140/906 823/146/911 
f 824/147/912 823/146/911 817/140/906 
f 817/140/906 818/141/335 824/147/912 
f 825/148/913 824/147/912 818/141/335 
f 818/141/335 819/142/907 825/148/913 
f 826/149/914 827/150/915 821/144/909 
f 821/144/909 820/143/908 826/149/914 
f 828/151/916 826/149/914 820/143/908 
f 820/143/908 822/145/910 828/151/916 
f 829/152/917 828/151/916 822/145/910 
f 822/145/910 823/146/911 829/152/917 
f 830/153/918 829/152/917 823/146/911 
f 823/146/911 824/147/912 830/153/918 
f 831/154/919 830/153/918 824/147/912 
f 824/147/912 825/148/913 831/154/919 
f 832/155/920 833/156/921 827/150/915 
f 827/150/915 826/149/914 832/155/920 
f 834/157/922 832/155/920 826/149/914 
f 826/149/914 828/151/916 834/157/922 
f 835/158/923 834/157/922 828/151/916 
f 828/151/916 829/152/917 835/158/923 
f 836/159/924 835/158/923 829/152/917 
f 829/152/917 830/153/918 836/159/924 
f 837/160/925 836/159/924 830/153/918 
f 830/153/918 831/154/919 837/160/925 
f 838/161/926 839/162/927 833/156/921 
f 833/156/921 832/155/920 838/161/926 
f 840/163/928 838/161/926 832/155/920 
f 832/155/920 834/157/922 840/163/928 
f 841/164/929 840/163/928 834/157/922 
f 834/157/922 835/158/923 841/164/929 
f 842/165/930 841/164/929 835/158/923 
f 835/158/923 836/159/924 842/165/930 
f 843/166/931 842/165/930 836/159/924 
f 836/159/924 837/160/925 843/166/931 
f 844/167/932 845/168/927 839/162/927 
f 839/162/927 838/161/926 844/167/932 
f 846/169/933 844/167/932 838/161/926 
f 838/161/926 840/163/928 846/169/933 
f 847/170/934 846/169/933 840/163/928 
f 840/163/928 841/164/929 847/170/934 
f 848/171/935 847/170/934 841/164/929 
f 841/164/929 842/165/930 848/171/935 
f 849/172/305 848/171/935 842/165/930 
f 842/165/930 843/166/931 849/172/305 
f 850/173/936 851/174/937 852/115/938 
f 852/115/938 853/114/939 850/173/936 
f 854/175/940 855/176/941 851/174/937 
f 851/174/937 850/173/936 854/175/940 
f 856/177/942 857/178/943 855/176/941 
f 855/176/941 854/175/940 856/177/942 
f 858/179/944 859/180/945 857/178/943 
f 857/178/943 856/177/942 858/179/944 
f 860/181/946 861/182/947 859/180/945 
f 859/180/945 858/179/944 860/181/946 
f 862/183/948 850/173/936 853/114/939 
f 853/114/939 863/126/949 862/183/948 
f 864/184/950 854/175/940 850/173/936 
f 850/173/936 862/183/948 864/184/950 
f 865/185/951 856/177/942 854/175/940 
f 854/175/940 864/184/950 865/185/951 
f 866/186/952 858/179/944 856/177/942 
f 856/177/942 865/185/951 866/186/952 
f 867/187/953 860/181/946 858/179/944 
f 858/179/944 866/186/952 867/187/953 
f 868/188/954 862/183/948 863/126/949 
f 863/126/949 869/132/955 868/188/954 
f 870/189/956 864/184/950 862/183/948 
f 862/183/948 868/188/954 870/189/956 
f 871/190/957 865/185/951 864/184/950 
f 864/184/950 870/189/956 871/190/957 
f 872/191/958 866/186/952 865/185/951 
f 865/185/951 871/190/957 872/191/958 
f 873/192/959 867/187/953 866/186/952 
f 866/186/952 872/191/958 873/192/959 
f 874/193/960 868/188/954 869/132/955 
f 869/132/955 875/138/961 874/193/960 
f 876/194/962 870/189/956 868/188/954 
f 868/188/954 874/193/960 876/194/962 
f 877/195/963 871/190/957 870/189/956 
f 870/189/956 876/194/962 877/195/963 
f 878/196/276 872/191/958 871/190/957 
f 871/190/957 877/195/963 878/196/276 
f 879/197/964 873/192/959 872/191/958 
f 872/191/958 878/196/276 879/197/964 
f 880/198/965 874/193/960 875/138/961 
f 875/138/961 881/144/966 880/198/965 
f 882/199/967 876/194/962 874/193/960 
f 874/193/960 880/198/965 882/199/967 
f 883/200/968 877/195/963 876/194/962 
f 876/194/962 882/199/967 883/200/968 
f 884/201/969 878/196/276 877/195/963 
f 877/195/963 883/200/968 884/201/969 
f 885/202/970 879/197/964 878/196/276 
f 878/196/276 884/201/969 885/202/970 
f 886/203/971 880/198/965 881/144/966 
f 881/144/966 887/150/972 886/203/971 
f 888/204/973 882/199/967 880/198/965 
f 880/198/965 886/203/971 888/204/973 
f 889/205/974 883/200/968 882/199/967 
f 882/199/967 888/204/973 889/205/974 
f 890/206/975 884/201/969 883/200/968 
f 883/200/968 889/205/974 890/206/975 
f 891/207/976 885/202/970 884/201/969 
f 884/201/969 890/206/975 891/207/976 
f 892/208/977 886/203/971 887/150/972 
f 887/150/972 893/156/978 892/208/977 
f 894/209/979 888/204/973 886/203/971 
f 886/203/971 892/208/977 894/209/979 
f 895/210/980 889/205/974 888/204/973 
f 888/204/973 894/209/979 895/210/980 
f 896/211/981 890/206/975 889/205/974 
f 889/205/974 895/210/980 896/211/981 
f 897/212/982 891/207/976 890/206/975 
f 890/206/975 896/211/981 897/212/982 
f 898/213/983 892/208/977 893/156/978 
f 893/156/978 899/162/984 898/213/983 
f 900/214/985 894/209/979 892/208/977 
f 892/208/977 898/213/983 900/214/985 
f 901/215/986 895/210/980 894/209/979 
f 894/209/979 900/214/985 901/215/986 
f 902/216/987 896/211/981 895/210/980 
f 895/210/980 901/215/986 902/216/987 
f 903/217/988 897/212/982 896/211/981 
f 896/211/981 902/216/987 903/217/988 
f 904/218/989 898/213/983 899/162/984 
f 899/162/984 905/168/984 904/218/989 
f 906/219/990 900/214/985 898/213/983 
f 898/213/983 904/218/989 906/219/990 
f 907/220/991 901/215/986 900/214/985 
f 900/214/985 906/219/990 907/220/991 
f 908/221/992 902/216/987 901/215/986 
f 901/215/986 907/220/991 908/221/992 
f 909/222/246 903/217/988 902/216/987 
f 902/216/987 908/221/992 909/222/246 
f 910/1/993 911/1/994 912/2/995 
f 912/2/995 913/3/996 910/1/993 
f 912/2/995 914/4/997 915/4/998 
f 915/4/998 913/3/996 912/2/995 
f 916/5/999 915/4/998 914/4/997 
f 914/4/997 917/5/1000 916/5/999 
f 918/6/1001 919/7/1002 917/5/1000 
f 917/5/1000 914/4/997 918/6/1001 
f 912/2/995 911/1/994 920/8/1003 
f 920/8/1003 921/9/1004 912/2/995 
f 921/9/1004 918/6/1001 914/4/997 
f 914/4/997 912/2/995 921/9/1004 
f 910/1/993 922/10/1005 923/11/1006 
f 923/11/1006 911/1/994 910/1/993 
f 924/11/1007 920/8/1003 911/1/994 
f 911/1/994 923/11/1006 924/11/1007 
f 925/12/1008 926/12/1009 924/11/1007 
f 924/11/1007 923/11/1006 925/12/1008 
f 922/10/1005 927/13/1010 925/12/1008 
f 925/12/1008 923/11/1006 922/10/1005 
f 927/13/1010 928/14/1011 929/15/1012 
f 929/15/1012 925/12/1008 927/13/1010 
f 930/15/1013 926/12/1009 925/12/1008 
f 925/12/1008 929/15/1012 930/15/1013 
f 928/14/1011 931/16/1014 932/17/1015 
f 932/17/1015 929/15/1012 928/14/1011 
f 929/15/1012 932/17/1015 933/17/1016 
f 933/17/1016 930/15/1013 929/15/1012 
f 931/16/1014 934/18/1017 935/19/1018 
f 935/19/1018 932/17/1015 931/16/1014 
f 936/19/1019 933/17/1016 932/17/1015 
f 932/17/1015 935/19/1018 936/19/1019 
f 934/18/1017 937/20/1020 938/21/1021 
f 938/21/1021 935/19/1018 934/18/1017 
f 939/21/1022 936/19/1019 935/19/1018 
f 935/19/1018 938/21/1021 939/21/1022 
f 940/22/1023 938/21/1021 937/20/1020 
f 937/20/1020 941/23/1024 940/22/1023 
f 942/22/1025 939/21/1022 938/21/1021 
f 938/21/1021 940/22/1023 942/22/1025 
f 941/23/1024 943/24/1026 944/25/1027 
f 944/25/1027 940/22/1023 941/23/1024 
f 940/22/1023 944/25/1027 945/26/1028 
f 945/26/1028 942/22/1025 940/22/1023 
f 943/24/1026 946/27/1029 947/28/1030 
f 947/28/1030 944/25/1027 943/24/1026 
f 948/28/1031 945/26/1028 944/25/1027 
f 944/25/1027 947/28/1030 948/28/1031 
f 946/27/1029 949/29/1032 950/29/1033 
f 950/29/1033 947/28/1030 946/27/1029 
f 947/28/1030 950/29/1033 951/30/1034 
f 951/30/1034 948/28/1031 947/28/1030 
f 949/29/1032 952/31/1035 953/31/1036 
f 953/31/1036 950/29/1033 949/29/1032 
f 954/32/1031 951/30/1034 950/29/1033 
f 950/29/1033 953/31/1036 954/32/1031 
f 952/31/1035 955/33/1037 956/33/1038 
f 956/33/1038 953/31/1036 952/31/1035 
f 957/34/1039 954/32/1031 953/31/1036 
f 953/31/1036 956/33/1038 957/34/1039 
f 958/35/1040 956/33/1038 955/33/1037 
f 955/33/1037 959/35/1041 958/35/1040 
f 956/33/1038 958/35/1040 960/36/1042 
f 960/36/1042 957/34/1039 956/33/1038 
f 959/35/1041 961/37/1043 962/37/1044 
f 962/37/1044 958/35/1040 959/35/1041 
f 963/38/1045 960/36/1042 958/35/1040 
f 958/35/1040 962/37/1044 963/38/1045 
f 964/39/1044 962/37/1044 961/37/1043 
f 961/37/1043 965/39/1043 964/39/1044 
f 962/37/1044 964/39/1044 966/40/1045 
f 966/40/1045 963/38/1045 962/37/1044 
f 965/39/1043 967/41/1046 968/41/1047 
f 968/41/1047 964/39/1044 965/39/1043 
f 969/42/1048 966/40/1045 964/39/1044 
f 964/39/1044 968/41/1047 969/42/1048 
f 967/41/1046 970/43/1049 971/43/1050 
f 971/43/1050 968/41/1047 967/41/1046 
f 972/43/1051 969/42/1048 968/41/1047 
f 968/41/1047 971/43/1050 972/43/1051 
f 973/44/1052 971/43/1050 970/43/1049 
f 970/43/1049 974/44/1053 973/44/1052 
f 971/43/1050 973/44/1052 975/44/1054 
f 975/44/1054 972/43/1051 971/43/1050 
f 976/45/1055 973/44/1052 974/44/1053 
f 974/44/1053 977/45/1056 976/45/1055 
f 973/44/1052 976/45/1055 978/45/1057 
f 978/45/1057 975/44/1054 973/44/1052 
f 979/46/1058 976/45/1055 977/45/1056 
f 977/45/1056 980/46/1059 979/46/1058 
f 981/46/1060 978/45/1057 976/45/1055 
f 976/45/1055 979/46/1058 981/46/1060 
f 980/46/1059 982/47/1061 983/47/1062 
f 983/47/1062 979/46/1058 980/46/1059 
f 984/47/1060 981/46/1060 979/46/1058 
f 979/46/1058 983/47/1062 984/47/1060 
f 982/47/1061 985/48/1063 986/48/1064 
f 986/48/1064 983/47/1062 982/47/1061 
f 986/48/1064 987/48/1065 984/47/1060 
f 984/47/1060 983/47/1062 986/48/1064 
f 986/48/1064 985/48/1063 988/48/1066 
f 988/48/1066 989/48/1067 986/48/1064 
f 990/48/1068 987/48/1065 986/48/1064 
f 986/48/1064 989/48/1067 990/48/1068 
f 988/48/1066 991/48/1069 992/48/1070 
f 992/48/1070 989/48/1067 988/48/1066 
f 993/48/1071 990/48/1068 989/48/1067 
f 989/48/1067 992/48/1070 993/48/1071 
f 994/49/1072 916/5/999 917/5/1000 
f 917/5/1000 995/50/1073 994/49/1072 
f 919/7/1002 996/51/1074 995/50/1073 
f 995/50/1073 917/5/1000 919/7/1002 
f 997/52/1075 994/49/1072 995/50/1073 
f 995/50/1073 998/53/1076 997/52/1075 
f 996/51/1074 999/54/1077 998/53/1076 
f 998/53/1076 995/50/1073 996/51/1074 
f 1000/55/1078 1001/3/1079 913/3/1079 
f 913/3/1079 915/4/1080 1000/55/1078 
f 1001/3/1079 1002/56/1081 910/1/993 
f 910/1/993 913/3/1079 1001/3/1079 
f 1003/57/1082 1000/55/1078 915/4/1080 
f 915/4/1080 916/5/1082 1003/57/1082 
f 1004/49/1083 1003/57/1082 916/5/1082 
f 916/5/1082 994/49/1072 1004/49/1083 
f 1005/49/1084 1004/49/1083 994/49/1072 
f 994/49/1072 997/52/1085 1005/49/1084 
f 1002/56/1081 1006/10/1086 922/10/1005 
f 922/10/1005 910/1/993 1002/56/1081 
f 1006/10/1086 1007/58/1087 927/13/1010 
f 927/13/1010 922/10/1005 1006/10/1086 
f 1007/58/1087 1008/59/1088 928/14/1011 
f 928/14/1011 927/13/1010 1007/58/1087 
f 1008/59/1088 1009/16/1089 931/16/1014 
f 931/16/1014 928/14/1011 1008/59/1088 
f 1009/16/1089 1010/18/1090 934/18/1017 
f 934/18/1017 931/16/1014 1009/16/1089 
f 1010/18/1090 1011/20/1091 937/20/1092 
f 937/20/1092 934/18/1017 1010/18/1090 
f 1011/20/1091 1012/23/1093 941/23/1094 
f 941/23/1094 937/20/1092 1011/20/1091 
f 1012/23/1093 1013/60/1095 943/24/1026 
f 943/24/1026 941/23/1094 1012/23/1093 
f 1013/60/1095 1014/27/1096 946/27/1029 
f 946/27/1029 943/24/1026 1013/60/1095 
f 1014/27/1096 1015/29/1097 949/29/1032 
f 949/29/1032 946/27/1029 1014/27/1096 
f 952/31/1098 949/29/1032 1015/29/1097 
f 1015/29/1097 1016/31/1099 952/31/1098 
f 1016/31/1099 1017/33/1100 955/33/1037 
f 955/33/1037 952/31/1098 1016/31/1099 
f 1017/33/1100 1018/35/1101 959/35/1041 
f 959/35/1041 955/33/1037 1017/33/1100 
f 1018/35/1101 1019/37/1102 961/37/1043 
f 961/37/1043 959/35/1041 1018/35/1101 
f 1019/37/1102 1020/61/1103 965/39/1043 
f 965/39/1043 961/37/1043 1019/37/1102 
f 1020/61/1103 1021/62/1104 967/41/1046 
f 967/41/1046 965/39/1043 1020/61/1103 
f 970/43/1049 967/41/1046 1021/62/1104 
f 1021/62/1104 1022/63/1105 970/43/1049 
f 1022/63/1105 1023/64/1106 974/44/1107 
f 974/44/1107 970/43/1049 1022/63/1105 
f 1023/64/1106 1024/65/1108 977/45/1109 
f 977/45/1109 974/44/1107 1023/64/1106 
f 1024/65/1108 1025/66/1110 980/46/1110 
f 980/46/1110 977/45/1109 1024/65/1108 
f 1025/66/1110 1026/67/1111 982/47/1112 
f 982/47/1112 980/46/1110 1025/66/1110 
f 1026/67/1111 1027/47/1113 985/48/1063 
f 985/48/1063 982/47/1112 1026/67/1111 
f 1027/47/1113 1028/48/1114 988/48/1115 
f 988/48/1115 985/48/1063 1027/47/1113 
f 1028/48/1114 1029/48/1116 991/48/1116 
f 991/48/1116 988/48/1115 1028/48/1114 
f 1029/48/1117 1030/68/1118 992/68/1119 
f 992/68/1119 991/48/1120 1029/48/1117 
f 1031/68/1121 993/68/1122 992/68/1119 
f 992/68/1119 1030/68/1118 1031/68/1121 
f 1032/52/1123 1005/49/1084 997/52/1085 
f 997/52/1085 998/53/1076 1032/52/1123 
f 1000/55/1078 1003/57/1124 1033/69/1125 
f 1033/69/1125 1034/70/1126 1000/55/1078 
f 1033/69/1125 1003/57/1124 1004/49/1127 
f 1004/49/1127 1035/71/1128 1033/69/1125 
f 1005/49/1129 1036/72/1130 1035/71/1128 
f 1035/71/1128 1004/49/1127 1005/49/1129 
f 1032/52/1123 1037/72/1131 1036/72/1130 
f 1036/72/1130 1005/49/1129 1032/52/1123 
f 1034/70/1126 1038/73/1132 1001/3/1133 
f 1001/3/1133 1000/55/1078 1034/70/1126 
f 1038/73/1132 1039/74/1134 1002/56/1135 
f 1002/56/1135 1001/3/1133 1038/73/1132 
f 1039/74/1134 1040/75/1136 1006/10/1137 
f 1006/10/1137 1002/56/1135 1039/74/1134 
f 1040/75/1136 1041/76/1138 1007/58/1087 
f 1007/58/1087 1006/10/1137 1040/75/1136 
f 1041/76/1138 1042/77/1139 1008/59/1088 
f 1008/59/1088 1007/58/1087 1041/76/1138 
f 1009/16/1089 1008/59/1088 1042/77/1139 
f 1042/77/1139 1043/78/1140 1009/16/1089 
f 1010/18/1090 1009/16/1089 1043/78/1140 
f 1043/78/1140 1044/79/1141 1010/18/1090 
f 1011/20/1091 1010/18/1090 1044/79/1141 
f 1044/79/1141 1045/80/1142 1011/20/1091 
f 1012/23/1093 1011/20/1091 1045/80/1142 
f 1045/80/1142 1046/81/1143 1012/23/1093 
f 1013/60/1144 1012/23/1093 1046/81/1143 
f 1046/81/1143 1047/82/1144 1013/60/1144 
f 1014/27/1096 1013/60/1144 1047/82/1144 
f 1047/82/1144 1048/83/1145 1014/27/1096 
f 1015/29/1097 1014/27/1096 1048/83/1145 
f 1048/83/1145 1049/84/1145 1015/29/1097 
f 1016/31/1099 1015/29/1097 1049/84/1145 
f 1049/84/1145 1050/85/1146 1016/31/1099 
f 1017/33/1100 1016/31/1099 1050/85/1146 
f 1050/85/1146 1051/86/1147 1017/33/1100 
f 1051/86/1147 1052/87/1148 1018/35/1149 
f 1018/35/1149 1017/33/1100 1051/86/1147 
f 1052/87/1148 1053/88/1150 1019/37/1102 
f 1019/37/1102 1018/35/1149 1052/87/1148 
f 1053/88/1150 1054/61/1151 1020/61/1103 
f 1020/61/1103 1019/37/1102 1053/88/1150 
f 1021/62/1104 1020/61/1103 1054/61/1151 
f 1054/61/1151 1055/62/1152 1021/62/1104 
f 1055/62/1152 1056/63/1153 1022/63/1105 
f 1022/63/1105 1021/62/1104 1055/62/1152 
f 1056/63/1153 1057/64/921 1023/64/1106 
f 1023/64/1106 1022/63/1105 1056/63/1153 
f 1057/64/921 1058/65/1154 1024/65/1108 
f 1024/65/1108 1023/64/1106 1057/64/921 
f 1025/66/1155 1024/65/1108 1058/65/1154 
f 1058/65/1154 1059/66/1156 1025/66/1155 
f 1026/67/1157 1025/66/1155 1059/66/1156 
f 1059/66/1156 1060/67/1158 1026/67/1157 
f 1060/67/1158 1061/67/1159 1027/47/1160 
f 1027/47/1160 1026/67/1157 1060/67/1158 
f 1028/48/1161 1027/47/1160 1061/67/1159 
f 1061/67/1159 1062/68/1162 1028/48/1161 
f 1029/48/1117 1028/48/1161 1062/68/1162 
f 1062/68/1162 1030/68/1118 1029/48/1117 
f 1063/89/1163 1064/90/1164 1033/69/1125 
f 1033/69/1125 1035/71/1128 1063/89/1163 
f 1065/91/1165 1063/89/1163 1035/71/1128 
f 1035/71/1128 1036/72/1130 1065/91/1165 
f 1066/92/1166 1065/91/1165 1036/72/1130 
f 1036/72/1130 1037/72/1131 1066/92/1166 
f 1064/90/1164 1067/93/1167 1034/70/1126 
f 1034/70/1126 1033/69/1125 1064/90/1164 
f 1067/93/1167 1068/94/1168 1038/73/1132 
f 1038/73/1132 1034/70/1126 1067/93/1167 
f 1068/94/1168 1069/95/1168 1039/74/1134 
f 1039/74/1134 1038/73/1132 1068/94/1168 
f 1069/95/1168 1070/96/1169 1040/75/1136 
f 1040/75/1136 1039/74/1134 1069/95/1168 
f 1070/96/1169 1071/76/1170 1041/76/1138 
f 1041/76/1138 1040/75/1136 1070/96/1169 
f 1071/76/1170 1072/97/1171 1042/77/1139 
f 1042/77/1139 1041/76/1138 1071/76/1170 
f 1043/78/1140 1042/77/1139 1072/97/1171 
f 1072/97/1171 1073/78/1172 1043/78/1140 
f 1073/78/1172 1074/79/1173 1044/79/1141 
f 1044/79/1141 1043/78/1140 1073/78/1172 
f 1045/80/1142 1044/79/1141 1074/79/1173 
f 1074/79/1173 1075/80/1174 1045/80/1142 
f 1075/80/1174 1076/81/1175 1046/81/1143 
f 1046/81/1143 1045/80/1142 1075/80/1174 
f 1076/81/1175 1077/82/1176 1047/82/1177 
f 1047/82/1177 1046/81/1143 1076/81/1175 
f 1048/83/1145 1047/82/1177 1077/82/1176 
f 1077/82/1176 1078/83/1178 1048/83/1145 
f 1078/83/1178 1079/84/1179 1049/84/1145 
f 1049/84/1145 1048/83/1145 1078/83/1178 
f 1079/84/1179 1080/85/1180 1050/85/1146 
f 1050/85/1146 1049/84/1145 1079/84/1179 
f 1080/85/1180 1081/86/1181 1051/86/1147 
f 1051/86/1147 1050/85/1146 1080/85/1180 
f 1052/87/1148 1051/86/1147 1081/86/1181 
f 1081/86/1181 1082/87/1182 1052/87/1148 
f 1053/88/1150 1052/87/1148 1082/87/1182 
f 1082/87/1182 1083/88/1181 1053/88/1150 
f 1054/61/1151 1053/88/1150 1083/88/1181 
f 1083/88/1181 1084/61/1183 1054/61/1151 
f 1084/61/1183 1085/62/1184 1055/62/1152 
f 1055/62/1152 1054/61/1151 1084/61/1183 
f 1085/62/1184 1086/63/1185 1056/63/1153 
f 1056/63/1153 1055/62/1152 1085/62/1184 
f 1086/63/1185 1087/64/1186 1057/64/921 
f 1057/64/921 1056/63/1153 1086/63/1185 
f 1058/65/1154 1057/64/921 1087/64/1186 
f 1087/64/1186 1088/65/1187 1058/65/1154 
f 1088/65/1187 1089/66/1188 1059/66/1156 
f 1059/66/1156 1058/65/1154 1088/65/1187 
f 1060/67/1158 1059/66/1156 1089/66/1188 
f 1089/66/1188 1090/67/1189 1060/67/1158 
f 1090/67/1189 1091/68/1190 1061/67/1159 
f 1061/67/1159 1060/67/1158 1090/67/1189 
f 1091/68/1190 1092/68/1191 1062/68/1162 
f 1062/68/1162 1061/67/1159 1091/68/1190 
f 1030/68/1118 1062/68/1162 1092/68/1191 
f 1092/68/1191 1031/68/1121 1030/68/1118 
f 1066/92/1166 1037/72/1131 1032/52/1123 
f 1032/52/1123 998/53/1076 1066/92/1166 
f 999/54/1077 1065/98/1165 1066/99/1166 
f 1066/99/1166 998/53/1076 999/54/1077 
f 1065/98/1165 999/54/1077 996/51/1074 
f 996/51/1074 1063/98/1192 1065/98/1165 
f 996/51/1074 919/7/1193 1064/100/1193 
f 1064/100/1193 1063/98/1192 996/51/1074 
f 919/7/1193 918/6/1194 1067/101/1194 
f 1067/101/1194 1064/100/1193 919/7/1193 
f 918/6/1194 921/9/1195 1068/102/1196 
f 1068/102/1196 1067/101/1194 918/6/1194 
f 921/9/1195 920/8/1197 1069/8/1198 
f 1069/8/1198 1068/102/1196 921/9/1195 
f 920/8/1197 924/11/1007 1070/103/1199 
f 1070/103/1199 1069/8/1198 920/8/1197 
f 924/11/1007 926/12/1009 1071/104/1200 
f 1071/104/1200 1070/103/1199 924/11/1007 
f 1072/105/1201 1071/104/1200 926/12/1009 
f 926/12/1009 930/15/1201 1072/105/1201 
f 1073/106/1172 1072/105/1201 930/15/1201 
f 930/15/1201 933/17/1016 1073/106/1172 
f 1074/107/1173 1073/106/1172 933/17/1016 
f 933/17/1016 936/19/1019 1074/107/1173 
f 936/19/1019 939/21/1022 1075/21/1174 
f 1075/21/1174 1074/107/1173 936/19/1019 
f 939/21/1022 942/22/1202 1076/108/1175 
f 1076/108/1175 1075/21/1174 939/21/1022 
f 942/22/1202 945/26/1028 1077/26/1176 
f 1077/26/1176 1076/108/1175 942/22/1202 
f 1078/28/1178 1077/26/1176 945/26/1028 
f 945/26/1028 948/28/1031 1078/28/1178 
f 948/28/1031 951/30/1034 1079/30/1179 
f 1079/30/1179 1078/28/1178 948/28/1031 
f 951/30/1034 954/32/1031 1080/32/1180 
f 1080/32/1180 1079/30/1179 951/30/1034 
f 1081/34/1181 1080/32/1180 954/32/1031 
f 954/32/1031 957/34/1039 1081/34/1181 
f 1082/36/1182 1081/34/1181 957/34/1039 
f 957/34/1039 960/36/1042 1082/36/1182 
f 1083/38/1181 1082/36/1182 960/36/1042 
f 960/36/1042 963/38/1045 1083/38/1181 
f 963/38/1045 966/40/1045 1084/40/1183 
f 1084/40/1183 1083/38/1181 963/38/1045 
f 1085/109/1184 1084/40/1183 966/40/1045 
f 966/40/1045 969/42/1203 1085/109/1184 
f 1086/110/1185 1085/109/1184 969/42/1203 
f 969/42/1203 972/43/1051 1086/110/1185 
f 972/43/1051 975/44/1054 1087/111/1186 
f 1087/111/1186 1086/110/1185 972/43/1051 
f 1088/112/1204 1087/111/1186 975/44/1054 
f 975/44/1054 978/45/1057 1088/112/1204 
f 1089/46/1205 1088/112/1204 978/45/1057 
f 978/45/1057 981/46/1060 1089/46/1205 
f 981/46/1060 984/47/1060 1090/47/1189 
f 1090/47/1189 1089/46/1205 981/46/1060 
f 984/47/1060 987/48/1065 1091/48/1190 
f 1091/48/1190 1090/47/1189 984/47/1060 
f 987/48/1065 990/48/1206 1092/48/1191 
f 1092/48/1191 1091/48/1190 987/48/1065 
f 1093/113/1207 1094/114/273 1095/115/1208 
f 1095/115/1208 1096/116/1209 1093/113/1207 
f 1097/117/1210 1093/113/1207 1096/116/1209 
f 1096/116/1209 1098/118/1211 1097/117/1210 
f 1099/119/1212 1097/117/1210 1098/118/1211 
f 1098/118/1211 1100/120/1213 1099/119/1212 
f 1101/121/1214 1099/119/1212 1100/120/1213 
f 1100/120/1213 1102/122/1215 1101/121/1214 
f 1103/123/1216 1101/121/1214 1102/122/1215 
f 1102/122/1215 1104/124/1217 1103/123/1216 
f 1105/125/1218 1106/126/1219 1094/114/273 
f 1094/114/273 1093/113/1207 1105/125/1218 
f 1107/127/1220 1105/125/1218 1093/113/1207 
f 1093/113/1207 1097/117/1210 1107/127/1220 
f 1108/128/1221 1107/127/1220 1097/117/1210 
f 1097/117/1210 1099/119/1212 1108/128/1221 
f 1109/129/1222 1108/128/1221 1099/119/1212 
f 1099/119/1212 1101/121/1214 1109/129/1222 
f 1110/130/1223 1109/129/1222 1101/121/1214 
f 1101/121/1214 1103/123/1216 1110/130/1223 
f 1111/131/1224 1112/132/1225 1106/126/1219 
f 1106/126/1219 1105/125/1218 1111/131/1224 
f 1113/133/1226 1111/131/1224 1105/125/1218 
f 1105/125/1218 1107/127/1220 1113/133/1226 
f 1114/134/1227 1113/133/1226 1107/127/1220 
f 1107/127/1220 1108/128/1221 1114/134/1227 
f 1115/135/1228 1114/134/1227 1108/128/1221 
f 1108/128/1221 1109/129/1222 1115/135/1228 
f 1116/136/1229 1115/135/1228 1109/129/1222 
f 1109/129/1222 1110/130/1223 1116/136/1229 
f 1117/137/1230 1118/138/1231 1112/132/1225 
f 1112/132/1225 1111/131/1224 1117/137/1230 
f 1119/139/1232 1117/137/1230 1111/131/1224 
f 1111/131/1224 1113/133/1226 1119/139/1232 
f 1120/140/1233 1119/139/1232 1113/133/1226 
f 1113/133/1226 1114/134/1227 1120/140/1233 
f 1121/141/1234 1120/140/1233 1114/134/1227 
f 1114/134/1227 1115/135/1228 1121/141/1234 
f 1122/142/1235 1121/141/1234 1115/135/1228 
f 1115/135/1228 1116/136/1229 1122/142/1235 
f 1123/143/1236 1124/144/1237 1118/138/1231 
f 1118/138/1231 1117/137/1230 1123/143/1236 
f 1125/145/1238 1123/143/1236 1117/137/1230 
f 1117/137/1230 1119/139/1232 1125/145/1238 
f 1126/146/1239 1125/145/1238 1119/139/1232 
f 1119/139/1232 1120/140/1233 1126/146/1239 
f 1127/147/1240 1126/146/1239 1120/140/1233 
f 1120/140/1233 1121/141/1234 1127/147/1240 
f 1128/148/1241 1127/147/1240 1121/141/1234 
f 1121/141/1234 1122/142/1235 1128/148/1241 
f 1129/149/1242 1130/150/1243 1124/144/1237 
f 1124/144/1237 1123/143/1236 1129/149/1242 
f 1131/151/1244 1129/149/1242 1123/143/1236 
f 1123/143/1236 1125/145/1238 1131/151/1244 
f 1132/152/1245 1131/151/1244 1125/145/1238 
f 1125/145/1238 1126/146/1239 1132/152/1245 
f 1133/153/1246 1132/152/1245 1126/146/1239 
f 1126/146/1239 1127/147/1240 1133/153/1246 
f 1134/154/1247 1133/153/1246 1127/147/1240 
f 1127/147/1240 1128/148/1241 1134/154/1247 
f 1135/155/1248 1136/156/1249 1130/150/1243 
f 1130/150/1243 1129/149/1242 1135/155/1248 
f 1137/157/1250 1135/155/1248 1129/149/1242 
f 1129/149/1242 1131/151/1244 1137/157/1250 
f 1138/158/1251 1137/157/1250 1131/151/1244 
f 1131/151/1244 1132/152/1245 1138/158/1251 
f 1139/159/1252 1138/158/1251 1132/152/1245 
f 1132/152/1245 1133/153/1246 1139/159/1252 
f 1140/160/1253 1139/159/1252 1133/153/1246 
f 1133/153/1246 1134/154/1247 1140/160/1253 
f 1141/161/1254 1142/162/1255 1136/156/1249 
f 1136/156/1249 1135/155/1248 1141/161/1254 
f 1143/163/1256 1141/161/1254 1135/155/1248 
f 1135/155/1248 1137/157/1250 1143/163/1256 
f 1144/164/1257 1143/163/1256 1137/157/1250 
f 1137/157/1250 1138/158/1251 1144/164/1257 
f 1145/165/1258 1144/164/1257 1138/158/1251 
f 1138/158/1251 1139/159/1252 1145/165/1258 
f 1146/166/1259 1145/165/1258 1139/159/1252 
f 1139/159/1252 1140/160/1253 1146/166/1259 
f 1147/167/1260 1148/168/1261 1142/162/1255 
f 1142/162/1255 1141/161/1254 1147/167/1260 
f 1149/169/1262 1147/167/1260 1141/161/1254 
f 1141/161/1254 1143/163/1256 1149/169/1262 
f 1150/170/1263 1149/169/1262 1143/163/1256 
f 1143/163/1256 1144/164/1257 1150/170/1263 
f 1151/171/1264 1150/170/1263 1144/164/1257 
f 1144/164/1257 1145/165/1258 1151/171/1264 
f 1152/172/1259 1151/171/1264 1145/165/1258 
f 1145/165/1258 1146/166/1259 1152/172/1259 
f 1153/173/1265 1154/174/1266 1155/115/1267 
f 1155/115/1267 1156/114/1268 1153/173/1265 
f 1157/175/1269 1158/176/1270 1154/174/1266 
f 1154/174/1266 1153/173/1265 1157/175/1269 
f 1159/177/1271 1160/178/1272 1158/176/1270 
f 1158/176/1270 1157/175/1269 1159/177/1271 
f 1161/179/1273 1162/180/1274 1160/178/1272 
f 1160/178/1272 1159/177/1271 1161/179/1273 
f 1163/181/1275 1164/182/1276 1162/180/1274 
f 1162/180/1274 1161/179/1273 1163/181/1275 
f 1165/183/1277 1153/173/1265 1156/114/1268 
f 1156/114/1268 1166/126/1278 1165/183/1277 
f 1167/184/1279 1157/175/1269 1153/173/1265 
f 1153/173/1265 1165/183/1277 1167/184/1279 
f 1168/185/1280 1159/177/1271 1157/175/1269 
f 1157/175/1269 1167/184/1279 1168/185/1280 
f 1169/186/1281 1161/179/1273 1159/177/1271 
f 1159/177/1271 1168/185/1280 1169/186/1281 
f 1170/187/1282 1163/181/1275 1161/179/1273 
f 1161/179/1273 1169/186/1281 1170/187/1282 
f 1171/188/1283 1165/183/1277 1166/126/1278 
f 1166/126/1278 1172/132/1284 1171/188/1283 
f 1173/189/1285 1167/184/1279 1165/183/1277 
f 1165/183/1277 1171/188/1283 1173/189/1285 
f 1174/190/1286 1168/185/1280 1167/184/1279 
f 1167/184/1279 1173/189/1285 1174/190/1286 
f 1175/191/1287 1169/186/1281 1168/185/1280 
f 1168/185/1280 1174/190/1286 1175/191/1287 
f 1176/192/1288 1170/187/1282 1169/186/1281 
f 1169/186/1281 1175/191/1287 1176/192/1288 
f 1177/193/1289 1171/188/1283 1172/132/1284 
f 1172/132/1284 1178/138/1290 1177/193/1289 
f 1179/194/1291 1173/189/1285 1171/188/1283 
f 1171/188/1283 1177/193/1289 1179/194/1291 
f 1180/195/1292 1174/190/1286 1173/189/1285 
f 1173/189/1285 1179/194/1291 1180/195/1292 
f 1181/196/1293 1175/191/1287 1174/190/1286 
f 1174/190/1286 1180/195/1292 1181/196/1293 
f 1182/197/1294 1176/192/1288 1175/191/1287 
f 1175/191/1287 1181/196/1293 1182/197/1294 
f 1183/198/1295 1177/193/1289 1178/138/1290 
f 1178/138/1290 1184/144/1296 1183/198/1295 
f 1185/199/1297 1179/194/1291 1177/193/1289 
f 1177/193/1289 1183/198/1295 1185/199/1297 
f 1186/200/1298 1180/195/1292 1179/194/1291 
f 1179/194/1291 1185/199/1297 1186/200/1298 
f 1187/201/1299 1181/196/1293 1180/195/1292 
f 1180/195/1292 1186/200/1298 1187/201/1299 
f 1188/202/1300 1182/197/1294 1181/196/1293 
f 1181/196/1293 1187/201/1299 1188/202/1300 
f 1189/203/1301 1183/198/1295 1184/144/1296 
f 1184/144/1296 1190/150/1302 1189/203/1301 
f 1191/204/1303 1185/199/1297 1183/198/1295 
f 1183/198/1295 1189/203/1301 1191/204/1303 
f 1192/205/605 1186/200/1298 1185/199/1297 
f 1185/199/1297 1191/204/1303 1192/205/605 
f 1193/206/1304 1187/201/1299 1186/200/1298 
f 1186/200/1298 1192/205/605 1193/206/1304 
f 1194/207/1305 1188/202/1300 1187/201/1299 
f 1187/201/1299 1193/206/1304 1194/207/1305 
f 1195/208/1306 1189/203/1301 1190/150/1302 
f 1190/150/1302 1196/156/1307 1195/208/1306 
f 1197/209/587 1191/204/1303 1189/203/1301 
f 1189/203/1301 1195/208/1306 1197/209/587 
f 1198/210/1308 1192/205/605 1191/204/1303 
f 1191/204/1303 1197/209/587 1198/210/1308 
f 1199/211/1309 1193/206/1304 1192/205/605 
f 1192/205/605 1198/210/1308 1199/211/1309 
f 1200/212/1310 1194/207/1305 1193/206/1304 
f 1193/206/1304 1199/211/1309 1200/212/1310 
f 1201/213/1311 1195/208/1306 1196/156/1307 
f 1196/156/1307 1202/162/1312 1201/213/1311 
f 1203/214/1313 1197/209/587 1195/208/1306 
f 1195/208/1306 1201/213/1311 1203/214/1313 
f 1204/215/1314 1198/210/1308 1197/209/587 
f 1197/209/587 1203/214/1313 1204/215/1314 
f 1205/216/1315 1199/211/1309 1198/210/1308 
f 1198/210/1308 1204/215/1314 1205/216/1315 
f 1206/217/1316 1200/212/1310 1199/211/1309 
f 1199/211/1309 1205/216/1315 1206/217/1316 
f 1207/218/1317 1201/213/1311 1202/162/1312 
f 1202/162/1312 1208/168/1318 1207/218/1317 
f 1209/219/280 1203/214/1313 1201/213/1311 
f 1201/213/1311 1207/218/1317 1209/219/280 
f 1210/220/588 1204/215/1314 1203/214/1313 
f 1203/214/1313 1209/219/280 1210/220/588 
f 1211/221/1319 1205/216/1315 1204/215/1314 
f 1204/215/1314 1210/220/588 1211/221/1319 
f 1212/222/1316 1206/217/1316 1205/216/1315 
f 1205/216/1315 1211/221/1319 1212/222/1316 
f 1213/1/1320 1214/1/1321 1215/2/1322 
f 1215/2/1322 1216/3/1323 1213/1/1320 
f 1215/2/1322 1217/4/1324 1218/4/1325 
f 1218/4/1325 1216/3/1323 1215/2/1322 
f 1219/5/1326 1218/4/1325 1217/4/1324 
f 1217/4/1324 1220/5/1327 1219/5/1326 
f 1221/6/1328 1222/7/1329 1220/5/1327 
f 1220/5/1327 1217/4/1324 1221/6/1328 
f 1215/2/1322 1214/1/1321 1223/8/1330 
f 1223/8/1330 1224/9/1331 1215/2/1322 
f 1224/9/1331 1221/6/1328 1217/4/1324 
f 1217/4/1324 1215/2/1322 1224/9/1331 
f 1213/1/1320 1225/10/1332 1226/11/1333 
f 1226/11/1333 1214/1/1321 1213/1/1320 
f 1227/11/1334 1223/8/1330 1214/1/1321 
f 1214/1/1321 1226/11/1333 1227/11/1334 
f 1228/12/1335 1229/12/1336 1227/11/1334 
f 1227/11/1334 1226/11/1333 1228/12/1335 
f 1225/10/1332 1230/13/1337 1228/12/1335 
f 1228/12/1335 1226/11/1333 1225/10/1332 
f 1230/13/1337 1231/14/1338 1232/15/1322 
f 1232/15/1322 1228/12/1335 1230/13/1337 
f 1233/15/1339 1229/12/1336 1228/12/1335 
f 1228/12/1335 1232/15/1322 1233/15/1339 
f 1231/14/1338 1234/16/1340 1235/17/1341 
f 1235/17/1341 1232/15/1322 1231/14/1338 
f 1232/15/1322 1235/17/1341 1236/17/1342 
f 1236/17/1342 1233/15/1339 1232/15/1322 
f 1234/16/1340 1237/18/1343 1238/19/1344 
f 1238/19/1344 1235/17/1341 1234/16/1340 
f 1239/19/1345 1236/17/1342 1235/17/1341 
f 1235/17/1341 1238/19/1344 1239/19/1345 
f 1237/18/1343 1240/20/1346 1241/21/1347 
f 1241/21/1347 1238/19/1344 1237/18/1343 
f 1242/21/1348 1239/19/1345 1238/19/1344 
f 1238/19/1344 1241/21/1347 1242/21/1348 
f 1243/22/1349 1241/21/1347 1240/20/1346 
f 1240/20/1346 1244/23/1350 1243/22/1349 
f 1245/22/1351 1242/21/1348 1241/21/1347 
f 1241/21/1347 1243/22/1349 1245/22/1351 
f 1244/23/1350 1246/24/1352 1247/25/1353 
f 1247/25/1353 1243/22/1349 1244/23/1350 
f 1243/22/1349 1247/25/1353 1248/26/1354 
f 1248/26/1354 1245/22/1351 1243/22/1349 
f 1246/24/1352 1249/27/1355 1250/28/1356 
f 1250/28/1356 1247/25/1353 1246/24/1352 
f 1251/28/1357 1248/26/1354 1247/25/1353 
f 1247/25/1353 1250/28/1356 1251/28/1357 
f 1249/27/1355 1252/29/1358 1253/29/1359 
f 1253/29/1359 1250/28/1356 1249/27/1355 
f 1250/28/1356 1253/29/1359 1254/30/1360 
f 1254/30/1360 1251/28/1357 1250/28/1356 
f 1252/29/1358 1255/31/1361 1256/31/1362 
f 1256/31/1362 1253/29/1359 1252/29/1358 
f 1257/32/1357 1254/30/1360 1253/29/1359 
f 1253/29/1359 1256/31/1362 1257/32/1357 
f 1255/31/1361 1258/33/1363 1259/33/1364 
f 1259/33/1364 1256/31/1362 1255/31/1361 
f 1260/34/1365 1257/32/1357 1256/31/1362 
f 1256/31/1362 1259/33/1364 1260/34/1365 
f 1261/35/1366 1259/33/1364 1258/33/1363 
f 1258/33/1363 1262/35/1367 1261/35/1366 
f 1259/33/1364 1261/35/1366 1263/36/1368 
f 1263/36/1368 1260/34/1365 1259/33/1364 
f 1262/35/1367 1264/37/1369 1265/37/1370 
f 1265/37/1370 1261/35/1366 1262/35/1367 
f 1266/38/1371 1263/36/1368 1261/35/1366 
f 1261/35/1366 1265/37/1370 1266/38/1371 
f 1267/39/1372 1265/37/1370 1264/37/1369 
f 1264/37/1369 1268/39/1373 1267/39/1372 
f 1265/37/1370 1267/39/1372 1269/40/1374 
f 1269/40/1374 1266/38/1371 1265/37/1370 
f 1268/39/1373 1270/41/1375 1271/41/1376 
f 1271/41/1376 1267/39/1372 1268/39/1373 
f 1272/42/1377 1269/40/1374 1267/39/1372 
f 1267/39/1372 1271/41/1376 1272/42/1377 
f 1270/41/1375 1273/43/1378 1274/43/1379 
f 1274/43/1379 1271/41/1376 1270/41/1375 
f 1275/43/1380 1272/42/1377 1271/41/1376 
f 1271/41/1376 1274/43/1379 1275/43/1380 
f 1276/44/1381 1274/43/1379 1273/43/1378 
f 1273/43/1378 1277/44/1382 1276/44/1381 
f 1274/43/1379 1276/44/1381 1278/44/1383 
f 1278/44/1383 1275/43/1380 1274/43/1379 
f 1279/45/1384 1276/44/1381 1277/44/1382 
f 1277/44/1382 1280/45/1385 1279/45/1384 
f 1276/44/1381 1279/45/1384 1281/45/1386 
f 1281/45/1386 1278/44/1383 1276/44/1381 
f 1282/46/1387 1279/45/1384 1280/45/1385 
f 1280/45/1385 1283/46/1388 1282/46/1387 
f 1284/46/1389 1281/45/1386 1279/45/1384 
f 1279/45/1384 1282/46/1387 1284/46/1389 
f 1283/46/1388 1285/47/1390 1286/47/1391 
f 1286/47/1391 1282/46/1387 1283/46/1388 
f 1287/47/1392 1284/46/1389 1282/46/1387 
f 1282/46/1387 1286/47/1391 1287/47/1392 
f 1285/47/1390 1288/48/1393 1289/48/1394 
f 1289/48/1394 1286/47/1391 1285/47/1390 
f 1289/48/1394 1290/48/1395 1287/47/1392 
f 1287/47/1392 1286/47/1391 1289/48/1394 
f 1289/48/1394 1288/48/1393 1291/48/1396 
f 1291/48/1396 1292/48/1397 1289/48/1394 
f 1293/48/1398 1290/48/1395 1289/48/1394 
f 1289/48/1394 1292/48/1397 1293/48/1398 
f 1291/48/1396 1294/48/1399 1295/48/1400 
f 1295/48/1400 1292/48/1397 1291/48/1396 
f 1296/48/1401 1293/48/1398 1292/48/1397 
f 1292/48/1397 1295/48/1400 1296/48/1401 
f 1297/49/1402 1219/5/1326 1220/5/1327 
f 1220/5/1327 1298/50/1403 1297/49/1402 
f 1222/7/1329 1299/51/1404 1298/50/1403 
f 1298/50/1403 1220/5/1327 1222/7/1329 
f 1300/52/1405 1297/49/1402 1298/50/1403 
f 1298/50/1403 1301/53/1406 1300/52/1405 
f 1299/51/1404 1302/54/1407 1301/53/1406 
f 1301/53/1406 1298/50/1403 1299/51/1404 
f 1303/55/1408 1304/3/1409 1216/3/1409 
f 1216/3/1409 1218/4/1410 1303/55/1408 
f 1304/3/1409 1305/56/1411 1213/1/1320 
f 1213/1/1320 1216/3/1409 1304/3/1409 
f 1306/57/1412 1303/55/1408 1218/4/1410 
f 1218/4/1410 1219/5/1412 1306/57/1412 
f 1307/49/1413 1306/57/1412 1219/5/1412 
f 1219/5/1412 1297/49/1402 1307/49/1413 
f 1308/49/1414 1307/49/1413 1297/49/1402 
f 1297/49/1402 1300/52/1415 1308/49/1414 
f 1305/56/1411 1309/10/1416 1225/10/1332 
f 1225/10/1332 1213/1/1320 1305/56/1411 
f 1309/10/1416 1310/58/1417 1230/13/1337 
f 1230/13/1337 1225/10/1332 1309/10/1416 
f 1310/58/1417 1311/59/1418 1231/14/1338 
f 1231/14/1338 1230/13/1337 1310/58/1417 
f 1311/59/1418 1312/16/1419 1234/16/1340 
f 1234/16/1340 1231/14/1338 1311/59/1418 
f 1312/16/1419 1313/18/851 1237/18/1343 
f 1237/18/1343 1234/16/1340 1312/16/1419 
f 1313/18/851 1314/20/1420 1240/20/1421 
f 1240/20/1421 1237/18/1343 1313/18/851 
f 1314/20/1420 1315/23/1422 1244/23/1423 
f 1244/23/1423 1240/20/1421 1314/20/1420 
f 1315/23/1422 1316/60/1424 1246/24/1352 
f 1246/24/1352 1244/23/1423 1315/23/1422 
f 1316/60/1424 1317/27/1425 1249/27/1355 
f 1249/27/1355 1246/24/1352 1316/60/1424 
f 1317/27/1425 1318/29/1426 1252/29/1358 
f 1252/29/1358 1249/27/1355 1317/27/1425 
f 1255/31/1427 1252/29/1358 1318/29/1426 
f 1318/29/1426 1319/31/1428 1255/31/1427 
f 1319/31/1428 1320/33/953 1258/33/1363 
f 1258/33/1363 1255/31/1427 1319/31/1428 
f 1320/33/953 1321/35/1429 1262/35/1367 
f 1262/35/1367 1258/33/1363 1320/33/953 
f 1321/35/1429 1322/37/1430 1264/37/1369 
f 1264/37/1369 1262/35/1367 1321/35/1429 
f 1322/37/1430 1323/61/1431 1268/39/1373 
f 1268/39/1373 1264/37/1369 1322/37/1430 
f 1323/61/1431 1324/62/1432 1270/41/1375 
f 1270/41/1375 1268/39/1373 1323/61/1431 
f 1273/43/1378 1270/41/1375 1324/62/1432 
f 1324/62/1432 1325/63/1433 1273/43/1378 
f 1325/63/1433 1326/64/1434 1277/44/1435 
f 1277/44/1435 1273/43/1378 1325/63/1433 
f 1326/64/1434 1327/65/1436 1280/45/1437 
f 1280/45/1437 1277/44/1435 1326/64/1434 
f 1327/65/1436 1328/66/1438 1283/46/1439 
f 1283/46/1439 1280/45/1437 1327/65/1436 
f 1328/66/1438 1329/67/1440 1285/47/1441 
f 1285/47/1441 1283/46/1439 1328/66/1438 
f 1329/67/1440 1330/47/1442 1288/48/1393 
f 1288/48/1393 1285/47/1441 1329/67/1440 
f 1330/47/1442 1331/48/1443 1291/48/1444 
f 1291/48/1444 1288/48/1393 1330/47/1442 
f 1331/48/1443 1332/48/1445 1294/48/1445 
f 1294/48/1445 1291/48/1444 1331/48/1443 
f 1332/48/1446 1333/68/1447 1295/68/1448 
f 1295/68/1448 1294/48/1449 1332/48/1446 
f 1334/68/1450 1296/68/1451 1295/68/1448 
f 1295/68/1448 1333/68/1447 1334/68/1450 
f 1335/52/1452 1308/49/1414 1300/52/1415 
f 1300/52/1415 1301/53/1406 1335/52/1452 
f 1303/55/1408 1306/57/1453 1336/69/1454 
f 1336/69/1454 1337/70/1271 1303/55/1408 
f 1336/69/1454 1306/57/1453 1307/49/1455 
f 1307/49/1455 1338/71/1456 1336/69/1454 
f 1308/49/1457 1339/72/1458 1338/71/1456 
f 1338/71/1456 1307/49/1455 1308/49/1457 
f 1335/52/1452 1340/72/1459 1339/72/1458 
f 1339/72/1458 1308/49/1457 1335/52/1452 
f 1337/70/1271 1341/73/1460 1304/3/1461 
f 1304/3/1461 1303/55/1408 1337/70/1271 
f 1341/73/1460 1342/74/1462 1305/56/1463 
f 1305/56/1463 1304/3/1461 1341/73/1460 
f 1342/74/1462 1343/75/1464 1309/10/1465 
f 1309/10/1465 1305/56/1463 1342/74/1462 
f 1343/75/1464 1344/76/1466 1310/58/1417 
f 1310/58/1417 1309/10/1465 1343/75/1464 
f 1344/76/1466 1345/77/1467 1311/59/1418 
f 1311/59/1418 1310/58/1417 1344/76/1466 
f 1312/16/1419 1311/59/1418 1345/77/1467 
f 1345/77/1467 1346/78/1468 1312/16/1419 
f 1313/18/851 1312/16/1419 1346/78/1468 
f 1346/78/1468 1347/79/1469 1313/18/851 
f 1314/20/1420 1313/18/851 1347/79/1469 
f 1347/79/1469 1348/80/1470 1314/20/1420 
f 1315/23/1422 1314/20/1420 1348/80/1470 
f 1348/80/1470 1349/81/1471 1315/23/1422 
f 1316/60/1472 1315/23/1422 1349/81/1471 
f 1349/81/1471 1350/82/1472 1316/60/1472 
f 1317/27/1425 1316/60/1472 1350/82/1472 
f 1350/82/1472 1351/83/1473 1317/27/1425 
f 1318/29/1426 1317/27/1425 1351/83/1473 
f 1351/83/1473 1352/84/1473 1318/29/1426 
f 1319/31/1428 1318/29/1426 1352/84/1473 
f 1352/84/1473 1353/85/1474 1319/31/1428 
f 1320/33/953 1319/31/1428 1353/85/1474 
f 1353/85/1474 1354/86/1475 1320/33/953 
f 1354/86/1475 1355/87/1476 1321/35/1477 
f 1321/35/1477 1320/33/953 1354/86/1475 
f 1355/87/1476 1356/88/1478 1322/37/1430 
f 1322/37/1430 1321/35/1477 1355/87/1476 
f 1356/88/1478 1357/61/1479 1323/61/1431 
f 1323/61/1431 1322/37/1430 1356/88/1478 
f 1324/62/1432 1323/61/1431 1357/61/1479 
f 1357/61/1479 1358/62/1480 1324/62/1432 
f 1358/62/1480 1359/63/1481 1325/63/1433 
f 1325/63/1433 1324/62/1432 1358/62/1480 
f 1359/63/1481 1360/64/1482 1326/64/1434 
f 1326/64/1434 1325/63/1433 1359/63/1481 
f 1360/64/1482 1361/65/1483 1327/65/1436 
f 1327/65/1436 1326/64/1434 1360/64/1482 
f 1328/66/1484 1327/65/1436 1361/65/1483 
f 1361/65/1483 1362/66/1485 1328/66/1484 
f 1329/67/1486 1328/66/1484 1362/66/1485 
f 1362/66/1485 1363/67/1487 1329/67/1486 
f 1363/67/1487 1364/67/1488 1330/47/1489 
f 1330/47/1489 1329/67/1486 1363/67/1487 
f 1331/48/1490 1330/47/1489 1364/67/1488 
f 1364/67/1488 1365/68/1491 1331/48/1490 
f 1332/48/1446 1331/48/1490 1365/68/1491 
f 1365/68/1491 1333/68/1447 1332/48/1446 
f 1366/89/1492 1367/90/1493 1336/69/1454 
f 1336/69/1454 1338/71/1456 1366/89/1492 
f 1368/91/1494 1366/89/1492 1338/71/1456 
f 1338/71/1456 1339/72/1458 1368/91/1494 
f 1369/92/1495 1368/91/1494 1339/72/1458 
f 1339/72/1458 1340/72/1459 1369/92/1495 
f 1367/90/1493 1370/93/1496 1337/70/1271 
f 1337/70/1271 1336/69/1454 1367/90/1493 
f 1370/93/1496 1371/94/1497 1341/73/1460 
f 1341/73/1460 1337/70/1271 1370/93/1496 
f 1371/94/1497 1372/95/1498 1342/74/1462 
f 1342/74/1462 1341/73/1460 1371/94/1497 
f 1372/95/1498 1373/96/1499 1343/75/1464 
f 1343/75/1464 1342/74/1462 1372/95/1498 
f 1373/96/1499 1374/76/1500 1344/76/1466 
f 1344/76/1466 1343/75/1464 1373/96/1499 
f 1374/76/1500 1375/97/1310 1345/77/1467 
f 1345/77/1467 1344/76/1466 1374/76/1500 
f 1346/78/1468 1345/77/1467 1375/97/1310 
f 1375/97/1310 1376/78/1501 1346/78/1468 
f 1376/78/1501 1377/79/1502 1347/79/1469 
f 1347/79/1469 1346/78/1468 1376/78/1501 
f 1348/80/1470 1347/79/1469 1377/79/1502 
f 1377/79/1502 1378/80/1503 1348/80/1470 
f 1378/80/1503 1379/81/1504 1349/81/1471 
f 1349/81/1471 1348/80/1470 1378/80/1503 
f 1379/81/1504 1380/82/1505 1350/82/1506 
f 1350/82/1506 1349/81/1471 1379/81/1504 
f 1351/83/1473 1350/82/1506 1380/82/1505 
f 1380/82/1505 1381/83/1507 1351/83/1473 
f 1381/83/1507 1382/84/1508 1352/84/1473 
f 1352/84/1473 1351/83/1473 1381/83/1507 
f 1382/84/1508 1383/85/1509 1353/85/1474 
f 1353/85/1474 1352/84/1473 1382/84/1508 
f 1383/85/1509 1384/86/1510 1354/86/1475 
f 1354/86/1475 1353/85/1474 1383/85/1509 
f 1355/87/1476 1354/86/1475 1384/86/1510 
f 1384/86/1510 1385/87/1511 1355/87/1476 
f 1356/88/1478 1355/87/1476 1385/87/1511 
f 1385/87/1511 1386/88/1510 1356/88/1478 
f 1357/61/1479 1356/88/1478 1386/88/1510 
f 1386/88/1510 1387/61/1512 1357/61/1479 
f 1387/61/1512 1388/62/1513 1358/62/1480 
f 1358/62/1480 1357/61/1479 1387/61/1512 
f 1388/62/1513 1389/63/1514 1359/63/1481 
f 1359/63/1481 1358/62/1480 1388/62/1513 
f 1389/63/1514 1390/64/1515 1360/64/1482 
f 1360/64/1482 1359/63/1481 1389/63/1514 
f 1361/65/1483 1360/64/1482 1390/64/1515 
f 1390/64/1515 1391/65/1516 1361/65/1483 
f 1391/65/1516 1392/66/1517 1362/66/1485 
f 1362/66/1485 1361/65/1483 1391/65/1516 
f 1363/67/1487 1362/66/1485 1392/66/1517 
f 1392/66/1517 1393/67/1518 1363/67/1487 
f 1393/67/1518 1394/68/1519 1364/67/1488 
f 1364/67/1488 1363/67/1487 1393/67/1518 
f 1394/68/1519 1395/68/556 1365/68/1491 
f 1365/68/1491 1364/67/1488 1394/68/1519 
f 1333/68/1447 1365/68/1491 1395/68/556 
f 1395/68/556 1334/68/1450 1333/68/1447 
f 1369/92/1495 1340/72/1459 1335/52/1452 
f 1335/52/1452 1301/53/1406 1369/92/1495 
f 1302/54/1407 1368/98/1494 1369/99/1495 
f 1369/99/1495 1301/53/1406 1302/54/1407 
f 1368/98/1494 1302/54/1407 1299/51/1404 
f 1299/51/1404 1366/98/1520 1368/98/1494 
f 1299/51/1404 1222/7/1521 1367/100/1521 
f 1367/100/1521 1366/98/1520 1299/51/1404 
f 1222/7/1521 1221/6/1522 1370/101/1522 
f 1370/101/1522 1367/100/1521 1222/7/1521 
f 1221/6/1522 1224/9/1523 1371/102/1523 
f 1371/102/1523 1370/101/1522 1221/6/1522 
f 1224/9/1523 1223/8/1524 1372/8/1524 
f 1372/8/1524 1371/102/1523 1224/9/1523 
f 1223/8/1524 1227/11/1334 1373/103/1525 
f 1373/103/1525 1372/8/1524 1223/8/1524 
f 1227/11/1334 1229/12/1336 1374/104/1526 
f 1374/104/1526 1373/103/1525 1227/11/1334 
f 1375/105/1527 1374/104/1526 1229/12/1336 
f 1229/12/1336 1233/15/1528 1375/105/1527 
f 1376/106/1501 1375/105/1527 1233/15/1528 
f 1233/15/1528 1236/17/1342 1376/106/1501 
f 1377/107/1502 1376/106/1501 1236/17/1342 
f 1236/17/1342 1239/19/1345 1377/107/1502 
f 1239/19/1345 1242/21/1348 1378/21/1503 
f 1378/21/1503 1377/107/1502 1239/19/1345 
f 1242/21/1348 1245/22/1529 1379/108/1504 
f 1379/108/1504 1378/21/1503 1242/21/1348 
f 1245/22/1529 1248/26/1354 1380/26/1505 
f 1380/26/1505 1379/108/1504 1245/22/1529 
f 1381/28/1507 1380/26/1505 1248/26/1354 
f 1248/26/1354 1251/28/1357 1381/28/1507 
f 1251/28/1357 1254/30/1360 1382/30/1508 
f 1382/30/1508 1381/28/1507 1251/28/1357 
f 1254/30/1360 1257/32/1357 1383/32/1509 
f 1383/32/1509 1382/30/1508 1254/30/1360 
f 1384/34/1510 1383/32/1509 1257/32/1357 
f 1257/32/1357 1260/34/1365 1384/34/1510 
f 1385/36/1511 1384/34/1510 1260/34/1365 
f 1260/34/1365 1263/36/1368 1385/36/1511 
f 1386/38/1510 1385/36/1511 1263/36/1368 
f 1263/36/1368 1266/38/1371 1386/38/1510 
f 1266/38/1371 1269/40/1374 1387/40/1512 
f 1387/40/1512 1386/38/1510 1266/38/1371 
f 1388/109/1513 1387/40/1512 1269/40/1374 
f 1269/40/1374 1272/42/1530 1388/109/1513 
f 1389/110/1514 1388/109/1513 1272/42/1530 
f 1272/42/1530 1275/43/1380 1389/110/1514 
f 1275/43/1380 1278/44/1383 1390/111/1515 
f 1390/111/1515 1389/110/1514 1275/43/1380 
f 1391/112/1531 1390/111/1515 1278/44/1383 
f 1278/44/1383 1281/45/1386 1391/112/1531 
f 1392/46/1532 1391/112/1531 1281/45/1386 
f 1281/45/1386 1284/46/1389 1392/46/1532 
f 1284/46/1389 1287/47/1392 1393/47/1518 
f 1393/47/1518 1392/46/1532 1284/46/1389 
f 1287/47/1392 1290/48/1395 1394/48/1519 
f 1394/48/1519 1393/47/1518 1287/47/1392 
f 1290/48/1395 1293/48/1533 1395/48/556 
f 1395/48/556 1394/48/1519 1290/48/1395 
f 1396/113/1534 1397/114/1535 1398/115/1536 
f 1398/115/1536 1399/116/1537 1396/113/1534 
f 1400/117/1538 1396/113/1534 1399/116/1537 
f 1399/116/1537 1401/118/1539 1400/117/1538 
f 1402/119/1540 1400/117/1538 1401/118/1539 
f 1401/118/1539 1403/120/1541 1402/119/1540 
f 1404/121/1542 1402/119/1540 1403/120/1541 
f 1403/120/1541 1405/122/1543 1404/121/1542 
f 1406/123/1544 1404/121/1542 1405/122/1543 
f 1405/122/1543 1407/124/1545 1406/123/1544 
f 1408/125/1546 1409/126/1547 1397/114/1535 
f 1397/114/1535 1396/113/1534 1408/125/1546 
f 1410/127/1548 1408/125/1546 1396/113/1534 
f 1396/113/1534 1400/117/1538 1410/127/1548 
f 1411/128/1549 1410/127/1548 1400/117/1538 
f 1400/117/1538 1402/119/1540 1411/128/1549 
f 1412/129/1550 1411/128/1549 1402/119/1540 
f 1402/119/1540 1404/121/1542 1412/129/1550 
f 1413/130/1551 1412/129/1550 1404/121/1542 
f 1404/121/1542 1406/123/1544 1413/130/1551 
f 1414/131/1552 1415/132/1553 1409/126/1547 
f 1409/126/1547 1408/125/1546 1414/131/1552 
f 1416/133/1554 1414/131/1552 1408/125/1546 
f 1408/125/1546 1410/127/1548 1416/133/1554 
f 1417/134/1555 1416/133/1554 1410/127/1548 
f 1410/127/1548 1411/128/1549 1417/134/1555 
f 1418/135/851 1417/134/1555 1411/128/1549 
f 1411/128/1549 1412/129/1550 1418/135/851 
f 1419/136/1556 1418/135/851 1412/129/1550 
f 1412/129/1550 1413/130/1551 1419/136/1556 
f 1420/137/1557 1421/138/1558 1415/132/1553 
f 1415/132/1553 1414/131/1552 1420/137/1557 
f 1422/139/1559 1420/137/1557 1414/131/1552 
f 1414/131/1552 1416/133/1554 1422/139/1559 
f 1423/140/1560 1422/139/1559 1416/133/1554 
f 1416/133/1554 1417/134/1555 1423/140/1560 
f 1424/141/1561 1423/140/1560 1417/134/1555 
f 1417/134/1555 1418/135/851 1424/141/1561 
f 1425/142/1562 1424/141/1561 1418/135/851 
f 1418/135/851 1419/136/1556 1425/142/1562 
f 1426/143/1563 1427/144/1564 1421/138/1558 
f 1421/138/1558 1420/137/1557 1426/143/1563 
f 1428/145/1565 1426/143/1563 1420/137/1557 
f 1420/137/1557 1422/139/1559 1428/145/1565 
f 1429/146/1566 1428/145/1565 1422/139/1559 
f 1422/139/1559 1423/140/1560 1429/146/1566 
f 1430/147/1567 1429/146/1566 1423/140/1560 
f 1423/140/1560 1424/141/1561 1430/147/1567 
f 1431/148/1568 1430/147/1567 1424/141/1561 
f 1424/141/1561 1425/142/1562 1431/148/1568 
f 1432/149/155 1433/150/1569 1427/144/1564 
f 1427/144/1564 1426/143/1563 1432/149/155 
f 1434/151/1570 1432/149/155 1426/143/1563 
f 1426/143/1563 1428/145/1565 1434/151/1570 
f 1435/152/1571 1434/151/1570 1428/145/1565 
f 1428/145/1565 1429/146/1566 1435/152/1571 
f 1436/153/1572 1435/152/1571 1429/146/1566 
f 1429/146/1566 1430/147/1567 1436/153/1572 
f 1437/154/1573 1436/153/1572 1430/147/1567 
f 1430/147/1567 1431/148/1568 1437/154/1573 
f 1438/155/1574 1439/156/1575 1433/150/1569 
f 1433/150/1569 1432/149/155 1438/155/1574 
f 1440/157/1576 1438/155/1574 1432/149/155 
f 1432/149/155 1434/151/1570 1440/157/1576 
f 1441/158/1577 1440/157/1576 1434/151/1570 
f 1434/151/1570 1435/152/1571 1441/158/1577 
f 1442/159/1578 1441/158/1577 1435/152/1571 
f 1435/152/1571 1436/153/1572 1442/159/1578 
f 1443/160/1579 1442/159/1578 1436/153/1572 
f 1436/153/1572 1437/154/1573 1443/160/1579 
f 1444/161/1580 1445/162/1581 1439/156/1575 
f 1439/156/1575 1438/155/1574 1444/161/1580 
f 1446/163/837 1444/161/1580 1438/155/1574 
f 1438/155/1574 1440/157/1576 1446/163/837 
f 1447/164/1582 1446/163/837 1440/157/1576 
f 1440/157/1576 1441/158/1577 1447/164/1582 
f 1448/165/1583 1447/164/1582 1441/158/1577 
f 1441/158/1577 1442/159/1578 1448/165/1583 
f 1449/166/1584 1448/165/1583 1442/159/1578 
f 1442/159/1578 1443/160/1579 1449/166/1584 
f 1450/167/1585 1451/168/1586 1445/162/1581 
f 1445/162/1581 1444/161/1580 1450/167/1585 
f 1452/169/1587 1450/167/1585 1444/161/1580 
f 1444/161/1580 1446/163/837 1452/169/1587 
f 1453/170/1588 1452/169/1587 1446/163/837 
f 1446/163/837 1447/164/1582 1453/170/1588 
f 1454/171/1589 1453/170/1588 1447/164/1582 
f 1447/164/1582 1448/165/1583 1454/171/1589 
f 1455/172/1590 1454/171/1589 1448/165/1583 
f 1448/165/1583 1449/166/1584 1455/172/1590 
f 1456/173/1591 1457/174/1592 1458/115/1593 
f 1458/115/1593 1459/114/1594 1456/173/1591 
f 1460/175/1595 1461/176/1596 1457/174/1592 
f 1457/174/1592 1456/173/1591 1460/175/1595 
f 1462/177/1597 1463/178/1598 1461/176/1596 
f 1461/176/1596 1460/175/1595 1462/177/1597 
f 1464/179/1599 1465/180/1600 1463/178/1598 
f 1463/178/1598 1462/177/1597 1464/179/1599 
f 1466/181/1601 1467/182/1602 1465/180/1600 
f 1465/180/1600 1464/179/1599 1466/181/1601 
f 1468/183/1603 1456/173/1591 1459/114/1594 
f 1459/114/1594 1469/126/1604 1468/183/1603 
f 1470/184/1605 1460/175/1595 1456/173/1591 
f 1456/173/1591 1468/183/1603 1470/184/1605 
f 1471/185/1606 1462/177/1597 1460/175/1595 
f 1460/175/1595 1470/184/1605 1471/185/1606 
f 1472/186/1607 1464/179/1599 1462/177/1597 
f 1462/177/1597 1471/185/1606 1472/186/1607 
f 1473/187/1608 1466/181/1601 1464/179/1599 
f 1464/179/1599 1472/186/1607 1473/187/1608 
f 1474/188/1609 1468/183/1603 1469/126/1604 
f 1469/126/1604 1475/132/1610 1474/188/1609 
f 1476/189/589 1470/184/1605 1468/183/1603 
f 1468/183/1603 1474/188/1609 1476/189/589 
f 1477/190/1611 1471/185/1606 1470/184/1605 
f 1470/184/1605 1476/189/589 1477/190/1611 
f 1478/191/1612 1472/186/1607 1471/185/1606 
f 1471/185/1606 1477/190/1611 1478/191/1612 
f 1479/192/1502 1473/187/1608 1472/186/1607 
f 1472/186/1607 1478/191/1612 1479/192/1502 
f 1480/193/1613 1474/188/1609 1475/132/1610 
f 1475/132/1610 1481/138/1614 1480/193/1613 
f 1482/194/1615 1476/189/589 1474/188/1609 
f 1474/188/1609 1480/193/1613 1482/194/1615 
f 1483/195/1616 1477/190/1611 1476/189/589 
f 1476/189/589 1482/194/1615 1483/195/1616 
f 1484/196/1617 1478/191/1612 1477/190/1611 
f 1477/190/1611 1483/195/1616 1484/196/1617 
f 1485/197/1618 1479/192/1502 1478/191/1612 
f 1478/191/1612 1484/196/1617 1485/197/1618 
f 1486/198/1619 1480/193/1613 1481/138/1614 
f 1481/138/1614 1487/144/1620 1486/198/1619 
f 1488/199/1621 1482/194/1615 1480/193/1613 
f 1480/193/1613 1486/198/1619 1488/199/1621 
f 1489/200/1622 1483/195/1616 1482/194/1615 
f 1482/194/1615 1488/199/1621 1489/200/1622 
f 1490/201/1623 1484/196/1617 1483/195/1616 
f 1483/195/1616 1489/200/1622 1490/201/1623 
f 1491/202/1624 1485/197/1618 1484/196/1617 
f 1484/196/1617 1490/201/1623 1491/202/1624 
f 1492/203/1625 1486/198/1619 1487/144/1620 
f 1487/144/1620 1493/150/1626 1492/203/1625 
f 1494/204/1627 1488/199/1621 1486/198/1619 
f 1486/198/1619 1492/203/1625 1494/204/1627 
f 1495/205/1628 1489/200/1622 1488/199/1621 
f 1488/199/1621 1494/204/1627 1495/205/1628 
f 1496/206/1629 1490/201/1623 1489/200/1622 
f 1489/200/1622 1495/205/1628 1496/206/1629 
f 1497/207/1630 1491/202/1624 1490/201/1623 
f 1490/201/1623 1496/206/1629 1497/207/1630 
f 1498/208/1631 1492/203/1625 1493/150/1626 
f 1493/150/1626 1499/156/1632 1498/208/1631 
f 1500/209/1633 1494/204/1627 1492/203/1625 
f 1492/203/1625 1498/208/1631 1500/209/1633 
f 1501/210/1634 1495/205/1628 1494/204/1627 
f 1494/204/1627 1500/209/1633 1501/210/1634 
f 1502/211/1635 1496/206/1629 1495/205/1628 
f 1495/205/1628 1501/210/1634 1502/211/1635 
f 1503/212/1636 1497/207/1630 1496/206/1629 
f 1496/206/1629 1502/211/1635 1503/212/1636 
f 1504/213/1637 1498/208/1631 1499/156/1632 
f 1499/156/1632 1505/162/1638 1504/213/1637 
f 1506/214/1639 1500/209/1633 1498/208/1631 
f 1498/208/1631 1504/213/1637 1506/214/1639 
f 1507/215/1640 1501/210/1634 1500/209/1633 
f 1500/209/1633 1506/214/1639 1507/215/1640 
f 1508/216/1641 1502/211/1635 1501/210/1634 
f 1501/210/1634 1507/215/1640 1508/216/1641 
f 1509/217/1642 1503/212/1636 1502/211/1635 
f 1502/211/1635 1508/216/1641 1509/217/1642 
f 1510/218/1643 1504/213/1637 1505/162/1638 
f 1505/162/1638 1511/168/1644 1510/218/1643 
f 1512/219/1645 1506/214/1639 1504/213/1637 
f 1504/213/1637 1510/218/1643 1512/219/1645 
f 1513/220/1646 1507/215/1640 1506/214/1639 
f 1506/214/1639 1512/219/1645 1513/220/1646 
f 1514/221/1647 1508/216/1641 1507/215/1640 
f 1507/215/1640 1513/220/1646 1514/221/1647 
f 1515/222/1642 1509/217/1642 1508/216/1641 
f 1508/216/1641 1514/221/1647 1515/222/1642 
f 1516/1/1648 1517/1/1649 1518/2/1650 
f 1518/2/1650 1519/3/1651 1516/1/1648 
f 1518/2/1650 1520/4/1652 1521/4/1653 
f 1521/4/1653 1519/3/1651 1518/2/1650 
f 1522/5/1654 1521/4/1653 1520/4/1652 
f 1520/4/1652 1523/5/1655 1522/5/1654 
f 1524/6/1656 1525/7/1657 1523/5/1655 
f 1523/5/1655 1520/4/1652 1524/6/1656 
f 1518/2/1650 1517/1/1649 1526/8/1658 
f 1526/8/1658 1527/9/1659 1518/2/1650 
f 1527/9/1659 1524/6/1656 1520/4/1652 
f 1520/4/1652 1518/2/1650 1527/9/1659 
f 1516/1/1648 1528/10/1660 1529/11/1661 
f 1529/11/1661 1517/1/1649 1516/1/1648 
f 1530/11/1662 1526/8/1658 1517/1/1649 
f 1517/1/1649 1529/11/1661 1530/11/1662 
f 1531/12/1663 1532/12/1664 1530/11/1662 
f 1530/11/1662 1529/11/1661 1531/12/1663 
f 1528/10/1660 1533/13/1665 1531/12/1663 
f 1531/12/1663 1529/11/1661 1528/10/1660 
f 1533/13/1665 1534/14/1666 1535/15/1650 
f 1535/15/1650 1531/12/1663 1533/13/1665 
f 1536/15/1667 1532/12/1664 1531/12/1663 
f 1531/12/1663 1535/15/1650 1536/15/1667 
f 1534/14/1666 1537/16/1668 1538/17/1669 
f 1538/17/1669 1535/15/1650 1534/14/1666 
f 1535/15/1650 1538/17/1669 1539/17/1670 
f 1539/17/1670 1536/15/1667 1535/15/1650 
f 1537/16/1668 1540/18/1671 1541/19/1672 
f 1541/19/1672 1538/17/1669 1537/16/1668 
f 1542/19/1673 1539/17/1670 1538/17/1669 
f 1538/17/1669 1541/19/1672 1542/19/1673 
f 1540/18/1671 1543/20/1674 1544/21/1675 
f 1544/21/1675 1541/19/1672 1540/18/1671 
f 1545/21/1676 1542/19/1673 1541/19/1672 
f 1541/19/1672 1544/21/1675 1545/21/1676 
f 1546/22/1677 1544/21/1675 1543/20/1674 
f 1543/20/1674 1547/23/1678 1546/22/1677 
f 1548/22/1679 1545/21/1676 1544/21/1675 
f 1544/21/1675 1546/22/1677 1548/22/1679 
f 1547/23/1678 1549/24/1680 1550/25/1681 
f 1550/25/1681 1546/22/1677 1547/23/1678 
f 1546/22/1677 1550/25/1681 1551/26/1682 
f 1551/26/1682 1548/22/1679 1546/22/1677 
f 1549/24/1680 1552/27/1683 1553/28/1684 
f 1553/28/1684 1550/25/1681 1549/24/1680 
f 1554/28/1685 1551/26/1682 1550/25/1681 
f 1550/25/1681 1553/28/1684 1554/28/1685 
f 1552/27/1683 1555/29/1686 1556/29/1687 
f 1556/29/1687 1553/28/1684 1552/27/1683 
f 1553/28/1684 1556/29/1687 1557/30/1688 
f 1557/30/1688 1554/28/1685 1553/28/1684 
f 1555/29/1686 1558/31/1689 1559/31/1690 
f 1559/31/1690 1556/29/1687 1555/29/1686 
f 1560/32/1691 1557/30/1688 1556/29/1687 
f 1556/29/1687 1559/31/1690 1560/32/1691 
f 1558/31/1689 1561/33/1692 1562/33/1693 
f 1562/33/1693 1559/31/1690 1558/31/1689 
f 1563/34/1694 1560/32/1691 1559/31/1690 
f 1559/31/1690 1562/33/1693 1563/34/1694 
f 1564/35/1695 1562/33/1693 1561/33/1692 
f 1561/33/1692 1565/35/1696 1564/35/1695 
f 1562/33/1693 1564/35/1695 1566/36/1697 
f 1566/36/1697 1563/34/1694 1562/33/1693 
f 1565/35/1696 1567/37/1698 1568/37/1699 
f 1568/37/1699 1564/35/1695 1565/35/1696 
f 1569/38/1700 1566/36/1697 1564/35/1695 
f 1564/35/1695 1568/37/1699 1569/38/1700 
f 1570/39/1701 1568/37/1699 1567/37/1698 
f 1567/37/1698 1571/39/1702 1570/39/1701 
f 1568/37/1699 1570/39/1701 1572/40/1703 
f 1572/40/1703 1569/38/1700 1568/37/1699 
f 1571/39/1702 1573/41/1704 1574/41/1705 
f 1574/41/1705 1570/39/1701 1571/39/1702 
f 1575/42/1706 1572/40/1703 1570/39/1701 
f 1570/39/1701 1574/41/1705 1575/42/1706 
f 1573/41/1704 1576/43/1707 1577/43/1708 
f 1577/43/1708 1574/41/1705 1573/41/1704 
f 1578/43/1709 1575/42/1706 1574/41/1705 
f 1574/41/1705 1577/43/1708 1578/43/1709 
f 1579/44/1710 1577/43/1708 1576/43/1707 
f 1576/43/1707 1580/44/1711 1579/44/1710 
f 1577/43/1708 1579/44/1710 1581/44/1712 
f 1581/44/1712 1578/43/1709 1577/43/1708 
f 1582/45/1713 1579/44/1710 1580/44/1711 
f 1580/44/1711 1583/45/1714 1582/45/1713 
f 1579/44/1710 1582/45/1713 1584/45/1715 
f 1584/45/1715 1581/44/1712 1579/44/1710 
f 1585/46/1716 1582/45/1713 1583/45/1714 
f 1583/45/1714 1586/46/1717 1585/46/1716 
f 1587/46/1718 1584/45/1715 1582/45/1713 
f 1582/45/1713 1585/46/1716 1587/46/1718 
f 1586/46/1717 1588/47/1719 1589/47/1720 
f 1589/47/1720 1585/46/1716 1586/46/1717 
f 1590/47/1721 1587/46/1718 1585/46/1716 
f 1585/46/1716 1589/47/1720 1590/47/1721 
f 1588/47/1719 1591/48/1722 1592/48/1723 
f 1592/48/1723 1589/47/1720 1588/47/1719 
f 1592/48/1723 1593/48/1333 1590/47/1721 
f 1590/47/1721 1589/47/1720 1592/48/1723 
f 1592/48/1723 1591/48/1722 1594/48/1724 
f 1594/48/1724 1595/48/1725 1592/48/1723 
f 1596/48/1726 1593/48/1333 1592/48/1723 
f 1592/48/1723 1595/48/1725 1596/48/1726 
f 1594/48/1724 1597/48/1727 1598/48/715 
f 1598/48/715 1595/48/1725 1594/48/1724 
f 1599/48/1728 1596/48/1726 1595/48/1725 
f 1595/48/1725 1598/48/715 1599/48/1728 
f 1600/49/1729 1522/5/1654 1523/5/1655 
f 1523/5/1655 1601/50/1730 1600/49/1729 
f 1525/7/1657 1602/51/1731 1601/50/1730 
f 1601/50/1730 1523/5/1655 1525/7/1657 
f 1603/52/1732 1600/49/1729 1601/50/1730 
f 1601/50/1730 1604/53/1733 1603/52/1732 
f 1602/51/1731 1605/54/1734 1604/53/1733 
f 1604/53/1733 1601/50/1730 1602/51/1731 
f 1606/55/1735 1607/3/1736 1519/3/1736 
f 1519/3/1736 1521/4/1737 1606/55/1735 
f 1607/3/1736 1608/56/1738 1516/1/1648 
f 1516/1/1648 1519/3/1736 1607/3/1736 
f 1609/57/1739 1606/55/1735 1521/4/1737 
f 1521/4/1737 1522/5/1739 1609/57/1739 
f 1610/49/1740 1609/57/1739 1522/5/1739 
f 1522/5/1739 1600/49/1729 1610/49/1740 
f 1611/49/1741 1610/49/1740 1600/49/1729 
f 1600/49/1729 1603/52/1742 1611/49/1741 
f 1608/56/1738 1612/10/1743 1528/10/1660 
f 1528/10/1660 1516/1/1648 1608/56/1738 
f 1612/10/1743 1613/58/1744 1533/13/1665 
f 1533/13/1665 1528/10/1660 1612/10/1743 
f 1613/58/1744 1614/59/1745 1534/14/1666 
f 1534/14/1666 1533/13/1665 1613/58/1744 
f 1614/59/1745 1615/16/1746 1537/16/1668 
f 1537/16/1668 1534/14/1666 1614/59/1745 
f 1615/16/1746 1616/18/1747 1540/18/1671 
f 1540/18/1671 1537/16/1668 1615/16/1746 
f 1616/18/1747 1617/20/1748 1543/20/1749 
f 1543/20/1749 1540/18/1671 1616/18/1747 
f 1617/20/1748 1618/23/1750 1547/23/1751 
f 1547/23/1751 1543/20/1749 1617/20/1748 
f 1618/23/1750 1619/60/1752 1549/24/1680 
f 1549/24/1680 1547/23/1751 1618/23/1750 
f 1619/60/1752 1620/27/1753 1552/27/1683 
f 1552/27/1683 1549/24/1680 1619/60/1752 
f 1620/27/1753 1621/29/1754 1555/29/1686 
f 1555/29/1686 1552/27/1683 1620/27/1753 
f 1558/31/1755 1555/29/1686 1621/29/1754 
f 1621/29/1754 1622/31/1756 1558/31/1755 
f 1622/31/1756 1623/33/1757 1561/33/1692 
f 1561/33/1692 1558/31/1755 1622/31/1756 
f 1623/33/1757 1624/35/1758 1565/35/1696 
f 1565/35/1696 1561/33/1692 1623/33/1757 
f 1624/35/1758 1625/37/1759 1567/37/1698 
f 1567/37/1698 1565/35/1696 1624/35/1758 
f 1625/37/1759 1626/61/1760 1571/39/1702 
f 1571/39/1702 1567/37/1698 1625/37/1759 
f 1626/61/1760 1627/62/1761 1573/41/1704 
f 1573/41/1704 1571/39/1702 1626/61/1760 
f 1576/43/1707 1573/41/1704 1627/62/1761 
f 1627/62/1761 1628/63/1762 1576/43/1707 
f 1628/63/1762 1629/64/1763 1580/44/1764 
f 1580/44/1764 1576/43/1707 1628/63/1762 
f 1629/64/1763 1630/65/1765 1583/45/1766 
f 1583/45/1766 1580/44/1764 1629/64/1763 
f 1630/65/1765 1631/66/1767 1586/46/1768 
f 1586/46/1768 1583/45/1766 1630/65/1765 
f 1631/66/1767 1632/67/1769 1588/47/1770 
f 1588/47/1770 1586/46/1768 1631/66/1767 
f 1632/67/1769 1633/47/1771 1591/48/1722 
f 1591/48/1722 1588/47/1770 1632/67/1769 
f 1633/47/1771 1634/48/1772 1594/48/1773 
f 1594/48/1773 1591/48/1722 1633/47/1771 
f 1634/48/1772 1635/48/1774 1597/48/1774 
f 1597/48/1774 1594/48/1773 1634/48/1772 
f 1635/48/1775 1636/68/1776 1598/68/1777 
f 1598/68/1777 1597/48/1778 1635/48/1775 
f 1637/68/1779 1599/68/1780 1598/68/1777 
f 1598/68/1777 1636/68/1776 1637/68/1779 
f 1638/52/1781 1611/49/1741 1603/52/1742 
f 1603/52/1742 1604/53/1733 1638/52/1781 
f 1606/55/1735 1609/57/1782 1639/69/1783 
f 1639/69/1783 1640/70/1784 1606/55/1735 
f 1639/69/1783 1609/57/1782 1610/49/1785 
f 1610/49/1785 1641/71/1786 1639/69/1783 
f 1611/49/1787 1642/72/1788 1641/71/1786 
f 1641/71/1786 1610/49/1785 1611/49/1787 
f 1638/52/1781 1643/72/1789 1642/72/1788 
f 1642/72/1788 1611/49/1787 1638/52/1781 
f 1640/70/1784 1644/73/1790 1607/3/440 
f 1607/3/440 1606/55/1735 1640/70/1784 
f 1644/73/1790 1645/74/1790 1608/56/1791 
f 1608/56/1791 1607/3/440 1644/73/1790 
f 1645/74/1790 1646/75/1792 1612/10/1793 
f 1612/10/1793 1608/56/1791 1645/74/1790 
f 1646/75/1792 1647/76/1794 1613/58/1744 
f 1613/58/1744 1612/10/1793 1646/75/1792 
f 1647/76/1794 1648/77/1795 1614/59/1745 
f 1614/59/1745 1613/58/1744 1647/76/1794 
f 1615/16/1746 1614/59/1745 1648/77/1795 
f 1648/77/1795 1649/78/1796 1615/16/1746 
f 1616/18/1747 1615/16/1746 1649/78/1796 
f 1649/78/1796 1650/79/1797 1616/18/1747 
f 1617/20/1748 1616/18/1747 1650/79/1797 
f 1650/79/1797 1651/80/1798 1617/20/1748 
f 1618/23/1750 1617/20/1748 1651/80/1798 
f 1651/80/1798 1652/81/1799 1618/23/1750 
f 1619/60/1800 1618/23/1750 1652/81/1799 
f 1652/81/1799 1653/82/1801 1619/60/1800 
f 1620/27/1753 1619/60/1800 1653/82/1801 
f 1653/82/1801 1654/83/1802 1620/27/1753 
f 1621/29/1754 1620/27/1753 1654/83/1802 
f 1654/83/1802 1655/84/1802 1621/29/1754 
f 1622/31/1756 1621/29/1754 1655/84/1802 
f 1655/84/1802 1656/85/1803 1622/31/1756 
f 1623/33/1757 1622/31/1756 1656/85/1803 
f 1656/85/1803 1657/86/1804 1623/33/1757 
f 1657/86/1804 1658/87/1805 1624/35/1806 
f 1624/35/1806 1623/33/1757 1657/86/1804 
f 1658/87/1805 1659/88/1807 1625/37/1759 
f 1625/37/1759 1624/35/1806 1658/87/1805 
f 1659/88/1807 1660/61/1808 1626/61/1760 
f 1626/61/1760 1625/37/1759 1659/88/1807 
f 1627/62/1761 1626/61/1760 1660/61/1808 
f 1660/61/1808 1661/62/1809 1627/62/1761 
f 1661/62/1809 1662/63/1810 1628/63/1762 
f 1628/63/1762 1627/62/1761 1661/62/1809 
f 1662/63/1810 1663/64/1811 1629/64/1763 
f 1629/64/1763 1628/63/1762 1662/63/1810 
f 1663/64/1811 1664/65/1812 1630/65/1765 
f 1630/65/1765 1629/64/1763 1663/64/1811 
f 1631/66/1813 1630/65/1765 1664/65/1812 
f 1664/65/1812 1665/66/1814 1631/66/1813 
f 1632/67/1815 1631/66/1813 1665/66/1814 
f 1665/66/1814 1666/67/1812 1632/67/1815 
f 1666/67/1812 1667/67/1816 1633/47/1817 
f 1633/47/1817 1632/67/1815 1666/67/1812 
f 1634/48/1818 1633/47/1817 1667/67/1816 
f 1667/67/1816 1668/68/1819 1634/48/1818 
f 1635/48/1775 1634/48/1818 1668/68/1819 
f 1668/68/1819 1636/68/1776 1635/48/1775 
f 1669/89/1820 1670/90/1821 1639/69/1783 
f 1639/69/1783 1641/71/1786 1669/89/1820 
f 1671/91/1822 1669/89/1820 1641/71/1786 
f 1641/71/1786 1642/72/1788 1671/91/1822 
f 1672/92/1823 1671/91/1822 1642/72/1788 
f 1642/72/1788 1643/72/1789 1672/92/1823 
f 1670/90/1821 1673/93/1824 1640/70/1784 
f 1640/70/1784 1639/69/1783 1670/90/1821 
f 1673/93/1824 1674/94/1825 1644/73/1790 
f 1644/73/1790 1640/70/1784 1673/93/1824 
f 1674/94/1825 1675/95/1826 1645/74/1790 
f 1645/74/1790 1644/73/1790 1674/94/1825 
f 1675/95/1826 1676/96/1827 1646/75/1792 
f 1646/75/1792 1645/74/1790 1675/95/1826 
f 1676/96/1827 1677/76/1828 1647/76/1794 
f 1647/76/1794 1646/75/1792 1676/96/1827 
f 1677/76/1828 1678/97/1829 1648/77/1795 
f 1648/77/1795 1647/76/1794 1677/76/1828 
f 1649/78/1796 1648/77/1795 1678/97/1829 
f 1678/97/1829 1679/78/1830 1649/78/1796 
f 1679/78/1830 1680/79/1831 1650/79/1797 
f 1650/79/1797 1649/78/1796 1679/78/1830 
f 1651/80/1798 1650/79/1797 1680/79/1831 
f 1680/79/1831 1681/80/1832 1651/80/1798 
f 1681/80/1832 1682/81/1833 1652/81/1799 
f 1652/81/1799 1651/80/1798 1681/80/1832 
f 1682/81/1833 1683/82/1834 1653/82/1835 
f 1653/82/1835 1652/81/1799 1682/81/1833 
f 1654/83/1802 1653/82/1835 1683/82/1834 
f 1683/82/1834 1684/83/1836 1654/83/1802 
f 1684/83/1836 1685/84/1837 1655/84/1802 
f 1655/84/1802 1654/83/1802 1684/83/1836 
f 1685/84/1837 1686/85/1838 1656/85/1803 
f 1656/85/1803 1655/84/1802 1685/84/1837 
f 1686/85/1838 1687/86/1839 1657/86/1804 
f 1657/86/1804 1656/85/1803 1686/85/1838 
f 1658/87/1805 1657/86/1804 1687/86/1839 
f 1687/86/1839 1688/87/1840 1658/87/1805 
f 1659/88/1807 1658/87/1805 1688/87/1840 
f 1688/87/1840 1689/88/1839 1659/88/1807 
f 1660/61/1808 1659/88/1807 1689/88/1839 
f 1689/88/1839 1690/61/1841 1660/61/1808 
f 1690/61/1841 1691/62/1842 1661/62/1809 
f 1661/62/1809 1660/61/1808 1690/61/1841 
f 1691/62/1842 1692/63/1843 1662/63/1810 
f 1662/63/1810 1661/62/1809 1691/62/1842 
f 1692/63/1843 1693/64/1844 1663/64/1811 
f 1663/64/1811 1662/63/1810 1692/63/1843 
f 1664/65/1812 1663/64/1811 1693/64/1844 
f 1693/64/1844 1694/65/1845 1664/65/1812 
f 1694/65/1845 1695/66/1846 1665/66/1814 
f 1665/66/1814 1664/65/1812 1694/65/1845 
f 1666/67/1812 1665/66/1814 1695/66/1846 
f 1695/66/1846 1696/67/1847 1666/67/1812 
f 1696/67/1847 1697/68/1848 1667/67/1816 
f 1667/67/1816 1666/67/1812 1696/67/1847 
f 1697/68/1848 1698/68/1849 1668/68/1819 
f 1668/68/1819 1667/67/1816 1697/68/1848 
f 1636/68/1776 1668/68/1819 1698/68/1849 
f 1698/68/1849 1637/68/1779 1636/68/1776 
f 1672/92/1823 1643/72/1789 1638/52/1781 
f 1638/52/1781 1604/53/1733 1672/92/1823 
f 1605/54/1734 1671/98/1822 1672/99/1823 
f 1672/99/1823 1604/53/1733 1605/54/1734 
f 1671/98/1822 1605/54/1734 1602/51/1731 
f 1602/51/1731 1669/98/1850 1671/98/1822 
f 1602/51/1731 1525/7/1851 1670/100/1851 
f 1670/100/1851 1669/98/1850 1602/51/1731 
f 1525/7/1851 1524/6/1852 1673/101/1852 
f 1673/101/1852 1670/100/1851 1525/7/1851 
f 1524/6/1852 1527/9/1853 1674/102/1853 
f 1674/102/1853 1673/101/1852 1524/6/1852 
f 1527/9/1853 1526/8/1854 1675/8/1854 
f 1675/8/1854 1674/102/1853 1527/9/1853 
f 1526/8/1854 1530/11/1662 1676/103/1855 
f 1676/103/1855 1675/8/1854 1526/8/1854 
f 1530/11/1662 1532/12/1664 1677/104/1856 
f 1677/104/1856 1676/103/1855 1530/11/1662 
f 1678/105/1857 1677/104/1856 1532/12/1664 
f 1532/12/1664 1536/15/1858 1678/105/1857 
f 1679/106/1830 1678/105/1857 1536/15/1858 
f 1536/15/1858 1539/17/1670 1679/106/1830 
f 1680/107/1831 1679/106/1830 1539/17/1670 
f 1539/17/1670 1542/19/1673 1680/107/1831 
f 1542/19/1673 1545/21/1676 1681/21/1832 
f 1681/21/1832 1680/107/1831 1542/19/1673 
f 1545/21/1676 1548/22/1859 1682/108/1833 
f 1682/108/1833 1681/21/1832 1545/21/1676 
f 1548/22/1859 1551/26/1682 1683/26/1834 
f 1683/26/1834 1682/108/1833 1548/22/1859 
f 1684/28/1836 1683/26/1834 1551/26/1682 
f 1551/26/1682 1554/28/1685 1684/28/1836 
f 1554/28/1685 1557/30/1688 1685/30/1837 
f 1685/30/1837 1684/28/1836 1554/28/1685 
f 1557/30/1688 1560/32/1691 1686/32/1838 
f 1686/32/1838 1685/30/1837 1557/30/1688 
f 1687/34/1839 1686/32/1838 1560/32/1691 
f 1560/32/1691 1563/34/1694 1687/34/1839 
f 1688/36/1840 1687/34/1839 1563/34/1694 
f 1563/34/1694 1566/36/1697 1688/36/1840 
f 1689/38/1839 1688/36/1840 1566/36/1697 
f 1566/36/1697 1569/38/1700 1689/38/1839 
f 1569/38/1700 1572/40/1703 1690/40/1841 
f 1690/40/1841 1689/38/1839 1569/38/1700 
f 1691/109/1842 1690/40/1841 1572/40/1703 
f 1572/40/1703 1575/42/1860 1691/109/1842 
f 1692/110/1843 1691/109/1842 1575/42/1860 
f 1575/42/1860 1578/43/1709 1692/110/1843 
f 1578/43/1709 1581/44/1712 1693/111/1844 
f 1693/111/1844 1692/110/1843 1578/43/1709 
f 1694/112/1861 1693/111/1844 1581/44/1712 
f 1581/44/1712 1584/45/1715 1694/112/1861 
f 1695/46/1862 1694/112/1861 1584/45/1715 
f 1584/45/1715 1587/46/1718 1695/46/1862 
f 1587/46/1718 1590/47/1721 1696/47/1847 
f 1696/47/1847 1695/46/1862 1587/46/1718 
f 1590/47/1721 1593/48/1333 1697/48/1848 
f 1697/48/1848 1696/47/1847 1590/47/1721 
f 1593/48/1333 1596/48/1863 1698/48/1849 
f 1698/48/1849 1697/48/1848 1593/48/1333 
f 1699/113/1864 1700/114/1865 1701/115/1866 
f 1701/115/1866 1702/116/1867 1699/113/1864 
f 1703/117/1868 1699/113/1864 1702/116/1867 
f 1702/116/1867 1704/118/1869 1703/117/1868 
f 1705/119/1870 1703/117/1868 1704/118/1869 
f 1704/118/1869 1706/120/1871 1705/119/1870 
f 1707/121/1872 1705/119/1870 1706/120/1871 
f 1706/120/1871 1708/122/1873 1707/121/1872 
f 1709/123/1874 1707/121/1872 1708/122/1873 
f 1708/122/1873 1710/124/1875 1709/123/1874 
f 1711/125/1876 1712/126/1877 1700/114/1865 
f 1700/114/1865 1699/113/1864 1711/125/1876 
f 1713/127/1878 1711/125/1876 1699/113/1864 
f 1699/113/1864 1703/117/1868 1713/127/1878 
f 1714/128/1879 1713/127/1878 1703/117/1868 
f 1703/117/1868 1705/119/1870 1714/128/1879 
f 1715/129/1880 1714/128/1879 1705/119/1870 
f 1705/119/1870 1707/121/1872 1715/129/1880 
f 1716/130/1881 1715/129/1880 1707/121/1872 
f 1707/121/1872 1709/123/1874 1716/130/1881 
f 1717/131/1882 1718/132/1883 1712/126/1877 
f 1712/126/1877 1711/125/1876 1717/131/1882 
f 1719/133/1884 1717/131/1882 1711/125/1876 
f 1711/125/1876 1713/127/1878 1719/133/1884 
f 1720/134/1885 1719/133/1884 1713/127/1878 
f 1713/127/1878 1714/128/1879 1720/134/1885 
f 1721/135/1886 1720/134/1885 1714/128/1879 
f 1714/128/1879 1715/129/1880 1721/135/1886 
f 1722/136/1887 1721/135/1886 1715/129/1880 
f 1715/129/1880 1716/130/1881 1722/136/1887 
f 1723/137/1888 1724/138/1889 1718/132/1883 
f 1718/132/1883 1717/131/1882 1723/137/1888 
f 1725/139/1890 1723/137/1888 1717/131/1882 
f 1717/131/1882 1719/133/1884 1725/139/1890 
f 1726/140/1891 1725/139/1890 1719/133/1884 
f 1719/133/1884 1720/134/1885 1726/140/1891 
f 1727/141/1892 1726/140/1891 1720/134/1885 
f 1720/134/1885 1721/135/1886 1727/141/1892 
f 1728/142/1893 1727/141/1892 1721/135/1886 
f 1721/135/1886 1722/136/1887 1728/142/1893 
f 1729/143/1894 1730/144/1895 1724/138/1889 
f 1724/138/1889 1723/137/1888 1729/143/1894 
f 1731/145/1896 1729/143/1894 1723/137/1888 
f 1723/137/1888 1725/139/1890 1731/145/1896 
f 1732/146/1897 1731/145/1896 1725/139/1890 
f 1725/139/1890 1726/140/1891 1732/146/1897 
f 1733/147/1898 1732/146/1897 1726/140/1891 
f 1726/140/1891 1727/141/1892 1733/147/1898 
f 1734/148/1899 1733/147/1898 1727/141/1892 
f 1727/141/1892 1728/142/1893 1734/148/1899 
f 1735/149/1900 1736/150/1901 1730/144/1895 
f 1730/144/1895 1729/143/1894 1735/149/1900 
f 1737/151/1902 1735/149/1900 1729/143/1894 
f 1729/143/1894 1731/145/1896 1737/151/1902 
f 1738/152/1903 1737/151/1902 1731/145/1896 
f 1731/145/1896 1732/146/1897 1738/152/1903 
f 1739/153/1904 1738/152/1903 1732/146/1897 
f 1732/146/1897 1733/147/1898 1739/153/1904 
f 1740/154/1905 1739/153/1904 1733/147/1898 
f 1733/147/1898 1734/148/1899 1740/154/1905 
f 1741/155/1906 1742/156/1907 1736/150/1901 
f 1736/150/1901 1735/149/1900 1741/155/1906 
f 1743/157/1908 1741/155/1906 1735/149/1900 
f 1735/149/1900 1737/151/1902 1743/157/1908 
f 1744/158/1909 1743/157/1908 1737/151/1902 
f 1737/151/1902 1738/152/1903 1744/158/1909 
f 1745/159/1910 1744/158/1909 1738/152/1903 
f 1738/152/1903 1739/153/1904 1745/159/1910 
f 1746/160/1911 1745/159/1910 1739/153/1904 
f 1739/153/1904 1740/154/1905 1746/160/1911 
f 1747/161/1912 1748/162/1913 1742/156/1907 
f 1742/156/1907 1741/155/1906 1747/161/1912 
f 1749/163/1914 1747/161/1912 1741/155/1906 
f 1741/155/1906 1743/157/1908 1749/163/1914 
f 1750/164/1915 1749/163/1914 1743/157/1908 
f 1743/157/1908 1744/158/1909 1750/164/1915 
f 1751/165/1916 1750/164/1915 1744/158/1909 
f 1744/158/1909 1745/159/1910 1751/165/1916 
f 1752/166/1917 1751/165/1916 1745/159/1910 
f 1745/159/1910 1746/160/1911 1752/166/1917 
f 1753/167/1482 1754/168/1913 1748/162/1913 
f 1748/162/1913 1747/161/1912 1753/167/1482 
f 1755/169/1918 1753/167/1482 1747/161/1912 
f 1747/161/1912 1749/163/1914 1755/169/1918 
f 1756/170/1919 1755/169/1918 1749/163/1914 
f 1749/163/1914 1750/164/1915 1756/170/1919 
f 1757/171/1920 1756/170/1919 1750/164/1915 
f 1750/164/1915 1751/165/1916 1757/171/1920 
f 1758/172/1921 1757/171/1920 1751/165/1916 
f 1751/165/1916 1752/166/1917 1758/172/1921 
f 1759/173/1922 1760/174/1923 1761/115/1924 
f 1761/115/1924 1762/114/1925 1759/173/1922 
f 1763/175/1926 1764/176/1927 1760/174/1923 
f 1760/174/1923 1759/173/1922 1763/175/1926 
f 1765/177/1928 1766/178/1929 1764/176/1927 
f 1764/176/1927 1763/175/1926 1765/177/1928 
f 1767/179/1930 1768/180/1931 1766/178/1929 
f 1766/178/1929 1765/177/1928 1767/179/1930 
f 1769/181/1932 1770/182/1933 1768/180/1931 
f 1768/180/1931 1767/179/1930 1769/181/1932 
f 1771/183/1934 1759/173/1922 1762/114/1925 
f 1762/114/1925 1772/126/1935 1771/183/1934 
f 1773/184/1936 1763/175/1926 1759/173/1922 
f 1759/173/1922 1771/183/1934 1773/184/1936 
f 1774/185/1937 1765/177/1928 1763/175/1926 
f 1763/175/1926 1773/184/1936 1774/185/1937 
f 1775/186/1938 1767/179/1930 1765/177/1928 
f 1765/177/1928 1774/185/1937 1775/186/1938 
f 1776/187/1939 1769/181/1932 1767/179/1930 
f 1767/179/1930 1775/186/1938 1776/187/1939 
f 1777/188/1940 1771/183/1934 1772/126/1935 
f 1772/126/1935 1778/132/1941 1777/188/1940 
f 1779/189/1942 1773/184/1936 1771/183/1934 
f 1771/183/1934 1777/188/1940 1779/189/1942 
f 1780/190/1943 1774/185/1937 1773/184/1936 
f 1773/184/1936 1779/189/1942 1780/190/1943 
f 1781/191/1944 1775/186/1938 1774/185/1937 
f 1774/185/1937 1780/190/1943 1781/191/1944 
f 1782/192/1831 1776/187/1939 1775/186/1938 
f 1775/186/1938 1781/191/1944 1782/192/1831 
f 1783/193/1945 1777/188/1940 1778/132/1941 
f 1778/132/1941 1784/138/1946 1783/193/1945 
f 1785/194/1947 1779/189/1942 1777/188/1940 
f 1777/188/1940 1783/193/1945 1785/194/1947 
f 1786/195/1948 1780/190/1943 1779/189/1942 
f 1779/189/1942 1785/194/1947 1786/195/1948 
f 1787/196/1949 1781/191/1944 1780/190/1943 
f 1780/190/1943 1786/195/1948 1787/196/1949 
f 1788/197/1950 1782/192/1831 1781/191/1944 
f 1781/191/1944 1787/196/1949 1788/197/1950 
f 1789/198/1951 1783/193/1945 1784/138/1946 
f 1784/138/1946 1790/144/1952 1789/198/1951 
f 1791/199/1953 1785/194/1947 1783/193/1945 
f 1783/193/1945 1789/198/1951 1791/199/1953 
f 1792/200/1954 1786/195/1948 1785/194/1947 
f 1785/194/1947 1791/199/1953 1792/200/1954 
f 1793/201/1955 1787/196/1949 1786/195/1948 
f 1786/195/1948 1792/200/1954 1793/201/1955 
f 1794/202/1956 1788/197/1950 1787/196/1949 
f 1787/196/1949 1793/201/1955 1794/202/1956 
f 1795/203/1957 1789/198/1951 1790/144/1952 
f 1790/144/1952 1796/150/1958 1795/203/1957 
f 1797/204/1959 1791/199/1953 1789/198/1951 
f 1789/198/1951 1795/203/1957 1797/204/1959 
f 1798/205/1960 1792/200/1954 1791/199/1953 
f 1791/199/1953 1797/204/1959 1798/205/1960 
f 1799/206/1961 1793/201/1955 1792/200/1954 
f 1792/200/1954 1798/205/1960 1799/206/1961 
f 1800/207/1962 1794/202/1956 1793/201/1955 
f 1793/201/1955 1799/206/1961 1800/207/1962 
f 1801/208/1963 1795/203/1957 1796/150/1958 
f 1796/150/1958 1802/156/1964 1801/208/1963 
f 1803/209/1965 1797/204/1959 1795/203/1957 
f 1795/203/1957 1801/208/1963 1803/209/1965 
f 1804/210/1966 1798/205/1960 1797/204/1959 
f 1797/204/1959 1803/209/1965 1804/210/1966 
f 1805/211/1967 1799/206/1961 1798/205/1960 
f 1798/205/1960 1804/210/1966 1805/211/1967 
f 1806/212/1968 1800/207/1962 1799/206/1961 
f 1799/206/1961 1805/211/1967 1806/212/1968 
f 1807/213/1969 1801/208/1963 1802/156/1964 
f 1802/156/1964 1808/162/1970 1807/213/1969 
f 1809/214/1971 1803/209/1965 1801/208/1963 
f 1801/208/1963 1807/213/1969 1809/214/1971 
f 1810/215/1972 1804/210/1966 1803/209/1965 
f 1803/209/1965 1809/214/1971 1810/215/1972 
f 1811/216/1973 1805/211/1967 1804/210/1966 
f 1804/210/1966 1810/215/1972 1811/216/1973 
f 1812/217/1974 1806/212/1968 1805/211/1967 
f 1805/211/1967 1811/216/1973 1812/217/1974 
f 1813/218/1975 1807/213/1969 1808/162/1970 
f 1808/162/1970 1814/168/1976 1813/218/1975 
f 1815/219/1977 1809/214/1971 1807/213/1969 
f 1807/213/1969 1813/218/1975 1815/219/1977 
f 1816/220/1978 1810/215/1972 1809/214/1971 
f 1809/214/1971 1815/219/1977 1816/220/1978 
f 1817/221/1979 1811/216/1973 1810/215/1972 
f 1810/215/1972 1816/220/1978 1817/221/1979 
f 1818/222/1974 1812/217/1974 1811/216/1973 
f 1811/216/1973 1817/221/1979 1818/222/1974 
f 1819/1/1980 1820/1/1981 1821/2/1982 
f 1821/2/1982 1822/3/1983 1819/1/1980 
f 1821/2/1982 1823/4/1984 1824/4/1985 
f 1824/4/1985 1822/3/1983 1821/2/1982 
f 1825/5/1986 1824/4/1985 1823/4/1984 
f 1823/4/1984 1826/5/1987 1825/5/1986 
f 1827/6/1988 1828/7/1989 1826/5/1987 
f 1826/5/1987 1823/4/1984 1827/6/1988 
f 1821/2/1982 1820/1/1981 1829/8/1990 
f 1829/8/1990 1830/9/1991 1821/2/1982 
f 1830/9/1991 1827/6/1988 1823/4/1984 
f 1823/4/1984 1821/2/1982 1830/9/1991 
f 1819/1/1980 1831/10/1992 1832/11/1993 
f 1832/11/1993 1820/1/1981 1819/1/1980 
f 1833/11/1994 1829/8/1990 1820/1/1981 
f 1820/1/1981 1832/11/1993 1833/11/1994 
f 1834/12/1995 1835/12/1996 1833/11/1994 
f 1833/11/1994 1832/11/1993 1834/12/1995 
f 1831/10/1992 1836/13/1997 1834/12/1995 
f 1834/12/1995 1832/11/1993 1831/10/1992 
f 1836/13/1997 1837/14/1998 1838/15/1982 
f 1838/15/1982 1834/12/1995 1836/13/1997 
f 1839/15/1999 1835/12/1996 1834/12/1995 
f 1834/12/1995 1838/15/1982 1839/15/1999 
f 1837/14/1998 1840/16/2000 1841/17/2001 
f 1841/17/2001 1838/15/1982 1837/14/1998 
f 1838/15/1982 1841/17/2001 1842/17/2002 
f 1842/17/2002 1839/15/1999 1838/15/1982 
f 1840/16/2000 1843/18/2003 1844/19/2004 
f 1844/19/2004 1841/17/2001 1840/16/2000 
f 1845/19/2005 1842/17/2002 1841/17/2001 
f 1841/17/2001 1844/19/2004 1845/19/2005 
f 1843/18/2003 1846/20/2006 1847/21/2007 
f 1847/21/2007 1844/19/2004 1843/18/2003 
f 1848/21/2008 1845/19/2005 1844/19/2004 
f 1844/19/2004 1847/21/2007 1848/21/2008 
f 1849/22/2009 1847/21/2007 1846/20/2006 
f 1846/20/2006 1850/23/2010 1849/22/2009 
f 1851/22/2011 1848/21/2008 1847/21/2007 
f 1847/21/2007 1849/22/2009 1851/22/2011 
f 1850/23/2010 1852/24/2012 1853/25/2013 
f 1853/25/2013 1849/22/2009 1850/23/2010 
f 1849/22/2009 1853/25/2013 1854/26/2014 
f 1854/26/2014 1851/22/2011 1849/22/2009 
f 1852/24/2012 1855/27/2015 1856/28/2016 
f 1856/28/2016 1853/25/2013 1852/24/2012 
f 1857/28/2017 1854/26/2014 1853/25/2013 
f 1853/25/2013 1856/28/2016 1857/28/2017 
f 1855/27/2015 1858/29/2018 1859/29/2019 
f 1859/29/2019 1856/28/2016 1855/27/2015 
f 1856/28/2016 1859/29/2019 1860/30/2020 
f 1860/30/2020 1857/28/2017 1856/28/2016 
f 1858/29/2018 1861/31/2021 1862/31/2022 
f 1862/31/2022 1859/29/2019 1858/29/2018 
f 1863/32/2023 1860/30/2020 1859/29/2019 
f 1859/29/2019 1862/31/2022 1863/32/2023 
f 1861/31/2021 1864/33/2024 1865/33/2025 
f 1865/33/2025 1862/31/2022 1861/31/2021 
f 1866/34/2026 1863/32/2023 1862/31/2022 
f 1862/31/2022 1865/33/2025 1866/34/2026 
f 1867/35/2027 1865/33/2025 1864/33/2024 
f 1864/33/2024 1868/35/2028 1867/35/2027 
f 1865/33/2025 1867/35/2027 1869/36/2029 
f 1869/36/2029 1866/34/2026 1865/33/2025 
f 1868/35/2028 1870/37/2030 1871/37/347 
f 1871/37/347 1867/35/2027 1868/35/2028 
f 1872/38/2031 1869/36/2029 1867/35/2027 
f 1867/35/2027 1871/37/347 1872/38/2031 
f 1873/39/2032 1871/37/347 1870/37/2030 
f 1870/37/2030 1874/39/2033 1873/39/2032 
f 1871/37/347 1873/39/2032 1875/40/2034 
f 1875/40/2034 1872/38/2031 1871/37/347 
f 1874/39/2033 1876/41/2035 1877/41/2036 
f 1877/41/2036 1873/39/2032 1874/39/2033 
f 1878/42/2037 1875/40/2034 1873/39/2032 
f 1873/39/2032 1877/41/2036 1878/42/2037 
f 1876/41/2035 1879/43/2038 1880/43/1724 
f 1880/43/1724 1877/41/2036 1876/41/2035 
f 1881/43/2039 1878/42/2037 1877/41/2036 
f 1877/41/2036 1880/43/1724 1881/43/2039 
f 1882/44/2040 1880/43/1724 1879/43/2038 
f 1879/43/2038 1883/44/2041 1882/44/2040 
f 1880/43/1724 1882/44/2040 1884/44/2042 
f 1884/44/2042 1881/43/2039 1880/43/1724 
f 1885/45/2043 1882/44/2040 1883/44/2041 
f 1883/44/2041 1886/45/2044 1885/45/2043 
f 1882/44/2040 1885/45/2043 1887/45/2045 
f 1887/45/2045 1884/44/2042 1882/44/2040 
f 1888/46/2046 1885/45/2043 1886/45/2044 
f 1886/45/2044 1889/46/2047 1888/46/2046 
f 1890/46/2048 1887/45/2045 1885/45/2043 
f 1885/45/2043 1888/46/2046 1890/46/2048 
f 1889/46/2047 1891/47/2049 1892/47/2050 
f 1892/47/2050 1888/46/2046 1889/46/2047 
f 1893/47/2051 1890/46/2048 1888/46/2046 
f 1888/46/2046 1892/47/2050 1893/47/2051 
f 1891/47/2049 1894/48/2052 1895/48/2053 
f 1895/48/2053 1892/47/2050 1891/47/2049 
f 1895/48/2053 1896/48/2054 1893/47/2051 
f 1893/47/2051 1892/47/2050 1895/48/2053 
f 1895/48/2053 1894/48/2052 1897/48/2055 
f 1897/48/2055 1898/48/2056 1895/48/2053 
f 1899/48/2057 1896/48/2054 1895/48/2053 
f 1895/48/2053 1898/48/2056 1899/48/2057 
f 1897/48/2055 1900/48/2058 1901/48/2059 
f 1901/48/2059 1898/48/2056 1897/48/2055 
f 1902/48/2060 1899/48/2057 1898/48/2056 
f 1898/48/2056 1901/48/2059 1902/48/2060 
f 1903/49/2061 1825/5/1986 1826/5/1987 
f 1826/5/1987 1904/50/2062 1903/49/2061 
f 1828/7/1989 1905/51/2063 1904/50/2062 
f 1904/50/2062 1826/5/1987 1828/7/1989 
f 1906/52/2064 1903/49/2061 1904/50/2062 
f 1904/50/2062 1907/53/2065 1906/52/2064 
f 1905/51/2063 1908/54/2066 1907/53/2065 
f 1907/53/2065 1904/50/2062 1905/51/2063 
f 1909/55/2067 1910/3/2068 1822/3/2068 
f 1822/3/2068 1824/4/2069 1909/55/2067 
f 1910/3/2068 1911/56/2070 1819/1/1980 
f 1819/1/1980 1822/3/2068 1910/3/2068 
f 1912/57/2071 1909/55/2067 1824/4/2069 
f 1824/4/2069 1825/5/2071 1912/57/2071 
f 1913/49/2072 1912/57/2071 1825/5/2071 
f 1825/5/2071 1903/49/2061 1913/49/2072 
f 1914/49/2073 1913/49/2072 1903/49/2061 
f 1903/49/2061 1906/52/2074 1914/49/2073 
f 1911/56/2070 1915/10/2075 1831/10/1992 
f 1831/10/1992 1819/1/1980 1911/56/2070 
f 1915/10/2075 1916/58/2076 1836/13/1997 
f 1836/13/1997 1831/10/1992 1915/10/2075 
f 1916/58/2076 1917/59/2077 1837/14/1998 
f 1837/14/1998 1836/13/1997 1916/58/2076 
f 1917/59/2077 1918/16/2078 1840/16/2000 
f 1840/16/2000 1837/14/1998 1917/59/2077 
f 1918/16/2078 1919/18/2079 1843/18/2003 
f 1843/18/2003 1840/16/2000 1918/16/2078 
f 1919/18/2079 1920/20/2080 1846/20/2081 
f 1846/20/2081 1843/18/2003 1919/18/2079 
f 1920/20/2080 1921/23/2082 1850/23/2083 
f 1850/23/2083 1846/20/2081 1920/20/2080 
f 1921/23/2082 1922/60/2084 1852/24/2012 
f 1852/24/2012 1850/23/2083 1921/23/2082 
f 1922/60/2084 1923/27/2085 1855/27/2015 
f 1855/27/2015 1852/24/2012 1922/60/2084 
f 1923/27/2085 1924/29/2086 1858/29/2018 
f 1858/29/2018 1855/27/2015 1923/27/2085 
f 1861/31/2087 1858/29/2018 1924/29/2086 
f 1924/29/2086 1925/31/2088 1861/31/2087 
f 1925/31/2088 1926/33/2089 1864/33/2024 
f 1864/33/2024 1861/31/2087 1925/31/2088 
f 1926/33/2089 1927/35/2090 1868/35/2028 
f 1868/35/2028 1864/33/2024 1926/33/2089 
f 1927/35/2090 1928/37/2091 1870/37/2030 
f 1870/37/2030 1868/35/2028 1927/35/2090 
f 1928/37/2091 1929/61/2092 1874/39/2033 
f 1874/39/2033 1870/37/2030 1928/37/2091 
f 1929/61/2092 1930/62/2093 1876/41/2035 
f 1876/41/2035 1874/39/2033 1929/61/2092 
f 1879/43/2038 1876/41/2035 1930/62/2093 
f 1930/62/2093 1931/63/2094 1879/43/2038 
f 1931/63/2094 1932/64/2095 1883/44/2096 
f 1883/44/2096 1879/43/2038 1931/63/2094 
f 1932/64/2095 1933/65/2097 1886/45/2096 
f 1886/45/2096 1883/44/2096 1932/64/2095 
f 1933/65/2097 1934/66/2098 1889/46/2099 
f 1889/46/2099 1886/45/2096 1933/65/2097 
f 1934/66/2098 1935/67/2100 1891/47/2101 
f 1891/47/2101 1889/46/2099 1934/66/2098 
f 1935/67/2100 1936/47/2102 1894/48/2052 
f 1894/48/2052 1891/47/2101 1935/67/2100 
f 1936/47/2102 1937/48/2103 1897/48/2104 
f 1897/48/2104 1894/48/2052 1936/47/2102 
f 1937/48/2103 1938/48/2105 1900/48/2105 
f 1900/48/2105 1897/48/2104 1937/48/2103 
f 1938/48/2106 1939/68/2107 1901/68/2108 
f 1901/68/2108 1900/48/2109 1938/48/2106 
f 1940/68/2110 1902/68/2111 1901/68/2108 
f 1901/68/2108 1939/68/2107 1940/68/2110 
f 1941/52/2112 1914/49/2073 1906/52/2074 
f 1906/52/2074 1907/53/2065 1941/52/2112 
f 1909/55/2067 1912/57/2113 1942/69/2114 
f 1942/69/2114 1943/70/2115 1909/55/2067 
f 1942/69/2114 1912/57/2113 1913/49/2116 
f 1913/49/2116 1944/71/2117 1942/69/2114 
f 1914/49/2118 1945/72/2119 1944/71/2117 
f 1944/71/2117 1913/49/2116 1914/49/2118 
f 1941/52/2112 1946/72/2120 1945/72/2119 
f 1945/72/2119 1914/49/2118 1941/52/2112 
f 1943/70/2115 1947/73/2121 1910/3/2122 
f 1910/3/2122 1909/55/2067 1943/70/2115 
f 1947/73/2121 1948/74/2123 1911/56/2124 
f 1911/56/2124 1910/3/2122 1947/73/2121 
f 1948/74/2123 1949/75/2125 1915/10/2126 
f 1915/10/2126 1911/56/2124 1948/74/2123 
f 1949/75/2125 1950/76/885 1916/58/2076 
f 1916/58/2076 1915/10/2126 1949/75/2125 
f 1950/76/885 1951/77/2127 1917/59/2077 
f 1917/59/2077 1916/58/2076 1950/76/885 
f 1918/16/2078 1917/59/2077 1951/77/2127 
f 1951/77/2127 1952/78/2128 1918/16/2078 
f 1919/18/2079 1918/16/2078 1952/78/2128 
f 1952/78/2128 1953/79/2129 1919/18/2079 
f 1920/20/2080 1919/18/2079 1953/79/2129 
f 1953/79/2129 1954/80/2130 1920/20/2080 
f 1921/23/2082 1920/20/2080 1954/80/2130 
f 1954/80/2130 1955/81/2131 1921/23/2082 
f 1922/60/2132 1921/23/2082 1955/81/2131 
f 1955/81/2131 1956/82/2132 1922/60/2132 
f 1923/27/2085 1922/60/2132 1956/82/2132 
f 1956/82/2132 1957/83/2133 1923/27/2085 
f 1924/29/2086 1923/27/2085 1957/83/2133 
f 1957/83/2133 1958/84/2133 1924/29/2086 
f 1925/31/2088 1924/29/2086 1958/84/2133 
f 1958/84/2133 1959/85/2134 1925/31/2088 
f 1926/33/2089 1925/31/2088 1959/85/2134 
f 1959/85/2134 1960/86/2135 1926/33/2089 
f 1960/86/2135 1961/87/2136 1927/35/2137 
f 1927/35/2137 1926/33/2089 1960/86/2135 
f 1961/87/2136 1962/88/2138 1928/37/2091 
f 1928/37/2091 1927/35/2137 1961/87/2136 
f 1962/88/2138 1963/61/2139 1929/61/2092 
f 1929/61/2092 1928/37/2091 1962/88/2138 
f 1930/62/2093 1929/61/2092 1963/61/2139 
f 1963/61/2139 1964/62/2140 1930/62/2093 
f 1964/62/2140 1965/63/2141 1931/63/2094 
f 1931/63/2094 1930/62/2093 1964/62/2140 
f 1965/63/2141 1966/64/2142 1932/64/2095 
f 1932/64/2095 1931/63/2094 1965/63/2141 
f 1966/64/2142 1967/65/2143 1933/65/2097 
f 1933/65/2097 1932/64/2095 1966/64/2142 
f 1934/66/2144 1933/65/2097 1967/65/2143 
f 1967/65/2143 1968/66/2145 1934/66/2144 
f 1935/67/2146 1934/66/2144 1968/66/2145 
f 1968/66/2145 1969/67/2143 1935/67/2146 
f 1969/67/2143 1970/67/2147 1936/47/2148 
f 1936/47/2148 1935/67/2146 1969/67/2143 
f 1937/48/2149 1936/47/2148 1970/67/2147 
f 1970/67/2147 1971/68/2150 1937/48/2149 
f 1938/48/2106 1937/48/2149 1971/68/2150 
f 1971/68/2150 1939/68/2107 1938/48/2106 
f 1972/89/2151 1973/90/2152 1942/69/2114 
f 1942/69/2114 1944/71/2117 1972/89/2151 
f 1974/91/2153 1972/89/2151 1944/71/2117 
f 1944/71/2117 1945/72/2119 1974/91/2153 
f 1975/92/2154 1974/91/2153 1945/72/2119 
f 1945/72/2119 1946/72/2120 1975/92/2154 
f 1973/90/2152 1976/93/2155 1943/70/2115 
f 1943/70/2115 1942/69/2114 1973/90/2152 
f 1976/93/2155 1977/94/2156 1947/73/2121 
f 1947/73/2121 1943/70/2115 1976/93/2155 
f 1977/94/2156 1978/95/2157 1948/74/2123 
f 1948/74/2123 1947/73/2121 1977/94/2156 
f 1978/95/2157 1979/96/2158 1949/75/2125 
f 1949/75/2125 1948/74/2123 1978/95/2157 
f 1979/96/2158 1980/76/2159 1950/76/885 
f 1950/76/885 1949/75/2125 1979/96/2158 
f 1980/76/2159 1981/97/2160 1951/77/2127 
f 1951/77/2127 1950/76/885 1980/76/2159 
f 1952/78/2128 1951/77/2127 1981/97/2160 
f 1981/97/2160 1982/78/2161 1952/78/2128 
f 1982/78/2161 1983/79/2162 1953/79/2129 
f 1953/79/2129 1952/78/2128 1982/78/2161 
f 1954/80/2130 1953/79/2129 1983/79/2162 
f 1983/79/2162 1984/80/2163 1954/80/2130 
f 1984/80/2163 1985/81/2164 1955/81/2131 
f 1955/81/2131 1954/80/2130 1984/80/2163 
f 1985/81/2164 1986/82/2165 1956/82/2166 
f 1956/82/2166 1955/81/2131 1985/81/2164 
f 1957/83/2133 1956/82/2166 1986/82/2165 
f 1986/82/2165 1987/83/2167 1957/83/2133 
f 1987/83/2167 1988/84/2168 1958/84/2133 
f 1958/84/2133 1957/83/2133 1987/83/2167 
f 1988/84/2168 1989/85/2169 1959/85/2134 
f 1959/85/2134 1958/84/2133 1988/84/2168 
f 1989/85/2169 1990/86/2170 1960/86/2135 
f 1960/86/2135 1959/85/2134 1989/85/2169 
f 1961/87/2136 1960/86/2135 1990/86/2170 
f 1990/86/2170 1991/87/2171 1961/87/2136 
f 1962/88/2138 1961/87/2136 1991/87/2171 
f 1991/87/2171 1992/88/2170 1962/88/2138 
f 1963/61/2139 1962/88/2138 1992/88/2170 
f 1992/88/2170 1993/61/2172 1963/61/2139 
f 1993/61/2172 1994/62/2173 1964/62/2140 
f 1964/62/2140 1963/61/2139 1993/61/2172 
f 1994/62/2173 1995/63/2174 1965/63/2141 
f 1965/63/2141 1964/62/2140 1994/62/2173 
f 1995/63/2174 1996/64/2175 1966/64/2142 
f 1966/64/2142 1965/63/2141 1995/63/2174 
f 1967/65/2143 1966/64/2142 1996/64/2175 
f 1996/64/2175 1997/65/2176 1967/65/2143 
f 1997/65/2176 1998/66/2177 1968/66/2145 
f 1968/66/2145 1967/65/2143 1997/65/2176 
f 1969/67/2143 1968/66/2145 1998/66/2177 
f 1998/66/2177 1999/67/2178 1969/67/2143 
f 1999/67/2178 2000/68/2179 1970/67/2147 
f 1970/67/2147 1969/67/2143 1999/67/2178 
f 2000/68/2179 2001/68/2180 1971/68/2150 
f 1971/68/2150 1970/67/2147 2000/68/2179 
f 1939/68/2107 1971/68/2150 2001/68/2180 
f 2001/68/2180 1940/68/2110 1939/68/2107 
f 1975/92/2154 1946/72/2120 1941/52/2112 
f 1941/52/2112 1907/53/2065 1975/92/2154 
f 1908/54/2066 1974/98/2153 1975/99/2154 
f 1975/99/2154 1907/53/2065 1908/54/2066 
f 1974/98/2153 1908/54/2066 1905/51/2063 
f 1905/51/2063 1972/98/2181 1974/98/2153 
f 1905/51/2063 1828/7/2182 1973/100/2182 
f 1973/100/2182 1972/98/2181 1905/51/2063 
f 1828/7/2182 1827/6/2183 1976/101/2183 
f 1976/101/2183 1973/100/2182 1828/7/2182 
f 1827/6/2183 1830/9/2184 1977/102/2184 
f 1977/102/2184 1976/101/2183 1827/6/2183 
f 1830/9/2184 1829/8/2185 1978/8/2185 
f 1978/8/2185 1977/102/2184 1830/9/2184 
f 1829/8/2185 1833/11/1994 1979/103/2186 
f 1979/103/2186 1978/8/2185 1829/8/2185 
f 1833/11/1994 1835/12/1996 1980/104/2187 
f 1980/104/2187 1979/103/2186 1833/11/1994 
f 1981/105/2188 1980/104/2187 1835/12/1996 
f 1835/12/1996 1839/15/2189 1981/105/2188 
f 1982/106/2161 1981/105/2188 1839/15/2189 
f 1839/15/2189 1842/17/2002 1982/106/2161 
f 1983/107/2162 1982/106/2161 1842/17/2002 
f 1842/17/2002 1845/19/2005 1983/107/2162 
f 1845/19/2005 1848/21/2008 1984/21/2163 
f 1984/21/2163 1983/107/2162 1845/19/2005 
f 1848/21/2008 1851/22/2190 1985/108/2164 
f 1985/108/2164 1984/21/2163 1848/21/2008 
f 1851/22/2190 1854/26/2014 1986/26/2165 
f 1986/26/2165 1985/108/2164 1851/22/2190 
f 1987/28/2167 1986/26/2165 1854/26/2014 
f 1854/26/2014 1857/28/2017 1987/28/2167 
f 1857/28/2017 1860/30/2020 1988/30/2168 
f 1988/30/2168 1987/28/2167 1857/28/2017 
f 1860/30/2020 1863/32/2023 1989/32/2169 
f 1989/32/2169 1988/30/2168 1860/30/2020 
f 1990/34/2170 1989/32/2169 1863/32/2023 
f 1863/32/2023 1866/34/2026 1990/34/2170 
f 1991/36/2171 1990/34/2170 1866/34/2026 
f 1866/34/2026 1869/36/2029 1991/36/2171 
f 1992/38/2170 1991/36/2171 1869/36/2029 
f 1869/36/2029 1872/38/2031 1992/38/2170 
f 1872/38/2031 1875/40/2034 1993/40/2172 
f 1993/40/2172 1992/38/2170 1872/38/2031 
f 1994/109/2173 1993/40/2172 1875/40/2034 
f 1875/40/2034 1878/42/2191 1994/109/2173 
f 1995/110/2174 1994/109/2173 1878/42/2191 
f 1878/42/2191 1881/43/2039 1995/110/2174 
f 1881/43/2039 1884/44/2042 1996/111/2175 
f 1996/111/2175 1995/110/2174 1881/43/2039 
f 1997/112/2192 1996/111/2175 1884/44/2042 
f 1884/44/2042 1887/45/2045 1997/112/2192 
f 1998/46/2193 1997/112/2192 1887/45/2045 
f 1887/45/2045 1890/46/2048 1998/46/2193 
f 1890/46/2048 1893/47/2051 1999/47/2178 
f 1999/47/2178 1998/46/2193 1890/46/2048 
f 1893/47/2051 1896/48/2054 2000/48/2179 
f 2000/48/2179 1999/47/2178 1893/47/2051 
f 1896/48/2054 1899/48/2194 2001/48/2180 
f 2001/48/2180 2000/48/2179 1896/48/2054 
f 2002/113/2195 2003/114/2196 2004/115/2197 
f 2004/115/2197 2005/116/2198 2002/113/2195 
f 2006/117/2199 2002/113/2195 2005/116/2198 
f 2005/116/2198 2007/118/2200 2006/117/2199 
f 2008/119/2201 2006/117/2199 2007/118/2200 
f 2007/118/2200 2009/120/2202 2008/119/2201 
f 2010/121/2203 2008/119/2201 2009/120/2202 
f 2009/120/2202 2011/122/2204 2010/121/2203 
f 2012/123/2205 2010/121/2203 2011/122/2204 
f 2011/122/2204 2013/124/2206 2012/123/2205 
f 2014/125/2207 2015/126/2208 2003/114/2196 
f 2003/114/2196 2002/113/2195 2014/125/2207 
f 2016/127/2209 2014/125/2207 2002/113/2195 
f 2002/113/2195 2006/117/2199 2016/127/2209 
f 2017/128/2210 2016/127/2209 2006/117/2199 
f 2006/117/2199 2008/119/2201 2017/128/2210 
f 2018/129/2211 2017/128/2210 2008/119/2201 
f 2008/119/2201 2010/121/2203 2018/129/2211 
f 2019/130/2212 2018/129/2211 2010/121/2203 
f 2010/121/2203 2012/123/2205 2019/130/2212 
f 2020/131/2213 2021/132/2214 2015/126/2208 
f 2015/126/2208 2014/125/2207 2020/131/2213 
f 2022/133/2215 2020/131/2213 2014/125/2207 
f 2014/125/2207 2016/127/2209 2022/133/2215 
f 2023/134/2216 2022/133/2215 2016/127/2209 
f 2016/127/2209 2017/128/2210 2023/134/2216 
f 2024/135/2079 2023/134/2216 2017/128/2210 
f 2017/128/2210 2018/129/2211 2024/135/2079 
f 2025/136/2217 2024/135/2079 2018/129/2211 
f 2018/129/2211 2019/130/2212 2025/136/2217 
f 2026/137/2218 2027/138/2219 2021/132/2214 
f 2021/132/2214 2020/131/2213 2026/137/2218 
f 2028/139/2220 2026/137/2218 2020/131/2213 
f 2020/131/2213 2022/133/2215 2028/139/2220 
f 2029/140/2221 2028/139/2220 2022/133/2215 
f 2022/133/2215 2023/134/2216 2029/140/2221 
f 2030/141/2222 2029/140/2221 2023/134/2216 
f 2023/134/2216 2024/135/2079 2030/141/2222 
f 2031/142/2223 2030/141/2222 2024/135/2079 
f 2024/135/2079 2025/136/2217 2031/142/2223 
f 2032/143/2224 2033/144/2225 2027/138/2219 
f 2027/138/2219 2026/137/2218 2032/143/2224 
f 2034/145/2226 2032/143/2224 2026/137/2218 
f 2026/137/2218 2028/139/2220 2034/145/2226 
f 2035/146/2227 2034/145/2226 2028/139/2220 
f 2028/139/2220 2029/140/2221 2035/146/2227 
f 2036/147/2228 2035/146/2227 2029/140/2221 
f 2029/140/2221 2030/141/2222 2036/147/2228 
f 2037/148/2229 2036/147/2228 2030/141/2222 
f 2030/141/2222 2031/142/2223 2037/148/2229 
f 2038/149/2230 2039/150/2231 2033/144/2225 
f 2033/144/2225 2032/143/2224 2038/149/2230 
f 2040/151/2232 2038/149/2230 2032/143/2224 
f 2032/143/2224 2034/145/2226 2040/151/2232 
f 2041/152/2233 2040/151/2232 2034/145/2226 
f 2034/145/2226 2035/146/2227 2041/152/2233 
f 2042/153/2234 2041/152/2233 2035/146/2227 
f 2035/146/2227 2036/147/2228 2042/153/2234 
f 2043/154/2235 2042/153/2234 2036/147/2228 
f 2036/147/2228 2037/148/2229 2043/154/2235 
f 2044/155/2236 2045/156/2237 2039/150/2231 
f 2039/150/2231 2038/149/2230 2044/155/2236 
f 2046/157/2238 2044/155/2236 2038/149/2230 
f 2038/149/2230 2040/151/2232 2046/157/2238 
f 2047/158/2239 2046/157/2238 2040/151/2232 
f 2040/151/2232 2041/152/2233 2047/158/2239 
f 2048/159/2240 2047/158/2239 2041/152/2233 
f 2041/152/2233 2042/153/2234 2048/159/2240 
f 2049/160/2241 2048/159/2240 2042/153/2234 
f 2042/153/2234 2043/154/2235 2049/160/2241 
f 2050/161/2242 2051/162/2243 2045/156/2237 
f 2045/156/2237 2044/155/2236 2050/161/2242 
f 2052/163/2244 2050/161/2242 2044/155/2236 
f 2044/155/2236 2046/157/2238 2052/163/2244 
f 2053/164/2245 2052/163/2244 2046/157/2238 
f 2046/157/2238 2047/158/2239 2053/164/2245 
f 2054/165/2246 2053/164/2245 2047/158/2239 
f 2047/158/2239 2048/159/2240 2054/165/2246 
f 2055/166/2247 2054/165/2246 2048/159/2240 
f 2048/159/2240 2049/160/2241 2055/166/2247 
f 2056/167/2248 2057/168/2249 2051/162/2243 
f 2051/162/2243 2050/161/2242 2056/167/2248 
f 2058/169/2250 2056/167/2248 2050/161/2242 
f 2050/161/2242 2052/163/2244 2058/169/2250 
f 2059/170/2251 2058/169/2250 2052/163/2244 
f 2052/163/2244 2053/164/2245 2059/170/2251 
f 2060/171/2252 2059/170/2251 2053/164/2245 
f 2053/164/2245 2054/165/2246 2060/171/2252 
f 2061/172/2247 2060/171/2252 2054/165/2246 
f 2054/165/2246 2055/166/2247 2061/172/2247 
f 2062/173/2253 2063/174/2254 2064/115/2255 
f 2064/115/2255 2065/114/2256 2062/173/2253 
f 2066/175/2257 2067/176/2258 2063/174/2254 
f 2063/174/2254 2062/173/2253 2066/175/2257 
f 2068/177/2259 2069/178/2260 2067/176/2258 
f 2067/176/2258 2066/175/2257 2068/177/2259 
f 2070/179/2261 2071/180/2262 2069/178/2260 
f 2069/178/2260 2068/177/2259 2070/179/2261 
f 2072/181/2263 2073/182/2264 2071/180/2262 
f 2071/180/2262 2070/179/2261 2072/181/2263 
f 2074/183/2265 2062/173/2253 2065/114/2256 
f 2065/114/2256 2075/126/2266 2074/183/2265 
f 2076/184/2267 2066/175/2257 2062/173/2253 
f 2062/173/2253 2074/183/2265 2076/184/2267 
f 2077/185/2268 2068/177/2259 2066/175/2257 
f 2066/175/2257 2076/184/2267 2077/185/2268 
f 2078/186/2269 2070/179/2261 2068/177/2259 
f 2068/177/2259 2077/185/2268 2078/186/2269 
f 2079/187/2270 2072/181/2263 2070/179/2261 
f 2070/179/2261 2078/186/2269 2079/187/2270 
f 2080/188/2271 2074/183/2265 2075/126/2266 
f 2075/126/2266 2081/132/2272 2080/188/2271 
f 2082/189/2273 2076/184/2267 2074/183/2265 
f 2074/183/2265 2080/188/2271 2082/189/2273 
f 2083/190/2274 2077/185/2268 2076/184/2267 
f 2076/184/2267 2082/189/2273 2083/190/2274 
f 2084/191/2275 2078/186/2269 2077/185/2268 
f 2077/185/2268 2083/190/2274 2084/191/2275 
f 2085/192/2276 2079/187/2270 2078/186/2269 
f 2078/186/2269 2084/191/2275 2085/192/2276 
f 2086/193/2277 2080/188/2271 2081/132/2272 
f 2081/132/2272 2087/138/2278 2086/193/2277 
f 2088/194/2279 2082/189/2273 2080/188/2271 
f 2080/188/2271 2086/193/2277 2088/194/2279 
f 2089/195/2280 2083/190/2274 2082/189/2273 
f 2082/189/2273 2088/194/2279 2089/195/2280 
f 2090/196/2281 2084/191/2275 2083/190/2274 
f 2083/190/2274 2089/195/2280 2090/196/2281 
f 2091/197/2282 2085/192/2276 2084/191/2275 
f 2084/191/2275 2090/196/2281 2091/197/2282 
f 2092/198/2283 2086/193/2277 2087/138/2278 
f 2087/138/2278 2093/144/2284 2092/198/2283 
f 2094/199/2285 2088/194/2279 2086/193/2277 
f 2086/193/2277 2092/198/2283 2094/199/2285 
f 2095/200/2286 2089/195/2280 2088/194/2279 
f 2088/194/2279 2094/199/2285 2095/200/2286 
f 2096/201/2287 2090/196/2281 2089/195/2280 
f 2089/195/2280 2095/200/2286 2096/201/2287 
f 2097/202/2288 2091/197/2282 2090/196/2281 
f 2090/196/2281 2096/201/2287 2097/202/2288 
f 2098/203/2289 2092/198/2283 2093/144/2284 
f 2093/144/2284 2099/150/2290 2098/203/2289 
f 2100/204/2291 2094/199/2285 2092/198/2283 
f 2092/198/2283 2098/203/2289 2100/204/2291 
f 2101/205/2292 2095/200/2286 2094/199/2285 
f 2094/199/2285 2100/204/2291 2101/205/2292 
f 2102/206/2293 2096/201/2287 2095/200/2286 
f 2095/200/2286 2101/205/2292 2102/206/2293 
f 2103/207/2294 2097/202/2288 2096/201/2287 
f 2096/201/2287 2102/206/2293 2103/207/2294 
f 2104/208/2295 2098/203/2289 2099/150/2290 
f 2099/150/2290 2105/156/2296 2104/208/2295 
f 2106/209/2297 2100/204/2291 2098/203/2289 
f 2098/203/2289 2104/208/2295 2106/209/2297 
f 2107/210/2298 2101/205/2292 2100/204/2291 
f 2100/204/2291 2106/209/2297 2107/210/2298 
f 2108/211/2299 2102/206/2293 2101/205/2292 
f 2101/205/2292 2107/210/2298 2108/211/2299 
f 2109/212/2300 2103/207/2294 2102/206/2293 
f 2102/206/2293 2108/211/2299 2109/212/2300 
f 2110/213/2301 2104/208/2295 2105/156/2296 
f 2105/156/2296 2111/162/2302 2110/213/2301 
f 2112/214/2303 2106/209/2297 2104/208/2295 
f 2104/208/2295 2110/213/2301 2112/214/2303 
f 2113/215/2304 2107/210/2298 2106/209/2297 
f 2106/209/2297 2112/214/2303 2113/215/2304 
f 2114/216/2305 2108/211/2299 2107/210/2298 
f 2107/210/2298 2113/215/2304 2114/216/2305 
f 2115/217/2306 2109/212/2300 2108/211/2299 
f 2108/211/2299 2114/216/2305 2115/217/2306 
f 2116/218/2307 2110/213/2301 2111/162/2302 
f 2111/162/2302 2117/168/2308 2116/218/2307 
f 2118/219/2309 2112/214/2303 2110/213/2301 
f 2110/213/2301 2116/218/2307 2118/219/2309 
f 2119/220/2310 2113/215/2304 2112/214/2303 
f 2112/214/2303 2118/219/2309 2119/220/2310 
f 2120/221/2311 2114/216/2305 2113/215/2304 
f 2113/215/2304 2119/220/2310 2120/221/2311 
f 2121/222/2312 2115/217/2306 2114/216/2305 
f 2114/216/2305 2120/221/2311 2121/222/2312 
f 2122/1/2313 2123/1/2314 2124/2/2315 
f 2124/2/2315 2125/3/2316 2122/1/2313 
f 2124/2/2315 2126/4/2317 2127/4/2318 
f 2127/4/2318 2125/3/2316 2124/2/2315 
f 2128/5/2319 2127/4/2318 2126/4/2317 
f 2126/4/2317 2129/5/2320 2128/5/2319 
f 2130/6/2321 2131/7/2322 2129/5/2320 
f 2129/5/2320 2126/4/2317 2130/6/2321 
f 2124/2/2315 2123/1/2314 2132/8/2323 
f 2132/8/2323 2133/9/2324 2124/2/2315 
f 2133/9/2324 2130/6/2321 2126/4/2317 
f 2126/4/2317 2124/2/2315 2133/9/2324 
f 2122/1/2313 2134/10/2325 2135/11/2326 
f 2135/11/2326 2123/1/2314 2122/1/2313 
f 2136/11/2327 2132/8/2323 2123/1/2314 
f 2123/1/2314 2135/11/2326 2136/11/2327 
f 2137/12/2328 2138/12/2329 2136/11/2327 
f 2136/11/2327 2135/11/2326 2137/12/2328 
f 2134/10/2325 2139/13/2330 2137/12/2328 
f 2137/12/2328 2135/11/2326 2134/10/2325 
f 2139/13/2330 2140/14/2331 2141/15/2315 
f 2141/15/2315 2137/12/2328 2139/13/2330 
f 2142/15/2332 2138/12/2329 2137/12/2328 
f 2137/12/2328 2141/15/2315 2142/15/2332 
f 2140/14/2331 2143/16/2333 2144/17/2334 
f 2144/17/2334 2141/15/2315 2140/14/2331 
f 2141/15/2315 2144/17/2334 2145/17/2335 
f 2145/17/2335 2142/15/2332 2141/15/2315 
f 2143/16/2333 2146/18/2336 2147/19/2337 
f 2147/19/2337 2144/17/2334 2143/16/2333 
f 2148/19/2338 2145/17/2335 2144/17/2334 
f 2144/17/2334 2147/19/2337 2148/19/2338 
f 2146/18/2336 2149/20/2339 2150/21/2340 
f 2150/21/2340 2147/19/2337 2146/18/2336 
f 2151/21/2341 2148/19/2338 2147/19/2337 
f 2147/19/2337 2150/21/2340 2151/21/2341 
f 2152/22/2342 2150/21/2340 2149/20/2339 
f 2149/20/2339 2153/23/2343 2152/22/2342 
f 2154/22/2344 2151/21/2341 2150/21/2340 
f 2150/21/2340 2152/22/2342 2154/22/2344 
f 2153/23/2343 2155/24/2345 2156/25/2346 
f 2156/25/2346 2152/22/2342 2153/23/2343 
f 2152/22/2342 2156/25/2346 2157/26/2347 
f 2157/26/2347 2154/22/2344 2152/22/2342 
f 2155/24/2345 2158/27/2348 2159/28/2349 
f 2159/28/2349 2156/25/2346 2155/24/2345 
f 2160/28/2350 2157/26/2347 2156/25/2346 
f 2156/25/2346 2159/28/2349 2160/28/2350 
f 2158/27/2348 2161/29/2351 2162/29/2352 
f 2162/29/2352 2159/28/2349 2158/27/2348 
f 2159/28/2349 2162/29/2352 2163/30/2353 
f 2163/30/2353 2160/28/2350 2159/28/2349 
f 2161/29/2351 2164/31/2354 2165/31/2355 
f 2165/31/2355 2162/29/2352 2161/29/2351 
f 2166/32/2356 2163/30/2353 2162/29/2352 
f 2162/29/2352 2165/31/2355 2166/32/2356 
f 2164/31/2354 2167/33/2357 2168/33/2358 
f 2168/33/2358 2165/31/2355 2164/31/2354 
f 2169/34/2359 2166/32/2356 2165/31/2355 
f 2165/31/2355 2168/33/2358 2169/34/2359 
f 2170/35/2360 2168/33/2358 2167/33/2357 
f 2167/33/2357 2171/35/2361 2170/35/2360 
f 2168/33/2358 2170/35/2360 2172/36/2362 
f 2172/36/2362 2169/34/2359 2168/33/2358 
f 2171/35/2361 2173/37/2363 2174/37/2364 
f 2174/37/2364 2170/35/2360 2171/35/2361 
f 2175/38/2365 2172/36/2362 2170/35/2360 
f 2170/35/2360 2174/37/2364 2175/38/2365 
f 2176/39/2366 2174/37/2364 2173/37/2363 
f 2173/37/2363 2177/39/2367 2176/39/2366 
f 2174/37/2364 2176/39/2366 2178/40/2368 
f 2178/40/2368 2175/38/2365 2174/37/2364 
f 2177/39/2367 2179/41/2369 2180/41/2370 
f 2180/41/2370 2176/39/2366 2177/39/2367 
f 2181/42/2371 2178/40/2368 2176/39/2366 
f 2176/39/2366 2180/41/2370 2181/42/2371 
f 2179/41/2369 2182/43/2372 2183/43/2373 
f 2183/43/2373 2180/41/2370 2179/41/2369 
f 2184/43/2374 2181/42/2371 2180/41/2370 
f 2180/41/2370 2183/43/2373 2184/43/2374 
f 2185/44/2375 2183/43/2373 2182/43/2372 
f 2182/43/2372 2186/44/2376 2185/44/2375 
f 2183/43/2373 2185/44/2375 2187/44/2377 
f 2187/44/2377 2184/43/2374 2183/43/2373 
f 2188/45/2378 2185/44/2375 2186/44/2376 
f 2186/44/2376 2189/45/2379 2188/45/2378 
f 2185/44/2375 2188/45/2378 2190/45/2380 
f 2190/45/2380 2187/44/2377 2185/44/2375 
f 2191/46/1401 2188/45/2378 2189/45/2379 
f 2189/45/2379 2192/46/2381 2191/46/1401 
f 2193/46/2382 2190/45/2380 2188/45/2378 
f 2188/45/2378 2191/46/1401 2193/46/2382 
f 2192/46/2381 2194/47/2383 2195/47/2384 
f 2195/47/2384 2191/46/1401 2192/46/2381 
f 2196/47/2385 2193/46/2382 2191/46/1401 
f 2191/46/1401 2195/47/2384 2196/47/2385 
f 2194/47/2383 2197/48/2386 2198/48/2387 
f 2198/48/2387 2195/47/2384 2194/47/2383 
f 2198/48/2387 2199/48/2388 2196/47/2385 
f 2196/47/2385 2195/47/2384 2198/48/2387 
f 2198/48/2387 2197/48/2386 2200/48/2389 
f 2200/48/2389 2201/48/2390 2198/48/2387 
f 2202/48/2391 2199/48/2388 2198/48/2387 
f 2198/48/2387 2201/48/2390 2202/48/2391 
f 2200/48/2389 2203/48/2392 2204/48/2393 
f 2204/48/2393 2201/48/2390 2200/48/2389 
f 2205/48/2394 2202/48/2391 2201/48/2390 
f 2201/48/2390 2204/48/2393 2205/48/2394 
f 2206/49/2395 2128/5/2319 2129/5/2320 
f 2129/5/2320 2207/50/2396 2206/49/2395 
f 2131/7/2322 2208/51/2397 2207/50/2396 
f 2207/50/2396 2129/5/2320 2131/7/2322 
f 2209/52/2398 2206/49/2395 2207/50/2396 
f 2207/50/2396 2210/53/2399 2209/52/2398 
f 2208/51/2397 2211/54/2400 2210/53/2399 
f 2210/53/2399 2207/50/2396 2208/51/2397 
f 2212/55/2401 2213/3/2402 2125/3/2402 
f 2125/3/2402 2127/4/2403 2212/55/2401 
f 2213/3/2402 2214/56/2404 2122/1/2313 
f 2122/1/2313 2125/3/2402 2213/3/2402 
f 2215/57/2405 2212/55/2401 2127/4/2403 
f 2127/4/2403 2128/5/2405 2215/57/2405 
f 2216/49/2406 2215/57/2405 2128/5/2405 
f 2128/5/2405 2206/49/2395 2216/49/2406 
f 2217/49/2407 2216/49/2406 2206/49/2395 
f 2206/49/2395 2209/52/2408 2217/49/2407 
f 2214/56/2404 2218/10/2409 2134/10/2325 
f 2134/10/2325 2122/1/2313 2214/56/2404 
f 2218/10/2409 2219/58/2410 2139/13/2330 
f 2139/13/2330 2134/10/2325 2218/10/2409 
f 2219/58/2410 2220/59/2411 2140/14/2331 
f 2140/14/2331 2139/13/2330 2219/58/2410 
f 2220/59/2411 2221/16/2412 2143/16/2333 
f 2143/16/2333 2140/14/2331 2220/59/2411 
f 2221/16/2412 2222/18/2413 2146/18/2336 
f 2146/18/2336 2143/16/2333 2221/16/2412 
f 2222/18/2413 2223/20/2414 2149/20/2415 
f 2149/20/2415 2146/18/2336 2222/18/2413 
f 2223/20/2414 2224/23/2416 2153/23/2417 
f 2153/23/2417 2149/20/2415 2223/20/2414 
f 2224/23/2416 2225/60/2418 2155/24/2345 
f 2155/24/2345 2153/23/2417 2224/23/2416 
f 2225/60/2418 2226/27/2419 2158/27/2348 
f 2158/27/2348 2155/24/2345 2225/60/2418 
f 2226/27/2419 2227/29/2420 2161/29/2351 
f 2161/29/2351 2158/27/2348 2226/27/2419 
f 2164/31/2421 2161/29/2351 2227/29/2420 
f 2227/29/2420 2228/31/2422 2164/31/2421 
f 2228/31/2422 2229/33/2423 2167/33/2357 
f 2167/33/2357 2164/31/2421 2228/31/2422 
f 2229/33/2423 2230/35/2424 2171/35/2361 
f 2171/35/2361 2167/33/2357 2229/33/2423 
f 2230/35/2424 2231/37/2425 2173/37/2363 
f 2173/37/2363 2171/35/2361 2230/35/2424 
f 2231/37/2425 2232/61/2426 2177/39/2367 
f 2177/39/2367 2173/37/2363 2231/37/2425 
f 2232/61/2426 2233/62/2427 2179/41/2369 
f 2179/41/2369 2177/39/2367 2232/61/2426 
f 2182/43/2372 2179/41/2369 2233/62/2427 
f 2233/62/2427 2234/63/2428 2182/43/2372 
f 2234/63/2428 2235/64/2429 2186/44/2430 
f 2186/44/2430 2182/43/2372 2234/63/2428 
f 2235/64/2429 2236/65/2431 2189/45/2430 
f 2189/45/2430 2186/44/2430 2235/64/2429 
f 2236/65/2431 2237/66/2432 2192/46/2433 
f 2192/46/2433 2189/45/2430 2236/65/2431 
f 2237/66/2432 2238/67/2434 2194/47/2435 
f 2194/47/2435 2192/46/2433 2237/66/2432 
f 2238/67/2434 2239/47/2436 2197/48/2386 
f 2197/48/2386 2194/47/2435 2238/67/2434 
f 2239/47/2436 2240/48/2437 2200/48/2438 
f 2200/48/2438 2197/48/2386 2239/47/2436 
f 2240/48/2437 2241/48/2439 2203/48/2439 
f 2203/48/2439 2200/48/2438 2240/48/2437 
f 2241/48/2440 2242/68/2441 2204/68/2442 
f 2204/68/2442 2203/48/2443 2241/48/2440 
f 2243/68/2444 2205/68/2445 2204/68/2442 
f 2204/68/2442 2242/68/2441 2243/68/2444 
f 2244/52/2446 2217/49/2407 2209/52/2408 
f 2209/52/2408 2210/53/2399 2244/52/2446 
f 2212/55/2401 2215/57/2447 2245/69/2448 
f 2245/69/2448 2246/70/2449 2212/55/2401 
f 2245/69/2448 2215/57/2447 2216/49/2450 
f 2216/49/2450 2247/71/2451 2245/69/2448 
f 2217/49/2452 2248/72/2453 2247/71/2451 
f 2247/71/2451 2216/49/2450 2217/49/2452 
f 2244/52/2446 2249/72/2454 2248/72/2453 
f 2248/72/2453 2217/49/2452 2244/52/2446 
f 2246/70/2449 2250/73/2455 2213/3/2456 
f 2213/3/2456 2212/55/2401 2246/70/2449 
f 2250/73/2455 2251/74/2457 2214/56/1096 
f 2214/56/1096 2213/3/2456 2250/73/2455 
f 2251/74/2457 2252/75/2458 2218/10/2459 
f 2218/10/2459 2214/56/1096 2251/74/2457 
f 2252/75/2458 2253/76/2460 2219/58/2410 
f 2219/58/2410 2218/10/2459 2252/75/2458 
f 2253/76/2460 2254/77/2461 2220/59/2411 
f 2220/59/2411 2219/58/2410 2253/76/2460 
f 2221/16/2412 2220/59/2411 2254/77/2461 
f 2254/77/2461 2255/78/2462 2221/16/2412 
f 2222/18/2413 2221/16/2412 2255/78/2462 
f 2255/78/2462 2256/79/2463 2222/18/2413 
f 2223/20/2414 2222/18/2413 2256/79/2463 
f 2256/79/2463 2257/80/2464 2223/20/2414 
f 2224/23/2416 2223/20/2414 2257/80/2464 
f 2257/80/2464 2258/81/2465 2224/23/2416 
f 2225/60/2466 2224/23/2416 2258/81/2465 
f 2258/81/2465 2259/82/2466 2225/60/2466 
f 2226/27/2419 2225/60/2466 2259/82/2466 
f 2259/82/2466 2260/83/2467 2226/27/2419 
f 2227/29/2420 2226/27/2419 2260/83/2467 
f 2260/83/2467 2261/84/2467 2227/29/2420 
f 2228/31/2422 2227/29/2420 2261/84/2467 
f 2261/84/2467 2262/85/2468 2228/31/2422 
f 2229/33/2423 2228/31/2422 2262/85/2468 
f 2262/85/2468 2263/86/2469 2229/33/2423 
f 2263/86/2469 2264/87/2470 2230/35/2471 
f 2230/35/2471 2229/33/2423 2263/86/2469 
f 2264/87/2470 2265/88/2472 2231/37/2425 
f 2231/37/2425 2230/35/2471 2264/87/2470 
f 2265/88/2472 2266/61/2473 2232/61/2426 
f 2232/61/2426 2231/37/2425 2265/88/2472 
f 2233/62/2427 2232/61/2426 2266/61/2473 
f 2266/61/2473 2267/62/2474 2233/62/2427 
f 2267/62/2474 2268/63/2475 2234/63/2428 
f 2234/63/2428 2233/62/2427 2267/62/2474 
f 2268/63/2475 2269/64/2476 2235/64/2429 
f 2235/64/2429 2234/63/2428 2268/63/2475 
f 2269/64/2476 2270/65/2477 2236/65/2431 
f 2236/65/2431 2235/64/2429 2269/64/2476 
f 2237/66/2478 2236/65/2431 2270/65/2477 
f 2270/65/2477 2271/66/2479 2237/66/2478 
f 2238/67/2480 2237/66/2478 2271/66/2479 
f 2271/66/2479 2272/67/2477 2238/67/2480 
f 2272/67/2477 2273/67/2481 2239/47/2482 
f 2239/47/2482 2238/67/2480 2272/67/2477 
f 2240/48/799 2239/47/2482 2273/67/2481 
f 2273/67/2481 2274/68/2483 2240/48/799 
f 2241/48/2440 2240/48/799 2274/68/2483 
f 2274/68/2483 2242/68/2441 2241/48/2440 
f 2275/89/2484 2276/90/2485 2245/69/2448 
f 2245/69/2448 2247/71/2451 2275/89/2484 
f 2277/91/2486 2275/89/2484 2247/71/2451 
f 2247/71/2451 2248/72/2453 2277/91/2486 
f 2278/92/2487 2277/91/2486 2248/72/2453 
f 2248/72/2453 2249/72/2454 2278/92/2487 
f 2276/90/2485 2279/93/2488 2246/70/2449 
f 2246/70/2449 2245/69/2448 2276/90/2485 
f 2279/93/2488 2280/94/2489 2250/73/2455 
f 2250/73/2455 2246/70/2449 2279/93/2488 
f 2280/94/2489 2281/95/2490 2251/74/2457 
f 2251/74/2457 2250/73/2455 2280/94/2489 
f 2281/95/2490 2282/96/2491 2252/75/2458 
f 2252/75/2458 2251/74/2457 2281/95/2490 
f 2282/96/2491 2283/76/2492 2253/76/2460 
f 2253/76/2460 2252/75/2458 2282/96/2491 
f 2283/76/2492 2284/97/2493 2254/77/2461 
f 2254/77/2461 2253/76/2460 2283/76/2492 
f 2255/78/2462 2254/77/2461 2284/97/2493 
f 2284/97/2493 2285/78/2494 2255/78/2462 
f 2285/78/2494 2286/79/2495 2256/79/2463 
f 2256/79/2463 2255/78/2462 2285/78/2494 
f 2257/80/2464 2256/79/2463 2286/79/2495 
f 2286/79/2495 2287/80/2496 2257/80/2464 
f 2287/80/2496 2288/81/2497 2258/81/2465 
f 2258/81/2465 2257/80/2464 2287/80/2496 
f 2288/81/2497 2289/82/2498 2259/82/2499 
f 2259/82/2499 2258/81/2465 2288/81/2497 
f 2260/83/2467 2259/82/2499 2289/82/2498 
f 2289/82/2498 2290/83/2500 2260/83/2467 
f 2290/83/2500 2291/84/2501 2261/84/2467 
f 2261/84/2467 2260/83/2467 2290/83/2500 
f 2291/84/2501 2292/85/2502 2262/85/2468 
f 2262/85/2468 2261/84/2467 2291/84/2501 
f 2292/85/2502 2293/86/2503 2263/86/2469 
f 2263/86/2469 2262/85/2468 2292/85/2502 
f 2264/87/2470 2263/86/2469 2293/86/2503 
f 2293/86/2503 2294/87/2504 2264/87/2470 
f 2265/88/2472 2264/87/2470 2294/87/2504 
f 2294/87/2504 2295/88/2503 2265/88/2472 
f 2266/61/2473 2265/88/2472 2295/88/2503 
f 2295/88/2503 2296/61/2505 2266/61/2473 
f 2296/61/2505 2297/62/2506 2267/62/2474 
f 2267/62/2474 2266/61/2473 2296/61/2505 
f 2297/62/2506 2298/63/2507 2268/63/2475 
f 2268/63/2475 2267/62/2474 2297/62/2506 
f 2298/63/2507 2299/64/2508 2269/64/2476 
f 2269/64/2476 2268/63/2475 2298/63/2507 
f 2270/65/2477 2269/64/2476 2299/64/2508 
f 2299/64/2508 2300/65/2509 2270/65/2477 
f 2300/65/2509 2301/66/2510 2271/66/2479 
f 2271/66/2479 2270/65/2477 2300/65/2509 
f 2272/67/2477 2271/66/2479 2301/66/2510 
f 2301/66/2510 2302/67/2511 2272/67/2477 
f 2302/67/2511 2303/68/2512 2273/67/2481 
f 2273/67/2481 2272/67/2477 2302/67/2511 
f 2303/68/2512 2304/68/2513 2274/68/2483 
f 2274/68/2483 2273/67/2481 2303/68/2512 
f 2242/68/2441 2274/68/2483 2304/68/2513 
f 2304/68/2513 2243/68/2444 2242/68/2441 
f 2278/92/2487 2249/72/2454 2244/52/2446 
f 2244/52/2446 2210/53/2399 2278/92/2487 
f 2211/54/2400 2277/98/2486 2278/99/2487 
f 2278/99/2487 2210/53/2399 2211/54/2400 
f 2277/98/2486 2211/54/2400 2208/51/2397 
f 2208/51/2397 2275/98/2514 2277/98/2486 
f 2208/51/2397 2131/7/2515 2276/100/2515 
f 2276/100/2515 2275/98/2514 2208/51/2397 
f 2131/7/2515 2130/6/2516 2279/101/2516 
f 2279/101/2516 2276/100/2515 2131/7/2515 
f 2130/6/2516 2133/9/2517 2280/102/2517 
f 2280/102/2517 2279/101/2516 2130/6/2516 
f 2133/9/2517 2132/8/2518 2281/8/2518 
f 2281/8/2518 2280/102/2517 2133/9/2517 
f 2132/8/2518 2136/11/2327 2282/103/2519 
f 2282/103/2519 2281/8/2518 2132/8/2518 
f 2136/11/2327 2138/12/2329 2283/104/2520 
f 2283/104/2520 2282/103/2519 2136/11/2327 
f 2284/105/2521 2283/104/2520 2138/12/2329 
f 2138/12/2329 2142/15/2522 2284/105/2521 
f 2285/106/2494 2284/105/2521 2142/15/2522 
f 2142/15/2522 2145/17/2335 2285/106/2494 
f 2286/107/2495 2285/106/2494 2145/17/2335 
f 2145/17/2335 2148/19/2338 2286/107/2495 
f 2148/19/2338 2151/21/2341 2287/21/2496 
f 2287/21/2496 2286/107/2495 2148/19/2338 
f 2151/21/2341 2154/22/2523 2288/108/2497 
f 2288/108/2497 2287/21/2496 2151/21/2341 
f 2154/22/2523 2157/26/2347 2289/26/2498 
f 2289/26/2498 2288/108/2497 2154/22/2523 
f 2290/28/2500 2289/26/2498 2157/26/2347 
f 2157/26/2347 2160/28/2350 2290/28/2500 
f 2160/28/2350 2163/30/2353 2291/30/2501 
f 2291/30/2501 2290/28/2500 2160/28/2350 
f 2163/30/2353 2166/32/2356 2292/32/2502 
f 2292/32/2502 2291/30/2501 2163/30/2353 
f 2293/34/2503 2292/32/2502 2166/32/2356 
f 2166/32/2356 2169/34/2359 2293/34/2503 
f 2294/36/2504 2293/34/2503 2169/34/2359 
f 2169/34/2359 2172/36/2362 2294/36/2504 
f 2295/38/2503 2294/36/2504 2172/36/2362 
f 2172/36/2362 2175/38/2365 2295/38/2503 
f 2175/38/2365 2178/40/2368 2296/40/2505 
f 2296/40/2505 2295/38/2503 2175/38/2365 
f 2297/109/2506 2296/40/2505 2178/40/2368 
f 2178/40/2368 2181/42/2524 2297/109/2506 
f 2298/110/2507 2297/109/2506 2181/42/2524 
f 2181/42/2524 2184/43/2374 2298/110/2507 
f 2184/43/2374 2187/44/2377 2299/111/2508 
f 2299/111/2508 2298/110/2507 2184/43/2374 
f 2300/112/2525 2299/111/2508 2187/44/2377 
f 2187/44/2377 2190/45/2380 2300/112/2525 
f 2301/46/2526 2300/112/2525 2190/45/2380 
f 2190/45/2380 2193/46/2382 2301/46/2526 
f 2193/46/2382 2196/47/2385 2302/47/2511 
f 2302/47/2511 2301/46/2526 2193/46/2382 
f 2196/47/2385 2199/48/2388 2303/48/2512 
f 2303/48/2512 2302/47/2511 2196/47/2385 
f 2199/48/2388 2202/48/2527 2304/48/2513 
f 2304/48/2513 2303/48/2512 2199/48/2388 
f 2305/113/2528 2306/114/2529 2307/115/2530 
f 2307/115/2530 2308/116/2531 2305/113/2528 
f 2309/117/2532 2305/113/2528 2308/116/2531 
f 2308/116/2531 2310/118/2533 2309/117/2532 
f 2311/119/2534 2309/117/2532 2310/118/2533 
f 2310/118/2533 2312/120/2535 2311/119/2534 
f 2313/121/2536 2311/119/2534 2312/120/2535 
f 2312/120/2535 2314/122/2537 2313/121/2536 
f 2315/123/2538 2313/121/2536 2314/122/2537 
f 2314/122/2537 2316/124/2539 2315/123/2538 
f 2317/125/2540 2318/126/2541 2306/114/2529 
f 2306/114/2529 2305/113/2528 2317/125/2540 
f 2319/127/2542 2317/125/2540 2305/113/2528 
f 2305/113/2528 2309/117/2532 2319/127/2542 
f 2320/128/2543 2319/127/2542 2309/117/2532 
f 2309/117/2532 2311/119/2534 2320/128/2543 
f 2321/129/2544 2320/128/2543 2311/119/2534 
f 2311/119/2534 2313/121/2536 2321/129/2544 
f 2322/130/2545 2321/129/2544 2313/121/2536 
f 2313/121/2536 2315/123/2538 2322/130/2545 
f 2323/131/2546 2324/132/2547 2318/126/2541 
f 2318/126/2541 2317/125/2540 2323/131/2546 
f 2325/133/2548 2323/131/2546 2317/125/2540 
f 2317/125/2540 2319/127/2542 2325/133/2548 
f 2326/134/2549 2325/133/2548 2319/127/2542 
f 2319/127/2542 2320/128/2543 2326/134/2549 
f 2327/135/2413 2326/134/2549 2320/128/2543 
f 2320/128/2543 2321/129/2544 2327/135/2413 
f 2328/136/2550 2327/135/2413 2321/129/2544 
f 2321/129/2544 2322/130/2545 2328/136/2550 
f 2329/137/2551 2330/138/2552 2324/132/2547 
f 2324/132/2547 2323/131/2546 2329/137/2551 
f 2331/139/2553 2329/137/2551 2323/131/2546 
f 2323/131/2546 2325/133/2548 2331/139/2553 
f 2332/140/2554 2331/139/2553 2325/133/2548 
f 2325/133/2548 2326/134/2549 2332/140/2554 
f 2333/141/2555 2332/140/2554 2326/134/2549 
f 2326/134/2549 2327/135/2413 2333/141/2555 
f 2334/142/2556 2333/141/2555 2327/135/2413 
f 2327/135/2413 2328/136/2550 2334/142/2556 
f 2335/143/2557 2336/144/2558 2330/138/2552 
f 2330/138/2552 2329/137/2551 2335/143/2557 
f 2337/145/2559 2335/143/2557 2329/137/2551 
f 2329/137/2551 2331/139/2553 2337/145/2559 
f 2338/146/2560 2337/145/2559 2331/139/2553 
f 2331/139/2553 2332/140/2554 2338/146/2560 
f 2339/147/2561 2338/146/2560 2332/140/2554 
f 2332/140/2554 2333/141/2555 2339/147/2561 
f 2340/148/2562 2339/147/2561 2333/141/2555 
f 2333/141/2555 2334/142/2556 2340/148/2562 
f 2341/149/2563 2342/150/2564 2336/144/2558 
f 2336/144/2558 2335/143/2557 2341/149/2563 
f 2343/151/2565 2341/149/2563 2335/143/2557 
f 2335/143/2557 2337/145/2559 2343/151/2565 
f 2344/152/2566 2343/151/2565 2337/145/2559 
f 2337/145/2559 2338/146/2560 2344/152/2566 
f 2345/153/2567 2344/152/2566 2338/146/2560 
f 2338/146/2560 2339/147/2561 2345/153/2567 
f 2346/154/2568 2345/153/2567 2339/147/2561 
f 2339/147/2561 2340/148/2562 2346/154/2568 
f 2347/155/2569 2348/156/2570 2342/150/2564 
f 2342/150/2564 2341/149/2563 2347/155/2569 
f 2349/157/2571 2347/155/2569 2341/149/2563 
f 2341/149/2563 2343/151/2565 2349/157/2571 
f 2350/158/2572 2349/157/2571 2343/151/2565 
f 2343/151/2565 2344/152/2566 2350/158/2572 
f 2351/159/2573 2350/158/2572 2344/152/2566 
f 2344/152/2566 2345/153/2567 2351/159/2573 
f 2352/160/2574 2351/159/2573 2345/153/2567 
f 2345/153/2567 2346/154/2568 2352/160/2574 
f 2353/161/2575 2354/162/2576 2348/156/2570 
f 2348/156/2570 2347/155/2569 2353/161/2575 
f 2355/163/2577 2353/161/2575 2347/155/2569 
f 2347/155/2569 2349/157/2571 2355/163/2577 
f 2356/164/2578 2355/163/2577 2349/157/2571 
f 2349/157/2571 2350/158/2572 2356/164/2578 
f 2357/165/2579 2356/164/2578 2350/158/2572 
f 2350/158/2572 2351/159/2573 2357/165/2579 
f 2358/166/1974 2357/165/2579 2351/159/2573 
f 2351/159/2573 2352/160/2574 2358/166/1974 
f 2359/167/2580 2360/168/2581 2354/162/2576 
f 2354/162/2576 2353/161/2575 2359/167/2580 
f 2361/169/2582 2359/167/2580 2353/161/2575 
f 2353/161/2575 2355/163/2577 2361/169/2582 
f 2362/170/2583 2361/169/2582 2355/163/2577 
f 2355/163/2577 2356/164/2578 2362/170/2583 
f 2363/171/2584 2362/170/2583 2356/164/2578 
f 2356/164/2578 2357/165/2579 2363/171/2584 
f 2364/172/1974 2363/171/2584 2357/165/2579 
f 2357/165/2579 2358/166/1974 2364/172/1974 
f 2365/173/2585 2366/174/2586 2367/115/2587 
f 2367/115/2587 2368/114/2588 2365/173/2585 
f 2369/175/2589 2370/176/2590 2366/174/2586 
f 2366/174/2586 2365/173/2585 2369/175/2589 
f 2371/177/2591 2372/178/2592 2370/176/2590 
f 2370/176/2590 2369/175/2589 2371/177/2591 
f 2373/179/2593 2374/180/2594 2372/178/2592 
f 2372/178/2592 2371/177/2591 2373/179/2593 
f 2375/181/2595 2376/182/2596 2374/180/2594 
f 2374/180/2594 2373/179/2593 2375/181/2595 
f 2377/183/2597 2365/173/2585 2368/114/2588 
f 2368/114/2588 2378/126/2598 2377/183/2597 
f 2379/184/2599 2369/175/2589 2365/173/2585 
f 2365/173/2585 2377/183/2597 2379/184/2599 
f 2380/185/2600 2371/177/2591 2369/175/2589 
f 2369/175/2589 2379/184/2599 2380/185/2600 
f 2381/186/2601 2373/179/2593 2371/177/2591 
f 2371/177/2591 2380/185/2600 2381/186/2601 
f 2382/187/2602 2375/181/2595 2373/179/2593 
f 2373/179/2593 2381/186/2601 2382/187/2602 
f 2383/188/2603 2377/183/2597 2378/126/2598 
f 2378/126/2598 2384/132/2604 2383/188/2603 
f 2385/189/2605 2379/184/2599 2377/183/2597 
f 2377/183/2597 2383/188/2603 2385/189/2605 
f 2386/190/2606 2380/185/2600 2379/184/2599 
f 2379/184/2599 2385/189/2605 2386/190/2606 
f 2387/191/2607 2381/186/2601 2380/185/2600 
f 2380/185/2600 2386/190/2606 2387/191/2607 
f 2388/192/2608 2382/187/2602 2381/186/2601 
f 2381/186/2601 2387/191/2607 2388/192/2608 
f 2389/193/2609 2383/188/2603 2384/132/2604 
f 2384/132/2604 2390/138/2610 2389/193/2609 
f 2391/194/2611 2385/189/2605 2383/188/2603 
f 2383/188/2603 2389/193/2609 2391/194/2611 
f 2392/195/2612 2386/190/2606 2385/189/2605 
f 2385/189/2605 2391/194/2611 2392/195/2612 
f 2393/196/2613 2387/191/2607 2386/190/2606 
f 2386/190/2606 2392/195/2612 2393/196/2613 
f 2394/197/2614 2388/192/2608 2387/191/2607 
f 2387/191/2607 2393/196/2613 2394/197/2614 
f 2395/198/2615 2389/193/2609 2390/138/2610 
f 2390/138/2610 2396/144/2616 2395/198/2615 
f 2397/199/2617 2391/194/2611 2389/193/2609 
f 2389/193/2609 2395/198/2615 2397/199/2617 
f 2398/200/2618 2392/195/2612 2391/194/2611 
f 2391/194/2611 2397/199/2617 2398/200/2618 
f 2399/201/2619 2393/196/2613 2392/195/2612 
f 2392/195/2612 2398/200/2618 2399/201/2619 
f 2400/202/2620 2394/197/2614 2393/196/2613 
f 2393/196/2613 2399/201/2619 2400/202/2620 
f 2401/203/2621 2395/198/2615 2396/144/2616 
f 2396/144/2616 2402/150/2622 2401/203/2621 
f 2403/204/2623 2397/199/2617 2395/198/2615 
f 2395/198/2615 2401/203/2621 2403/204/2623 
f 2404/205/2624 2398/200/2618 2397/199/2617 
f 2397/199/2617 2403/204/2623 2404/205/2624 
f 2405/206/2625 2399/201/2619 2398/200/2618 
f 2398/200/2618 2404/205/2624 2405/206/2625 
f 2406/207/2626 2400/202/2620 2399/201/2619 
f 2399/201/2619 2405/206/2625 2406/207/2626 
f 2407/208/2627 2401/203/2621 2402/150/2622 
f 2402/150/2622 2408/156/2628 2407/208/2627 
f 2409/209/2629 2403/204/2623 2401/203/2621 
f 2401/203/2621 2407/208/2627 2409/209/2629 
f 2410/210/2630 2404/205/2624 2403/204/2623 
f 2403/204/2623 2409/209/2629 2410/210/2630 
f 2411/211/2631 2405/206/2625 2404/205/2624 
f 2404/205/2624 2410/210/2630 2411/211/2631 
f 2412/212/2632 2406/207/2626 2405/206/2625 
f 2405/206/2625 2411/211/2631 2412/212/2632 
f 2413/213/2633 2407/208/2627 2408/156/2628 
f 2408/156/2628 2414/162/2634 2413/213/2633 
f 2415/214/2635 2409/209/2629 2407/208/2627 
f 2407/208/2627 2413/213/2633 2415/214/2635 
f 2416/215/2636 2410/210/2630 2409/209/2629 
f 2409/209/2629 2415/214/2635 2416/215/2636 
f 2417/216/2637 2411/211/2631 2410/210/2630 
f 2410/210/2630 2416/215/2636 2417/216/2637 
f 2418/217/2638 2412/212/2632 2411/211/2631 
f 2411/211/2631 2417/216/2637 2418/217/2638 
f 2419/218/2639 2413/213/2633 2414/162/2634 
f 2414/162/2634 2420/168/2640 2419/218/2639 
f 2421/219/2641 2415/214/2635 2413/213/2633 
f 2413/213/2633 2419/218/2639 2421/219/2641 
f 2422/220/2642 2416/215/2636 2415/214/2635 
f 2415/214/2635 2421/219/2641 2422/220/2642 
f 2423/221/2643 2417/216/2637 2416/215/2636 
f 2416/215/2636 2422/220/2642 2423/221/2643 
f 2424/222/2644 2418/217/2638 2417/216/2637 
f 2417/216/2637 2423/221/2643 2424/222/2644 
f 2425/1/2194 2426/1/2645 2427/2/2646 
f 2427/2/2646 2428/3/2647 2425/1/2194 
f 2427/2/2646 2429/4/2648 2430/4/2649 
f 2430/4/2649 2428/3/2647 2427/2/2646 
f 2431/5/2650 2430/4/2649 2429/4/2648 
f 2429/4/2648 2432/5/2651 2431/5/2650 
f 2433/6/2652 2434/7/2653 2432/5/2651 
f 2432/5/2651 2429/4/2648 2433/6/2652 
f 2427/2/2646 2426/1/2645 2435/8/2654 
f 2435/8/2654 2436/9/2655 2427/2/2646 
f 2436/9/2655 2433/6/2652 2429/4/2648 
f 2429/4/2648 2427/2/2646 2436/9/2655 
f 2425/1/2194 2437/10/2656 2438/11/2645 
f 2438/11/2645 2426/1/2645 2425/1/2194 
f 2439/11/2657 2435/8/2654 2426/1/2645 
f 2426/1/2645 2438/11/2645 2439/11/2657 
f 2440/12/2658 2441/12/2659 2439/11/2657 
f 2439/11/2657 2438/11/2645 2440/12/2658 
f 2437/10/2656 2442/13/2660 2440/12/2658 
f 2440/12/2658 2438/11/2645 2437/10/2656 
f 2442/13/2660 2443/14/2661 2444/15/2662 
f 2444/15/2662 2440/12/2658 2442/13/2660 
f 2445/15/2663 2441/12/2659 2440/12/2658 
f 2440/12/2658 2444/15/2662 2445/15/2663 
f 2443/14/2661 2446/16/2664 2447/17/2665 
f 2447/17/2665 2444/15/2662 2443/14/2661 
f 2444/15/2662 2447/17/2665 2448/17/2666 
f 2448/17/2666 2445/15/2663 2444/15/2662 
f 2446/16/2664 2449/18/2667 2450/19/2668 
f 2450/19/2668 2447/17/2665 2446/16/2664 
f 2451/19/2669 2448/17/2666 2447/17/2665 
f 2447/17/2665 2450/19/2668 2451/19/2669 
f 2449/18/2667 2452/20/2670 2453/21/2671 
f 2453/21/2671 2450/19/2668 2449/18/2667 
f 2454/21/2672 2451/19/2669 2450/19/2668 
f 2450/19/2668 2453/21/2671 2454/21/2672 
f 2455/22/2673 2453/21/2671 2452/20/2670 
f 2452/20/2670 2456/23/2674 2455/22/2673 
f 2457/22/2675 2454/21/2672 2453/21/2671 
f 2453/21/2671 2455/22/2673 2457/22/2675 
f 2456/23/2674 2458/24/2676 2459/25/2677 
f 2459/25/2677 2455/22/2673 2456/23/2674 
f 2455/22/2673 2459/25/2677 2460/26/2678 
f 2460/26/2678 2457/22/2675 2455/22/2673 
f 2458/24/2676 2461/27/2679 2462/28/2680 
f 2462/28/2680 2459/25/2677 2458/24/2676 
f 2463/28/2681 2460/26/2678 2459/25/2677 
f 2459/25/2677 2462/28/2680 2463/28/2681 
f 2461/27/2679 2464/29/2682 2465/29/2683 
f 2465/29/2683 2462/28/2680 2461/27/2679 
f 2462/28/2680 2465/29/2683 2466/30/2684 
f 2466/30/2684 2463/28/2681 2462/28/2680 
f 2464/29/2682 2467/31/2685 2468/31/2686 
f 2468/31/2686 2465/29/2683 2464/29/2682 
f 2469/32/2687 2466/30/2684 2465/29/2683 
f 2465/29/2683 2468/31/2686 2469/32/2687 
f 2467/31/2685 2470/33/2688 2471/33/2689 
f 2471/33/2689 2468/31/2686 2467/31/2685 
f 2472/34/2690 2469/32/2687 2468/31/2686 
f 2468/31/2686 2471/33/2689 2472/34/2690 
f 2473/35/2691 2471/33/2689 2470/33/2688 
f 2470/33/2688 2474/35/2692 2473/35/2691 
f 2471/33/2689 2473/35/2691 2475/36/2693 
f 2475/36/2693 2472/34/2690 2471/33/2689 
f 2474/35/2692 2476/37/2694 2477/37/2695 
f 2477/37/2695 2473/35/2691 2474/35/2692 
f 2478/38/2696 2475/36/2693 2473/35/2691 
f 2473/35/2691 2477/37/2695 2478/38/2696 
f 2479/39/2695 2477/37/2695 2476/37/2694 
f 2476/37/2694 2480/39/2697 2479/39/2695 
f 2477/37/2695 2479/39/2695 2481/40/2698 
f 2481/40/2698 2478/38/2696 2477/37/2695 
f 2480/39/2697 2482/41/2699 2483/41/2700 
f 2483/41/2700 2479/39/2695 2480/39/2697 
f 2484/42/2701 2481/40/2698 2479/39/2695 
f 2479/39/2695 2483/41/2700 2484/42/2701 
f 2482/41/2699 2485/43/2702 2486/43/2703 
f 2486/43/2703 2483/41/2700 2482/41/2699 
f 2487/43/2704 2484/42/2701 2483/41/2700 
f 2483/41/2700 2486/43/2703 2487/43/2704 
f 2488/44/2705 2486/43/2703 2485/43/2702 
f 2485/43/2702 2489/44/2706 2488/44/2705 
f 2486/43/2703 2488/44/2705 2490/44/2707 
f 2490/44/2707 2487/43/2704 2486/43/2703 
f 2491/45/2708 2488/44/2705 2489/44/2706 
f 2489/44/2706 2492/45/2709 2491/45/2708 
f 2488/44/2705 2491/45/2708 2493/45/2710 
f 2493/45/2710 2490/44/2707 2488/44/2705 
f 2494/46/2711 2491/45/2708 2492/45/2709 
f 2492/45/2709 2495/46/2712 2494/46/2711 
f 2496/46/2713 2493/45/2710 2491/45/2708 
f 2491/45/2708 2494/46/2711 2496/46/2713 
f 2495/46/2712 2497/47/2714 2498/47/2715 
f 2498/47/2715 2494/46/2711 2495/46/2712 
f 2499/47/2713 2496/46/2713 2494/46/2711 
f 2494/46/2711 2498/47/2715 2499/47/2713 
f 2497/47/2714 2500/48/2716 2501/48/2717 
f 2501/48/2717 2498/47/2715 2497/47/2714 
f 2501/48/2717 2502/48/2718 2499/47/2713 
f 2499/47/2713 2498/47/2715 2501/48/2717 
f 2501/48/2717 2500/48/2716 2503/48/2719 
f 2503/48/2719 2504/48/2720 2501/48/2717 
f 2505/48/2721 2502/48/2718 2501/48/2717 
f 2501/48/2717 2504/48/2720 2505/48/2721 
f 2503/48/2719 2506/48/2722 2507/48/2723 
f 2507/48/2723 2504/48/2720 2503/48/2719 
f 2508/48/2724 2505/48/2721 2504/48/2720 
f 2504/48/2720 2507/48/2723 2508/48/2724 
f 2509/49/2725 2431/5/2650 2432/5/2651 
f 2432/5/2651 2510/50/395 2509/49/2725 
f 2434/7/2653 2511/51/2726 2510/50/395 
f 2510/50/395 2432/5/2651 2434/7/2653 
f 2512/52/2727 2509/49/2725 2510/50/395 
f 2510/50/395 2513/53/2728 2512/52/2727 
f 2511/51/2726 2514/54/2729 2513/53/2728 
f 2513/53/2728 2510/50/395 2511/51/2726 
f 2515/55/2730 2516/3/2731 2428/3/2731 
f 2428/3/2731 2430/4/2732 2515/55/2730 
f 2516/3/2731 2517/56/2733 2425/1/2194 
f 2425/1/2194 2428/3/2731 2516/3/2731 
f 2518/57/2734 2515/55/2730 2430/4/2732 
f 2430/4/2732 2431/5/2734 2518/57/2734 
f 2519/49/2735 2518/57/2734 2431/5/2734 
f 2431/5/2734 2509/49/2725 2519/49/2735 
f 2520/49/2736 2519/49/2735 2509/49/2725 
f 2509/49/2725 2512/52/2737 2520/49/2736 
f 2517/56/2733 2521/10/2738 2437/10/2656 
f 2437/10/2656 2425/1/2194 2517/56/2733 
f 2521/10/2738 2522/58/2739 2442/13/2660 
f 2442/13/2660 2437/10/2656 2521/10/2738 
f 2522/58/2739 2523/59/2740 2443/14/2661 
f 2443/14/2661 2442/13/2660 2522/58/2739 
f 2523/59/2740 2524/16/2741 2446/16/2664 
f 2446/16/2664 2443/14/2661 2523/59/2740 
f 2524/16/2741 2525/18/2742 2449/18/2667 
f 2449/18/2667 2446/16/2664 2524/16/2741 
f 2525/18/2742 2526/20/2743 2452/20/2744 
f 2452/20/2744 2449/18/2667 2525/18/2742 
f 2526/20/2743 2527/23/2745 2456/23/2746 
f 2456/23/2746 2452/20/2744 2526/20/2743 
f 2527/23/2745 2528/60/2747 2458/24/2676 
f 2458/24/2676 2456/23/2746 2527/23/2745 
f 2528/60/2747 2529/27/2748 2461/27/2679 
f 2461/27/2679 2458/24/2676 2528/60/2747 
f 2529/27/2748 2530/29/2749 2464/29/2682 
f 2464/29/2682 2461/27/2679 2529/27/2748 
f 2467/31/2750 2464/29/2682 2530/29/2749 
f 2530/29/2749 2531/31/2751 2467/31/2750 
f 2531/31/2751 2532/33/2752 2470/33/2688 
f 2470/33/2688 2467/31/2750 2531/31/2751 
f 2532/33/2752 2533/35/2753 2474/35/2692 
f 2474/35/2692 2470/33/2688 2532/33/2752 
f 2533/35/2753 2534/37/2754 2476/37/2694 
f 2476/37/2694 2474/35/2692 2533/35/2753 
f 2534/37/2754 2535/61/2755 2480/39/2697 
f 2480/39/2697 2476/37/2694 2534/37/2754 
f 2535/61/2755 2536/62/2756 2482/41/2699 
f 2482/41/2699 2480/39/2697 2535/61/2755 
f 2485/43/2702 2482/41/2699 2536/62/2756 
f 2536/62/2756 2537/63/2757 2485/43/2702 
f 2537/63/2757 2538/64/2758 2489/44/2759 
f 2489/44/2759 2485/43/2702 2537/63/2757 
f 2538/64/2758 2539/65/2760 2492/45/2761 
f 2492/45/2761 2489/44/2759 2538/64/2758 
f 2539/65/2760 2540/66/2762 2495/46/2763 
f 2495/46/2763 2492/45/2761 2539/65/2760 
f 2540/66/2762 2541/67/2764 2497/47/2765 
f 2497/47/2765 2495/46/2763 2540/66/2762 
f 2541/67/2764 2542/47/2766 2500/48/2716 
f 2500/48/2716 2497/47/2765 2541/67/2764 
f 2542/47/2766 2543/48/2767 2503/48/2768 
f 2503/48/2768 2500/48/2716 2542/47/2766 
f 2543/48/2767 2544/48/2769 2506/48/2769 
f 2506/48/2769 2503/48/2768 2543/48/2767 
f 2544/48/2770 2545/68/2771 2507/68/2772 
f 2507/68/2772 2506/48/2773 2544/48/2770 
f 2546/68/2774 2508/68/2775 2507/68/2772 
f 2507/68/2772 2545/68/2771 2546/68/2774 
f 2547/52/2776 2520/49/2736 2512/52/2737 
f 2512/52/2737 2513/53/2728 2547/52/2776 
f 2515/55/2730 2518/57/2777 2548/69/2778 
f 2548/69/2778 2549/70/2779 2515/55/2730 
f 2548/69/2778 2518/57/2777 2519/49/2780 
f 2519/49/2780 2550/71/2781 2548/69/2778 
f 2520/49/2782 2551/72/2783 2550/71/2781 
f 2550/71/2781 2519/49/2780 2520/49/2782 
f 2547/52/2776 2552/72/2784 2551/72/2783 
f 2551/72/2783 2520/49/2782 2547/52/2776 
f 2549/70/2779 2553/73/2785 2516/3/2786 
f 2516/3/2786 2515/55/2730 2549/70/2779 
f 2553/73/2785 2554/74/2787 2517/56/2788 
f 2517/56/2788 2516/3/2786 2553/73/2785 
f 2554/74/2787 2555/75/2789 2521/10/2790 
f 2521/10/2790 2517/56/2788 2554/74/2787 
f 2555/75/2789 2556/76/2791 2522/58/2739 
f 2522/58/2739 2521/10/2790 2555/75/2789 
f 2556/76/2791 2557/77/2792 2523/59/2740 
f 2523/59/2740 2522/58/2739 2556/76/2791 
f 2524/16/2741 2523/59/2740 2557/77/2792 
f 2557/77/2792 2558/78/2793 2524/16/2741 
f 2525/18/2742 2524/16/2741 2558/78/2793 
f 2558/78/2793 2559/79/2794 2525/18/2742 
f 2526/20/2743 2525/18/2742 2559/79/2794 
f 2559/79/2794 2560/80/2795 2526/20/2743 
f 2527/23/2745 2526/20/2743 2560/80/2795 
f 2560/80/2795 2561/81/2796 2527/23/2745 
f 2528/60/2797 2527/23/2745 2561/81/2796 
f 2561/81/2796 2562/82/2797 2528/60/2797 
f 2529/27/2748 2528/60/2797 2562/82/2797 
f 2562/82/2797 2563/83/2798 2529/27/2748 
f 2530/29/2749 2529/27/2748 2563/83/2798 
f 2563/83/2798 2564/84/2799 2530/29/2749 
f 2531/31/2751 2530/29/2749 2564/84/2799 
f 2564/84/2799 2565/85/2800 2531/31/2751 
f 2532/33/2752 2531/31/2751 2565/85/2800 
f 2565/85/2800 2566/86/2801 2532/33/2752 
f 2566/86/2801 2567/87/2802 2533/35/2803 
f 2533/35/2803 2532/33/2752 2566/86/2801 
f 2567/87/2802 2568/88/2804 2534/37/2754 
f 2534/37/2754 2533/35/2803 2567/87/2802 
f 2568/88/2804 2569/61/2804 2535/61/2755 
f 2535/61/2755 2534/37/2754 2568/88/2804 
f 2536/62/2756 2535/61/2755 2569/61/2804 
f 2569/61/2804 2570/62/2805 2536/62/2756 
f 2570/62/2805 2571/63/2806 2537/63/2757 
f 2537/63/2757 2536/62/2756 2570/62/2805 
f 2571/63/2806 2572/64/2807 2538/64/2758 
f 2538/64/2758 2537/63/2757 2571/63/2806 
f 2572/64/2807 2573/65/2808 2539/65/2760 
f 2539/65/2760 2538/64/2758 2572/64/2807 
f 2540/66/2809 2539/65/2760 2573/65/2808 
f 2573/65/2808 2574/66/2810 2540/66/2809 
f 2541/67/2811 2540/66/2809 2574/66/2810 
f 2574/66/2810 2575/67/2812 2541/67/2811 
f 2575/67/2812 2576/67/2813 2542/47/2814 
f 2542/47/2814 2541/67/2811 2575/67/2812 
f 2543/48/2815 2542/47/2814 2576/67/2813 
f 2576/67/2813 2577/68/2816 2543/48/2815 
f 2544/48/2770 2543/48/2815 2577/68/2816 
f 2577/68/2816 2545/68/2771 2544/48/2770 
f 2578/89/2817 2579/90/2818 2548/69/2778 
f 2548/69/2778 2550/71/2781 2578/89/2817 
f 2580/91/2819 2578/89/2817 2550/71/2781 
f 2550/71/2781 2551/72/2783 2580/91/2819 
f 2581/92/2820 2580/91/2819 2551/72/2783 
f 2551/72/2783 2552/72/2784 2581/92/2820 
f 2579/90/2818 2582/93/2821 2549/70/2779 
f 2549/70/2779 2548/69/2778 2579/90/2818 
f 2582/93/2821 2583/94/2822 2553/73/2785 
f 2553/73/2785 2549/70/2779 2582/93/2821 
f 2583/94/2822 2584/95/2823 2554/74/2787 
f 2554/74/2787 2553/73/2785 2583/94/2822 
f 2584/95/2823 2585/96/2824 2555/75/2789 
f 2555/75/2789 2554/74/2787 2584/95/2823 
f 2585/96/2824 2586/76/2825 2556/76/2791 
f 2556/76/2791 2555/75/2789 2585/96/2824 
f 2586/76/2825 2587/97/2826 2557/77/2792 
f 2557/77/2792 2556/76/2791 2586/76/2825 
f 2558/78/2793 2557/77/2792 2587/97/2826 
f 2587/97/2826 2588/78/2827 2558/78/2793 
f 2588/78/2827 2589/79/2828 2559/79/2794 
f 2559/79/2794 2558/78/2793 2588/78/2827 
f 2560/80/2795 2559/79/2794 2589/79/2828 
f 2589/79/2828 2590/80/2829 2560/80/2795 
f 2590/80/2829 2591/81/2830 2561/81/2796 
f 2561/81/2796 2560/80/2795 2590/80/2829 
f 2591/81/2830 2592/82/2831 2562/82/2832 
f 2562/82/2832 2561/81/2796 2591/81/2830 
f 2563/83/2798 2562/82/2832 2592/82/2831 
f 2592/82/2831 2593/83/2833 2563/83/2798 
f 2593/83/2833 2594/84/2834 2564/84/2799 
f 2564/84/2799 2563/83/2798 2593/83/2833 
f 2594/84/2834 2595/85/2835 2565/85/2800 
f 2565/85/2800 2564/84/2799 2594/84/2834 
f 2595/85/2835 2596/86/2836 2566/86/2801 
f 2566/86/2801 2565/85/2800 2595/85/2835 
f 2567/87/2802 2566/86/2801 2596/86/2836 
f 2596/86/2836 2597/87/2837 2567/87/2802 
f 2568/88/2804 2567/87/2802 2597/87/2837 
f 2597/87/2837 2598/88/2836 2568/88/2804 
f 2569/61/2804 2568/88/2804 2598/88/2836 
f 2598/88/2836 2599/61/2838 2569/61/2804 
f 2599/61/2838 2600/62/2839 2570/62/2805 
f 2570/62/2805 2569/61/2804 2599/61/2838 
f 2600/62/2839 2601/63/2840 2571/63/2806 
f 2571/63/2806 2570/62/2805 2600/62/2839 
f 2601/63/2840 2602/64/2841 2572/64/2807 
f 2572/64/2807 2571/63/2806 2601/63/2840 
f 2573/65/2808 2572/64/2807 2602/64/2841 
f 2602/64/2841 2603/65/2842 2573/65/2808 
f 2603/65/2842 2604/66/2843 2574/66/2810 
f 2574/66/2810 2573/65/2808 2603/65/2842 
f 2575/67/2812 2574/66/2810 2604/66/2843 
f 2604/66/2843 2605/67/2844 2575/67/2812 
f 2605/67/2844 2606/68/2845 2576/67/2813 
f 2576/67/2813 2575/67/2812 2605/67/2844 
f 2606/68/2845 2607/68/2846 2577/68/2816 
f 2577/68/2816 2576/67/2813 2606/68/2845 
f 2545/68/2771 2577/68/2816 2607/68/2846 
f 2607/68/2846 2546/68/2774 2545/68/2771 
f 2581/92/2820 2552/72/2784 2547/52/2776 
f 2547/52/2776 2513/53/2728 2581/92/2820 
f 2514/54/2729 2580/98/2819 2581/99/2820 
f 2581/99/2820 2513/53/2728 2514/54/2729 
f 2580/98/2819 2514/54/2729 2511/51/2726 
f 2511/51/2726 2578/98/2847 2580/98/2819 
f 2511/51/2726 2434/7/2848 2579/100/2848 
f 2579/100/2848 2578/98/2847 2511/51/2726 
f 2434/7/2848 2433/6/2849 2582/101/2849 
f 2582/101/2849 2579/100/2848 2434/7/2848 
f 2433/6/2849 2436/9/2850 2583/102/2850 
f 2583/102/2850 2582/101/2849 2433/6/2849 
f 2436/9/2850 2435/8/2851 2584/8/2852 
f 2584/8/2852 2583/102/2850 2436/9/2850 
f 2435/8/2851 2439/11/2657 2585/103/2853 
f 2585/103/2853 2584/8/2852 2435/8/2851 
f 2439/11/2657 2441/12/2659 2586/104/2854 
f 2586/104/2854 2585/103/2853 2439/11/2657 
f 2587/105/2855 2586/104/2854 2441/12/2659 
f 2441/12/2659 2445/15/2856 2587/105/2855 
f 2588/106/2827 2587/105/2855 2445/15/2856 
f 2445/15/2856 2448/17/2666 2588/106/2827 
f 2589/107/2828 2588/106/2827 2448/17/2666 
f 2448/17/2666 2451/19/2669 2589/107/2828 
f 2451/19/2669 2454/21/2672 2590/21/2829 
f 2590/21/2829 2589/107/2828 2451/19/2669 
f 2454/21/2672 2457/22/2857 2591/108/2830 
f 2591/108/2830 2590/21/2829 2454/21/2672 
f 2457/22/2857 2460/26/2678 2592/26/2831 
f 2592/26/2831 2591/108/2830 2457/22/2857 
f 2593/28/2833 2592/26/2831 2460/26/2678 
f 2460/26/2678 2463/28/2681 2593/28/2833 
f 2463/28/2681 2466/30/2684 2594/30/2834 
f 2594/30/2834 2593/28/2833 2463/28/2681 
f 2466/30/2684 2469/32/2687 2595/32/2835 
f 2595/32/2835 2594/30/2834 2466/30/2684 
f 2596/34/2836 2595/32/2835 2469/32/2687 
f 2469/32/2687 2472/34/2690 2596/34/2836 
f 2597/36/2837 2596/34/2836 2472/34/2690 
f 2472/34/2690 2475/36/2693 2597/36/2837 
f 2598/38/2836 2597/36/2837 2475/36/2693 
f 2475/36/2693 2478/38/2696 2598/38/2836 
f 2478/38/2696 2481/40/2698 2599/40/2838 
f 2599/40/2838 2598/38/2836 2478/38/2696 
f 2600/109/2839 2599/40/2838 2481/40/2698 
f 2481/40/2698 2484/42/2858 2600/109/2839 
f 2601/110/2840 2600/109/2839 2484/42/2858 
f 2484/42/2858 2487/43/2704 2601/110/2840 
f 2487/43/2704 2490/44/2707 2602/111/2841 
f 2602/111/2841 2601/110/2840 2487/43/2704 
f 2603/112/2859 2602/111/2841 2490/44/2707 
f 2490/44/2707 2493/45/2710 2603/112/2859 
f 2604/46/2860 2603/112/2859 2493/45/2710 
f 2493/45/2710 2496/46/2713 2604/46/2860 
f 2496/46/2713 2499/47/2713 2605/47/2844 
f 2605/47/2844 2604/46/2860 2496/46/2713 
f 2499/47/2713 2502/48/2718 2606/48/2845 
f 2606/48/2845 2605/47/2844 2499/47/2713 
f 2502/48/2718 2505/48/2861 2607/48/2846 
f 2607/48/2846 2606/48/2845 2502/48/2718 
f 2608/113/2862 2609/114/2863 2610/115/2864 
f 2610/115/2864 2611/116/2865 2608/113/2862 
f 2612/117/2866 2608/113/2862 2611/116/2865 
f 2611/116/2865 2613/118/2867 2612/117/2866 
f 2614/119/2868 2612/117/2866 2613/118/2867 
f 2613/118/2867 2615/120/2869 2614/119/2868 
f 2616/121/2870 2614/119/2868 2615/120/2869 
f 2615/120/2869 2617/122/2871 2616/121/2870 
f 2618/123/2872 2616/121/2870 2617/122/2871 
f 2617/122/2871 2619/124/2873 2618/123/2872 
f 2620/125/2874 2621/126/2875 2609/114/2863 
f 2609/114/2863 2608/113/2862 2620/125/2874 
f 2622/127/2876 2620/125/2874 2608/113/2862 
f 2608/113/2862 2612/117/2866 2622/127/2876 
f 2623/128/2877 2622/127/2876 2612/117/2866 
f 2612/117/2866 2614/119/2868 2623/128/2877 
f 2624/129/2878 2623/128/2877 2614/119/2868 
f 2614/119/2868 2616/121/2870 2624/129/2878 
f 2625/130/2879 2624/129/2878 2616/121/2870 
f 2616/121/2870 2618/123/2872 2625/130/2879 
f 2626/131/2880 2627/132/2881 2621/126/2875 
f 2621/126/2875 2620/125/2874 2626/131/2880 
f 2628/133/2882 2626/131/2880 2620/125/2874 
f 2620/125/2874 2622/127/2876 2628/133/2882 
f 2629/134/2883 2628/133/2882 2622/127/2876 
f 2622/127/2876 2623/128/2877 2629/134/2883 
f 2630/135/2884 2629/134/2883 2623/128/2877 
f 2623/128/2877 2624/129/2878 2630/135/2884 
f 2631/136/2885 2630/135/2884 2624/129/2878 
f 2624/129/2878 2625/130/2879 2631/136/2885 
f 2632/137/2886 2633/138/2887 2627/132/2881 
f 2627/132/2881 2626/131/2880 2632/137/2886 
f 2634/139/2888 2632/137/2886 2626/131/2880 
f 2626/131/2880 2628/133/2882 2634/139/2888 
f 2635/140/2889 2634/139/2888 2628/133/2882 
f 2628/133/2882 2629/134/2883 2635/140/2889 
f 2636/141/2890 2635/140/2889 2629/134/2883 
f 2629/134/2883 2630/135/2884 2636/141/2890 
f 2637/142/2891 2636/141/2890 2630/135/2884 
f 2630/135/2884 2631/136/2885 2637/142/2891 
f 2638/143/2892 2639/144/2893 2633/138/2887 
f 2633/138/2887 2632/137/2886 2638/143/2892 
f 2640/145/2894 2638/143/2892 2632/137/2886 
f 2632/137/2886 2634/139/2888 2640/145/2894 
f 2641/146/2895 2640/145/2894 2634/139/2888 
f 2634/139/2888 2635/140/2889 2641/146/2895 
f 2642/147/2896 2641/146/2895 2635/140/2889 
f 2635/140/2889 2636/141/2890 2642/147/2896 
f 2643/148/2897 2642/147/2896 2636/141/2890 
f 2636/141/2890 2637/142/2891 2643/148/2897 
f 2644/149/2898 2645/150/2899 2639/144/2893 
f 2639/144/2893 2638/143/2892 2644/149/2898 
f 2646/151/2900 2644/149/2898 2638/143/2892 
f 2638/143/2892 2640/145/2894 2646/151/2900 
f 2647/152/2901 2646/151/2900 2640/145/2894 
f 2640/145/2894 2641/146/2895 2647/152/2901 
f 2648/153/2902 2647/152/2901 2641/146/2895 
f 2641/146/2895 2642/147/2896 2648/153/2902 
f 2649/154/2903 2648/153/2902 2642/147/2896 
f 2642/147/2896 2643/148/2897 2649/154/2903 
f 2650/155/2904 2651/156/2905 2645/150/2899 
f 2645/150/2899 2644/149/2898 2650/155/2904 
f 2652/157/2906 2650/155/2904 2644/149/2898 
f 2644/149/2898 2646/151/2900 2652/157/2906 
f 2653/158/2907 2652/157/2906 2646/151/2900 
f 2646/151/2900 2647/152/2901 2653/158/2907 
f 2654/159/2908 2653/158/2907 2647/152/2901 
f 2647/152/2901 2648/153/2902 2654/159/2908 
f 2655/160/2909 2654/159/2908 2648/153/2902 
f 2648/153/2902 2649/154/2903 2655/160/2909 
f 2656/161/2910 2657/162/2911 2651/156/2905 
f 2651/156/2905 2650/155/2904 2656/161/2910 
f 2658/163/2912 2656/161/2910 2650/155/2904 
f 2650/155/2904 2652/157/2906 2658/163/2912 
f 2659/164/2913 2658/163/2912 2652/157/2906 
f 2652/157/2906 2653/158/2907 2659/164/2913 
f 2660/165/2914 2659/164/2913 2653/158/2907 
f 2653/158/2907 2654/159/2908 2660/165/2914 
f 2661/166/2915 2660/165/2914 2654/159/2908 
f 2654/159/2908 2655/160/2909 2661/166/2915 
f 2662/167/2916 2663/168/2917 2657/162/2911 
f 2657/162/2911 2656/161/2910 2662/167/2916 
f 2664/169/2918 2662/167/2916 2656/161/2910 
f 2656/161/2910 2658/163/2912 2664/169/2918 
f 2665/170/2919 2664/169/2918 2658/163/2912 
f 2658/163/2912 2659/164/2913 2665/170/2919 
f 2666/171/2920 2665/170/2919 2659/164/2913 
f 2659/164/2913 2660/165/2914 2666/171/2920 
f 2667/172/2921 2666/171/2920 2660/165/2914 
f 2660/165/2914 2661/166/2915 2667/172/2921 
f 2668/173/2922 2669/174/2923 2670/115/2924 
f 2670/115/2924 2671/114/2925 2668/173/2922 
f 2672/175/2926 2673/176/2927 2669/174/2923 
f 2669/174/2923 2668/173/2922 2672/175/2926 
f 2674/177/2928 2675/178/2929 2673/176/2927 
f 2673/176/2927 2672/175/2926 2674/177/2928 
f 2676/179/2930 2677/180/2931 2675/178/2929 
f 2675/178/2929 2674/177/2928 2676/179/2930 
f 2678/181/2932 2679/182/2933 2677/180/2931 
f 2677/180/2931 2676/179/2930 2678/181/2932 
f 2680/183/2934 2668/173/2922 2671/114/2925 
f 2671/114/2925 2681/126/2935 2680/183/2934 
f 2682/184/2936 2672/175/2926 2668/173/2922 
f 2668/173/2922 2680/183/2934 2682/184/2936 
f 2683/185/2937 2674/177/2928 2672/175/2926 
f 2672/175/2926 2682/184/2936 2683/185/2937 
f 2684/186/2938 2676/179/2930 2674/177/2928 
f 2674/177/2928 2683/185/2937 2684/186/2938 
f 2685/187/2939 2678/181/2932 2676/179/2930 
f 2676/179/2930 2684/186/2938 2685/187/2939 
f 2686/188/2940 2680/183/2934 2681/126/2935 
f 2681/126/2935 2687/132/2941 2686/188/2940 
f 2688/189/2942 2682/184/2936 2680/183/2934 
f 2680/183/2934 2686/188/2940 2688/189/2942 
f 2689/190/2943 2683/185/2937 2682/184/2936 
f 2682/184/2936 2688/189/2942 2689/190/2943 
f 2690/191/2944 2684/186/2938 2683/185/2937 
f 2683/185/2937 2689/190/2943 2690/191/2944 
f 2691/192/2945 2685/187/2939 2684/186/2938 
f 2684/186/2938 2690/191/2944 2691/192/2945 
f 2692/193/2946 2686/188/2940 2687/132/2941 
f 2687/132/2941 2693/138/2947 2692/193/2946 
f 2694/194/2948 2688/189/2942 2686/188/2940 
f 2686/188/2940 2692/193/2946 2694/194/2948 
f 2695/195/2949 2689/190/2943 2688/189/2942 
f 2688/189/2942 2694/194/2948 2695/195/2949 
f 2696/196/2950 2690/191/2944 2689/190/2943 
f 2689/190/2943 2695/195/2949 2696/196/2950 
f 2697/197/2951 2691/192/2945 2690/191/2944 
f 2690/191/2944 2696/196/2950 2697/197/2951 
f 2698/198/2952 2692/193/2946 2693/138/2947 
f 2693/138/2947 2699/144/2953 2698/198/2952 
f 2700/199/2954 2694/194/2948 2692/193/2946 
f 2692/193/2946 2698/198/2952 2700/199/2954 
f 2701/200/2955 2695/195/2949 2694/194/2948 
f 2694/194/2948 2700/199/2954 2701/200/2955 
f 2702/201/2956 2696/196/2950 2695/195/2949 
f 2695/195/2949 2701/200/2955 2702/201/2956 
f 2703/202/2957 2697/197/2951 2696/196/2950 
f 2696/196/2950 2702/201/2956 2703/202/2957 
f 2704/203/2958 2698/198/2952 2699/144/2953 
f 2699/144/2953 2705/150/2959 2704/203/2958 
f 2706/204/2960 2700/199/2954 2698/198/2952 
f 2698/198/2952 2704/203/2958 2706/204/2960 
f 2707/205/2961 2701/200/2955 2700/199/2954 
f 2700/199/2954 2706/204/2960 2707/205/2961 
f 2708/206/2962 2702/201/2956 2701/200/2955 
f 2701/200/2955 2707/205/2961 2708/206/2962 
f 2709/207/2963 2703/202/2957 2702/201/2956 
f 2702/201/2956 2708/206/2962 2709/207/2963 
f 2710/208/2964 2704/203/2958 2705/150/2959 
f 2705/150/2959 2711/156/447 2710/208/2964 
f 2712/209/2965 2706/204/2960 2704/203/2958 
f 2704/203/2958 2710/208/2964 2712/209/2965 
f 2713/210/2966 2707/205/2961 2706/204/2960 
f 2706/204/2960 2712/209/2965 2713/210/2966 
f 2714/211/2967 2708/206/2962 2707/205/2961 
f 2707/205/2961 2713/210/2966 2714/211/2967 
f 2715/212/2968 2709/207/2963 2708/206/2962 
f 2708/206/2962 2714/211/2967 2715/212/2968 
f 2716/213/2969 2710/208/2964 2711/156/447 
f 2711/156/447 2717/162/2970 2716/213/2969 
f 2718/214/2971 2712/209/2965 2710/208/2964 
f 2710/208/2964 2716/213/2969 2718/214/2971 
f 2719/215/2972 2713/210/2966 2712/209/2965 
f 2712/209/2965 2718/214/2971 2719/215/2972 
f 2720/216/2973 2714/211/2967 2713/210/2966 
f 2713/210/2966 2719/215/2972 2720/216/2973 
f 2721/217/2974 2715/212/2968 2714/211/2967 
f 2714/211/2967 2720/216/2973 2721/217/2974 
f 2722/218/2975 2716/213/2969 2717/162/2970 
f 2717/162/2970 2723/168/2976 2722/218/2975 
f 2724/219/2977 2718/214/2971 2716/213/2969 
f 2716/213/2969 2722/218/2975 2724/219/2977 
f 2725/220/2978 2719/215/2972 2718/214/2971 
f 2718/214/2971 2724/219/2977 2725/220/2978 
f 2726/221/2979 2720/216/2973 2719/215/2972 
f 2719/215/2972 2725/220/2978 2726/221/2979 
f 2727/222/2980 2721/217/2974 2720/216/2973 
f 2720/216/2973 2726/221/2979 2727/222/2980 
f 2728/1/2981 2729/1/2982 2730/2/2983 
f 2730/2/2983 2731/3/2984 2728/1/2981 
f 2730/2/2983 2732/4/2985 2733/4/2986 
f 2733/4/2986 2731/3/2984 2730/2/2983 
f 2734/5/2987 2733/4/2986 2732/4/2985 
f 2732/4/2985 2735/5/2988 2734/5/2987 
f 2736/6/2989 2737/7/2990 2735/5/2988 
f 2735/5/2988 2732/4/2985 2736/6/2989 
f 2730/2/2983 2729/1/2982 2738/8/2991 
f 2738/8/2991 2739/9/2992 2730/2/2983 
f 2739/9/2992 2736/6/2989 2732/4/2985 
f 2732/4/2985 2730/2/2983 2739/9/2992 
f 2728/1/2981 2740/10/2993 2741/11/2982 
f 2741/11/2982 2729/1/2982 2728/1/2981 
f 2742/11/2994 2738/8/2991 2729/1/2982 
f 2729/1/2982 2741/11/2982 2742/11/2994 
f 2743/12/2995 2744/12/2996 2742/11/2994 
f 2742/11/2994 2741/11/2982 2743/12/2995 
f 2740/10/2993 2745/13/2997 2743/12/2995 
f 2743/12/2995 2741/11/2982 2740/10/2993 
f 2745/13/2997 2746/14/2998 2747/15/2999 
f 2747/15/2999 2743/12/2995 2745/13/2997 
f 2748/15/3000 2744/12/2996 2743/12/2995 
f 2743/12/2995 2747/15/2999 2748/15/3000 
f 2746/14/2998 2749/16/3001 2750/17/3002 
f 2750/17/3002 2747/15/2999 2746/14/2998 
f 2747/15/2999 2750/17/3002 2751/17/3003 
f 2751/17/3003 2748/15/3000 2747/15/2999 
f 2749/16/3001 2752/18/3004 2753/19/3005 
f 2753/19/3005 2750/17/3002 2749/16/3001 
f 2754/19/3006 2751/17/3003 2750/17/3002 
f 2750/17/3002 2753/19/3005 2754/19/3006 
f 2752/18/3004 2755/20/3007 2756/21/3008 
f 2756/21/3008 2753/19/3005 2752/18/3004 
f 2757/21/3009 2754/19/3006 2753/19/3005 
f 2753/19/3005 2756/21/3008 2757/21/3009 
f 2758/22/3010 2756/21/3008 2755/20/3007 
f 2755/20/3007 2759/23/3011 2758/22/3010 
f 2760/22/3012 2757/21/3009 2756/21/3008 
f 2756/21/3008 2758/22/3010 2760/22/3012 
f 2759/23/3011 2761/24/3013 2762/25/3014 
f 2762/25/3014 2758/22/3010 2759/23/3011 
f 2758/22/3010 2762/25/3014 2763/26/3015 
f 2763/26/3015 2760/22/3012 2758/22/3010 
f 2761/24/3013 2764/27/3016 2765/28/3017 
f 2765/28/3017 2762/25/3014 2761/24/3013 
f 2766/28/3018 2763/26/3015 2762/25/3014 
f 2762/25/3014 2765/28/3017 2766/28/3018 
f 2764/27/3016 2767/29/3019 2768/29/3020 
f 2768/29/3020 2765/28/3017 2764/27/3016 
f 2765/28/3017 2768/29/3020 2769/30/3021 
f 2769/30/3021 2766/28/3018 2765/28/3017 
f 2767/29/3019 2770/31/3022 2771/31/3023 
f 2771/31/3023 2768/29/3020 2767/29/3019 
f 2772/32/3024 2769/30/3021 2768/29/3020 
f 2768/29/3020 2771/31/3023 2772/32/3024 
f 2770/31/3022 2773/33/3025 2774/33/3026 
f 2774/33/3026 2771/31/3023 2770/31/3022 
f 2775/34/3027 2772/32/3024 2771/31/3023 
f 2771/31/3023 2774/33/3026 2775/34/3027 
f 2776/35/3028 2774/33/3026 2773/33/3025 
f 2773/33/3025 2777/35/3029 2776/35/3028 
f 2774/33/3026 2776/35/3028 2778/36/3030 
f 2778/36/3030 2775/34/3027 2774/33/3026 
f 2777/35/3029 2779/37/3031 2780/37/3032 
f 2780/37/3032 2776/35/3028 2777/35/3029 
f 2781/38/3033 2778/36/3030 2776/35/3028 
f 2776/35/3028 2780/37/3032 2781/38/3033 
f 2782/39/3034 2780/37/3032 2779/37/3031 
f 2779/37/3031 2783/39/3035 2782/39/3034 
f 2780/37/3032 2782/39/3034 2784/40/3036 
f 2784/40/3036 2781/38/3033 2780/37/3032 
f 2783/39/3035 2785/41/3037 2786/41/3038 
f 2786/41/3038 2782/39/3034 2783/39/3035 
f 2787/42/3039 2784/40/3036 2782/39/3034 
f 2782/39/3034 2786/41/3038 2787/42/3039 
f 2785/41/3037 2788/43/3040 2789/43/3041 
f 2789/43/3041 2786/41/3038 2785/41/3037 
f 2790/43/3042 2787/42/3039 2786/41/3038 
f 2786/41/3038 2789/43/3041 2790/43/3042 
f 2791/44/3043 2789/43/3041 2788/43/3040 
f 2788/43/3040 2792/44/3044 2791/44/3043 
f 2789/43/3041 2791/44/3043 2793/44/3045 
f 2793/44/3045 2790/43/3042 2789/43/3041 
f 2794/45/3046 2791/44/3043 2792/44/3044 
f 2792/44/3044 2795/45/3047 2794/45/3046 
f 2791/44/3043 2794/45/3046 2796/45/3048 
f 2796/45/3048 2793/44/3045 2791/44/3043 
f 2797/46/3049 2794/45/3046 2795/45/3047 
f 2795/45/3047 2798/46/3050 2797/46/3049 
f 2799/46/3051 2796/45/3048 2794/45/3046 
f 2794/45/3046 2797/46/3049 2799/46/3051 
f 2798/46/3050 2800/47/3052 2801/47/3053 
f 2801/47/3053 2797/46/3049 2798/46/3050 
f 2802/47/3051 2799/46/3051 2797/46/3049 
f 2797/46/3049 2801/47/3053 2802/47/3051 
f 2800/47/3052 2803/48/3054 2804/48/3055 
f 2804/48/3055 2801/47/3053 2800/47/3052 
f 2804/48/3055 2805/48/3056 2802/47/3051 
f 2802/47/3051 2801/47/3053 2804/48/3055 
f 2804/48/3055 2803/48/3054 2806/48/3057 
f 2806/48/3057 2807/48/3058 2804/48/3055 
f 2808/48/3059 2805/48/3056 2804/48/3055 
f 2804/48/3055 2807/48/3058 2808/48/3059 
f 2806/48/3057 2809/48/3060 2810/48/3061 
f 2810/48/3061 2807/48/3058 2806/48/3057 
f 2811/48/2058 2808/48/3059 2807/48/3058 
f 2807/48/3058 2810/48/3061 2811/48/2058 
f 2812/49/3062 2734/5/2987 2735/5/2988 
f 2735/5/2988 2813/50/3063 2812/49/3062 
f 2737/7/2990 2814/51/3064 2813/50/3063 
f 2813/50/3063 2735/5/2988 2737/7/2990 
f 2815/52/3065 2812/49/3062 2813/50/3063 
f 2813/50/3063 2816/53/3066 2815/52/3065 
f 2814/51/3064 2817/54/3067 2816/53/3066 
f 2816/53/3066 2813/50/3063 2814/51/3064 
f 2818/55/3068 2819/3/3069 2731/3/3069 
f 2731/3/3069 2733/4/3070 2818/55/3068 
f 2819/3/3069 2820/56/3071 2728/1/2981 
f 2728/1/2981 2731/3/3069 2819/3/3069 
f 2821/57/3072 2818/55/3068 2733/4/3070 
f 2733/4/3070 2734/5/3072 2821/57/3072 
f 2822/49/3073 2821/57/3072 2734/5/3072 
f 2734/5/3072 2812/49/3062 2822/49/3073 
f 2823/49/3074 2822/49/3073 2812/49/3062 
f 2812/49/3062 2815/52/3075 2823/49/3074 
f 2820/56/3071 2824/10/3076 2740/10/2993 
f 2740/10/2993 2728/1/2981 2820/56/3071 
f 2824/10/3076 2825/58/3077 2745/13/2997 
f 2745/13/2997 2740/10/2993 2824/10/3076 
f 2825/58/3077 2826/59/3078 2746/14/2998 
f 2746/14/2998 2745/13/2997 2825/58/3077 
f 2826/59/3078 2827/16/3079 2749/16/3001 
f 2749/16/3001 2746/14/2998 2826/59/3078 
f 2827/16/3079 2828/18/3080 2752/18/3004 
f 2752/18/3004 2749/16/3001 2827/16/3079 
f 2828/18/3080 2829/20/3081 2755/20/3082 
f 2755/20/3082 2752/18/3004 2828/18/3080 
f 2829/20/3081 2830/23/3083 2759/23/2658 
f 2759/23/2658 2755/20/3082 2829/20/3081 
f 2830/23/3083 2831/60/3084 2761/24/3013 
f 2761/24/3013 2759/23/2658 2830/23/3083 
f 2831/60/3084 2832/27/3085 2764/27/3016 
f 2764/27/3016 2761/24/3013 2831/60/3084 
f 2832/27/3085 2833/29/3086 2767/29/3019 
f 2767/29/3019 2764/27/3016 2832/27/3085 
f 2770/31/3087 2767/29/3019 2833/29/3086 
f 2833/29/3086 2834/31/3088 2770/31/3087 
f 2834/31/3088 2835/33/3089 2773/33/3025 
f 2773/33/3025 2770/31/3087 2834/31/3088 
f 2835/33/3089 2836/35/3090 2777/35/3029 
f 2777/35/3029 2773/33/3025 2835/33/3089 
f 2836/35/3090 2837/37/3091 2779/37/3031 
f 2779/37/3031 2777/35/3029 2836/35/3090 
f 2837/37/3091 2838/61/3092 2783/39/3035 
f 2783/39/3035 2779/37/3031 2837/37/3091 
f 2838/61/3092 2839/62/3093 2785/41/3037 
f 2785/41/3037 2783/39/3035 2838/61/3092 
f 2788/43/3040 2785/41/3037 2839/62/3093 
f 2839/62/3093 2840/63/3094 2788/43/3040 
f 2840/63/3094 2841/64/3095 2792/44/3096 
f 2792/44/3096 2788/43/3040 2840/63/3094 
f 2841/64/3095 2842/65/3097 2795/45/3098 
f 2795/45/3098 2792/44/3096 2841/64/3095 
f 2842/65/3097 2843/66/3099 2798/46/3099 
f 2798/46/3099 2795/45/3098 2842/65/3097 
f 2843/66/3099 2844/67/3100 2800/47/3101 
f 2800/47/3101 2798/46/3099 2843/66/3099 
f 2844/67/3100 2845/47/3102 2803/48/3054 
f 2803/48/3054 2800/47/3101 2844/67/3100 
f 2845/47/3102 2846/48/3103 2806/48/3104 
f 2806/48/3104 2803/48/3054 2845/47/3102 
f 2846/48/3103 2847/48/3105 2809/48/3105 
f 2809/48/3105 2806/48/3104 2846/48/3103 
f 2847/48/3106 2848/68/3107 2810/68/3108 
f 2810/68/3108 2809/48/3109 2847/48/3106 
f 2849/68/3110 2811/68/3111 2810/68/3108 
f 2810/68/3108 2848/68/3107 2849/68/3110 
f 2850/52/3112 2823/49/3074 2815/52/3075 
f 2815/52/3075 2816/53/3066 2850/52/3112 
f 2818/55/3068 2821/57/3113 2851/69/3114 
f 2851/69/3114 2852/70/3115 2818/55/3068 
f 2851/69/3114 2821/57/3113 2822/49/3116 
f 2822/49/3116 2853/71/3117 2851/69/3114 
f 2823/49/3118 2854/72/3119 2853/71/3117 
f 2853/71/3117 2822/49/3116 2823/49/3118 
f 2850/52/3112 2855/72/3120 2854/72/3119 
f 2854/72/3119 2823/49/3118 2850/52/3112 
f 2852/70/3115 2856/73/3121 2819/3/3122 
f 2819/3/3122 2818/55/3068 2852/70/3115 
f 2856/73/3121 2857/74/3123 2820/56/3124 
f 2820/56/3124 2819/3/3122 2856/73/3121 
f 2857/74/3123 2858/75/3125 2824/10/3126 
f 2824/10/3126 2820/56/3124 2857/74/3123 
f 2858/75/3125 2859/76/3127 2825/58/3077 
f 2825/58/3077 2824/10/3126 2858/75/3125 
f 2859/76/3127 2860/77/3128 2826/59/3078 
f 2826/59/3078 2825/58/3077 2859/76/3127 
f 2827/16/3079 2826/59/3078 2860/77/3128 
f 2860/77/3128 2861/78/3129 2827/16/3079 
f 2828/18/3080 2827/16/3079 2861/78/3129 
f 2861/78/3129 2862/79/3130 2828/18/3080 
f 2829/20/3081 2828/18/3080 2862/79/3130 
f 2862/79/3130 2863/80/3131 2829/20/3081 
f 2830/23/3083 2829/20/3081 2863/80/3131 
f 2863/80/3131 2864/81/3132 2830/23/3083 
f 2831/60/3133 2830/23/3083 2864/81/3132 
f 2864/81/3132 2865/82/3133 2831/60/3133 
f 2832/27/3085 2831/60/3133 2865/82/3133 
f 2865/82/3133 2866/83/3134 2832/27/3085 
f 2833/29/3086 2832/27/3085 2866/83/3134 
f 2866/83/3134 2867/84/2618 2833/29/3086 
f 2834/31/3088 2833/29/3086 2867/84/2618 
f 2867/84/2618 2868/85/3135 2834/31/3088 
f 2835/33/3089 2834/31/3088 2868/85/3135 
f 2868/85/3135 2869/86/3136 2835/33/3089 
f 2869/86/3136 2870/87/3137 2836/35/3138 
f 2836/35/3138 2835/33/3089 2869/86/3136 
f 2870/87/3137 2871/88/3139 2837/37/3091 
f 2837/37/3091 2836/35/3138 2870/87/3137 
f 2871/88/3139 2872/61/3140 2838/61/3092 
f 2838/61/3092 2837/37/3091 2871/88/3139 
f 2839/62/3093 2838/61/3092 2872/61/3140 
f 2872/61/3140 2873/62/3141 2839/62/3093 
f 2873/62/3141 2874/63/3142 2840/63/3094 
f 2840/63/3094 2839/62/3093 2873/62/3141 
f 2874/63/3142 2875/64/3143 2841/64/3095 
f 2841/64/3095 2840/63/3094 2874/63/3142 
f 2875/64/3143 2876/65/3144 2842/65/3097 
f 2842/65/3097 2841/64/3095 2875/64/3143 
f 2843/66/3145 2842/65/3097 2876/65/3144 
f 2876/65/3144 2877/66/3144 2843/66/3145 
f 2844/67/3146 2843/66/3145 2877/66/3144 
f 2877/66/3144 2878/67/3147 2844/67/3146 
f 2878/67/3147 2879/67/3148 2845/47/3149 
f 2845/47/3149 2844/67/3146 2878/67/3147 
f 2846/48/2615 2845/47/3149 2879/67/3148 
f 2879/67/3148 2880/68/3150 2846/48/2615 
f 2847/48/3106 2846/48/2615 2880/68/3150 
f 2880/68/3150 2848/68/3107 2847/48/3106 
f 2881/89/3151 2882/90/3152 2851/69/3114 
f 2851/69/3114 2853/71/3117 2881/89/3151 
f 2883/91/3153 2881/89/3151 2853/71/3117 
f 2853/71/3117 2854/72/3119 2883/91/3153 
f 2884/92/3154 2883/91/3153 2854/72/3119 
f 2854/72/3119 2855/72/3120 2884/92/3154 
f 2882/90/3152 2885/93/3155 2852/70/3115 
f 2852/70/3115 2851/69/3114 2882/90/3152 
f 2885/93/3155 2886/94/3156 2856/73/3121 
f 2856/73/3121 2852/70/3115 2885/93/3155 
f 2886/94/3156 2887/95/3157 2857/74/3123 
f 2857/74/3123 2856/73/3121 2886/94/3156 
f 2887/95/3157 2888/96/3158 2858/75/3125 
f 2858/75/3125 2857/74/3123 2887/95/3157 
f 2888/96/3158 2889/76/3159 2859/76/3127 
f 2859/76/3127 2858/75/3125 2888/96/3158 
f 2889/76/3159 2890/97/3160 2860/77/3128 
f 2860/77/3128 2859/76/3127 2889/76/3159 
f 2861/78/3129 2860/77/3128 2890/97/3160 
f 2890/97/3160 2891/78/3161 2861/78/3129 
f 2891/78/3161 2892/79/3162 2862/79/3130 
f 2862/79/3130 2861/78/3129 2891/78/3161 
f 2863/80/3131 2862/79/3130 2892/79/3162 
f 2892/79/3162 2893/80/3163 2863/80/3131 
f 2893/80/3163 2894/81/3164 2864/81/3132 
f 2864/81/3132 2863/80/3131 2893/80/3163 
f 2894/81/3164 2895/82/3165 2865/82/3166 
f 2865/82/3166 2864/81/3132 2894/81/3164 
f 2866/83/3134 2865/82/3166 2895/82/3165 
f 2895/82/3165 2896/83/3167 2866/83/3134 
f 2896/83/3167 2897/84/3168 2867/84/2618 
f 2867/84/2618 2866/83/3134 2896/83/3167 
f 2897/84/3168 2898/85/3169 2868/85/3135 
f 2868/85/3135 2867/84/2618 2897/84/3168 
f 2898/85/3169 2899/86/3170 2869/86/3136 
f 2869/86/3136 2868/85/3135 2898/85/3169 
f 2870/87/3137 2869/86/3136 2899/86/3170 
f 2899/86/3170 2900/87/3171 2870/87/3137 
f 2871/88/3139 2870/87/3137 2900/87/3171 
f 2900/87/3171 2901/88/3170 2871/88/3139 
f 2872/61/3140 2871/88/3139 2901/88/3170 
f 2901/88/3170 2902/61/3172 2872/61/3140 
f 2902/61/3172 2903/62/3173 2873/62/3141 
f 2873/62/3141 2872/61/3140 2902/61/3172 
f 2903/62/3173 2904/63/3174 2874/63/3142 
f 2874/63/3142 2873/62/3141 2903/62/3173 
f 2904/63/3174 2905/64/3175 2875/64/3143 
f 2875/64/3143 2874/63/3142 2904/63/3174 
f 2876/65/3144 2875/64/3143 2905/64/3175 
f 2905/64/3175 2906/65/3176 2876/65/3144 
f 2906/65/3176 2907/66/3177 2877/66/3144 
f 2877/66/3144 2876/65/3144 2906/65/3176 
f 2878/67/3147 2877/66/3144 2907/66/3177 
f 2907/66/3177 2908/67/3178 2878/67/3147 
f 2908/67/3178 2909/68/3179 2879/67/3148 
f 2879/67/3148 2878/67/3147 2908/67/3178 
f 2909/68/3179 2910/68/3180 2880/68/3150 
f 2880/68/3150 2879/67/3148 2909/68/3179 
f 2848/68/3107 2880/68/3150 2910/68/3180 
f 2910/68/3180 2849/68/3110 2848/68/3107 
f 2884/92/3154 2855/72/3120 2850/52/3112 
f 2850/52/3112 2816/53/3066 2884/92/3154 
f 2817/54/3067 2883/98/3153 2884/99/3154 
f 2884/99/3154 2816/53/3066 2817/54/3067 
f 2883/98/3153 2817/54/3067 2814/51/3064 
f 2814/51/3064 2881/98/3181 2883/98/3153 
f 2814/51/3064 2737/7/3182 2882/100/3182 
f 2882/100/3182 2881/98/3181 2814/51/3064 
f 2737/7/3182 2736/6/3183 2885/101/3183 
f 2885/101/3183 2882/100/3182 2737/7/3182 
f 2736/6/3183 2739/9/3184 2886/102/3185 
f 2886/102/3185 2885/101/3183 2736/6/3183 
f 2739/9/3184 2738/8/3186 2887/8/3186 
f 2887/8/3186 2886/102/3185 2739/9/3184 
f 2738/8/3186 2742/11/2994 2888/103/3187 
f 2888/103/3187 2887/8/3186 2738/8/3186 
f 2742/11/2994 2744/12/2996 2889/104/3188 
f 2889/104/3188 2888/103/3187 2742/11/2994 
f 2890/105/3189 2889/104/3188 2744/12/2996 
f 2744/12/2996 2748/15/3189 2890/105/3189 
f 2891/106/3161 2890/105/3189 2748/15/3189 
f 2748/15/3189 2751/17/3003 2891/106/3161 
f 2892/107/3162 2891/106/3161 2751/17/3003 
f 2751/17/3003 2754/19/3006 2892/107/3162 
f 2754/19/3006 2757/21/3009 2893/21/3163 
f 2893/21/3163 2892/107/3162 2754/19/3006 
f 2757/21/3009 2760/22/3190 2894/108/3164 
f 2894/108/3164 2893/21/3163 2757/21/3009 
f 2760/22/3190 2763/26/3015 2895/26/3165 
f 2895/26/3165 2894/108/3164 2760/22/3190 
f 2896/28/3167 2895/26/3165 2763/26/3015 
f 2763/26/3015 2766/28/3018 2896/28/3167 
f 2766/28/3018 2769/30/3021 2897/30/3168 
f 2897/30/3168 2896/28/3167 2766/28/3018 
f 2769/30/3021 2772/32/3024 2898/32/3169 
f 2898/32/3169 2897/30/3168 2769/30/3021 
f 2899/34/3170 2898/32/3169 2772/32/3024 
f 2772/32/3024 2775/34/3027 2899/34/3170 
f 2900/36/3171 2899/34/3170 2775/34/3027 
f 2775/34/3027 2778/36/3030 2900/36/3171 
f 2901/38/3170 2900/36/3171 2778/36/3030 
f 2778/36/3030 2781/38/3033 2901/38/3170 
f 2781/38/3033 2784/40/3036 2902/40/3172 
f 2902/40/3172 2901/38/3170 2781/38/3033 
f 2903/109/3173 2902/40/3172 2784/40/3036 
f 2784/40/3036 2787/42/3191 2903/109/3173 
f 2904/110/3174 2903/109/3173 2787/42/3191 
f 2787/42/3191 2790/43/3042 2904/110/3174 
f 2790/43/3042 2793/44/3045 2905/111/3175 
f 2905/111/3175 2904/110/3174 2790/43/3042 
f 2906/112/3192 2905/111/3175 2793/44/3045 
f 2793/44/3045 2796/45/3048 2906/112/3192 
f 2907/46/3193 2906/112/3192 2796/45/3048 
f 2796/45/3048 2799/46/3051 2907/46/3193 
f 2799/46/3051 2802/47/3051 2908/47/3178 
f 2908/47/3178 2907/46/3193 2799/46/3051 
f 2802/47/3051 2805/48/3056 2909/48/3179 
f 2909/48/3179 2908/47/3178 2802/47/3051 
f 2805/48/3056 2808/48/3194 2910/48/3180 
f 2910/48/3180 2909/48/3179 2805/48/3056 
f 2911/113/3195 2912/114/3196 2913/115/3197 
f 2913/115/3197 2914/116/3198 2911/113/3195 
f 2915/117/3199 2911/113/3195 2914/116/3198 
f 2914/116/3198 2916/118/3200 2915/117/3199 
f 2917/119/3201 2915/117/3199 2916/118/3200 
f 2916/118/3200 2918/120/3202 2917/119/3201 
f 2919/121/3203 2917/119/3201 2918/120/3202 
f 2918/120/3202 2920/122/3204 2919/121/3203 
f 2921/123/3205 2919/121/3203 2920/122/3204 
f 2920/122/3204 2922/124/3206 2921/123/3205 
f 2923/125/3207 2924/126/3208 2912/114/3196 
f 2912/114/3196 2911/113/3195 2923/125/3207 
f 2925/127/3209 2923/125/3207 2911/113/3195 
f 2911/113/3195 2915/117/3199 2925/127/3209 
f 2926/128/3210 2925/127/3209 2915/117/3199 
f 2915/117/3199 2917/119/3201 2926/128/3210 
f 2927/129/3211 2926/128/3210 2917/119/3201 
f 2917/119/3201 2919/121/3203 2927/129/3211 
f 2928/130/3212 2927/129/3211 2919/121/3203 
f 2919/121/3203 2921/123/3205 2928/130/3212 
f 2929/131/3213 2930/132/3214 2924/126/3208 
f 2924/126/3208 2923/125/3207 2929/131/3213 
f 2931/133/3215 2929/131/3213 2923/125/3207 
f 2923/125/3207 2925/127/3209 2931/133/3215 
f 2932/134/3216 2931/133/3215 2925/127/3209 
f 2925/127/3209 2926/128/3210 2932/134/3216 
f 2933/135/3217 2932/134/3216 2926/128/3210 
f 2926/128/3210 2927/129/3211 2933/135/3217 
f 2934/136/3218 2933/135/3217 2927/129/3211 
f 2927/129/3211 2928/130/3212 2934/136/3218 
f 2935/137/3219 2936/138/3220 2930/132/3214 
f 2930/132/3214 2929/131/3213 2935/137/3219 
f 2937/139/3221 2935/137/3219 2929/131/3213 
f 2929/131/3213 2931/133/3215 2937/139/3221 
f 2938/140/3222 2937/139/3221 2931/133/3215 
f 2931/133/3215 2932/134/3216 2938/140/3222 
f 2939/141/3223 2938/140/3222 2932/134/3216 
f 2932/134/3216 2933/135/3217 2939/141/3223 
f 2940/142/3224 2939/141/3223 2933/135/3217 
f 2933/135/3217 2934/136/3218 2940/142/3224 
f 2941/143/3225 2942/144/3226 2936/138/3220 
f 2936/138/3220 2935/137/3219 2941/143/3225 
f 2943/145/3227 2941/143/3225 2935/137/3219 
f 2935/137/3219 2937/139/3221 2943/145/3227 
f 2944/146/3228 2943/145/3227 2937/139/3221 
f 2937/139/3221 2938/140/3222 2944/146/3228 
f 2945/147/3229 2944/146/3228 2938/140/3222 
f 2938/140/3222 2939/141/3223 2945/147/3229 
f 2946/148/3230 2945/147/3229 2939/141/3223 
f 2939/141/3223 2940/142/3224 2946/148/3230 
f 2947/149/3231 2948/150/3232 2942/144/3226 
f 2942/144/3226 2941/143/3225 2947/149/3231 
f 2949/151/3233 2947/149/3231 2941/143/3225 
f 2941/143/3225 2943/145/3227 2949/151/3233 
f 2950/152/3234 2949/151/3233 2943/145/3227 
f 2943/145/3227 2944/146/3228 2950/152/3234 
f 2951/153/3235 2950/152/3234 2944/146/3228 
f 2944/146/3228 2945/147/3229 2951/153/3235 
f 2952/154/3236 2951/153/3235 2945/147/3229 
f 2945/147/3229 2946/148/3230 2952/154/3236 
f 2953/155/3237 2954/156/3238 2948/150/3232 
f 2948/150/3232 2947/149/3231 2953/155/3237 
f 2955/157/3239 2953/155/3237 2947/149/3231 
f 2947/149/3231 2949/151/3233 2955/157/3239 
f 2956/158/3240 2955/157/3239 2949/151/3233 
f 2949/151/3233 2950/152/3234 2956/158/3240 
f 2957/159/3241 2956/158/3240 2950/152/3234 
f 2950/152/3234 2951/153/3235 2957/159/3241 
f 2958/160/3242 2957/159/3241 2951/153/3235 
f 2951/153/3235 2952/154/3236 2958/160/3242 
f 2959/161/3243 2960/162/3244 2954/156/3238 
f 2954/156/3238 2953/155/3237 2959/161/3243 
f 2961/163/3245 2959/161/3243 2953/155/3237 
f 2953/155/3237 2955/157/3239 2961/163/3245 
f 2962/164/3246 2961/163/3245 2955/157/3239 
f 2955/157/3239 2956/158/3240 2962/164/3246 
f 2963/165/3247 2962/164/3246 2956/158/3240 
f 2956/158/3240 2957/159/3241 2963/165/3247 
f 2964/166/3248 2963/165/3247 2957/159/3241 
f 2957/159/3241 2958/160/3242 2964/166/3248 
f 2965/167/3249 2966/168/3250 2960/162/3244 
f 2960/162/3244 2959/161/3243 2965/167/3249 
f 2967/169/3251 2965/167/3249 2959/161/3243 
f 2959/161/3243 2961/163/3245 2967/169/3251 
f 2968/170/3252 2967/169/3251 2961/163/3245 
f 2961/163/3245 2962/164/3246 2968/170/3252 
f 2969/171/3253 2968/170/3252 2962/164/3246 
f 2962/164/3246 2963/165/3247 2969/171/3253 
f 2970/172/3254 2969/171/3253 2963/165/3247 
f 2963/165/3247 2964/166/3248 2970/172/3254 
f 2971/173/3255 2972/174/3256 2973/115/3257 
f 2973/115/3257 2974/114/3258 2971/173/3255 
f 2975/175/3259 2976/176/3260 2972/174/3256 
f 2972/174/3256 2971/173/3255 2975/175/3259 
f 2977/177/3261 2978/178/3262 2976/176/3260 
f 2976/176/3260 2975/175/3259 2977/177/3261 
f 2979/179/1766 2980/180/1768 2978/178/3262 
f 2978/178/3262 2977/177/3261 2979/179/1766 
f 2981/181/3263 2982/182/3264 2980/180/1768 
f 2980/180/1768 2979/179/1766 2981/181/3263 
f 2983/183/3265 2971/173/3255 2974/114/3258 
f 2974/114/3258 2984/126/3266 2983/183/3265 
f 2985/184/3267 2975/175/3259 2971/173/3255 
f 2971/173/3255 2983/183/3265 2985/184/3267 
f 2986/185/3268 2977/177/3261 2975/175/3259 
f 2975/175/3259 2985/184/3267 2986/185/3268 
f 2987/186/3269 2979/179/1766 2977/177/3261 
f 2977/177/3261 2986/185/3268 2987/186/3269 
f 2988/187/3270 2981/181/3263 2979/179/1766 
f 2979/179/1766 2987/186/3269 2988/187/3270 
f 2989/188/1463 2983/183/3265 2984/126/3266 
f 2984/126/3266 2990/132/3271 2989/188/1463 
f 2991/189/3272 2985/184/3267 2983/183/3265 
f 2983/183/3265 2989/188/1463 2991/189/3272 
f 2992/190/3273 2986/185/3268 2985/184/3267 
f 2985/184/3267 2991/189/3272 2992/190/3273 
f 2993/191/3274 2987/186/3269 2986/185/3268 
f 2986/185/3268 2992/190/3273 2993/191/3274 
f 2994/192/3275 2988/187/3270 2987/186/3269 
f 2987/186/3269 2993/191/3274 2994/192/3275 
f 2995/193/3276 2989/188/1463 2990/132/3271 
f 2990/132/3271 2996/138/102 2995/193/3276 
f 2997/194/3277 2991/189/3272 2989/188/1463 
f 2989/188/1463 2995/193/3276 2997/194/3277 
f 2998/195/3278 2992/190/3273 2991/189/3272 
f 2991/189/3272 2997/194/3277 2998/195/3278 
f 2999/196/3279 2993/191/3274 2992/190/3273 
f 2992/190/3273 2998/195/3278 2999/196/3279 
f 3000/197/3280 2994/192/3275 2993/191/3274 
f 2993/191/3274 2999/196/3279 3000/197/3280 
f 3001/198/3281 2995/193/3276 2996/138/102 
f 2996/138/102 3002/144/3282 3001/198/3281 
f 3003/199/3283 2997/194/3277 2995/193/3276 
f 2995/193/3276 3001/198/3281 3003/199/3283 
f 3004/200/3284 2998/195/3278 2997/194/3277 
f 2997/194/3277 3003/199/3283 3004/200/3284 
f 3005/201/3285 2999/196/3279 2998/195/3278 
f 2998/195/3278 3004/200/3284 3005/201/3285 
f 3006/202/3286 3000/197/3280 2999/196/3279 
f 2999/196/3279 3005/201/3285 3006/202/3286 
f 3007/203/3287 3001/198/3281 3002/144/3282 
f 3002/144/3282 3008/150/3288 3007/203/3287 
f 3009/204/3289 3003/199/3283 3001/198/3281 
f 3001/198/3281 3007/203/3287 3009/204/3289 
f 3010/205/3290 3004/200/3284 3003/199/3283 
f 3003/199/3283 3009/204/3289 3010/205/3290 
f 3011/206/3291 3005/201/3285 3004/200/3284 
f 3004/200/3284 3010/205/3290 3011/206/3291 
f 3012/207/3292 3006/202/3286 3005/201/3285 
f 3005/201/3285 3011/206/3291 3012/207/3292 
f 3013/208/3293 3007/203/3287 3008/150/3288 
f 3008/150/3288 3014/156/3294 3013/208/3293 
f 3015/209/3295 3009/204/3289 3007/203/3287 
f 3007/203/3287 3013/208/3293 3015/209/3295 
f 3016/210/3296 3010/205/3290 3009/204/3289 
f 3009/204/3289 3015/209/3295 3016/210/3296 
f 3017/211/3297 3011/206/3291 3010/205/3290 
f 3010/205/3290 3016/210/3296 3017/211/3297 
f 3018/212/3298 3012/207/3292 3011/206/3291 
f 3011/206/3291 3017/211/3297 3018/212/3298 
f 3019/213/3299 3013/208/3293 3014/156/3294 
f 3014/156/3294 3020/162/3300 3019/213/3299 
f 3021/214/3301 3015/209/3295 3013/208/3293 
f 3013/208/3293 3019/213/3299 3021/214/3301 
f 3022/215/3302 3016/210/3296 3015/209/3295 
f 3015/209/3295 3021/214/3301 3022/215/3302 
f 3023/216/3303 3017/211/3297 3016/210/3296 
f 3016/210/3296 3022/215/3302 3023/216/3303 
f 3024/217/3304 3018/212/3298 3017/211/3297 
f 3017/211/3297 3023/216/3303 3024/217/3304 
f 3025/218/3305 3019/213/3299 3020/162/3300 
f 3020/162/3300 3026/168/3306 3025/218/3305 
f 3027/219/3307 3021/214/3301 3019/213/3299 
f 3019/213/3299 3025/218/3305 3027/219/3307 
f 3028/220/3308 3022/215/3302 3021/214/3301 
f 3021/214/3301 3027/219/3307 3028/220/3308 
f 3029/221/3309 3023/216/3303 3022/215/3302 
f 3022/215/3302 3028/220/3308 3029/221/3309 
f 3030/222/3310 3024/217/3304 3023/216/3303 
f 3023/216/3303 3029/221/3309 3030/222/3310 
f 3031/1/3311 3032/1/3312 3033/2/3313 
f 3033/2/3313 3034/3/3314 3031/1/3311 
f 3033/2/3313 3035/4/3315 3036/4/3316 
f 3036/4/3316 3034/3/3314 3033/2/3313 
f 3037/5/3317 3036/4/3316 3035/4/3315 
f 3035/4/3315 3038/5/3318 3037/5/3317 
f 3039/6/3319 3040/7/3320 3038/5/3318 
f 3038/5/3318 3035/4/3315 3039/6/3319 
f 3033/2/3313 3032/1/3312 3041/8/3321 
f 3041/8/3321 3042/9/3322 3033/2/3313 
f 3042/9/3322 3039/6/3319 3035/4/3315 
f 3035/4/3315 3033/2/3313 3042/9/3322 
f 3031/1/3311 3043/10/3323 3044/11/3324 
f 3044/11/3324 3032/1/3312 3031/1/3311 
f 3045/11/3325 3041/8/3321 3032/1/3312 
f 3032/1/3312 3044/11/3324 3045/11/3325 
f 3046/12/3326 3047/12/3327 3045/11/3325 
f 3045/11/3325 3044/11/3324 3046/12/3326 
f 3043/10/3323 3048/13/3328 3046/12/3326 
f 3046/12/3326 3044/11/3324 3043/10/3323 
f 3048/13/3328 3049/14/3329 3050/15/3330 
f 3050/15/3330 3046/12/3326 3048/13/3328 
f 3051/15/3331 3047/12/3327 3046/12/3326 
f 3046/12/3326 3050/15/3330 3051/15/3331 
f 3049/14/3329 3052/16/3332 3053/17/3333 
f 3053/17/3333 3050/15/3330 3049/14/3329 
f 3050/15/3330 3053/17/3333 3054/17/3334 
f 3054/17/3334 3051/15/3331 3050/15/3330 
f 3052/16/3332 3055/18/3335 3056/19/3336 
f 3056/19/3336 3053/17/3333 3052/16/3332 
f 3057/19/3337 3054/17/3334 3053/17/3333 
f 3053/17/3333 3056/19/3336 3057/19/3337 
f 3055/18/3335 3058/20/3338 3059/21/3339 
f 3059/21/3339 3056/19/3336 3055/18/3335 
f 3060/21/3340 3057/19/3337 3056/19/3336 
f 3056/19/3336 3059/21/3339 3060/21/3340 
f 3061/22/3341 3059/21/3339 3058/20/3338 
f 3058/20/3338 3062/23/3342 3061/22/3341 
f 3063/22/3343 3060/21/3340 3059/21/3339 
f 3059/21/3339 3061/22/3341 3063/22/3343 
f 3062/23/3342 3064/24/3344 3065/25/3345 
f 3065/25/3345 3061/22/3341 3062/23/3342 
f 3061/22/3341 3065/25/3345 3066/26/3346 
f 3066/26/3346 3063/22/3343 3061/22/3341 
f 3064/24/3344 3067/27/3347 3068/28/3348 
f 3068/28/3348 3065/25/3345 3064/24/3344 
f 3069/28/3349 3066/26/3346 3065/25/3345 
f 3065/25/3345 3068/28/3348 3069/28/3349 
f 3067/27/3347 3070/29/3350 3071/29/3351 
f 3071/29/3351 3068/28/3348 3067/27/3347 
f 3068/28/3348 3071/29/3351 3072/30/3352 
f 3072/30/3352 3069/28/3349 3068/28/3348 
f 3070/29/3350 3073/31/3353 3074/31/3354 
f 3074/31/3354 3071/29/3351 3070/29/3350 
f 3075/32/3349 3072/30/3352 3071/29/3351 
f 3071/29/3351 3074/31/3354 3075/32/3349 
f 3073/31/3353 3076/33/3355 3077/33/3356 
f 3077/33/3356 3074/31/3354 3073/31/3353 
f 3078/34/3357 3075/32/3349 3074/31/3354 
f 3074/31/3354 3077/33/3356 3078/34/3357 
f 3079/35/3358 3077/33/3356 3076/33/3355 
f 3076/33/3355 3080/35/3359 3079/35/3358 
f 3077/33/3356 3079/35/3358 3081/36/3360 
f 3081/36/3360 3078/34/3357 3077/33/3356 
f 3080/35/3359 3082/37/425 3083/37/3361 
f 3083/37/3361 3079/35/3358 3080/35/3359 
f 3084/38/3362 3081/36/3360 3079/35/3358 
f 3079/35/3358 3083/37/3361 3084/38/3362 
f 3085/39/3363 3083/37/3361 3082/37/425 
f 3082/37/425 3086/39/3364 3085/39/3363 
f 3083/37/3361 3085/39/3363 3087/40/3365 
f 3087/40/3365 3084/38/3362 3083/37/3361 
f 3086/39/3364 3088/41/3366 3089/41/3367 
f 3089/41/3367 3085/39/3363 3086/39/3364 
f 3090/42/3368 3087/40/3365 3085/39/3363 
f 3085/39/3363 3089/41/3367 3090/42/3368 
f 3088/41/3366 3091/43/3369 3092/43/3370 
f 3092/43/3370 3089/41/3367 3088/41/3366 
f 3093/43/3371 3090/42/3368 3089/41/3367 
f 3089/41/3367 3092/43/3370 3093/43/3371 
f 3094/44/3372 3092/43/3370 3091/43/3369 
f 3091/43/3369 3095/44/3373 3094/44/3372 
f 3092/43/3370 3094/44/3372 3096/44/3374 
f 3096/44/3374 3093/43/3371 3092/43/3370 
f 3097/45/3375 3094/44/3372 3095/44/3373 
f 3095/44/3373 3098/45/3376 3097/45/3375 
f 3094/44/3372 3097/45/3375 3099/45/3377 
f 3099/45/3377 3096/44/3374 3094/44/3372 
f 3100/46/3378 3097/45/3375 3098/45/3376 
f 3098/45/3376 3101/46/3379 3100/46/3378 
f 3102/46/3380 3099/45/3377 3097/45/3375 
f 3097/45/3375 3100/46/3378 3102/46/3380 
f 3101/46/3379 3103/47/3381 3104/47/3382 
f 3104/47/3382 3100/46/3378 3101/46/3379 
f 3105/47/3380 3102/46/3380 3100/46/3378 
f 3100/46/3378 3104/47/3382 3105/47/3380 
f 3103/47/3381 3106/48/3383 3107/48/3384 
f 3107/48/3384 3104/47/3382 3103/47/3381 
f 3107/48/3384 3108/48/3385 3105/47/3380 
f 3105/47/3380 3104/47/3382 3107/48/3384 
f 3107/48/3384 3106/48/3383 3109/48/3386 
f 3109/48/3386 3110/48/3387 3107/48/3384 
f 3111/48/3388 3108/48/3385 3107/48/3384 
f 3107/48/3384 3110/48/3387 3111/48/3388 
f 3109/48/3386 3112/48/3389 3113/48/3390 
f 3113/48/3390 3110/48/3387 3109/48/3386 
f 3114/48/3391 3111/48/3388 3110/48/3387 
f 3110/48/3387 3113/48/3390 3114/48/3391 
f 3115/49/3392 3037/5/3317 3038/5/3318 
f 3038/5/3318 3116/50/3393 3115/49/3392 
f 3040/7/3320 3117/51/3394 3116/50/3393 
f 3116/50/3393 3038/5/3318 3040/7/3320 
f 3118/52/3395 3115/49/3392 3116/50/3393 
f 3116/50/3393 3119/53/3396 3118/52/3395 
f 3117/51/3394 3120/54/3397 3119/53/3396 
f 3119/53/3396 3116/50/3393 3117/51/3394 
f 3121/55/3398 3122/3/3399 3034/3/3399 
f 3034/3/3399 3036/4/3400 3121/55/3398 
f 3122/3/3399 3123/56/3401 3031/1/3311 
f 3031/1/3311 3034/3/3399 3122/3/3399 
f 3124/57/3402 3121/55/3398 3036/4/3400 
f 3036/4/3400 3037/5/3402 3124/57/3402 
f 3125/49/3403 3124/57/3402 3037/5/3402 
f 3037/5/3402 3115/49/3392 3125/49/3403 
f 3126/49/3404 3125/49/3403 3115/49/3392 
f 3115/49/3392 3118/52/3405 3126/49/3404 
f 3123/56/3401 3127/10/3406 3043/10/3323 
f 3043/10/3323 3031/1/3311 3123/56/3401 
f 3127/10/3406 3128/58/3407 3048/13/3328 
f 3048/13/3328 3043/10/3323 3127/10/3406 
f 3128/58/3407 3129/59/3408 3049/14/3329 
f 3049/14/3329 3048/13/3328 3128/58/3407 
f 3129/59/3408 3130/16/3409 3052/16/3332 
f 3052/16/3332 3049/14/3329 3129/59/3408 
f 3130/16/3409 3131/18/3410 3055/18/3335 
f 3055/18/3335 3052/16/3332 3130/16/3409 
f 3131/18/3410 3132/20/3411 3058/20/3412 
f 3058/20/3412 3055/18/3335 3131/18/3410 
f 3132/20/3411 3133/23/3413 3062/23/3414 
f 3062/23/3414 3058/20/3412 3132/20/3411 
f 3133/23/3413 3134/60/3415 3064/24/3344 
f 3064/24/3344 3062/23/3414 3133/23/3413 
f 3134/60/3415 3135/27/3416 3067/27/3347 
f 3067/27/3347 3064/24/3344 3134/60/3415 
f 3135/27/3416 3136/29/3417 3070/29/3350 
f 3070/29/3350 3067/27/3347 3135/27/3416 
f 3073/31/3418 3070/29/3350 3136/29/3417 
f 3136/29/3417 3137/31/3419 3073/31/3418 
f 3137/31/3419 3138/33/3420 3076/33/3355 
f 3076/33/3355 3073/31/3418 3137/31/3419 
f 3138/33/3420 3139/35/3421 3080/35/3359 
f 3080/35/3359 3076/33/3355 3138/33/3420 
f 3139/35/3421 3140/37/3422 3082/37/425 
f 3082/37/425 3080/35/3359 3139/35/3421 
f 3140/37/3422 3141/61/3423 3086/39/3364 
f 3086/39/3364 3082/37/425 3140/37/3422 
f 3141/61/3423 3142/62/3424 3088/41/3366 
f 3088/41/3366 3086/39/3364 3141/61/3423 
f 3091/43/3369 3088/41/3366 3142/62/3424 
f 3142/62/3424 3143/63/3425 3091/43/3369 
f 3143/63/3425 3144/64/3426 3095/44/3427 
f 3095/44/3427 3091/43/3369 3143/63/3425 
f 3144/64/3426 3145/65/3428 3098/45/3427 
f 3098/45/3427 3095/44/3427 3144/64/3426 
f 3145/65/3428 3146/66/3429 3101/46/3429 
f 3101/46/3429 3098/45/3427 3145/65/3428 
f 3146/66/3429 3147/67/3430 3103/47/3431 
f 3103/47/3431 3101/46/3429 3146/66/3429 
f 3147/67/3430 3148/47/3432 3106/48/3383 
f 3106/48/3383 3103/47/3431 3147/67/3430 
f 3148/47/3432 3149/48/3433 3109/48/3434 
f 3109/48/3434 3106/48/3383 3148/47/3432 
f 3149/48/3433 3150/48/3435 3112/48/3435 
f 3112/48/3435 3109/48/3434 3149/48/3433 
f 3150/48/3436 3151/68/3437 3113/68/3438 
f 3113/68/3438 3112/48/3439 3150/48/3436 
f 3152/68/3440 3114/68/3441 3113/68/3438 
f 3113/68/3438 3151/68/3437 3152/68/3440 
f 3153/52/3442 3126/49/3404 3118/52/3405 
f 3118/52/3405 3119/53/3396 3153/52/3442 
f 3121/55/3398 3124/57/3443 3154/69/3444 
f 3154/69/3444 3155/70/3445 3121/55/3398 
f 3154/69/3444 3124/57/3443 3125/49/3446 
f 3125/49/3446 3156/71/3447 3154/69/3444 
f 3126/49/3448 3157/72/3449 3156/71/3447 
f 3156/71/3447 3125/49/3446 3126/49/3448 
f 3153/52/3442 3158/72/3450 3157/72/3449 
f 3157/72/3449 3126/49/3448 3153/52/3442 
f 3155/70/3445 3159/73/3451 3122/3/3452 
f 3122/3/3452 3121/55/3398 3155/70/3445 
f 3159/73/3451 3160/74/3453 3123/56/3454 
f 3123/56/3454 3122/3/3452 3159/73/3451 
f 3160/74/3453 3161/75/3455 3127/10/3456 
f 3127/10/3456 3123/56/3454 3160/74/3453 
f 3161/75/3455 3162/76/3457 3128/58/3407 
f 3128/58/3407 3127/10/3456 3161/75/3455 
f 3162/76/3457 3163/77/254 3129/59/3408 
f 3129/59/3408 3128/58/3407 3162/76/3457 
f 3130/16/3409 3129/59/3408 3163/77/254 
f 3163/77/254 3164/78/3458 3130/16/3409 
f 3131/18/3410 3130/16/3409 3164/78/3458 
f 3164/78/3458 3165/79/3459 3131/18/3410 
f 3132/20/3411 3131/18/3410 3165/79/3459 
f 3165/79/3459 3166/80/3460 3132/20/3411 
f 3133/23/3413 3132/20/3411 3166/80/3460 
f 3166/80/3460 3167/81/3461 3133/23/3413 
f 3134/60/3462 3133/23/3413 3167/81/3461 
f 3167/81/3461 3168/82/3462 3134/60/3462 
f 3135/27/3416 3134/60/3462 3168/82/3462 
f 3168/82/3462 3169/83/3463 3135/27/3416 
f 3136/29/3417 3135/27/3416 3169/83/3463 
f 3169/83/3463 3170/84/3464 3136/29/3417 
f 3137/31/3419 3136/29/3417 3170/84/3464 
f 3170/84/3464 3171/85/3465 3137/31/3419 
f 3138/33/3420 3137/31/3419 3171/85/3465 
f 3171/85/3465 3172/86/3466 3138/33/3420 
f 3172/86/3466 3173/87/3467 3139/35/3468 
f 3139/35/3468 3138/33/3420 3172/86/3466 
f 3173/87/3467 3174/88/3469 3140/37/3422 
f 3140/37/3422 3139/35/3468 3173/87/3467 
f 3174/88/3469 3175/61/3470 3141/61/3423 
f 3141/61/3423 3140/37/3422 3174/88/3469 
f 3142/62/3424 3141/61/3423 3175/61/3470 
f 3175/61/3470 3176/62/3471 3142/62/3424 
f 3176/62/3471 3177/63/3472 3143/63/3425 
f 3143/63/3425 3142/62/3424 3176/62/3471 
f 3177/63/3472 3178/64/3473 3144/64/3426 
f 3144/64/3426 3143/63/3425 3177/63/3472 
f 3178/64/3473 3179/65/3474 3145/65/3428 
f 3145/65/3428 3144/64/3426 3178/64/3473 
f 3146/66/3475 3145/65/3428 3179/65/3474 
f 3179/65/3474 3180/66/3476 3146/66/3475 
f 3147/67/3477 3146/66/3475 3180/66/3476 
f 3180/66/3476 3181/67/3478 3147/67/3477 
f 3181/67/3478 3182/67/3479 3148/47/3480 
f 3148/47/3480 3147/67/3477 3181/67/3478 
f 3149/48/3481 3148/47/3480 3182/67/3479 
f 3182/67/3479 3183/68/3482 3149/48/3481 
f 3150/48/3436 3149/48/3481 3183/68/3482 
f 3183/68/3482 3151/68/3437 3150/48/3436 
f 3184/89/3483 3185/90/3484 3154/69/3444 
f 3154/69/3444 3156/71/3447 3184/89/3483 
f 3186/91/3485 3184/89/3483 3156/71/3447 
f 3156/71/3447 3157/72/3449 3186/91/3485 
f 3187/92/3486 3186/91/3485 3157/72/3449 
f 3157/72/3449 3158/72/3450 3187/92/3486 
f 3185/90/3484 3188/93/3487 3155/70/3445 
f 3155/70/3445 3154/69/3444 3185/90/3484 
f 3188/93/3487 3189/94/3488 3159/73/3451 
f 3159/73/3451 3155/70/3445 3188/93/3487 
f 3189/94/3488 3190/95/3489 3160/74/3453 
f 3160/74/3453 3159/73/3451 3189/94/3488 
f 3190/95/3489 3191/96/3490 3161/75/3455 
f 3161/75/3455 3160/74/3453 3190/95/3489 
f 3191/96/3490 3192/76/3491 3162/76/3457 
f 3162/76/3457 3161/75/3455 3191/96/3490 
f 3192/76/3491 3193/97/3492 3163/77/254 
f 3163/77/254 3162/76/3457 3192/76/3491 
f 3164/78/3458 3163/77/254 3193/97/3492 
f 3193/97/3492 3194/78/3493 3164/78/3458 
f 3194/78/3493 3195/79/3494 3165/79/3459 
f 3165/79/3459 3164/78/3458 3194/78/3493 
f 3166/80/3460 3165/79/3459 3195/79/3494 
f 3195/79/3494 3196/80/3495 3166/80/3460 
f 3196/80/3495 3197/81/3496 3167/81/3461 
f 3167/81/3461 3166/80/3460 3196/80/3495 
f 3197/81/3496 3198/82/3497 3168/82/3498 
f 3168/82/3498 3167/81/3461 3197/81/3496 
f 3169/83/3463 3168/82/3498 3198/82/3497 
f 3198/82/3497 3199/83/3499 3169/83/3463 
f 3199/83/3499 3200/84/3500 3170/84/3464 
f 3170/84/3464 3169/83/3463 3199/83/3499 
f 3200/84/3500 3201/85/2268 3171/85/3465 
f 3171/85/3465 3170/84/3464 3200/84/3500 
f 3201/85/2268 3202/86/3501 3172/86/3466 
f 3172/86/3466 3171/85/3465 3201/85/2268 
f 3173/87/3467 3172/86/3466 3202/86/3501 
f 3202/86/3501 3203/87/3502 3173/87/3467 
f 3174/88/3469 3173/87/3467 3203/87/3502 
f 3203/87/3502 3204/88/3503 3174/88/3469 
f 3175/61/3470 3174/88/3469 3204/88/3503 
f 3204/88/3503 3205/61/142 3175/61/3470 
f 3205/61/142 3206/62/3504 3176/62/3471 
f 3176/62/3471 3175/61/3470 3205/61/142 
f 3206/62/3504 3207/63/3505 3177/63/3472 
f 3177/63/3472 3176/62/3471 3206/62/3504 
f 3207/63/3505 3208/64/3506 3178/64/3473 
f 3178/64/3473 3177/63/3472 3207/63/3505 
f 3179/65/3474 3178/64/3473 3208/64/3506 
f 3208/64/3506 3209/65/3507 3179/65/3474 
f 3209/65/3507 3210/66/3508 3180/66/3476 
f 3180/66/3476 3179/65/3474 3209/65/3507 
f 3181/67/3478 3180/66/3476 3210/66/3508 
f 3210/66/3508 3211/67/3509 3181/67/3478 
f 3211/67/3509 3212/68/3510 3182/67/3479 
f 3182/67/3479 3181/67/3478 3211/67/3509 
f 3212/68/3510 3213/68/3511 3183/68/3482 
f 3183/68/3482 3182/67/3479 3212/68/3510 
f 3151/68/3437 3183/68/3482 3213/68/3511 
f 3213/68/3511 3152/68/3440 3151/68/3437 
f 3187/92/3486 3158/72/3450 3153/52/3442 
f 3153/52/3442 3119/53/3396 3187/92/3486 
f 3120/54/3397 3186/98/3485 3187/99/3486 
f 3187/99/3486 3119/53/3396 3120/54/3397 
f 3186/98/3485 3120/54/3397 3117/51/3394 
f 3117/51/3394 3184/98/3512 3186/98/3485 
f 3117/51/3394 3040/7/3513 3185/100/3513 
f 3185/100/3513 3184/98/3512 3117/51/3394 
f 3040/7/3513 3039/6/3514 3188/101/3514 
f 3188/101/3514 3185/100/3513 3040/7/3513 
f 3039/6/3514 3042/9/3515 3189/102/3515 
f 3189/102/3515 3188/101/3514 3039/6/3514 
f 3042/9/3515 3041/8/3516 3190/8/3517 
f 3190/8/3517 3189/102/3515 3042/9/3515 
f 3041/8/3516 3045/11/3325 3191/103/3518 
f 3191/103/3518 3190/8/3517 3041/8/3516 
f 3045/11/3325 3047/12/3327 3192/104/3519 
f 3192/104/3519 3191/103/3518 3045/11/3325 
f 3193/105/3520 3192/104/3519 3047/12/3327 
f 3047/12/3327 3051/15/3521 3193/105/3520 
f 3194/106/3493 3193/105/3520 3051/15/3521 
f 3051/15/3521 3054/17/3334 3194/106/3493 
f 3195/107/3494 3194/106/3493 3054/17/3334 
f 3054/17/3334 3057/19/3337 3195/107/3494 
f 3057/19/3337 3060/21/3340 3196/21/3495 
f 3196/21/3495 3195/107/3494 3057/19/3337 
f 3060/21/3340 3063/22/3522 3197/108/3496 
f 3197/108/3496 3196/21/3495 3060/21/3340 
f 3063/22/3522 3066/26/3346 3198/26/3497 
f 3198/26/3497 3197/108/3496 3063/22/3522 
f 3199/28/3499 3198/26/3497 3066/26/3346 
f 3066/26/3346 3069/28/3349 3199/28/3499 
f 3069/28/3349 3072/30/3352 3200/30/3500 
f 3200/30/3500 3199/28/3499 3069/28/3349 
f 3072/30/3352 3075/32/3349 3201/32/2268 
f 3201/32/2268 3200/30/3500 3072/30/3352 
f 3202/34/3501 3201/32/2268 3075/32/3349 
f 3075/32/3349 3078/34/3357 3202/34/3501 
f 3203/36/3502 3202/34/3501 3078/34/3357 
f 3078/34/3357 3081/36/3360 3203/36/3502 
f 3204/38/3503 3203/36/3502 3081/36/3360 
f 3081/36/3360 3084/38/3362 3204/38/3503 
f 3084/38/3362 3087/40/3365 3205/40/142 
f 3205/40/142 3204/38/3503 3084/38/3362 
f 3206/109/3504 3205/40/142 3087/40/3365 
f 3087/40/3365 3090/42/3523 3206/109/3504 
f 3207/110/3505 3206/109/3504 3090/42/3523 
f 3090/42/3523 3093/43/3371 3207/110/3505 
f 3093/43/3371 3096/44/3374 3208/111/3506 
f 3208/111/3506 3207/110/3505 3093/43/3371 
f 3209/112/3524 3208/111/3506 3096/44/3374 
f 3096/44/3374 3099/45/3377 3209/112/3524 
f 3210/46/3525 3209/112/3524 3099/45/3377 
f 3099/45/3377 3102/46/3380 3210/46/3525 
f 3102/46/3380 3105/47/3380 3211/47/3509 
f 3211/47/3509 3210/46/3525 3102/46/3380 
f 3105/47/3380 3108/48/3385 3212/48/3510 
f 3212/48/3510 3211/47/3509 3105/47/3380 
f 3108/48/3385 3111/48/3526 3213/48/3511 
f 3213/48/3511 3212/48/3510 3108/48/3385 
f 3214/113/3527 3215/114/3528 3216/115/3529 
f 3216/115/3529 3217/116/3530 3214/113/3527 
f 3218/117/3531 3214/113/3527 3217/116/3530 
f 3217/116/3530 3219/118/1474 3218/117/3531 
f 3220/119/3532 3218/117/3531 3219/118/1474 
f 3219/118/1474 3221/120/3533 3220/119/3532 
f 3222/121/1594 3220/119/3532 3221/120/3533 
f 3221/120/3533 3223/122/3534 3222/121/1594 
f 3224/123/3535 3222/121/1594 3223/122/3534 
f 3223/122/3534 3225/124/3536 3224/123/3535 
f 3226/125/3537 3227/126/3538 3215/114/3528 
f 3215/114/3528 3214/113/3527 3226/125/3537 
f 3228/127/3539 3226/125/3537 3214/113/3527 
f 3214/113/3527 3218/117/3531 3228/127/3539 
f 3229/128/3540 3228/127/3539 3218/117/3531 
f 3218/117/3531 3220/119/3532 3229/128/3540 
f 3230/129/3541 3229/128/3540 3220/119/3532 
f 3220/119/3532 3222/121/1594 3230/129/3541 
f 3231/130/3542 3230/129/3541 3222/121/1594 
f 3222/121/1594 3224/123/3535 3231/130/3542 
f 3232/131/3543 3233/132/3544 3227/126/3538 
f 3227/126/3538 3226/125/3537 3232/131/3543 
f 3234/133/1279 3232/131/3543 3226/125/3537 
f 3226/125/3537 3228/127/3539 3234/133/1279 
f 3235/134/3545 3234/133/1279 3228/127/3539 
f 3228/127/3539 3229/128/3540 3235/134/3545 
f 3236/135/3410 3235/134/3545 3229/128/3540 
f 3229/128/3540 3230/129/3541 3236/135/3410 
f 3237/136/3546 3236/135/3410 3230/129/3541 
f 3230/129/3541 3231/130/3542 3237/136/3546 
f 3238/137/3547 3239/138/3548 3233/132/3544 
f 3233/132/3544 3232/131/3543 3238/137/3547 
f 3240/139/3549 3238/137/3547 3232/131/3543 
f 3232/131/3543 3234/133/1279 3240/139/3549 
f 3241/140/3550 3240/139/3549 3234/133/1279 
f 3234/133/1279 3235/134/3545 3241/140/3550 
f 3242/141/3551 3241/140/3550 3235/134/3545 
f 3235/134/3545 3236/135/3410 3242/141/3551 
f 3243/142/3552 3242/141/3551 3236/135/3410 
f 3236/135/3410 3237/136/3546 3243/142/3552 
f 3244/143/3553 3245/144/256 3239/138/3548 
f 3239/138/3548 3238/137/3547 3244/143/3553 
f 3246/145/3554 3244/143/3553 3238/137/3547 
f 3238/137/3547 3240/139/3549 3246/145/3554 
f 3247/146/3555 3246/145/3554 3240/139/3549 
f 3240/139/3549 3241/140/3550 3247/146/3555 
f 3248/147/3556 3247/146/3555 3241/140/3550 
f 3241/140/3550 3242/141/3551 3248/147/3556 
f 3249/148/3557 3248/147/3556 3242/141/3551 
f 3242/141/3551 3243/142/3552 3249/148/3557 
f 3250/149/3558 3251/150/3559 3245/144/256 
f 3245/144/256 3244/143/3553 3250/149/3558 
f 3252/151/3560 3250/149/3558 3244/143/3553 
f 3244/143/3553 3246/145/3554 3252/151/3560 
f 3253/152/3561 3252/151/3560 3246/145/3554 
f 3246/145/3554 3247/146/3555 3253/152/3561 
f 3254/153/3562 3253/152/3561 3247/146/3555 
f 3247/146/3555 3248/147/3556 3254/153/3562 
f 3255/154/3563 3254/153/3562 3248/147/3556 
f 3248/147/3556 3249/148/3557 3255/154/3563 
f 3256/155/3564 3257/156/3565 3251/150/3559 
f 3251/150/3559 3250/149/3558 3256/155/3564 
f 3258/157/234 3256/155/3564 3250/149/3558 
f 3250/149/3558 3252/151/3560 3258/157/234 
f 3259/158/3566 3258/157/234 3252/151/3560 
f 3252/151/3560 3253/152/3561 3259/158/3566 
f 3260/159/3567 3259/158/3566 3253/152/3561 
f 3253/152/3561 3254/153/3562 3260/159/3567 
f 3261/160/3568 3260/159/3567 3254/153/3562 
f 3254/153/3562 3255/154/3563 3261/160/3568 
f 3262/161/3569 3263/162/3570 3257/156/3565 
f 3257/156/3565 3256/155/3564 3262/161/3569 
f 3264/163/3571 3262/161/3569 3256/155/3564 
f 3256/155/3564 3258/157/234 3264/163/3571 
f 3265/164/2508 3264/163/3571 3258/157/234 
f 3258/157/234 3259/158/3566 3265/164/2508 
f 3266/165/3572 3265/164/2508 3259/158/3566 
f 3259/158/3566 3260/159/3567 3266/165/3572 
f 3267/166/3573 3266/165/3572 3260/159/3567 
f 3260/159/3567 3261/160/3568 3267/166/3573 
f 3268/167/3574 3269/168/3575 3263/162/3570 
f 3263/162/3570 3262/161/3569 3268/167/3574 
f 3270/169/235 3268/167/3574 3262/161/3569 
f 3262/161/3569 3264/163/3571 3270/169/235 
f 3271/170/3576 3270/169/235 3264/163/3571 
f 3264/163/3571 3265/164/2508 3271/170/3576 
f 3272/171/3577 3271/170/3576 3265/164/2508 
f 3265/164/2508 3266/165/3572 3272/171/3577 
f 3273/172/3573 3272/171/3577 3266/165/3572 
f 3266/165/3572 3267/166/3573 3273/172/3573 
f 3274/173/3578 3275/174/3579 3276/115/3580 
f 3276/115/3580 3277/114/3581 3274/173/3578 
f 3278/175/3582 3279/176/3583 3275/174/3579 
f 3275/174/3579 3274/173/3578 3278/175/3582 
f 3280/177/3584 3281/178/3585 3279/176/3583 
f 3279/176/3583 3278/175/3582 3280/177/3584 
f 3282/179/3586 3283/180/3587 3281/178/3585 
f 3281/178/3585 3280/177/3584 3282/179/3586 
f 3284/181/3588 3285/182/3589 3283/180/3587 
f 3283/180/3587 3282/179/3586 3284/181/3588 
f 3286/183/3590 3274/173/3578 3277/114/3581 
f 3277/114/3581 3287/126/3591 3286/183/3590 
f 3288/184/2563 3278/175/3582 3274/173/3578 
f 3274/173/3578 3286/183/3590 3288/184/2563 
f 3289/185/3592 3280/177/3584 3278/175/3582 
f 3278/175/3582 3288/184/2563 3289/185/3592 
f 3290/186/3593 3282/179/3586 3280/177/3584 
f 3280/177/3584 3289/185/3592 3290/186/3593 
f 3291/187/3594 3284/181/3588 3282/179/3586 
f 3282/179/3586 3290/186/3593 3291/187/3594 
f 3292/188/3595 3286/183/3590 3287/126/3591 
f 3287/126/3591 3293/132/3596 3292/188/3595 
f 3294/189/3597 3288/184/2563 3286/183/3590 
f 3286/183/3590 3292/188/3595 3294/189/3597 
f 3295/190/3598 3289/185/3592 3288/184/2563 
f 3288/184/2563 3294/189/3597 3295/190/3598 
f 3296/191/3599 3290/186/3593 3289/185/3592 
f 3289/185/3592 3295/190/3598 3296/191/3599 
f 3297/192/3600 3291/187/3594 3290/186/3593 
f 3290/186/3593 3296/191/3599 3297/192/3600 
f 3298/193/3601 3292/188/3595 3293/132/3596 
f 3293/132/3596 3299/138/3602 3298/193/3601 
f 3300/194/3603 3294/189/3597 3292/188/3595 
f 3292/188/3595 3298/193/3601 3300/194/3603 
f 3301/195/3604 3295/190/3598 3294/189/3597 
f 3294/189/3597 3300/194/3603 3301/195/3604 
f 3302/196/3605 3296/191/3599 3295/190/3598 
f 3295/190/3598 3301/195/3604 3302/196/3605 
f 3303/197/3606 3297/192/3600 3296/191/3599 
f 3296/191/3599 3302/196/3605 3303/197/3606 
f 3304/198/3607 3298/193/3601 3299/138/3602 
f 3299/138/3602 3305/144/3608 3304/198/3607 
f 3306/199/3609 3300/194/3603 3298/193/3601 
f 3298/193/3601 3304/198/3607 3306/199/3609 
f 3307/200/3610 3301/195/3604 3300/194/3603 
f 3300/194/3603 3306/199/3609 3307/200/3610 
f 3308/201/3611 3302/196/3605 3301/195/3604 
f 3301/195/3604 3307/200/3610 3308/201/3611 
f 3309/202/3612 3303/197/3606 3302/196/3605 
f 3302/196/3605 3308/201/3611 3309/202/3612 
f 3310/203/3613 3304/198/3607 3305/144/3608 
f 3305/144/3608 3311/150/3614 3310/203/3613 
f 3312/204/3615 3306/199/3609 3304/198/3607 
f 3304/198/3607 3310/203/3613 3312/204/3615 
f 3313/205/3616 3307/200/3610 3306/199/3609 
f 3306/199/3609 3312/204/3615 3313/205/3616 
f 3314/206/3617 3308/201/3611 3307/200/3610 
f 3307/200/3610 3313/205/3616 3314/206/3617 
f 3315/207/3618 3309/202/3612 3308/201/3611 
f 3308/201/3611 3314/206/3617 3315/207/3618 
f 3316/208/3619 3310/203/3613 3311/150/3614 
f 3311/150/3614 3317/156/3620 3316/208/3619 
f 3318/209/3621 3312/204/3615 3310/203/3613 
f 3310/203/3613 3316/208/3619 3318/209/3621 
f 3319/210/3622 3313/205/3616 3312/204/3615 
f 3312/204/3615 3318/209/3621 3319/210/3622 
f 3320/211/3623 3314/206/3617 3313/205/3616 
f 3313/205/3616 3319/210/3622 3320/211/3623 
f 3321/212/3624 3315/207/3618 3314/206/3617 
f 3314/206/3617 3320/211/3623 3321/212/3624 
f 3322/213/3625 3316/208/3619 3317/156/3620 
f 3317/156/3620 3323/162/3626 3322/213/3625 
f 3324/214/3627 3318/209/3621 3316/208/3619 
f 3316/208/3619 3322/213/3625 3324/214/3627 
f 3325/215/3628 3319/210/3622 3318/209/3621 
f 3318/209/3621 3324/214/3627 3325/215/3628 
f 3326/216/3629 3320/211/3623 3319/210/3622 
f 3319/210/3622 3325/215/3628 3326/216/3629 
f 3327/217/3630 3321/212/3624 3320/211/3623 
f 3320/211/3623 3326/216/3629 3327/217/3630 
f 3328/218/3631 3322/213/3625 3323/162/3626 
f 3323/162/3626 3329/168/3632 3328/218/3631 
f 3330/219/3633 3324/214/3627 3322/213/3625 
f 3322/213/3625 3328/218/3631 3330/219/3633 
f 3331/220/3634 3325/215/3628 3324/214/3627 
f 3324/214/3627 3330/219/3633 3331/220/3634 
f 3332/221/3635 3326/216/3629 3325/215/3628 
f 3325/215/3628 3331/220/3634 3332/221/3635 
f 3333/222/3636 3327/217/3630 3326/216/3629 
f 3326/216/3629 3332/221/3635 3333/222/3636 
f 3334/1/3637 3335/1/3638 3336/2/3639 
f 3336/2/3639 3337/3/3640 3334/1/3637 
f 3336/2/3639 3338/4/3641 3339/4/3642 
f 3339/4/3642 3337/3/3640 3336/2/3639 
f 3340/5/3643 3339/4/3642 3338/4/3641 
f 3338/4/3641 3341/5/3644 3340/5/3643 
f 3342/6/3645 3343/7/3646 3341/5/3644 
f 3341/5/3644 3338/4/3641 3342/6/3645 
f 3336/2/3639 3335/1/3638 3344/8/3647 
f 3344/8/3647 3345/9/3648 3336/2/3639 
f 3345/9/3648 3342/6/3645 3338/4/3641 
f 3338/4/3641 3336/2/3639 3345/9/3648 
f 3334/1/3637 3346/10/3649 3347/11/3650 
f 3347/11/3650 3335/1/3638 3334/1/3637 
f 3348/11/3651 3344/8/3647 3335/1/3638 
f 3335/1/3638 3347/11/3650 3348/11/3651 
f 3349/12/3652 3350/12/3653 3348/11/3651 
f 3348/11/3651 3347/11/3650 3349/12/3652 
f 3346/10/3649 3351/13/3654 3349/12/3652 
f 3349/12/3652 3347/11/3650 3346/10/3649 
f 3351/13/3654 3352/14/3655 3353/15/343 
f 3353/15/343 3349/12/3652 3351/13/3654 
f 3354/15/3656 3350/12/3653 3349/12/3652 
f 3349/12/3652 3353/15/343 3354/15/3656 
f 3352/14/3655 3355/16/3657 3356/17/3658 
f 3356/17/3658 3353/15/343 3352/14/3655 
f 3353/15/343 3356/17/3658 3357/17/3659 
f 3357/17/3659 3354/15/3656 3353/15/343 
f 3355/16/3657 3358/18/3660 3359/19/3661 
f 3359/19/3661 3356/17/3658 3355/16/3657 
f 3360/19/3662 3357/17/3659 3356/17/3658 
f 3356/17/3658 3359/19/3661 3360/19/3662 
f 3358/18/3660 3361/20/3663 3362/21/364 
f 3362/21/364 3359/19/3661 3358/18/3660 
f 3363/21/3664 3360/19/3662 3359/19/3661 
f 3359/19/3661 3362/21/364 3363/21/3664 
f 3364/22/3665 3362/21/364 3361/20/3663 
f 3361/20/3663 3365/23/3666 3364/22/3665 
f 3366/22/3667 3363/21/3664 3362/21/364 
f 3362/21/364 3364/22/3665 3366/22/3667 
f 3365/23/3666 3367/24/3668 3368/25/3669 
f 3368/25/3669 3364/22/3665 3365/23/3666 
f 3364/22/3665 3368/25/3669 3369/26/3670 
f 3369/26/3670 3366/22/3667 3364/22/3665 
f 3367/24/3668 3370/27/3671 3371/28/3672 
f 3371/28/3672 3368/25/3669 3367/24/3668 
f 3372/28/3673 3369/26/3670 3368/25/3669 
f 3368/25/3669 3371/28/3672 3372/28/3673 
f 3370/27/3671 3373/29/3674 3374/29/3675 
f 3374/29/3675 3371/28/3672 3370/27/3671 
f 3371/28/3672 3374/29/3675 3375/30/3676 
f 3375/30/3676 3372/28/3673 3371/28/3672 
f 3373/29/3674 3376/31/3677 3377/31/3678 
f 3377/31/3678 3374/29/3675 3373/29/3674 
f 3378/32/3679 3375/30/3676 3374/29/3675 
f 3374/29/3675 3377/31/3678 3378/32/3679 
f 3376/31/3677 3379/33/3680 3380/33/3681 
f 3380/33/3681 3377/31/3678 3376/31/3677 
f 3381/34/3682 3378/32/3679 3377/31/3678 
f 3377/31/3678 3380/33/3681 3381/34/3682 
f 3382/35/3683 3380/33/3681 3379/33/3680 
f 3379/33/3680 3383/35/3684 3382/35/3683 
f 3380/33/3681 3382/35/3683 3384/36/3685 
f 3384/36/3685 3381/34/3682 3380/33/3681 
f 3383/35/3684 3385/37/3686 3386/37/3687 
f 3386/37/3687 3382/35/3683 3383/35/3684 
f 3387/38/3688 3384/36/3685 3382/35/3683 
f 3382/35/3683 3386/37/3687 3387/38/3688 
f 3388/39/3689 3386/37/3687 3385/37/3686 
f 3385/37/3686 3389/39/1367 3388/39/3689 
f 3386/37/3687 3388/39/3689 3390/40/3688 
f 3390/40/3688 3387/38/3688 3386/37/3687 
f 3389/39/1367 3391/41/3690 3392/41/3691 
f 3392/41/3691 3388/39/3689 3389/39/1367 
f 3393/42/3692 3390/40/3688 3388/39/3689 
f 3388/39/3689 3392/41/3691 3393/42/3692 
f 3391/41/3690 3394/43/3693 3395/43/3694 
f 3395/43/3694 3392/41/3691 3391/41/3690 
f 3396/43/3695 3393/42/3692 3392/41/3691 
f 3392/41/3691 3395/43/3694 3396/43/3695 
f 3397/44/3696 3395/43/3694 3394/43/3693 
f 3394/43/3693 3398/44/3697 3397/44/3696 
f 3395/43/3694 3397/44/3696 3399/44/3698 
f 3399/44/3698 3396/43/3695 3395/43/3694 
f 3400/45/3699 3397/44/3696 3398/44/3697 
f 3398/44/3697 3401/45/3700 3400/45/3699 
f 3397/44/3696 3400/45/3699 3402/45/3701 
f 3402/45/3701 3399/44/3698 3397/44/3696 
f 3403/46/3702 3400/45/3699 3401/45/3700 
f 3401/45/3700 3404/46/3703 3403/46/3702 
f 3405/46/3704 3402/45/3701 3400/45/3699 
f 3400/45/3699 3403/46/3702 3405/46/3704 
f 3404/46/3703 3406/47/3705 3407/47/3706 
f 3407/47/3706 3403/46/3702 3404/46/3703 
f 3408/47/3707 3405/46/3704 3403/46/3702 
f 3403/46/3702 3407/47/3706 3408/47/3707 
f 3406/47/3705 3409/48/3708 3410/48/3709 
f 3410/48/3709 3407/47/3706 3406/47/3705 
f 3410/48/3709 3411/48/3710 3408/47/3707 
f 3408/47/3707 3407/47/3706 3410/48/3709 
f 3410/48/3709 3409/48/3708 3412/48/3711 
f 3412/48/3711 3413/48/3712 3410/48/3709 
f 3414/48/3713 3411/48/3710 3410/48/3709 
f 3410/48/3709 3413/48/3712 3414/48/3713 
f 3412/48/3711 3415/48/3714 3416/48/3715 
f 3416/48/3715 3413/48/3712 3412/48/3711 
f 3417/48/3716 3414/48/3713 3413/48/3712 
f 3413/48/3712 3416/48/3715 3417/48/3716 
f 3418/49/3717 3340/5/3643 3341/5/3644 
f 3341/5/3644 3419/50/3718 3418/49/3717 
f 3343/7/3646 3420/51/3719 3419/50/3718 
f 3419/50/3718 3341/5/3644 3343/7/3646 
f 3421/52/3720 3418/49/3717 3419/50/3718 
f 3419/50/3718 3422/53/3721 3421/52/3720 
f 3420/51/3719 3423/54/3722 3422/53/3721 
f 3422/53/3721 3419/50/3718 3420/51/3719 
f 3424/55/3723 3425/3/3724 3337/3/3724 
f 3337/3/3724 3339/4/3725 3424/55/3723 
f 3425/3/3724 3426/56/3726 3334/1/3637 
f 3334/1/3637 3337/3/3724 3425/3/3724 
f 3427/57/3727 3424/55/3723 3339/4/3725 
f 3339/4/3725 3340/5/3727 3427/57/3727 
f 3428/49/3728 3427/57/3727 3340/5/3727 
f 3340/5/3727 3418/49/3717 3428/49/3728 
f 3429/49/3729 3428/49/3728 3418/49/3717 
f 3418/49/3717 3421/52/3730 3429/49/3729 
f 3426/56/3726 3430/10/3731 3346/10/3649 
f 3346/10/3649 3334/1/3637 3426/56/3726 
f 3430/10/3731 3431/58/3732 3351/13/3654 
f 3351/13/3654 3346/10/3649 3430/10/3731 
f 3431/58/3732 3432/59/3733 3352/14/3655 
f 3352/14/3655 3351/13/3654 3431/58/3732 
f 3432/59/3733 3433/16/3734 3355/16/3657 
f 3355/16/3657 3352/14/3655 3432/59/3733 
f 3433/16/3734 3434/18/3735 3358/18/3660 
f 3358/18/3660 3355/16/3657 3433/16/3734 
f 3434/18/3735 3435/20/3736 3361/20/3737 
f 3361/20/3737 3358/18/3660 3434/18/3735 
f 3435/20/3736 3436/23/3738 3365/23/3739 
f 3365/23/3739 3361/20/3737 3435/20/3736 
f 3436/23/3738 3437/60/3740 3367/24/3668 
f 3367/24/3668 3365/23/3739 3436/23/3738 
f 3437/60/3740 3438/27/3741 3370/27/3671 
f 3370/27/3671 3367/24/3668 3437/60/3740 
f 3438/27/3741 3439/29/3742 3373/29/3674 
f 3373/29/3674 3370/27/3671 3438/27/3741 
f 3376/31/3743 3373/29/3674 3439/29/3742 
f 3439/29/3742 3440/31/3744 3376/31/3743 
f 3440/31/3744 3441/33/3745 3379/33/3680 
f 3379/33/3680 3376/31/3743 3440/31/3744 
f 3441/33/3745 3442/35/3746 3383/35/3684 
f 3383/35/3684 3379/33/3680 3441/33/3745 
f 3442/35/3746 3443/37/3747 3385/37/3686 
f 3385/37/3686 3383/35/3684 3442/35/3746 
f 3443/37/3747 3444/61/3748 3389/39/1367 
f 3389/39/1367 3385/37/3686 3443/37/3747 
f 3444/61/3748 3445/62/3749 3391/41/3690 
f 3391/41/3690 3389/39/1367 3444/61/3748 
f 3394/43/3693 3391/41/3690 3445/62/3749 
f 3445/62/3749 3446/63/3750 3394/43/3693 
f 3446/63/3750 3447/64/3751 3398/44/3752 
f 3398/44/3752 3394/43/3693 3446/63/3750 
f 3447/64/3751 3448/65/3753 3401/45/3754 
f 3401/45/3754 3398/44/3752 3447/64/3751 
f 3448/65/3753 3449/66/3755 3404/46/3756 
f 3404/46/3756 3401/45/3754 3448/65/3753 
f 3449/66/3755 3450/67/3757 3406/47/3758 
f 3406/47/3758 3404/46/3756 3449/66/3755 
f 3450/67/3757 3451/47/3759 3409/48/3708 
f 3409/48/3708 3406/47/3758 3450/67/3757 
f 3451/47/3759 3452/48/3760 3412/48/3761 
f 3412/48/3761 3409/48/3708 3451/47/3759 
f 3452/48/3760 3453/48/3762 3415/48/3762 
f 3415/48/3762 3412/48/3761 3452/48/3760 
f 3453/48/3763 3454/68/3764 3416/68/3765 
f 3416/68/3765 3415/48/3766 3453/48/3763 
f 3455/68/3767 3417/68/3768 3416/68/3765 
f 3416/68/3765 3454/68/3764 3455/68/3767 
f 3456/52/3769 3429/49/3729 3421/52/3730 
f 3421/52/3730 3422/53/3721 3456/52/3769 
f 3424/55/3723 3427/57/3770 3457/69/3771 
f 3457/69/3771 3458/70/3772 3424/55/3723 
f 3457/69/3771 3427/57/3770 3428/49/3773 
f 3428/49/3773 3459/71/3774 3457/69/3771 
f 3429/49/2422 3460/72/3775 3459/71/3774 
f 3459/71/3774 3428/49/3773 3429/49/2422 
f 3456/52/3769 3461/72/3776 3460/72/3775 
f 3460/72/3775 3429/49/2422 3456/52/3769 
f 3458/70/3772 3462/73/3777 3425/3/3778 
f 3425/3/3778 3424/55/3723 3458/70/3772 
f 3462/73/3777 3463/74/3777 3426/56/3779 
f 3426/56/3779 3425/3/3778 3462/73/3777 
f 3463/74/3777 3464/75/3780 3430/10/3781 
f 3430/10/3781 3426/56/3779 3463/74/3777 
f 3464/75/3780 3465/76/3782 3431/58/3732 
f 3431/58/3732 3430/10/3781 3464/75/3780 
f 3465/76/3782 3466/77/3783 3432/59/3733 
f 3432/59/3733 3431/58/3732 3465/76/3782 
f 3433/16/3734 3432/59/3733 3466/77/3783 
f 3466/77/3783 3467/78/3784 3433/16/3734 
f 3434/18/3735 3433/16/3734 3467/78/3784 
f 3467/78/3784 3468/79/3785 3434/18/3735 
f 3435/20/3736 3434/18/3735 3468/79/3785 
f 3468/79/3785 3469/80/3786 3435/20/3736 
f 3436/23/3738 3435/20/3736 3469/80/3786 
f 3469/80/3786 3470/81/3787 3436/23/3738 
f 3437/60/3788 3436/23/3738 3470/81/3787 
f 3470/81/3787 3471/82/3788 3437/60/3788 
f 3438/27/3741 3437/60/3788 3471/82/3788 
f 3471/82/3788 3472/83/3789 3438/27/3741 
f 3439/29/3742 3438/27/3741 3472/83/3789 
f 3472/83/3789 3473/84/3790 3439/29/3742 
f 3440/31/3744 3439/29/3742 3473/84/3790 
f 3473/84/3790 3474/85/3791 3440/31/3744 
f 3441/33/3745 3440/31/3744 3474/85/3791 
f 3474/85/3791 3475/86/3792 3441/33/3745 
f 3475/86/3792 3476/87/3793 3442/35/3794 
f 3442/35/3794 3441/33/3745 3475/86/3792 
f 3476/87/3793 3477/88/3795 3443/37/3747 
f 3443/37/3747 3442/35/3794 3476/87/3793 
f 3477/88/3795 3478/61/3793 3444/61/3748 
f 3444/61/3748 3443/37/3747 3477/88/3795 
f 3445/62/3749 3444/61/3748 3478/61/3793 
f 3478/61/3793 3479/62/3796 3445/62/3749 
f 3479/62/3796 3480/63/3797 3446/63/3750 
f 3446/63/3750 3445/62/3749 3479/62/3796 
f 3480/63/3797 3481/64/3798 3447/64/3751 
f 3447/64/3751 3446/63/3750 3480/63/3797 
f 3481/64/3798 3482/65/3799 3448/65/3753 
f 3448/65/3753 3447/64/3751 3481/64/3798 
f 3449/66/3800 3448/65/3753 3482/65/3799 
f 3482/65/3799 3483/66/3801 3449/66/3800 
f 3450/67/3802 3449/66/3800 3483/66/3801 
f 3483/66/3801 3484/67/3799 3450/67/3802 
f 3484/67/3799 3485/67/3803 3451/47/3804 
f 3451/47/3804 3450/67/3802 3484/67/3799 
f 3452/48/3805 3451/47/3804 3485/67/3803 
f 3485/67/3803 3486/68/3806 3452/48/3805 
f 3453/48/3763 3452/48/3805 3486/68/3806 
f 3486/68/3806 3454/68/3764 3453/48/3763 
f 3487/89/3807 3488/90/3808 3457/69/3771 
f 3457/69/3771 3459/71/3774 3487/89/3807 
f 3489/91/3809 3487/89/3807 3459/71/3774 
f 3459/71/3774 3460/72/3775 3489/91/3809 
f 3490/92/3810 3489/91/3809 3460/72/3775 
f 3460/72/3775 3461/72/3776 3490/92/3810 
f 3488/90/3808 3491/93/3811 3458/70/3772 
f 3458/70/3772 3457/69/3771 3488/90/3808 
f 3491/93/3811 3492/94/3812 3462/73/3777 
f 3462/73/3777 3458/70/3772 3491/93/3811 
f 3492/94/3812 3493/95/3813 3463/74/3777 
f 3463/74/3777 3462/73/3777 3492/94/3812 
f 3493/95/3813 3494/96/3814 3464/75/3780 
f 3464/75/3780 3463/74/3777 3493/95/3813 
f 3494/96/3814 3495/76/3815 3465/76/3782 
f 3465/76/3782 3464/75/3780 3494/96/3814 
f 3495/76/3815 3496/97/3816 3466/77/3783 
f 3466/77/3783 3465/76/3782 3495/76/3815 
f 3467/78/3784 3466/77/3783 3496/97/3816 
f 3496/97/3816 3497/78/3817 3467/78/3784 
f 3497/78/3817 3498/79/3818 3468/79/3785 
f 3468/79/3785 3467/78/3784 3497/78/3817 
f 3469/80/3786 3468/79/3785 3498/79/3818 
f 3498/79/3818 3499/80/3819 3469/80/3786 
f 3499/80/3819 3500/81/3820 3470/81/3787 
f 3470/81/3787 3469/80/3786 3499/80/3819 
f 3500/81/3820 3501/82/3821 3471/82/3822 
f 3471/82/3822 3470/81/3787 3500/81/3820 
f 3472/83/3789 3471/82/3822 3501/82/3821 
f 3501/82/3821 3502/83/3823 3472/83/3789 
f 3502/83/3823 3503/84/3824 3473/84/3790 
f 3473/84/3790 3472/83/3789 3502/83/3823 
f 3503/84/3824 3504/85/3825 3474/85/3791 
f 3474/85/3791 3473/84/3790 3503/84/3824 
f 3504/85/3825 3505/86/3826 3475/86/3792 
f 3475/86/3792 3474/85/3791 3504/85/3825 
f 3476/87/3793 3475/86/3792 3505/86/3826 
f 3505/86/3826 3506/87/3827 3476/87/3793 
f 3477/88/3795 3476/87/3793 3506/87/3827 
f 3506/87/3827 3507/88/3826 3477/88/3795 
f 3478/61/3793 3477/88/3795 3507/88/3826 
f 3507/88/3826 3508/61/3828 3478/61/3793 
f 3508/61/3828 3509/62/3829 3479/62/3796 
f 3479/62/3796 3478/61/3793 3508/61/3828 
f 3509/62/3829 3510/63/3830 3480/63/3797 
f 3480/63/3797 3479/62/3796 3509/62/3829 
f 3510/63/3830 3511/64/3831 3481/64/3798 
f 3481/64/3798 3480/63/3797 3510/63/3830 
f 3482/65/3799 3481/64/3798 3511/64/3831 
f 3511/64/3831 3512/65/3832 3482/65/3799 
f 3512/65/3832 3513/66/3833 3483/66/3801 
f 3483/66/3801 3482/65/3799 3512/65/3832 
f 3484/67/3799 3483/66/3801 3513/66/3833 
f 3513/66/3833 3514/67/3834 3484/67/3799 
f 3514/67/3834 3515/68/3835 3485/67/3803 
f 3485/67/3803 3484/67/3799 3514/67/3834 
f 3515/68/3835 3516/68/3836 3486/68/3806 
f 3486/68/3806 3485/67/3803 3515/68/3835 
f 3454/68/3764 3486/68/3806 3516/68/3836 
f 3516/68/3836 3455/68/3767 3454/68/3764 
f 3490/92/3810 3461/72/3776 3456/52/3769 
f 3456/52/3769 3422/53/3721 3490/92/3810 
f 3423/54/3722 3489/98/3809 3490/99/3810 
f 3490/99/3810 3422/53/3721 3423/54/3722 
f 3489/98/3809 3423/54/3722 3420/51/3719 
f 3420/51/3719 3487/98/3837 3489/98/3809 
f 3420/51/3719 3343/7/3838 3488/100/3838 
f 3488/100/3838 3487/98/3837 3420/51/3719 
f 3343/7/3838 3342/6/3839 3491/101/3839 
f 3491/101/3839 3488/100/3838 3343/7/3838 
f 3342/6/3839 3345/9/3840 3492/102/3840 
f 3492/102/3840 3491/101/3839 3342/6/3839 
f 3345/9/3840 3344/8/3841 3493/8/3841 
f 3493/8/3841 3492/102/3840 3345/9/3840 
f 3344/8/3841 3348/11/3651 3494/103/3842 
f 3494/103/3842 3493/8/3841 3344/8/3841 
f 3348/11/3651 3350/12/3653 3495/104/3843 
f 3495/104/3843 3494/103/3842 3348/11/3651 
f 3496/105/3844 3495/104/3843 3350/12/3653 
f 3350/12/3653 3354/15/3845 3496/105/3844 
f 3497/106/3817 3496/105/3844 3354/15/3845 
f 3354/15/3845 3357/17/3659 3497/106/3817 
f 3498/107/3818 3497/106/3817 3357/17/3659 
f 3357/17/3659 3360/19/3662 3498/107/3818 
f 3360/19/3662 3363/21/3664 3499/21/3819 
f 3499/21/3819 3498/107/3818 3360/19/3662 
f 3363/21/3664 3366/22/3846 3500/108/3820 
f 3500/108/3820 3499/21/3819 3363/21/3664 
f 3366/22/3846 3369/26/3670 3501/26/3821 
f 3501/26/3821 3500/108/3820 3366/22/3846 
f 3502/28/3823 3501/26/3821 3369/26/3670 
f 3369/26/3670 3372/28/3673 3502/28/3823 
f 3372/28/3673 3375/30/3676 3503/30/3824 
f 3503/30/3824 3502/28/3823 3372/28/3673 
f 3375/30/3676 3378/32/3679 3504/32/3825 
f 3504/32/3825 3503/30/3824 3375/30/3676 
f 3505/34/3826 3504/32/3825 3378/32/3679 
f 3378/32/3679 3381/34/3682 3505/34/3826 
f 3506/36/3827 3505/34/3826 3381/34/3682 
f 3381/34/3682 3384/36/3685 3506/36/3827 
f 3507/38/3826 3506/36/3827 3384/36/3685 
f 3384/36/3685 3387/38/3688 3507/38/3826 
f 3387/38/3688 3390/40/3688 3508/40/3828 
f 3508/40/3828 3507/38/3826 3387/38/3688 
f 3509/109/3829 3508/40/3828 3390/40/3688 
f 3390/40/3688 3393/42/3847 3509/109/3829 
f 3510/110/3830 3509/109/3829 3393/42/3847 
f 3393/42/3847 3396/43/3695 3510/110/3830 
f 3396/43/3695 3399/44/3698 3511/111/3831 
f 3511/111/3831 3510/110/3830 3396/43/3695 
f 3512/112/3848 3511/111/3831 3399/44/3698 
f 3399/44/3698 3402/45/3701 3512/112/3848 
f 3513/46/3849 3512/112/3848 3402/45/3701 
f 3402/45/3701 3405/46/3704 3513/46/3849 
f 3405/46/3704 3408/47/3707 3514/47/3834 
f 3514/47/3834 3513/46/3849 3405/46/3704 
f 3408/47/3707 3411/48/3710 3515/48/3835 
f 3515/48/3835 3514/47/3834 3408/47/3707 
f 3411/48/3710 3414/48/3850 3516/48/3836 
f 3516/48/3836 3515/48/3835 3411/48/3710 
f 3517/113/3851 3518/114/3580 3519/115/3852 
f 3519/115/3852 3520/116/3853 3517/113/3851 
f 3521/117/3854 3517/113/3851 3520/116/3853 
f 3520/116/3853 3522/118/3855 3521/117/3854 
f 3523/119/3856 3521/117/3854 3522/118/3855 
f 3522/118/3855 3524/120/3857 3523/119/3856 
f 3525/121/3858 3523/119/3856 3524/120/3857 
f 3524/120/3857 3526/122/3859 3525/121/3858 
f 3527/123/3860 3525/121/3858 3526/122/3859 
f 3526/122/3859 3528/124/3861 3527/123/3860 
f 3529/125/3862 3530/126/3863 3518/114/3580 
f 3518/114/3580 3517/113/3851 3529/125/3862 
f 3531/127/3864 3529/125/3862 3517/113/3851 
f 3517/113/3851 3521/117/3854 3531/127/3864 
f 3532/128/3865 3531/127/3864 3521/117/3854 
f 3521/117/3854 3523/119/3856 3532/128/3865 
f 3533/129/3866 3532/128/3865 3523/119/3856 
f 3523/119/3856 3525/121/3858 3533/129/3866 
f 3534/130/3867 3533/129/3866 3525/121/3858 
f 3525/121/3858 3527/123/3860 3534/130/3867 
f 3535/131/3868 3536/132/3869 3530/126/3863 
f 3530/126/3863 3529/125/3862 3535/131/3868 
f 3537/133/3870 3535/131/3868 3529/125/3862 
f 3529/125/3862 3531/127/3864 3537/133/3870 
f 3538/134/3871 3537/133/3870 3531/127/3864 
f 3531/127/3864 3532/128/3865 3538/134/3871 
f 3539/135/3872 3538/134/3871 3532/128/3865 
f 3532/128/3865 3533/129/3866 3539/135/3872 
f 3540/136/3873 3539/135/3872 3533/129/3866 
f 3533/129/3866 3534/130/3867 3540/136/3873 
f 3541/137/3874 3542/138/3875 3536/132/3869 
f 3536/132/3869 3535/131/3868 3541/137/3874 
f 3543/139/1124 3541/137/3874 3535/131/3868 
f 3535/131/3868 3537/133/3870 3543/139/1124 
f 3544/140/3876 3543/139/1124 3537/133/3870 
f 3537/133/3870 3538/134/3871 3544/140/3876 
f 3545/141/3877 3544/140/3876 3538/134/3871 
f 3538/134/3871 3539/135/3872 3545/141/3877 
f 3546/142/3878 3545/141/3877 3539/135/3872 
f 3539/135/3872 3540/136/3873 3546/142/3878 
f 3547/143/3879 3548/144/3880 3542/138/3875 
f 3542/138/3875 3541/137/3874 3547/143/3879 
f 3549/145/3881 3547/143/3879 3541/137/3874 
f 3541/137/3874 3543/139/1124 3549/145/3881 
f 3550/146/3882 3549/145/3881 3543/139/1124 
f 3543/139/1124 3544/140/3876 3550/146/3882 
f 3551/147/3511 3550/146/3882 3544/140/3876 
f 3544/140/3876 3545/141/3877 3551/147/3511 
f 3552/148/3883 3551/147/3511 3545/141/3877 
f 3545/141/3877 3546/142/3878 3552/148/3883 
f 3553/149/1262 3554/150/3884 3548/144/3880 
f 3548/144/3880 3547/143/3879 3553/149/1262 
f 3555/151/3885 3553/149/1262 3547/143/3879 
f 3547/143/3879 3549/145/3881 3555/151/3885 
f 3556/152/3886 3555/151/3885 3549/145/3881 
f 3549/145/3881 3550/146/3882 3556/152/3886 
f 3557/153/3887 3556/152/3886 3550/146/3882 
f 3550/146/3882 3551/147/3511 3557/153/3887 
f 3558/154/3888 3557/153/3887 3551/147/3511 
f 3551/147/3511 3552/148/3883 3558/154/3888 
f 3559/155/2583 3560/156/3889 3554/150/3884 
f 3554/150/3884 3553/149/1262 3559/155/2583 
f 3561/157/3890 3559/155/2583 3553/149/1262 
f 3553/149/1262 3555/151/3885 3561/157/3890 
f 3562/158/3891 3561/157/3890 3555/151/3885 
f 3555/151/3885 3556/152/3886 3562/158/3891 
f 3563/159/3892 3562/158/3891 3556/152/3886 
f 3556/152/3886 3557/153/3887 3563/159/3892 
f 3564/160/3893 3563/159/3892 3557/153/3887 
f 3557/153/3887 3558/154/3888 3564/160/3893 
f 3565/161/3894 3566/162/3895 3560/156/3889 
f 3560/156/3889 3559/155/2583 3565/161/3894 
f 3567/163/3896 3565/161/3894 3559/155/2583 
f 3559/155/2583 3561/157/3890 3567/163/3896 
f 3568/164/3897 3567/163/3896 3561/157/3890 
f 3561/157/3890 3562/158/3891 3568/164/3897 
f 3569/165/3898 3568/164/3897 3562/158/3891 
f 3562/158/3891 3563/159/3892 3569/165/3898 
f 3570/166/522 3569/165/3898 3563/159/3892 
f 3563/159/3892 3564/160/3893 3570/166/522 
f 3571/167/3899 3572/168/3900 3566/162/3895 
f 3566/162/3895 3565/161/3894 3571/167/3899 
f 3573/169/3901 3571/167/3899 3565/161/3894 
f 3565/161/3894 3567/163/3896 3573/169/3901 
f 3574/170/3902 3573/169/3901 3567/163/3896 
f 3567/163/3896 3568/164/3897 3574/170/3902 
f 3575/171/3903 3574/170/3902 3568/164/3897 
f 3568/164/3897 3569/165/3898 3575/171/3903 
f 3576/172/522 3575/171/3903 3569/165/3898 
f 3569/165/3898 3570/166/522 3576/172/522 
f 3577/173/3904 3578/174/3905 3579/115/3906 
f 3579/115/3906 3580/114/586 3577/173/3904 
f 3581/175/3907 3582/176/3908 3578/174/3905 
f 3578/174/3905 3577/173/3904 3581/175/3907 
f 3583/177/3909 3584/178/3910 3582/176/3908 
f 3582/176/3908 3581/175/3907 3583/177/3909 
f 3585/179/3911 3586/180/3912 3584/178/3910 
f 3584/178/3910 3583/177/3909 3585/179/3911 
f 3587/181/3913 3588/182/3914 3586/180/3912 
f 3586/180/3912 3585/179/3911 3587/181/3913 
f 3589/183/3915 3577/173/3904 3580/114/586 
f 3580/114/586 3590/126/3916 3589/183/3915 
f 3591/184/3917 3581/175/3907 3577/173/3904 
f 3577/173/3904 3589/183/3915 3591/184/3917 
f 3592/185/3918 3583/177/3909 3581/175/3907 
f 3581/175/3907 3591/184/3917 3592/185/3918 
f 3593/186/3919 3585/179/3911 3583/177/3909 
f 3583/177/3909 3592/185/3918 3593/186/3919 
f 3594/187/3920 3587/181/3913 3585/179/3911 
f 3585/179/3911 3593/186/3919 3594/187/3920 
f 3595/188/3921 3589/183/3915 3590/126/3916 
f 3590/126/3916 3596/132/3922 3595/188/3921 
f 3597/189/3923 3591/184/3917 3589/183/3915 
f 3589/183/3915 3595/188/3921 3597/189/3923 
f 3598/190/3924 3592/185/3918 3591/184/3917 
f 3591/184/3917 3597/189/3923 3598/190/3924 
f 3599/191/3925 3593/186/3919 3592/185/3918 
f 3592/185/3918 3598/190/3924 3599/191/3925 
f 3600/192/3926 3594/187/3920 3593/186/3919 
f 3593/186/3919 3599/191/3925 3600/192/3926 
f 3601/193/3927 3595/188/3921 3596/132/3922 
f 3596/132/3922 3602/138/3928 3601/193/3927 
f 3603/194/3929 3597/189/3923 3595/188/3921 
f 3595/188/3921 3601/193/3927 3603/194/3929 
f 3604/195/3930 3598/190/3924 3597/189/3923 
f 3597/189/3923 3603/194/3929 3604/195/3930 
f 3605/196/3931 3599/191/3925 3598/190/3924 
f 3598/190/3924 3604/195/3930 3605/196/3931 
f 3606/197/3932 3600/192/3926 3599/191/3925 
f 3599/191/3925 3605/196/3931 3606/197/3932 
f 3607/198/3933 3601/193/3927 3602/138/3928 
f 3602/138/3928 3608/144/3934 3607/198/3933 
f 3609/199/3935 3603/194/3929 3601/193/3927 
f 3601/193/3927 3607/198/3933 3609/199/3935 
f 3610/200/3936 3604/195/3930 3603/194/3929 
f 3603/194/3929 3609/199/3935 3610/200/3936 
f 3611/201/3937 3605/196/3931 3604/195/3930 
f 3604/195/3930 3610/200/3936 3611/201/3937 
f 3612/202/3938 3606/197/3932 3605/196/3931 
f 3605/196/3931 3611/201/3937 3612/202/3938 
f 3613/203/3939 3607/198/3933 3608/144/3934 
f 3608/144/3934 3614/150/3940 3613/203/3939 
f 3615/204/3941 3609/199/3935 3607/198/3933 
f 3607/198/3933 3613/203/3939 3615/204/3941 
f 3616/205/3942 3610/200/3936 3609/199/3935 
f 3609/199/3935 3615/204/3941 3616/205/3942 
f 3617/206/3943 3611/201/3937 3610/200/3936 
f 3610/200/3936 3616/205/3942 3617/206/3943 
f 3618/207/3944 3612/202/3938 3611/201/3937 
f 3611/201/3937 3617/206/3943 3618/207/3944 
f 3619/208/3945 3613/203/3939 3614/150/3940 
f 3614/150/3940 3620/156/3946 3619/208/3945 
f 3621/209/3947 3615/204/3941 3613/203/3939 
f 3613/203/3939 3619/208/3945 3621/209/3947 
f 3622/210/3948 3616/205/3942 3615/204/3941 
f 3615/204/3941 3621/209/3947 3622/210/3948 
f 3623/211/3949 3617/206/3943 3616/205/3942 
f 3616/205/3942 3622/210/3948 3623/211/3949 
f 3624/212/3950 3618/207/3944 3617/206/3943 
f 3617/206/3943 3623/211/3949 3624/212/3950 
f 3625/213/3951 3619/208/3945 3620/156/3946 
f 3620/156/3946 3626/162/3952 3625/213/3951 
f 3627/214/930 3621/209/3947 3619/208/3945 
f 3619/208/3945 3625/213/3951 3627/214/930 
f 3628/215/3953 3622/210/3948 3621/209/3947 
f 3621/209/3947 3627/214/930 3628/215/3953 
f 3629/216/3954 3623/211/3949 3622/210/3948 
f 3622/210/3948 3628/215/3953 3629/216/3954 
f 3630/217/3955 3624/212/3950 3623/211/3949 
f 3623/211/3949 3629/216/3954 3630/217/3955 
f 3631/218/3956 3625/213/3951 3626/162/3952 
f 3626/162/3952 3632/168/3957 3631/218/3956 
f 3633/219/3958 3627/214/930 3625/213/3951 
f 3625/213/3951 3631/218/3956 3633/219/3958 
f 3634/220/3959 3628/215/3953 3627/214/930 
f 3627/214/930 3633/219/3958 3634/220/3959 
f 3635/221/3960 3629/216/3954 3628/215/3953 
f 3628/215/3953 3634/220/3959 3635/221/3960 
f 3636/222/3955 3630/217/3955 3629/216/3954 
f 3629/216/3954 3635/221/3960 3636/222/3955 
f 3637/223/3961 3638/223/3962 3639/224/3963 
f 3639/224/3963 3640/225/2352 3637/223/3961 
f 3637/223/3961 3641/223/3964 3642/223/3965 
f 3642/223/3965 3638/223/3962 3637/223/3961 
f 3637/223/3961 3640/225/2352 3643/225/3966 
f 3643/225/3966 3641/223/3964 3637/223/3961 
f 3644/226/3967 3645/227/3968 3646/227/3965 
f 3646/227/3965 3647/226/63 3644/226/3967 
f 3644/226/3967 3648/226/3969 3649/228/3970 
f 3649/228/3970 3645/227/3968 3644/226/3967 
f 3644/226/3967 3647/226/63 3650/226/3971 
f 3650/226/3971 3648/226/3969 3644/226/3967 
f 3651/229/3972 3652/229/3973 3653/229/3974 
f 3653/229/3974 3654/229/3975 3651/229/3972 
f 3651/229/3972 3654/229/3975 3655/230/3976 
f 3655/230/3976 3656/230/3977 3651/229/3972 
f 3651/229/3972 3656/230/3977 3657/231/3978 
f 3657/231/3978 3652/229/3973 3651/229/3972 
f 3658/232/2243 3659/232/3979 3660/233/3980 
f 3660/233/3980 3661/232/3981 3658/232/2243 
f 3658/232/2243 3662/232/3982 3663/232/3983 
f 3663/232/3983 3659/232/3979 3658/232/2243 
f 3658/232/2243 3661/232/3981 3664/234/3984 
f 3664/234/3984 3662/232/3982 3658/232/2243 
f 3665/235/3985 3666/235/3986 3667/235/3987 
f 3667/235/3987 3668/235/3988 3665/235/3985 
f 3665/235/3985 3668/235/3988 3669/236/3989 
f 3669/236/3989 3670/235/3990 3665/235/3985 
f 3665/235/3985 3670/235/3990 3671/235/3991 
f 3671/235/3991 3666/235/3986 3665/235/3985 
f 3672/237/3992 3673/238/3993 3674/238/3994 
f 3674/238/3994 3675/237/3995 3672/237/3992 
f 3672/237/3992 3675/237/3995 3676/237/162 
f 3676/237/162 3677/237/3996 3672/237/3992 
f 3672/237/3992 3677/237/3996 3678/239/3997 
f 3678/239/3997 3673/238/3993 3672/237/3992 
f 3679/240/3998 3680/240/3999 3681/224/4000 
f 3681/224/4000 3682/223/3962 3679/240/3998 
f 3679/240/3998 3683/241/4001 3684/240/4002 
f 3684/240/4002 3680/240/3999 3679/240/3998 
f 3679/240/3998 3682/223/3962 3685/241/4003 
f 3685/241/4003 3683/241/4001 3679/240/3998 
f 3686/242/4004 3687/243/4005 3688/243/4006 
f 3688/243/4006 3689/242/4007 3686/242/4004 
f 3686/242/4004 3689/242/4007 3690/244/4008 
f 3690/244/4008 3691/242/4009 3686/242/4004 
f 3686/242/4004 3691/242/4009 3692/245/4010 
f 3692/245/4010 3687/245/4005 3686/242/4004 
f 3692/245/4011 3691/242/4012 3693/246/4013 
f 3693/246/4013 3694/247/4014 3692/245/4011 
f 3692/245/4011 3694/247/4014 3695/247/4015 
f 3695/247/4015 3696/245/4016 3692/245/4011 
f 3692/245/4010 3696/245/4016 3697/245/4017 
f 3697/245/4017 3687/245/4005 3692/245/4010 
f 3697/248/4017 3698/248/3965 3688/243/4006 
f 3688/243/4006 3687/243/4005 3697/248/4017 
f 3697/245/4017 3696/245/4016 3699/249/4018 
f 3699/249/4018 3700/249/4019 3697/245/4017 
f 3697/248/4017 3700/248/4019 3701/241/3965 
f 3701/241/3965 3698/248/3965 3697/248/4017 
f 3701/241/3965 3702/241/4003 3703/227/4003 
f 3703/227/4003 3698/248/3965 3701/241/3965 
f 3701/241/3965 3700/248/4019 3684/240/4002 
f 3684/240/4002 3683/241/4001 3701/241/3965 
f 3701/241/3965 3683/241/4001 3685/241/4003 
f 3685/241/4003 3702/241/4003 3701/241/3965 
f 3703/227/4003 3646/227/3965 3645/227/3968 
f 3645/227/3968 3704/227/3968 3703/227/4003 
f 3703/227/4003 3704/227/3968 3688/243/4006 
f 3688/243/4006 3698/248/3965 3703/227/4003 
f 3703/227/4003 3702/241/4003 3705/223/3965 
f 3705/223/3965 3646/227/3965 3703/227/4003 
f 3705/223/3965 3706/226/63 3647/226/63 
f 3647/226/63 3646/227/3965 3705/223/3965 
f 3705/223/3965 3702/241/4003 3685/241/4003 
f 3685/241/4003 3642/223/3965 3705/223/3965 
f 3705/223/3965 3642/223/3965 3641/223/3964 
f 3641/223/3964 3706/226/63 3705/223/3965 
f 3706/226/63 3641/223/3964 3643/225/3966 
f 3643/225/3966 3707/250/4020 3706/226/63 
f 3706/226/63 3707/250/4020 3650/226/3971 
f 3650/226/3971 3647/226/63 3706/226/63 
f 3707/250/4020 3643/225/3966 3708/225/4021 
f 3708/225/4021 3709/250/4022 3707/250/4020 
f 3707/250/4020 3709/250/4022 3710/251/4023 
f 3710/251/4023 3650/226/3971 3707/250/4020 
f 3710/251/4023 3709/250/4022 3711/252/4024 
f 3711/252/4024 3712/251/4025 3710/251/4023 
f 3710/251/4023 3712/251/4025 3713/251/4026 
f 3713/251/4026 3714/228/4027 3710/251/4023 
f 3710/251/4023 3714/228/4027 3648/226/3969 
f 3648/226/3969 3650/226/3971 3710/251/4023 
f 3714/228/4027 3713/251/4026 3715/253/4028 
f 3715/253/4028 3716/228/4029 3714/228/4027 
f 3714/228/4027 3716/228/4030 3649/228/3970 
f 3649/228/3970 3648/226/3969 3714/228/4027 
f 3716/228/4029 3715/253/4028 3717/254/4031 
f 3717/254/4031 3718/244/4032 3716/228/4029 
f 3716/228/4030 3718/244/4032 3719/244/4033 
f 3719/244/4033 3649/228/3970 3716/228/4030 
f 3719/244/4033 3704/227/3968 3645/227/3968 
f 3645/227/3968 3649/228/3970 3719/244/4033 
f 3719/244/4033 3718/244/4032 3690/244/4008 
f 3690/244/4008 3689/242/4007 3719/244/4033 
f 3719/244/4033 3689/242/4007 3688/243/4006 
f 3688/243/4006 3704/227/3968 3719/244/4033 
f 3718/244/4032 3717/254/4031 3720/254/4034 
f 3720/254/4034 3690/244/4035 3718/244/4032 
f 3720/254/4034 3717/254/4031 3721/255/4036 
f 3721/255/4036 3722/256/4037 3720/254/4034 
f 3720/254/4034 3722/256/4037 3723/257/4038 
f 3723/257/4038 3693/246/4013 3720/254/4034 
f 3720/254/4034 3693/246/4013 3691/242/4012 
f 3691/242/4012 3690/244/4035 3720/254/4034 
f 3723/257/4038 3722/256/4037 3724/258/4039 
f 3724/258/4039 3725/258/4040 3723/257/4038 
f 3723/257/4038 3725/258/4040 3726/259/4041 
f 3726/259/4041 3727/257/4042 3723/257/4038 
f 3723/257/4038 3727/257/4042 3694/247/4014 
f 3694/247/4014 3693/246/4013 3723/257/4038 
f 3727/257/4042 3726/259/4041 3728/260/4043 
f 3728/260/4043 3729/261/4044 3727/257/4042 
f 3727/257/4042 3729/261/4044 3695/247/4015 
f 3695/247/4015 3694/247/4014 3727/257/4042 
f 3729/261/4044 3728/260/4043 3730/262/4045 
f 3730/262/4045 3731/263/4046 3729/261/4044 
f 3729/261/4044 3731/263/4046 3732/264/4047 
f 3732/264/4047 3695/247/4015 3729/261/4044 
f 3732/264/4047 3699/249/4018 3696/245/4016 
f 3696/245/4016 3695/247/4015 3732/264/4047 
f 3732/264/4047 3731/263/4046 3733/265/4048 
f 3733/265/4048 3734/266/4049 3732/264/4047 
f 3732/264/4047 3734/266/4049 3735/267/4050 
f 3735/267/4050 3699/249/4018 3732/264/4047 
f 3735/267/4050 3684/267/4002 3700/249/4019 
f 3700/249/4019 3699/249/4018 3735/267/4050 
f 3735/267/4050 3734/266/4049 3736/266/4051 
f 3736/266/4051 3737/267/4052 3735/267/4050 
f 3735/267/4050 3737/267/4052 3680/267/3999 
f 3680/267/3999 3684/267/4002 3735/267/4050 
f 3737/267/4052 3736/266/4051 3738/268/4053 
f 3738/268/4053 3739/269/4054 3737/267/4052 
f 3737/267/4052 3739/269/4054 3681/270/4000 
f 3681/270/4000 3680/267/3999 3737/267/4052 
f 3739/269/4054 3738/268/4053 3740/271/4055 
f 3740/271/4055 3741/269/4056 3739/269/4054 
f 3739/269/4054 3741/269/4056 3639/270/3963 
f 3639/270/3963 3681/270/4000 3739/269/4054 
f 3741/272/4056 3740/273/4055 3742/274/4057 
f 3742/274/4057 3743/225/4058 3741/272/4056 
f 3741/272/4056 3743/225/4058 3640/225/2352 
f 3640/225/2352 3639/224/3963 3741/272/4056 
f 3743/225/4058 3742/274/4057 3744/252/4059 
f 3744/252/4059 3708/225/4021 3743/225/4058 
f 3743/225/4058 3708/225/4021 3643/225/3966 
f 3643/225/3966 3640/225/2352 3743/225/4058 
f 3744/252/4059 3742/274/4057 3745/275/4060 
f 3745/275/4060 3746/252/4061 3744/252/4059 
f 3744/252/4059 3746/252/4061 3747/276/4062 
f 3747/276/4062 3711/252/4024 3744/252/4059 
f 3744/252/4059 3711/252/4024 3709/250/4022 
f 3709/250/4022 3708/225/4021 3744/252/4059 
f 3747/276/4062 3746/252/4061 3748/277/4063 
f 3748/277/4063 3749/278/4064 3747/276/4062 
f 3747/276/4062 3749/278/4064 3750/279/4065 
f 3750/279/4065 3751/280/4066 3747/276/4062 
f 3747/276/4062 3751/280/4066 3712/251/4025 
f 3712/251/4025 3711/252/4024 3747/276/4062 
f 3751/280/4066 3750/279/4065 3752/281/4067 
f 3752/281/4067 3753/282/4068 3751/280/4066 
f 3751/280/4066 3753/282/4068 3713/251/4026 
f 3713/251/4026 3712/251/4025 3751/280/4066 
f 3753/282/4068 3752/281/4067 3754/283/4069 
f 3754/283/4069 3755/282/4070 3753/282/4068 
f 3753/282/4068 3755/282/4070 3715/253/4028 
f 3715/253/4028 3713/251/4026 3753/282/4068 
f 3755/282/4070 3754/283/4069 3756/284/4071 
f 3756/284/4071 3721/255/4036 3755/282/4070 
f 3755/282/4070 3721/255/4036 3717/254/4031 
f 3717/254/4031 3715/253/4028 3755/282/4070 
f 3756/284/4071 3754/283/4069 3757/285/4028 
f 3757/285/4028 3758/286/4072 3756/284/4071 
f 3756/284/4071 3758/286/4072 3759/286/4073 
f 3759/286/4073 3724/258/4039 3756/284/4071 
f 3756/284/4071 3724/258/4039 3722/256/4037 
f 3722/256/4037 3721/255/4036 3756/284/4071 
f 3759/286/4073 3758/286/4072 3760/287/4074 
f 3760/287/4074 3761/288/4075 3759/286/4073 
f 3759/286/4073 3761/288/4075 3762/288/4076 
f 3762/288/4076 3763/289/4077 3759/286/4073 
f 3759/286/4073 3763/289/4077 3725/258/4040 
f 3725/258/4040 3724/258/4039 3759/286/4073 
f 3763/289/4077 3762/288/4076 3764/290/4078 
f 3764/290/4078 3765/291/4079 3763/289/4077 
f 3763/289/4077 3765/291/4079 3726/259/4041 
f 3726/259/4041 3725/258/4040 3763/289/4077 
f 3765/291/4079 3764/290/4078 3766/292/4080 
f 3766/292/4080 3767/293/4081 3765/291/4079 
f 3765/291/4079 3767/293/4081 3728/260/4043 
f 3728/260/4043 3726/259/4041 3765/291/4079 
f 3767/293/4081 3766/292/4080 3768/294/4082 
f 3768/294/4082 3769/295/4083 3767/293/4081 
f 3767/293/4081 3769/295/4083 3730/262/4045 
f 3730/262/4045 3728/260/4043 3767/293/4081 
f 3769/295/4083 3768/294/4082 3770/296/4084 
f 3770/296/4084 3771/297/4085 3769/295/4083 
f 3769/295/4083 3771/297/4085 3772/298/4086 
f 3772/298/4086 3730/262/4045 3769/295/4083 
f 3772/298/4086 3733/265/4048 3731/263/4046 
f 3731/263/4046 3730/262/4045 3772/298/4086 
f 3772/298/4086 3771/297/4085 3773/297/4087 
f 3773/297/4087 3774/298/4088 3772/298/4086 
f 3772/298/4086 3774/298/4088 3775/265/4089 
f 3775/265/4089 3733/265/4048 3772/298/4086 
f 3775/265/4089 3736/266/4051 3734/266/4049 
f 3734/266/4049 3733/265/4048 3775/265/4089 
f 3775/265/4089 3774/298/4088 3776/299/4090 
f 3776/299/4090 3777/268/4091 3775/265/4089 
f 3775/265/4089 3777/268/4091 3738/268/4053 
f 3738/268/4053 3736/266/4051 3775/265/4089 
f 3777/268/4091 3776/299/4090 3778/300/4092 
f 3778/300/4092 3779/301/4093 3777/268/4091 
f 3777/268/4091 3779/301/4093 3740/271/4055 
f 3740/271/4055 3738/268/4053 3777/268/4091 
f 3779/275/4093 3778/302/4092 3780/303/4094 
f 3780/303/4094 3745/275/4060 3779/275/4093 
f 3779/275/4093 3745/275/4060 3742/274/4057 
f 3742/274/4057 3740/273/4055 3779/275/4093 
f 3780/300/4094 3778/300/4092 3781/304/4095 
f 3781/304/4095 3782/305/4096 3780/300/4094 
f 3780/300/4094 3782/305/4096 3783/306/4097 
f 3783/306/4097 3748/307/4063 3780/300/4094 
f 3780/303/4094 3748/277/4063 3746/252/4061 
f 3746/252/4061 3745/275/4060 3780/303/4094 
f 3783/306/4097 3782/305/4096 3784/308/4098 
f 3784/308/4098 3785/309/4063 3783/306/4097 
f 3783/306/4097 3785/309/4063 3786/310/4099 
f 3786/310/4099 3787/306/774 3783/306/4097 
f 3783/306/4097 3787/306/774 3749/311/4064 
f 3749/311/4064 3748/307/4063 3783/306/4097 
f 3787/306/774 3786/310/4099 3788/312/4100 
f 3788/312/4100 3789/313/4101 3787/306/774 
f 3787/306/774 3789/313/4101 3750/314/4065 
f 3750/314/4065 3749/311/4064 3787/306/774 
f 3789/315/4101 3788/316/4100 3790/317/4102 
f 3790/317/4102 3791/318/4103 3789/315/4101 
f 3789/315/4101 3791/318/4103 3752/281/4067 
f 3752/281/4067 3750/279/4065 3789/315/4101 
f 3791/318/4103 3790/317/4102 3792/319/4104 
f 3792/319/4104 3757/285/4028 3791/318/4103 
f 3791/318/4103 3757/285/4028 3754/283/4069 
f 3754/283/4069 3752/281/4067 3791/318/4103 
f 3792/319/4104 3790/317/4102 3793/320/4105 
f 3793/320/4105 3794/321/4106 3792/319/4104 
f 3792/319/4104 3794/321/4106 3795/322/4107 
f 3795/322/4107 3760/287/4074 3792/319/4104 
f 3792/319/4104 3760/287/4074 3758/286/4072 
f 3758/286/4072 3757/285/4028 3792/319/4104 
f 3795/322/4107 3794/321/4106 3796/323/4108 
f 3796/323/4108 3797/324/4109 3795/322/4107 
f 3795/322/4107 3797/324/4109 3798/325/4110 
f 3798/325/4110 3799/326/4111 3795/322/4107 
f 3795/322/4107 3799/326/4111 3761/288/4075 
f 3761/288/4075 3760/287/4074 3795/322/4107 
f 3799/326/4111 3798/325/4110 3800/325/4112 
f 3800/325/4112 3801/326/4113 3799/326/4111 
f 3799/326/4111 3801/326/4113 3762/288/4076 
f 3762/288/4076 3761/288/4075 3799/326/4111 
f 3801/326/4113 3800/325/4112 3802/327/4114 
f 3802/327/4114 3803/328/4115 3801/326/4113 
f 3801/326/4113 3803/328/4115 3764/290/4078 
f 3764/290/4078 3762/288/4076 3801/326/4113 
f 3803/328/4115 3802/327/4114 3804/329/4116 
f 3804/329/4116 3805/330/4117 3803/328/4115 
f 3803/328/4115 3805/330/4117 3766/292/4080 
f 3766/292/4080 3764/290/4078 3803/328/4115 
f 3805/330/4117 3804/329/4116 3806/331/4118 
f 3806/331/4118 3807/332/4119 3805/330/4117 
f 3805/330/4117 3807/332/4119 3768/294/4082 
f 3768/294/4082 3766/292/4080 3805/330/4117 
f 3807/332/4119 3806/331/4118 3808/333/4120 
f 3808/333/4120 3809/334/4121 3807/332/4119 
f 3807/332/4119 3809/334/4121 3770/296/4084 
f 3770/296/4084 3768/294/4082 3807/332/4119 
f 3809/334/4121 3808/333/4120 3810/335/4122 
f 3810/335/4122 3811/336/4123 3809/334/4121 
f 3809/334/4121 3811/336/4123 3812/337/4124 
f 3812/337/4124 3770/296/4084 3809/334/4121 
f 3812/337/4124 3773/297/4087 3771/297/4085 
f 3771/297/4085 3770/296/4084 3812/337/4124 
f 3812/337/4124 3811/336/4123 3813/338/4125 
f 3813/338/4125 3814/339/4126 3812/337/4124 
f 3812/337/4124 3814/339/4126 3815/340/4127 
f 3815/340/4127 3773/297/4087 3812/337/4124 
f 3815/340/4127 3776/299/4090 3774/298/4088 
f 3774/298/4088 3773/297/4087 3815/340/4127 
f 3815/340/4127 3814/339/4126 3816/339/4128 
f 3816/339/4128 3781/304/4095 3815/340/4127 
f 3815/340/4127 3781/304/4095 3778/300/4092 
f 3778/300/4092 3776/299/4090 3815/340/4127 
f 3816/339/4128 3814/339/4126 3813/338/4125 
f 3813/338/4125 3817/341/4129 3816/339/4128 
f 3816/339/4128 3817/341/4129 3818/341/4130 
f 3818/341/4130 3784/308/4098 3816/339/4128 
f 3816/339/4128 3784/308/4098 3782/305/4096 
f 3782/305/4096 3781/304/4095 3816/339/4128 
f 3818/341/4130 3817/341/4129 3819/342/4131 
f 3819/342/4131 3820/343/4132 3818/341/4130 
f 3818/344/4130 3820/345/4132 3821/345/4133 
f 3821/345/4133 3822/346/4134 3818/344/4130 
f 3818/341/4130 3822/347/4134 3785/309/4063 
f 3785/309/4063 3784/308/4098 3818/341/4130 
f 3822/346/4134 3821/345/4133 3823/348/4135 
f 3823/348/4135 3824/346/4099 3822/346/4134 
f 3822/346/4134 3824/346/4099 3786/349/4099 
f 3786/349/4099 3785/350/4063 3822/346/4134 
f 3824/346/4099 3823/348/4135 3825/351/4136 
f 3825/351/4136 3826/352/4137 3824/346/4099 
f 3824/346/4099 3826/352/4137 3788/316/4100 
f 3788/316/4100 3786/349/4099 3824/346/4099 
f 3826/352/4137 3825/351/4136 3827/353/4138 
f 3827/353/4138 3793/320/4105 3826/352/4137 
f 3826/352/4137 3793/320/4105 3790/317/4102 
f 3790/317/4102 3788/316/4100 3826/352/4137 
f 3827/353/4138 3825/351/4136 3828/354/4139 
f 3828/354/4139 3829/355/4140 3827/353/4138 
f 3827/353/4138 3829/355/4140 3830/356/4141 
f 3830/356/4141 3796/323/4108 3827/353/4138 
f 3827/353/4138 3796/323/4108 3794/321/4106 
f 3794/321/4106 3793/320/4105 3827/353/4138 
f 3830/356/4141 3829/355/4140 3831/357/4142 
f 3831/357/4142 3832/358/4143 3830/356/4141 
f 3830/356/4141 3832/358/4143 3833/358/4144 
f 3833/358/4144 3834/359/4145 3830/356/4141 
f 3830/356/4141 3834/359/4145 3797/324/4109 
f 3797/324/4109 3796/323/4108 3830/356/4141 
f 3834/359/4145 3833/358/4144 3835/360/4146 
f 3835/360/4146 3836/359/4147 3834/359/4145 
f 3834/359/4145 3836/359/4147 3798/325/4110 
f 3798/325/4110 3797/324/4109 3834/359/4145 
f 3836/359/4147 3835/360/4146 3837/361/4148 
f 3837/361/4148 3838/362/4149 3836/359/4147 
f 3836/359/4147 3838/362/4149 3800/325/4112 
f 3800/325/4112 3798/325/4110 3836/359/4147 
f 3838/362/4149 3837/361/4148 3839/363/4150 
f 3839/363/4150 3840/364/4151 3838/362/4149 
f 3838/362/4149 3840/364/4151 3802/327/4114 
f 3802/327/4114 3800/325/4112 3838/362/4149 
f 3840/364/4151 3839/363/4150 3841/365/4152 
f 3841/365/4152 3842/366/4153 3840/364/4151 
f 3840/364/4151 3842/366/4153 3804/329/4116 
f 3804/329/4116 3802/327/4114 3840/364/4151 
f 3842/366/4153 3841/365/4152 3843/367/4154 
f 3843/367/4154 3844/368/4155 3842/366/4153 
f 3842/366/4153 3844/368/4155 3806/331/4118 
f 3806/331/4118 3804/329/4116 3842/366/4153 
f 3844/368/4155 3843/367/4154 3845/369/4156 
f 3845/369/4156 3846/370/4157 3844/368/4155 
f 3844/368/4155 3846/370/4157 3808/333/4120 
f 3808/333/4120 3806/331/4118 3844/368/4155 
f 3846/370/4157 3845/369/4156 3847/371/4158 
f 3847/371/4158 3848/372/4159 3846/370/4157 
f 3846/370/4157 3848/372/4159 3810/335/4122 
f 3810/335/4122 3808/333/4120 3846/370/4157 
f 3848/372/4159 3847/371/4158 3849/371/4160 
f 3849/371/4160 3850/372/4161 3848/372/4159 
f 3848/372/4159 3850/372/4161 3851/342/4162 
f 3851/342/4162 3810/335/4122 3848/372/4159 
f 3851/342/4162 3813/338/4125 3811/336/4123 
f 3811/336/4123 3810/335/4122 3851/342/4162 
f 3851/342/4162 3850/372/4161 3852/373/4163 
f 3852/373/4163 3819/342/4131 3851/342/4162 
f 3851/342/4162 3819/342/4131 3817/341/4129 
f 3817/341/4129 3813/338/4125 3851/342/4162 
f 3852/373/4163 3850/372/4161 3849/371/4160 
f 3849/371/4160 3853/374/4164 3852/373/4163 
f 3852/373/4163 3853/374/4164 3854/375/4165 
f 3854/375/4165 3855/376/4166 3852/373/4163 
f 3852/373/4163 3855/376/4166 3820/343/4132 
f 3820/343/4132 3819/342/4131 3852/373/4163 
f 3855/377/4166 3854/378/4165 3856/379/4167 
f 3856/379/4167 3857/377/4059 3855/377/4166 
f 3855/377/4166 3857/377/4059 3821/345/4133 
f 3821/345/4133 3820/345/4132 3855/377/4166 
f 3857/377/4059 3856/379/4167 3858/380/4168 
f 3858/380/4168 3859/381/4169 3857/377/4059 
f 3857/377/4059 3859/381/4169 3823/348/4135 
f 3823/348/4135 3821/345/4133 3857/377/4059 
f 3859/381/4169 3858/380/4168 3860/382/4170 
f 3860/382/4170 3828/354/4139 3859/381/4169 
f 3859/381/4169 3828/354/4139 3825/351/4136 
f 3825/351/4136 3823/348/4135 3859/381/4169 
f 3860/382/4170 3858/380/4168 3861/383/4171 
f 3861/383/4171 3862/384/4172 3860/382/4170 
f 3860/382/4170 3862/384/4172 3863/385/4173 
f 3863/385/4173 3831/357/4142 3860/382/4170 
f 3860/382/4170 3831/357/4142 3829/355/4140 
f 3829/355/4140 3828/354/4139 3860/382/4170 
f 3863/385/4173 3862/384/4172 3864/386/4174 
f 3864/386/4174 3865/386/4175 3863/385/4173 
f 3863/385/4173 3865/386/4175 3866/387/4176 
f 3866/387/4176 3867/385/4177 3863/385/4173 
f 3863/385/4173 3867/385/4177 3832/358/4143 
f 3832/358/4143 3831/357/4142 3863/385/4173 
f 3867/385/4177 3866/387/4176 3868/388/4178 
f 3868/388/4178 3869/389/4179 3867/385/4177 
f 3867/385/4177 3869/389/4179 3833/358/4144 
f 3833/358/4144 3832/358/4143 3867/385/4177 
f 3869/389/4179 3868/388/4178 3870/390/4180 
f 3870/390/4180 3871/391/4181 3869/389/4179 
f 3869/389/4179 3871/391/4181 3835/360/4146 
f 3835/360/4146 3833/358/4144 3869/389/4179 
f 3871/391/4181 3870/390/4180 3872/392/4112 
f 3872/392/4112 3873/393/2183 3871/391/4181 
f 3871/391/4181 3873/393/2183 3837/361/4148 
f 3837/361/4148 3835/360/4146 3871/391/4181 
f 3873/393/2183 3872/392/4112 3874/394/4182 
f 3874/394/4182 3875/395/4183 3873/393/2183 
f 3873/393/2183 3875/395/4183 3839/363/4150 
f 3839/363/4150 3837/361/4148 3873/393/2183 
f 3875/395/4183 3874/394/4182 3876/396/4184 
f 3876/396/4184 3877/397/4185 3875/395/4183 
f 3875/395/4183 3877/397/4185 3841/365/4152 
f 3841/365/4152 3839/363/4150 3875/395/4183 
f 3877/397/4185 3876/396/4184 3878/398/4186 
f 3878/398/4186 3879/399/4187 3877/397/4185 
f 3877/397/4185 3879/399/4187 3843/367/4154 
f 3843/367/4154 3841/365/4152 3877/397/4185 
f 3879/399/4187 3878/398/4186 3880/398/4188 
f 3880/398/4188 3881/400/4189 3879/399/4187 
f 3879/399/4187 3881/400/4189 3845/369/4156 
f 3845/369/4156 3843/367/4154 3879/399/4187 
f 3881/400/4189 3880/398/4188 3882/401/4190 
f 3882/401/4190 3883/400/4191 3881/400/4189 
f 3881/400/4189 3883/400/4191 3847/371/4158 
f 3847/371/4158 3845/369/4156 3881/400/4189 
f 3883/400/4191 3882/401/4190 3884/402/4192 
f 3884/402/4192 3885/403/4193 3883/400/4191 
f 3883/400/4191 3885/403/4193 3849/371/4160 
f 3849/371/4160 3847/371/4158 3883/400/4191 
f 3885/403/4193 3884/402/4192 3886/404/4194 
f 3886/404/4194 3887/405/4195 3885/403/4193 
f 3885/403/4193 3887/405/4195 3853/374/4164 
f 3853/374/4164 3849/371/4160 3885/403/4193 
f 3887/405/4195 3886/404/4194 3888/406/4196 
f 3888/406/4196 3889/407/4197 3887/405/4195 
f 3887/405/4195 3889/407/4197 3854/375/4165 
f 3854/375/4165 3853/374/4164 3887/405/4195 
f 3889/408/4197 3888/409/4196 3890/410/4198 
f 3890/410/4198 3891/411/4199 3889/408/4197 
f 3889/408/4197 3891/411/4199 3856/379/4167 
f 3856/379/4167 3854/378/4165 3889/408/4197 
f 3891/411/4199 3890/410/4198 3892/412/216 
f 3892/412/216 3861/383/4171 3891/411/4199 
f 3891/411/4199 3861/383/4171 3858/380/4168 
f 3858/380/4168 3856/379/4167 3891/411/4199 
f 3892/412/216 3890/410/4198 3893/413/4200 
f 3893/413/4200 3894/414/4201 3892/412/216 
f 3892/412/216 3894/414/4201 3895/414/4202 
f 3895/414/4202 3864/386/4174 3892/412/216 
f 3892/412/216 3864/386/4174 3862/384/4172 
f 3862/384/4172 3861/383/4171 3892/412/216 
f 3895/414/4202 3894/414/4201 3896/415/4203 
f 3896/415/4203 3897/416/4204 3895/414/4202 
f 3895/414/4202 3897/416/4204 3898/417/4205 
f 3898/417/4205 3899/418/4206 3895/414/4202 
f 3895/414/4202 3899/418/4206 3865/386/4175 
f 3865/386/4175 3864/386/4174 3895/414/4202 
f 3899/418/4206 3898/417/4205 3900/419/4207 
f 3900/419/4207 3901/420/4208 3899/418/4206 
f 3899/418/4206 3901/420/4208 3866/387/4176 
f 3866/387/4176 3865/386/4175 3899/418/4206 
f 3901/420/4208 3900/419/4207 3902/421/1063 
f 3902/421/1063 3903/422/4209 3901/420/4208 
f 3901/420/4208 3903/422/4209 3868/388/4178 
f 3868/388/4178 3866/387/4176 3901/420/4208 
f 3903/422/4209 3902/421/1063 3904/423/4210 
f 3904/423/4210 3905/424/4211 3903/422/4209 
f 3903/422/4209 3905/424/4211 3870/390/4180 
f 3870/390/4180 3868/388/4178 3903/422/4209 
f 3905/424/4211 3904/423/4210 3906/425/4212 
f 3906/425/4212 3907/426/4213 3905/424/4211 
f 3905/424/4211 3907/426/4213 3872/392/4112 
f 3872/392/4112 3870/390/4180 3905/424/4211 
f 3907/426/4213 3906/425/4212 3908/425/4214 
f 3908/425/4214 3909/427/4215 3907/426/4213 
f 3907/426/4213 3909/427/4215 3874/394/4182 
f 3874/394/4182 3872/392/4112 3907/426/4213 
f 3909/427/4215 3908/425/4214 3910/428/4216 
f 3910/428/4216 3911/427/4217 3909/427/4215 
f 3909/427/4215 3911/427/4217 3876/396/4184 
f 3876/396/4184 3874/394/4182 3909/427/4215 
f 3911/427/4217 3910/428/4216 3912/429/4218 
f 3912/429/4218 3913/430/4219 3911/427/4217 
f 3911/427/4217 3913/430/4219 3878/398/4186 
f 3878/398/4186 3876/396/4184 3911/427/4217 
f 3913/430/4219 3912/429/4218 3914/431/4220 
f 3914/431/4220 3915/432/4221 3913/430/4219 
f 3913/430/4219 3915/432/4221 3880/398/4188 
f 3880/398/4188 3878/398/4186 3913/430/4219 
f 3915/432/4221 3914/431/4220 3916/433/4222 
f 3916/433/4222 3917/434/4223 3915/432/4221 
f 3915/432/4221 3917/434/4223 3882/401/4190 
f 3882/401/4190 3880/398/4188 3915/432/4221 
f 3917/434/4223 3916/433/4222 3918/435/4224 
f 3918/435/4224 3919/436/4225 3917/434/4223 
f 3917/434/4223 3919/436/4225 3884/402/4192 
f 3884/402/4192 3882/401/4190 3917/434/4223 
f 3919/436/4225 3918/435/4224 3920/437/4226 
f 3920/437/4226 3921/438/4227 3919/436/4225 
f 3919/436/4225 3921/438/4227 3886/404/4194 
f 3886/404/4194 3884/402/4192 3919/436/4225 
f 3921/438/4227 3920/437/4226 3922/439/4228 
f 3922/439/4228 3923/440/4229 3921/438/4227 
f 3921/438/4227 3923/440/4229 3888/406/4196 
f 3888/406/4196 3886/404/4194 3921/438/4227 
f 3923/441/4229 3922/442/4228 3924/442/4230 
f 3924/442/4230 3893/413/4200 3923/441/4229 
f 3923/441/4229 3893/413/4200 3890/410/4198 
f 3890/410/4198 3888/409/4196 3923/441/4229 
f 3924/442/4230 3922/442/4228 3925/443/4231 
f 3925/443/4231 3926/444/4232 3924/442/4230 
f 3924/442/4230 3926/444/4232 3927/445/4233 
f 3927/445/4233 3896/415/4203 3924/442/4230 
f 3924/442/4230 3896/415/4203 3894/414/4201 
f 3894/414/4201 3893/413/4200 3924/442/4230 
f 3927/445/4233 3926/444/4232 3928/446/4234 
f 3928/446/4234 3929/447/684 3927/445/4233 
f 3927/445/4233 3929/447/684 3930/448/4235 
f 3930/448/4235 3931/449/4236 3927/445/4233 
f 3927/445/4233 3931/449/4236 3897/416/4204 
f 3897/416/4204 3896/415/4203 3927/445/4233 
f 3931/449/4236 3930/448/4235 3932/450/4237 
f 3932/450/4237 3933/451/4238 3931/449/4236 
f 3931/449/4236 3933/451/4238 3898/417/4205 
f 3898/417/4205 3897/416/4204 3931/449/4236 
f 3933/451/4238 3932/450/4237 3934/452/4239 
f 3934/452/4239 3935/453/4240 3933/451/4238 
f 3933/451/4238 3935/453/4240 3900/419/4207 
f 3900/419/4207 3898/417/4205 3933/451/4238 
f 3935/453/4240 3934/452/4239 3936/454/4241 
f 3936/454/4241 3937/455/4179 3935/453/4240 
f 3935/453/4240 3937/455/4179 3902/421/1063 
f 3902/421/1063 3900/419/4207 3935/453/4240 
f 3937/455/4179 3936/454/4241 3938/454/4242 
f 3938/454/4242 3939/456/4243 3937/455/4179 
f 3937/455/4179 3939/456/4243 3904/423/4210 
f 3904/423/4210 3902/421/1063 3937/455/4179 
f 3939/456/4243 3938/454/4242 3940/457/4244 
f 3940/457/4244 3941/456/4245 3939/456/4243 
f 3939/456/4243 3941/456/4245 3906/425/4212 
f 3906/425/4212 3904/423/4210 3939/456/4243 
f 3941/456/4245 3940/457/4244 3942/458/4246 
f 3942/458/4246 3943/459/4247 3941/456/4245 
f 3941/456/4245 3943/459/4247 3908/425/4214 
f 3908/425/4214 3906/425/4212 3941/456/4245 
f 3943/459/4247 3942/458/4246 3944/460/4248 
f 3944/460/4248 3945/461/4249 3943/459/4247 
f 3943/459/4247 3945/461/4249 3910/428/4216 
f 3910/428/4216 3908/425/4214 3943/459/4247 
f 3945/461/4249 3944/460/4248 3946/462/4250 
f 3946/462/4250 3947/463/4251 3945/461/4249 
f 3945/461/4249 3947/463/4251 3912/429/4218 
f 3912/429/4218 3910/428/4216 3945/461/4249 
f 3947/463/4251 3946/462/4250 3948/464/4252 
f 3948/464/4252 3949/465/4253 3947/463/4251 
f 3947/463/4251 3949/465/4253 3914/431/4220 
f 3914/431/4220 3912/429/4218 3947/463/4251 
f 3949/465/4253 3948/464/4252 3950/466/4254 
f 3950/466/4254 3951/467/4255 3949/465/4253 
f 3949/465/4253 3951/467/4255 3916/433/4222 
f 3916/433/4222 3914/431/4220 3949/465/4253 
f 3951/467/4255 3950/466/4254 3952/468/4256 
f 3952/468/4256 3953/469/4257 3951/467/4255 
f 3951/467/4255 3953/469/4257 3918/435/4224 
f 3918/435/4224 3916/433/4222 3951/467/4255 
f 3953/469/4257 3952/468/4256 3954/470/4258 
f 3954/470/4258 3955/471/4259 3953/469/4257 
f 3953/469/4257 3955/471/4259 3920/437/4226 
f 3920/437/4226 3918/435/4224 3953/469/4257 
f 3955/471/4259 3954/470/4258 3956/470/4260 
f 3956/470/4260 3925/471/4231 3955/471/4259 
f 3955/471/4259 3925/471/4231 3922/439/4228 
f 3922/439/4228 3920/437/4226 3955/471/4259 
f 3956/470/4260 3954/470/4258 3957/472/4261 
f 3957/472/4261 3958/472/4262 3956/470/4260 
f 3956/473/4260 3958/474/4262 3959/475/4263 
f 3959/475/4263 3928/446/4234 3956/473/4260 
f 3956/473/4260 3928/446/4234 3926/444/4232 
f 3926/444/4232 3925/443/4231 3956/473/4260 
f 3959/475/4263 3958/474/4262 3960/476/4264 
f 3960/476/4264 3961/477/4265 3959/475/4263 
f 3959/475/4263 3961/477/4265 3962/478/4266 
f 3962/478/4266 3963/479/4267 3959/475/4263 
f 3959/475/4263 3963/479/4267 3929/447/684 
f 3929/447/684 3928/446/4234 3959/475/4263 
f 3963/479/4267 3962/478/4266 3964/480/4268 
f 3964/480/4268 3965/481/4269 3963/479/4267 
f 3963/479/4267 3965/481/4269 3930/448/4235 
f 3930/448/4235 3929/447/684 3963/479/4267 
f 3965/481/4269 3964/480/4268 3966/480/4270 
f 3966/480/4270 3967/482/4271 3965/481/4269 
f 3965/481/4269 3967/482/4271 3932/450/4237 
f 3932/450/4237 3930/448/4235 3965/481/4269 
f 3967/482/4271 3966/480/4270 3968/483/4272 
f 3968/483/4272 3969/482/4273 3967/482/4271 
f 3967/482/4271 3969/482/4273 3934/452/4239 
f 3934/452/4239 3932/450/4237 3967/482/4271 
f 3969/482/4273 3968/483/4272 3970/484/4274 
f 3970/484/4274 3971/485/4275 3969/482/4273 
f 3969/482/4273 3971/485/4275 3936/454/4241 
f 3936/454/4241 3934/452/4239 3969/482/4273 
f 3971/485/4275 3970/484/4274 3972/486/4276 
f 3972/486/4276 3973/487/4277 3971/485/4275 
f 3971/485/4275 3973/487/4277 3938/454/4242 
f 3938/454/4242 3936/454/4241 3971/485/4275 
f 3973/487/4277 3972/486/4276 3974/488/4278 
f 3974/488/4278 3975/489/4279 3973/487/4277 
f 3973/487/4277 3975/489/4279 3940/457/4244 
f 3940/457/4244 3938/454/4242 3973/487/4277 
f 3975/489/4279 3974/488/4278 3976/490/4280 
f 3976/490/4280 3977/491/4281 3975/489/4279 
f 3975/489/4279 3977/491/4281 3942/458/4246 
f 3942/458/4246 3940/457/4244 3975/489/4279 
f 3977/491/4281 3976/490/4280 3978/492/4282 
f 3978/492/4282 3979/493/4283 3977/491/4281 
f 3977/491/4281 3979/493/4283 3944/460/4248 
f 3944/460/4248 3942/458/4246 3977/491/4281 
f 3979/493/4283 3978/492/4282 3980/494/4284 
f 3980/494/4284 3981/495/4285 3979/493/4283 
f 3979/493/4283 3981/495/4285 3946/462/4250 
f 3946/462/4250 3944/460/4248 3979/493/4283 
f 3981/495/4285 3980/494/4284 3982/496/4286 
f 3982/496/4286 3983/497/4287 3981/495/4285 
f 3981/495/4285 3983/497/4287 3948/464/4252 
f 3948/464/4252 3946/462/4250 3981/495/4285 
f 3983/497/4287 3982/496/4286 3984/498/4288 
f 3984/498/4288 3985/499/4289 3983/497/4287 
f 3983/497/4287 3985/499/4289 3950/466/4254 
f 3950/466/4254 3948/464/4252 3983/497/4287 
f 3985/499/4289 3984/498/4288 3986/500/4290 
f 3986/500/4290 3987/501/4291 3985/499/4289 
f 3985/499/4289 3987/501/4291 3952/468/4256 
f 3952/468/4256 3950/466/4254 3985/499/4289 
f 3987/501/4291 3986/500/4290 3988/500/4292 
f 3988/500/4292 3957/472/4261 3987/501/4291 
f 3987/501/4291 3957/472/4261 3954/470/4258 
f 3954/470/4258 3952/468/4256 3987/501/4291 
f 3988/500/4292 3986/500/4290 3989/502/4293 
f 3989/502/4293 3990/503/4294 3988/500/4292 
f 3988/504/4292 3990/505/4294 3991/506/4295 
f 3991/506/4295 3960/476/4264 3988/504/4292 
f 3988/504/4292 3960/476/4264 3958/474/4262 
f 3958/474/4262 3957/507/4261 3988/504/4292 
f 3991/506/4295 3990/505/4294 3992/508/4296 
f 3992/508/4296 3993/509/4297 3991/506/4295 
f 3991/506/4295 3993/509/4297 3994/510/4298 
f 3994/510/4298 3995/511/4299 3991/506/4295 
f 3991/506/4295 3995/511/4299 3961/477/4265 
f 3961/477/4265 3960/476/4264 3991/506/4295 
f 3995/511/4299 3994/510/4298 3996/512/4300 
f 3996/512/4300 3997/513/4301 3995/511/4299 
f 3995/511/4299 3997/513/4301 3962/478/4266 
f 3962/478/4266 3961/477/4265 3995/511/4299 
f 3997/513/4301 3996/512/4300 3998/514/4302 
f 3998/514/4302 3999/515/4303 3997/513/4301 
f 3997/513/4301 3999/515/4303 3964/480/4268 
f 3964/480/4268 3962/478/4266 3997/513/4301 
f 3999/515/4303 3998/514/4302 4000/516/4304 
f 4000/516/4304 4001/517/4305 3999/515/4303 
f 3999/515/4303 4001/517/4305 3966/480/4270 
f 3966/480/4270 3964/480/4268 3999/515/4303 
f 4001/517/4305 4000/516/4304 4002/518/4306 
f 4002/518/4306 4003/519/4307 4001/517/4305 
f 4001/517/4305 4003/519/4307 3968/483/4272 
f 3968/483/4272 3966/480/4270 4001/517/4305 
f 4003/519/4307 4002/518/4306 4004/520/4308 
f 4004/520/4308 4005/521/4309 4003/519/4307 
f 4003/519/4307 4005/521/4309 3970/484/4274 
f 3970/484/4274 3968/483/4272 4003/519/4307 
f 4005/521/4309 4004/520/4308 4006/522/4310 
f 4006/522/4310 4007/523/4311 4005/521/4309 
f 4005/521/4309 4007/523/4311 3972/486/4276 
f 3972/486/4276 3970/484/4274 4005/521/4309 
f 4007/523/4311 4006/522/4310 4008/524/4312 
f 4008/524/4312 4009/525/4313 4007/523/4311 
f 4007/523/4311 4009/525/4313 3974/488/4278 
f 3974/488/4278 3972/486/4276 4007/523/4311 
f 4009/525/4313 4008/524/4312 4010/526/4314 
f 4010/526/4314 4011/527/4315 4009/525/4313 
f 4009/525/4313 4011/527/4315 3976/490/4280 
f 3976/490/4280 3974/488/4278 4009/525/4313 
f 4011/527/4315 4010/526/4314 4012/528/4316 
f 4012/528/4316 4013/529/4317 4011/527/4315 
f 4011/527/4315 4013/529/4317 3978/492/4282 
f 3978/492/4282 3976/490/4280 4011/527/4315 
f 4013/529/4317 4012/528/4316 4014/530/4318 
f 4014/530/4318 4015/531/99 4013/529/4317 
f 4013/529/4317 4015/531/99 3980/494/4284 
f 3980/494/4284 3978/492/4282 4013/529/4317 
f 4015/531/99 4014/530/4318 4016/530/4319 
f 4016/530/4319 4017/532/4320 4015/531/99 
f 4015/531/99 4017/532/4320 3982/496/4286 
f 3982/496/4286 3980/494/4284 4015/531/99 
f 4017/532/4320 4016/530/4319 4018/533/4321 
f 4018/533/4321 4019/502/4322 4017/532/4320 
f 4017/532/4320 4019/502/4322 3984/498/4288 
f 3984/498/4288 3982/496/4286 4017/532/4320 
f 4019/502/4322 4018/533/4321 4020/534/4323 
f 4020/534/4323 3989/502/4293 4019/502/4322 
f 4019/502/4322 3989/502/4293 3986/500/4290 
f 3986/500/4290 3984/498/4288 4019/502/4322 
f 4020/534/4323 4018/533/4321 4021/535/4324 
f 4021/535/4324 4022/536/4325 4020/534/4323 
f 4020/534/4323 4022/536/4325 4023/537/4326 
f 4023/537/4326 3992/538/4296 4020/534/4323 
f 4020/534/4323 3992/538/4296 3990/503/4294 
f 3990/503/4294 3989/502/4293 4020/534/4323 
f 4023/537/4326 4022/536/4325 4024/539/4327 
f 4024/539/4327 4025/540/4328 4023/537/4326 
f 4023/541/4326 4025/542/4328 4026/543/4329 
f 4026/543/4329 4027/544/4330 4023/541/4326 
f 4023/541/4326 4027/544/4330 3993/509/4297 
f 3993/509/4297 3992/508/4296 4023/541/4326 
f 4027/544/4330 4026/543/4329 4028/545/4299 
f 4028/545/4299 4029/546/4331 4027/544/4330 
f 4027/544/4330 4029/546/4331 3994/510/4298 
f 3994/510/4298 3993/509/4297 4027/544/4330 
f 4029/546/4331 4028/545/4299 4030/547/4332 
f 4030/547/4332 4031/548/4333 4029/546/4331 
f 4029/546/4331 4031/548/4333 3996/512/4300 
f 3996/512/4300 3994/510/4298 4029/546/4331 
f 4031/548/4333 4030/547/4332 4032/549/4334 
f 4032/549/4334 4033/550/4335 4031/548/4333 
f 4031/548/4333 4033/550/4335 3998/514/4302 
f 3998/514/4302 3996/512/4300 4031/548/4333 
f 4033/550/4335 4032/549/4334 4034/551/4336 
f 4034/551/4336 4035/552/4337 4033/550/4335 
f 4033/550/4335 4035/552/4337 4000/516/4304 
f 4000/516/4304 3998/514/4302 4033/550/4335 
f 4035/552/4337 4034/551/4336 4036/553/4338 
f 4036/553/4338 4037/554/4339 4035/552/4337 
f 4035/552/4337 4037/554/4339 4002/518/4306 
f 4002/518/4306 4000/516/4304 4035/552/4337 
f 4037/554/4339 4036/553/4338 4038/555/4340 
f 4038/555/4340 4039/556/4341 4037/554/4339 
f 4037/554/4339 4039/556/4341 4004/520/4308 
f 4004/520/4308 4002/518/4306 4037/554/4339 
f 4039/556/4341 4038/555/4340 4040/555/4342 
f 4040/555/4342 4041/557/4343 4039/556/4341 
f 4039/556/4341 4041/557/4343 4006/522/4310 
f 4006/522/4310 4004/520/4308 4039/556/4341 
f 4041/557/4343 4040/555/4342 4042/558/4344 
f 4042/558/4344 4043/559/4345 4041/557/4343 
f 4041/557/4343 4043/559/4345 4008/524/4312 
f 4008/524/4312 4006/522/4310 4041/557/4343 
f 4043/559/4345 4042/558/4344 4044/560/4346 
f 4044/560/4346 4045/561/4347 4043/559/4345 
f 4043/559/4345 4045/561/4347 4010/526/4314 
f 4010/526/4314 4008/524/4312 4043/559/4345 
f 4045/561/4347 4044/560/4346 4046/562/4348 
f 4046/562/4348 4047/561/4349 4045/561/4347 
f 4045/561/4347 4047/561/4349 4012/528/4316 
f 4012/528/4316 4010/526/4314 4045/561/4347 
f 4047/561/4349 4046/562/4348 4048/563/4350 
f 4048/563/4350 4049/564/4351 4047/561/4349 
f 4047/561/4349 4049/564/4351 4014/530/4318 
f 4014/530/4318 4012/528/4316 4047/561/4349 
f 4049/564/4351 4048/563/4350 4050/565/4352 
f 4050/565/4352 4051/566/4353 4049/564/4351 
f 4049/564/4351 4051/566/4353 4016/530/4319 
f 4016/530/4319 4014/530/4318 4049/564/4351 
f 4051/566/4353 4050/565/4352 4052/567/4354 
f 4052/567/4354 4021/535/4324 4051/566/4353 
f 4051/566/4353 4021/535/4324 4018/533/4321 
f 4018/533/4321 4016/530/4319 4051/566/4353 
f 4052/567/4354 4050/565/4352 4053/568/4355 
f 4053/568/4355 4054/569/4356 4052/567/4354 
f 4052/567/4354 4054/569/4356 4055/570/4357 
f 4055/570/4357 4024/539/4327 4052/567/4354 
f 4052/567/4354 4024/539/4327 4022/536/4325 
f 4022/536/4325 4021/535/4324 4052/567/4354 
f 4055/570/4357 4054/569/4356 4056/571/4358 
f 4056/571/4358 4057/572/4359 4055/570/4357 
f 4055/570/4357 4057/572/4359 4058/573/4360 
f 4058/573/4360 4059/574/4361 4055/570/4357 
f 4055/570/4357 4059/574/4361 4025/540/4328 
f 4025/540/4328 4024/539/4327 4055/570/4357 
f 4059/575/4361 4058/576/4360 4060/577/4362 
f 4060/577/4362 4061/578/4363 4059/575/4361 
f 4059/575/4361 4061/578/4363 4026/543/4329 
f 4026/543/4329 4025/542/4328 4059/575/4361 
f 4061/578/4363 4060/577/4362 4062/579/4364 
f 4062/579/4364 4063/580/4365 4061/578/4363 
f 4061/578/4363 4063/580/4365 4028/545/4299 
f 4028/545/4299 4026/543/4329 4061/578/4363 
f 4063/580/4365 4062/579/4364 4064/581/4366 
f 4064/581/4366 4065/580/4367 4063/580/4365 
f 4063/580/4365 4065/580/4367 4030/547/4332 
f 4030/547/4332 4028/545/4299 4063/580/4365 
f 4065/580/4367 4064/581/4366 4066/582/4368 
f 4066/582/4368 4067/583/4369 4065/580/4367 
f 4065/580/4367 4067/583/4369 4032/549/4334 
f 4032/549/4334 4030/547/4332 4065/580/4367 
f 4067/583/4369 4066/582/4368 4068/584/4370 
f 4068/584/4370 4069/585/4371 4067/583/4369 
f 4067/583/4369 4069/585/4371 4034/551/4336 
f 4034/551/4336 4032/549/4334 4067/583/4369 
f 4069/585/4371 4068/584/4370 4070/586/4372 
f 4070/586/4372 4071/587/4373 4069/585/4371 
f 4069/585/4371 4071/587/4373 4036/553/4338 
f 4036/553/4338 4034/551/4336 4069/585/4371 
f 4071/587/4373 4070/586/4372 4072/588/4374 
f 4072/588/4374 4073/589/4375 4071/587/4373 
f 4071/587/4373 4073/589/4375 4038/555/4340 
f 4038/555/4340 4036/553/4338 4071/587/4373 
f 4073/589/4375 4072/588/4374 4074/590/4376 
f 4074/590/4376 4075/591/4377 4073/589/4375 
f 4073/589/4375 4075/591/4377 4040/555/4342 
f 4040/555/4342 4038/555/4340 4073/589/4375 
f 4075/591/4377 4074/590/4376 4076/592/4378 
f 4076/592/4378 4077/593/4379 4075/591/4377 
f 4075/591/4377 4077/593/4379 4042/558/4344 
f 4042/558/4344 4040/555/4342 4075/591/4377 
f 4077/593/4379 4076/592/4378 4078/594/4380 
f 4078/594/4380 4079/595/4381 4077/593/4379 
f 4077/593/4379 4079/595/4381 4044/560/4346 
f 4044/560/4346 4042/558/4344 4077/593/4379 
f 4079/595/4381 4078/594/4380 4080/596/4382 
f 4080/596/4382 4081/597/4383 4079/595/4381 
f 4079/595/4381 4081/597/4383 4046/562/4348 
f 4046/562/4348 4044/560/4346 4079/595/4381 
f 4081/597/4383 4080/596/4382 4082/598/4384 
f 4082/598/4384 4083/599/4385 4081/597/4383 
f 4081/597/4383 4083/599/4385 4048/563/4350 
f 4048/563/4350 4046/562/4348 4081/597/4383 
f 4083/599/4385 4082/598/4384 4084/600/4386 
f 4084/600/4386 4053/568/4355 4083/599/4385 
f 4083/599/4385 4053/568/4355 4050/565/4352 
f 4050/565/4352 4048/563/4350 4083/599/4385 
f 4084/600/4386 4082/598/4384 4085/601/4387 
f 4085/601/4387 4086/602/4388 4084/600/4386 
f 4084/600/4386 4086/602/4388 4087/603/4389 
f 4087/603/4389 4056/571/4358 4084/600/4386 
f 4084/600/4386 4056/571/4358 4054/569/4356 
f 4054/569/4356 4053/568/4355 4084/600/4386 
f 4087/603/4389 4086/602/4388 4088/604/4390 
f 4088/604/4390 4089/605/4391 4087/603/4389 
f 4087/603/4389 4089/605/4391 4090/606/4392 
f 4090/606/4392 4091/607/4393 4087/603/4389 
f 4087/603/4389 4091/607/4393 4057/572/4359 
f 4057/572/4359 4056/571/4358 4087/603/4389 
f 4091/607/4393 4090/606/4392 4092/608/4394 
f 4092/608/4394 4093/609/4395 4091/607/4393 
f 4091/607/4393 4093/609/4395 4058/573/4360 
f 4058/573/4360 4057/572/4359 4091/607/4393 
f 4093/610/4395 4092/611/4394 4094/612/4396 
f 4094/612/4396 4095/613/4397 4093/610/4395 
f 4093/610/4395 4095/613/4397 4060/577/4362 
f 4060/577/4362 4058/576/4360 4093/610/4395 
f 4095/613/4397 4094/612/4396 4096/614/4398 
f 4096/614/4398 4097/615/4399 4095/613/4397 
f 4095/613/4397 4097/615/4399 4062/579/4364 
f 4062/579/4364 4060/577/4362 4095/613/4397 
f 4097/615/4399 4096/614/4398 4098/616/4400 
f 4098/616/4400 4099/617/4401 4097/615/4399 
f 4097/615/4399 4099/617/4401 4064/581/4366 
f 4064/581/4366 4062/579/4364 4097/615/4399 
f 4099/617/4401 4098/616/4400 4100/618/4402 
f 4100/618/4402 4101/619/4403 4099/617/4401 
f 4099/617/4401 4101/619/4403 4066/582/4368 
f 4066/582/4368 4064/581/4366 4099/617/4401 
f 4101/619/4403 4100/618/4402 4102/620/4404 
f 4102/620/4404 4103/621/4405 4101/619/4403 
f 4101/619/4403 4103/621/4405 4068/584/4370 
f 4068/584/4370 4066/582/4368 4101/619/4403 
f 4103/621/4405 4102/620/4404 4104/622/4406 
f 4104/622/4406 4105/623/4407 4103/621/4405 
f 4103/621/4405 4105/623/4407 4070/586/4372 
f 4070/586/4372 4068/584/4370 4103/621/4405 
f 4105/623/4407 4104/622/4406 4106/624/4408 
f 4106/624/4408 4107/625/4409 4105/623/4407 
f 4105/623/4407 4107/625/4409 4072/588/4374 
f 4072/588/4374 4070/586/4372 4105/623/4407 
f 4107/625/4409 4106/624/4408 4108/626/4410 
f 4108/626/4410 4109/627/4411 4107/625/4409 
f 4107/625/4409 4109/627/4411 4074/590/4376 
f 4074/590/4376 4072/588/4374 4107/625/4409 
f 4109/627/4411 4108/626/4410 4110/628/4412 
f 4110/628/4412 4111/629/4413 4109/627/4411 
f 4109/627/4411 4111/629/4413 4076/592/4378 
f 4076/592/4378 4074/590/4376 4109/627/4411 
f 4111/629/4413 4110/628/4412 4112/630/4414 
f 4112/630/4414 4113/631/4415 4111/629/4413 
f 4111/629/4413 4113/631/4415 4078/594/4380 
f 4078/594/4380 4076/592/4378 4111/629/4413 
f 4113/631/4415 4112/630/4414 4114/632/4416 
f 4114/632/4416 4115/633/4416 4113/631/4415 
f 4113/631/4415 4115/633/4416 4080/596/4382 
f 4080/596/4382 4078/594/4380 4113/631/4415 
f 4115/633/4416 4114/632/4416 4116/604/4417 
f 4116/604/4417 4085/601/4387 4115/633/4416 
f 4115/633/4416 4085/601/4387 4082/598/4384 
f 4082/598/4384 4080/596/4382 4115/633/4416 
f 4116/604/4417 4114/632/4416 4117/634/4416 
f 4117/634/4416 4118/635/4418 4116/604/4417 
f 4116/604/4417 4118/635/4418 4119/636/4419 
f 4119/636/4419 4088/604/4390 4116/604/4417 
f 4116/604/4417 4088/604/4390 4086/602/4388 
f 4086/602/4388 4085/601/4387 4116/604/4417 
f 4119/636/4419 4118/635/4418 4120/637/4420 
f 4120/637/4420 4121/638/4419 4119/636/4419 
f 4119/636/4419 4121/638/4419 4122/639/4421 
f 4122/639/4421 4123/640/4422 4119/636/4419 
f 4119/636/4419 4123/640/4422 4089/605/4391 
f 4089/605/4391 4088/604/4390 4119/636/4419 
f 4123/640/4422 4122/639/4421 4124/641/4423 
f 4124/641/4423 4125/642/4424 4123/640/4422 
f 4123/640/4422 4125/642/4424 4090/606/4392 
f 4090/606/4392 4089/605/4391 4123/640/4422 
f 4125/642/4424 4124/641/4423 4126/643/4425 
f 4126/643/4425 4127/644/4426 4125/642/4424 
f 4125/642/4424 4127/644/4426 4092/608/4394 
f 4092/608/4394 4090/606/4392 4125/642/4424 
f 4127/645/4426 4126/646/4425 4128/647/4427 
f 4128/647/4427 4129/648/4428 4127/645/4426 
f 4127/645/4426 4129/648/4428 4094/612/4396 
f 4094/612/4396 4092/611/4394 4127/645/4426 
f 4129/648/4428 4128/647/4427 4130/649/4429 
f 4130/649/4429 4131/650/4430 4129/648/4428 
f 4129/648/4428 4131/650/4430 4096/614/4398 
f 4096/614/4398 4094/612/4396 4129/648/4428 
f 4131/650/4430 4130/649/4429 4132/651/4431 
f 4132/651/4431 4133/652/4432 4131/650/4430 
f 4131/650/4430 4133/652/4432 4098/616/4400 
f 4098/616/4400 4096/614/4398 4131/650/4430 
f 4133/652/4432 4132/651/4431 4134/653/4402 
f 4134/653/4402 4135/654/2853 4133/652/4432 
f 4133/652/4432 4135/654/2853 4100/618/4402 
f 4100/618/4402 4098/616/4400 4133/652/4432 
f 4135/654/2853 4134/653/4402 4136/655/4433 
f 4136/655/4433 4137/656/4434 4135/654/2853 
f 4135/654/2853 4137/656/4434 4102/620/4404 
f 4102/620/4404 4100/618/4402 4135/654/2853 
f 4137/656/4434 4136/655/4433 4138/657/4435 
f 4138/657/4435 4139/658/4436 4137/656/4434 
f 4137/656/4434 4139/658/4436 4104/622/4406 
f 4104/622/4406 4102/620/4404 4137/656/4434 
f 4139/658/4436 4138/657/4435 4140/659/4437 
f 4140/659/4437 4141/660/4438 4139/658/4436 
f 4139/658/4436 4141/660/4438 4106/624/4408 
f 4106/624/4408 4104/622/4406 4139/658/4436 
f 4141/660/4438 4140/659/4437 4142/661/4439 
f 4142/661/4439 4143/662/4440 4141/660/4438 
f 4141/660/4438 4143/662/4440 4108/626/4410 
f 4108/626/4410 4106/624/4408 4141/660/4438 
f 4143/662/4440 4142/661/4439 4144/663/4441 
f 4144/663/4441 4145/664/4442 4143/662/4440 
f 4143/662/4440 4145/664/4442 4110/628/4412 
f 4110/628/4412 4108/626/4410 4143/662/4440 
f 4145/664/4442 4144/663/4441 4146/665/4443 
f 4146/665/4443 4147/666/4444 4145/664/4442 
f 4145/664/4442 4147/666/4444 4112/630/4414 
f 4112/630/4414 4110/628/4412 4145/664/4442 
f 4147/666/4444 4146/665/4443 4148/667/4445 
f 4148/667/4445 4117/634/4416 4147/666/4444 
f 4147/666/4444 4117/634/4416 4114/632/4416 
f 4114/632/4416 4112/630/4414 4147/666/4444 
f 4148/667/4445 4146/665/4443 4149/668/4446 
f 4149/668/4446 4150/669/1417 4148/667/4445 
f 4148/667/4445 4150/669/1417 4151/670/2766 
f 4151/670/2766 4120/637/4420 4148/667/4445 
f 4148/667/4445 4120/637/4420 4118/635/4418 
f 4118/635/4418 4117/634/4416 4148/667/4445 
f 4151/670/2766 4150/669/1417 4152/671/4447 
f 4152/671/4447 4153/672/4448 4151/670/2766 
f 4151/670/2766 4153/672/4448 4154/673/4449 
f 4154/673/4449 4155/674/4450 4151/670/2766 
f 4151/670/2766 4155/674/4450 4121/638/4419 
f 4121/638/4419 4120/637/4420 4151/670/2766 
f 4155/674/4450 4154/673/4449 4156/675/4451 
f 4156/675/4451 4157/676/4452 4155/674/4450 
f 4155/674/4450 4157/676/4452 4122/639/4421 
f 4122/639/4421 4121/638/4419 4155/674/4450 
f 4157/676/4452 4156/675/4451 4158/677/4453 
f 4158/677/4453 4159/678/4454 4157/676/4452 
f 4157/676/4452 4159/678/4454 4124/641/4423 
f 4124/641/4423 4122/639/4421 4157/676/4452 
f 4159/678/4454 4158/677/4453 4160/679/4455 
f 4160/679/4455 4161/680/4456 4159/678/4454 
f 4159/678/4454 4161/680/4456 4126/643/4425 
f 4126/643/4425 4124/641/4423 4159/678/4454 
f 4161/681/4456 4160/682/4455 4162/683/4457 
f 4162/683/4457 4163/684/4458 4161/681/4456 
f 4161/681/4456 4163/684/4458 4128/647/4427 
f 4128/647/4427 4126/646/4425 4161/681/4456 
f 4163/684/4458 4162/683/4457 4164/685/4459 
f 4164/685/4459 4165/686/4460 4163/684/4458 
f 4163/684/4458 4165/686/4460 4130/649/4429 
f 4130/649/4429 4128/647/4427 4163/684/4458 
f 4165/686/4460 4164/685/4459 4166/687/4461 
f 4166/687/4461 4167/688/4462 4165/686/4460 
f 4165/686/4460 4167/688/4462 4132/651/4431 
f 4132/651/4431 4130/649/4429 4165/686/4460 
f 4167/688/4462 4166/687/4461 4168/689/4463 
f 4168/689/4463 4169/690/4464 4167/688/4462 
f 4167/688/4462 4169/690/4464 4134/653/4402 
f 4134/653/4402 4132/651/4431 4167/688/4462 
f 4169/690/4464 4168/689/4463 4170/691/4465 
f 4170/691/4465 4171/692/4466 4169/690/4464 
f 4169/690/4464 4171/692/4466 4136/655/4433 
f 4136/655/4433 4134/653/4402 4169/690/4464 
f 4171/692/4466 4170/691/4465 4172/693/4467 
f 4172/693/4467 4173/694/4468 4171/692/4466 
f 4171/692/4466 4173/694/4468 4138/657/4435 
f 4138/657/4435 4136/655/4433 4171/692/4466 
f 4173/694/4468 4172/693/4467 4174/695/4469 
f 4174/695/4469 4175/696/4470 4173/694/4468 
f 4173/694/4468 4175/696/4470 4140/659/4437 
f 4140/659/4437 4138/657/4435 4173/694/4468 
f 4175/696/4470 4174/695/4469 4176/697/4471 
f 4176/697/4471 4177/698/4472 4175/696/4470 
f 4175/696/4470 4177/698/4472 4142/661/4439 
f 4142/661/4439 4140/659/4437 4175/696/4470 
f 4177/698/4472 4176/697/4471 4178/699/4473 
f 4178/699/4473 4179/700/4441 4177/698/4472 
f 4177/698/4472 4179/700/4441 4144/663/4441 
f 4144/663/4441 4142/661/4439 4177/698/4472 
f 4179/700/4441 4178/699/4473 4180/701/4474 
f 4180/701/4474 4149/668/4446 4179/700/4441 
f 4179/700/4441 4149/668/4446 4146/665/4443 
f 4146/665/4443 4144/663/4441 4179/700/4441 
f 4180/701/4474 4178/699/4473 4181/702/4475 
f 4181/702/4475 4182/703/4476 4180/701/4474 
f 4180/701/4474 4182/703/4476 4183/704/4477 
f 4183/704/4477 4152/671/4447 4180/701/4474 
f 4180/701/4474 4152/671/4447 4150/669/1417 
f 4150/669/1417 4149/668/4446 4180/701/4474 
f 4183/704/4477 4182/703/4476 4184/705/4444 
f 4184/705/4444 4185/706/4478 4183/704/4477 
f 4183/704/4477 4185/706/4478 4186/707/4479 
f 4186/707/4479 4187/708/4480 4183/704/4477 
f 4183/704/4477 4187/708/4480 4153/672/4448 
f 4153/672/4448 4152/671/4447 4183/704/4477 
f 4187/708/4480 4186/707/4479 4188/709/4481 
f 4188/709/4481 4189/710/4482 4187/708/4480 
f 4187/708/4480 4189/710/4482 4154/673/4449 
f 4154/673/4449 4153/672/4448 4187/708/4480 
f 4189/710/4482 4188/709/4481 4190/711/4483 
f 4190/711/4483 4191/712/4484 4189/710/4482 
f 4189/710/4482 4191/712/4484 4156/675/4451 
f 4156/675/4451 4154/673/4449 4189/710/4482 
f 4191/712/4484 4190/711/4483 4192/713/4485 
f 4192/713/4485 4193/714/4486 4191/712/4484 
f 4191/712/4484 4193/714/4486 4158/677/4453 
f 4158/677/4453 4156/675/4451 4191/712/4484 
f 4193/714/4486 4192/713/4485 4194/715/4487 
f 4194/715/4487 4195/716/4488 4193/714/4486 
f 4193/714/4486 4195/716/4488 4160/679/4455 
f 4160/679/4455 4158/677/4453 4193/714/4486 
f 4195/717/4488 4194/718/4487 4196/719/4489 
f 4196/719/4489 4197/720/4490 4195/717/4488 
f 4195/717/4488 4197/720/4490 4162/683/4457 
f 4162/683/4457 4160/682/4455 4195/717/4488 
f 4197/720/4490 4196/719/4489 4198/721/4491 
f 4198/721/4491 4199/722/4492 4197/720/4490 
f 4197/720/4490 4199/722/4492 4164/685/4459 
f 4164/685/4459 4162/683/4457 4197/720/4490 
f 4199/722/4492 4198/721/4491 4200/723/4493 
f 4200/723/4493 4201/724/4494 4199/722/4492 
f 4199/722/4492 4201/724/4494 4166/687/4461 
f 4166/687/4461 4164/685/4459 4199/722/4492 
f 4201/724/4494 4200/723/4493 4202/725/4495 
f 4202/725/4495 4203/726/2860 4201/724/4494 
f 4201/724/4494 4203/726/2860 4168/689/4463 
f 4168/689/4463 4166/687/4461 4201/724/4494 
f 4203/726/2860 4202/725/4495 4204/727/4496 
f 4204/727/4496 4205/728/4497 4203/726/2860 
f 4203/726/2860 4205/728/4497 4170/691/4465 
f 4170/691/4465 4168/689/4463 4203/726/2860 
f 4205/728/4497 4204/727/4496 4206/729/4498 
f 4206/729/4498 4207/730/4499 4205/728/4497 
f 4205/728/4497 4207/730/4499 4172/693/4467 
f 4172/693/4467 4170/691/4465 4205/728/4497 
f 4207/730/4499 4206/729/4498 4208/731/4500 
f 4208/731/4500 4209/732/4501 4207/730/4499 
f 4207/730/4499 4209/732/4501 4174/695/4469 
f 4174/695/4469 4172/693/4467 4207/730/4499 
f 4209/732/4501 4208/731/4500 4210/733/4502 
f 4210/733/4502 4211/734/4503 4209/732/4501 
f 4209/732/4501 4211/734/4503 4176/697/4471 
f 4176/697/4471 4174/695/4469 4209/732/4501 
f 4211/734/4503 4210/733/4502 4212/735/4504 
f 4212/735/4504 4181/702/4475 4211/734/4503 
f 4211/734/4503 4181/702/4475 4178/699/4473 
f 4178/699/4473 4176/697/4471 4211/734/4503 
f 4212/735/4504 4210/733/4502 4213/736/4505 
f 4213/736/4505 4214/737/4506 4212/735/4504 
f 4212/735/4504 4214/737/4506 4215/738/4507 
f 4215/738/4507 4184/705/4444 4212/735/4504 
f 4212/735/4504 4184/705/4444 4182/703/4476 
f 4182/703/4476 4181/702/4475 4212/735/4504 
f 4215/738/4507 4214/737/4506 4216/739/4508 
f 4216/739/4508 4217/740/4509 4215/738/4507 
f 4215/738/4507 4217/740/4509 4218/741/4510 
f 4218/741/4510 4219/742/4511 4215/738/4507 
f 4215/738/4507 4219/742/4511 4185/706/4478 
f 4185/706/4478 4184/705/4444 4215/738/4507 
f 4219/742/4511 4218/741/4510 4220/743/4512 
f 4220/743/4512 4221/744/4513 4219/742/4511 
f 4219/742/4511 4221/744/4513 4186/707/4479 
f 4186/707/4479 4185/706/4478 4219/742/4511 
f 4221/744/4513 4220/743/4512 4222/745/4514 
f 4222/745/4514 4223/746/4515 4221/744/4513 
f 4221/744/4513 4223/746/4515 4188/709/4481 
f 4188/709/4481 4186/707/4479 4221/744/4513 
f 4223/746/4515 4222/745/4514 4224/747/4516 
f 4224/747/4516 4225/748/4517 4223/746/4515 
f 4223/746/4515 4225/748/4517 4190/711/4483 
f 4190/711/4483 4188/709/4481 4223/746/4515 
f 4225/748/4517 4224/747/4516 4226/749/4518 
f 4226/749/4518 4227/750/4519 4225/748/4517 
f 4225/748/4517 4227/750/4519 4192/713/4485 
f 4192/713/4485 4190/711/4483 4225/748/4517 
f 4227/750/4519 4226/749/4518 4228/751/4520 
f 4228/751/4520 4229/752/4521 4227/750/4519 
f 4227/750/4519 4229/752/4521 4194/715/4487 
f 4194/715/4487 4192/713/4485 4227/750/4519 
f 4229/753/4521 4228/754/4520 4230/755/4522 
f 4230/755/4522 4231/756/4523 4229/753/4521 
f 4229/753/4521 4231/756/4523 4196/719/4489 
f 4196/719/4489 4194/718/4487 4229/753/4521 
f 4231/756/4523 4230/755/4522 4232/757/4524 
f 4232/757/4524 4233/758/4525 4231/756/4523 
f 4231/756/4523 4233/758/4525 4198/721/4491 
f 4198/721/4491 4196/719/4489 4231/756/4523 
f 4233/758/4525 4232/757/4524 4234/759/4526 
f 4234/759/4526 4235/760/4527 4233/758/4525 
f 4233/758/4525 4235/760/4527 4200/723/4493 
f 4200/723/4493 4198/721/4491 4233/758/4525 
f 4235/760/4527 4234/759/4526 4236/761/4528 
f 4236/761/4528 4237/762/4529 4235/760/4527 
f 4235/760/4527 4237/762/4529 4202/725/4495 
f 4202/725/4495 4200/723/4493 4235/760/4527 
f 4237/762/4529 4236/761/4528 4238/763/4530 
f 4238/763/4530 4239/764/2669 4237/762/4529 
f 4237/762/4529 4239/764/2669 4204/727/4496 
f 4204/727/4496 4202/725/4495 4237/762/4529 
f 4239/764/2669 4238/763/4530 4240/765/4531 
f 4240/765/4531 4241/766/4532 4239/764/2669 
f 4239/764/2669 4241/766/4532 4206/729/4498 
f 4206/729/4498 4204/727/4496 4239/764/2669 
f 4241/766/4532 4240/765/4531 4242/767/4533 
f 4242/767/4533 4243/768/4534 4241/766/4532 
f 4241/766/4532 4243/768/4534 4208/731/4500 
f 4208/731/4500 4206/729/4498 4241/766/4532 
f 4243/768/4534 4242/767/4533 4244/769/4535 
f 4244/769/4535 4213/736/4505 4243/768/4534 
f 4243/768/4534 4213/736/4505 4210/733/4502 
f 4210/733/4502 4208/731/4500 4243/768/4534 
f 4244/769/4535 4242/767/4533 4245/770/4536 
f 4245/770/4536 4246/771/4537 4244/769/4535 
f 4244/769/4535 4246/771/4537 4247/772/4538 
f 4247/772/4538 4216/739/4508 4244/769/4535 
f 4244/769/4535 4216/739/4508 4214/737/4506 
f 4214/737/4506 4213/736/4505 4244/769/4535 
f 4247/772/4538 4246/771/4537 4248/773/4539 
f 4248/773/4539 4249/774/4540 4247/772/4538 
f 4247/772/4538 4249/774/4540 4250/775/4541 
f 4250/775/4541 4251/776/4542 4247/772/4538 
f 4247/772/4538 4251/776/4542 4217/740/4509 
f 4217/740/4509 4216/739/4508 4247/772/4538 
f 4251/776/4542 4250/777/4541 4252/778/4543 
f 4252/778/4543 4253/779/4544 4251/776/4542 
f 4251/776/4542 4253/779/4544 4218/741/4510 
f 4218/741/4510 4217/740/4509 4251/776/4542 
f 4253/779/4544 4252/778/4543 4254/780/4545 
f 4254/780/4545 4255/781/4546 4253/779/4544 
f 4253/779/4544 4255/781/4546 4220/743/4512 
f 4220/743/4512 4218/741/4510 4253/779/4544 
f 4255/781/4546 4254/780/4545 4256/782/4547 
f 4256/782/4547 4257/783/4548 4255/781/4546 
f 4255/781/4546 4257/783/4548 4222/745/4514 
f 4222/745/4514 4220/743/4512 4255/781/4546 
f 4257/783/4548 4256/782/4547 4258/784/4549 
f 4258/784/4549 4259/785/4550 4257/783/4548 
f 4257/783/4548 4259/785/4550 4224/747/4516 
f 4224/747/4516 4222/745/4514 4257/783/4548 
f 4259/785/4550 4258/784/4549 4260/786/4551 
f 4260/786/4551 4261/787/4552 4259/785/4550 
f 4259/785/4550 4261/787/4552 4226/749/4518 
f 4226/749/4518 4224/747/4516 4259/785/4550 
f 4261/787/4552 4260/786/4551 4262/788/4553 
f 4262/788/4553 4263/789/4554 4261/787/4552 
f 4261/787/4552 4263/789/4554 4228/751/4520 
f 4228/751/4520 4226/749/4518 4261/787/4552 
f 4263/790/4554 4262/791/4553 4264/792/4555 
f 4264/792/4555 4265/793/4556 4263/790/4554 
f 4263/790/4554 4265/793/4556 4230/755/4522 
f 4230/755/4522 4228/754/4520 4263/790/4554 
f 4265/793/4556 4264/792/4555 4266/794/4557 
f 4266/794/4557 4267/795/4558 4265/793/4556 
f 4265/793/4556 4267/795/4558 4232/757/4524 
f 4232/757/4524 4230/755/4522 4265/793/4556 
f 4267/795/4558 4266/794/4557 4268/796/4559 
f 4268/796/4559 4269/797/4560 4267/795/4558 
f 4267/795/4558 4269/797/4560 4234/759/4526 
f 4234/759/4526 4232/757/4524 4267/795/4558 
f 4269/797/4560 4268/796/4559 4270/798/4561 
f 4270/798/4561 4271/799/2336 4269/797/4560 
f 4269/797/4560 4271/799/2336 4236/761/4528 
f 4236/761/4528 4234/759/4526 4269/797/4560 
f 4271/799/2336 4270/798/4561 4272/800/4562 
f 4272/800/4562 4273/801/4563 4271/799/2336 
f 4271/799/2336 4273/801/4563 4238/763/4530 
f 4238/763/4530 4236/761/4528 4271/799/2336 
f 4273/801/4563 4272/800/4562 4274/802/4564 
f 4274/802/4564 4275/803/4565 4273/801/4563 
f 4273/801/4563 4275/803/4565 4240/765/4531 
f 4240/765/4531 4238/763/4530 4273/801/4563 
f 4275/803/4565 4274/802/4564 4276/804/4566 
f 4276/804/4566 4245/770/4536 4275/803/4565 
f 4275/803/4565 4245/770/4536 4242/767/4533 
f 4242/767/4533 4240/765/4531 4275/803/4565 
f 4276/804/4566 4274/802/4564 4277/805/4567 
f 4277/805/4567 4278/805/4568 4276/804/4566 
f 4276/804/4566 4278/805/4568 4279/806/4569 
f 4279/806/4569 4248/773/4539 4276/804/4566 
f 4276/804/4566 4248/773/4539 4246/771/4537 
f 4246/771/4537 4245/770/4536 4276/804/4566 
f 4279/806/4569 4278/805/4568 4280/805/4570 
f 4280/805/4570 4281/806/4571 4279/806/4569 
f 4279/806/4569 4281/806/4571 4282/807/4572 
f 4282/807/4572 4283/806/4573 4279/806/4569 
f 4279/806/4569 4283/806/4573 4249/774/4540 
f 4249/774/4540 4248/773/4539 4279/806/4569 
f 4283/806/4573 4282/807/4572 4284/807/4574 
f 4284/807/4574 4285/807/4575 4283/806/4573 
f 4283/806/4573 4285/807/4575 4250/775/4541 
f 4250/775/4541 4249/774/4540 4283/806/4573 
f 4285/807/4575 4284/807/4574 4286/238/4576 
f 4286/238/4576 4287/808/4577 4285/807/4575 
f 4285/807/4575 4287/808/4577 4252/808/4543 
f 4252/808/4543 4250/775/4541 4285/807/4575 
f 4287/808/4577 4286/238/4576 4288/809/4578 
f 4288/809/4578 4289/810/4579 4287/808/4577 
f 4287/808/4577 4289/810/4579 4254/811/4545 
f 4254/811/4545 4252/808/4543 4287/808/4577 
f 4289/810/4579 4288/809/4578 4290/234/4580 
f 4290/234/4580 4291/812/4581 4289/810/4579 
f 4289/810/4579 4291/812/4581 4256/812/4547 
f 4256/812/4547 4254/811/4545 4289/810/4579 
f 4291/812/4581 4290/234/4580 4292/813/4582 
f 4292/813/4582 4293/813/4583 4291/812/4581 
f 4291/812/4581 4293/813/4583 4258/814/4549 
f 4258/814/4549 4256/812/4547 4291/812/4581 
f 4293/813/4583 4292/813/4582 4294/815/4584 
f 4294/815/4584 4295/815/4585 4293/813/4583 
f 4293/813/4583 4295/815/4585 4260/816/4551 
f 4260/816/4551 4258/814/4549 4293/813/4583 
f 4295/815/4585 4294/815/4584 4296/817/4586 
f 4296/817/4586 4297/818/4587 4295/815/4585 
f 4295/815/4585 4297/818/4587 4262/791/4553 
f 4262/791/4553 4260/816/4551 4295/815/4585 
f 4297/818/4587 4296/817/4586 4298/819/4588 
f 4298/819/4588 4299/820/4589 4297/818/4587 
f 4297/818/4587 4299/820/4589 4264/792/4555 
f 4264/792/4555 4262/791/4553 4297/818/4587 
f 4299/820/4589 4298/819/4588 4300/821/4590 
f 4300/821/4590 4301/821/4591 4299/820/4589 
f 4299/820/4589 4301/821/4591 4266/794/4557 
f 4266/794/4557 4264/792/4555 4299/820/4589 
f 4301/821/4591 4300/821/4590 4302/230/4592 
f 4302/230/4592 4303/796/4593 4301/821/4591 
f 4301/821/4591 4303/796/4593 4268/796/4559 
f 4268/796/4559 4266/794/4557 4301/821/4591 
f 4303/796/4593 4302/230/4592 4304/230/4594 
f 4304/230/4594 4305/798/4595 4303/796/4593 
f 4303/796/4593 4305/798/4595 4270/798/4561 
f 4270/798/4561 4268/796/4559 4303/796/4593 
f 4305/798/4595 4304/230/4594 4306/822/4596 
f 4306/822/4596 4307/800/4597 4305/798/4595 
f 4305/798/4595 4307/800/4597 4272/800/4562 
f 4272/800/4562 4270/798/4561 4305/798/4595 
f 4307/800/4597 4306/822/4596 4308/805/4598 
f 4308/805/4598 4277/805/4567 4307/800/4597 
f 4307/800/4597 4277/805/4567 4274/802/4564 
f 4274/802/4564 4272/800/4562 4307/800/4597 
f 4308/805/4598 4306/822/4596 4309/822/4599 
f 4309/822/4599 4310/822/4600 4308/805/4598 
f 4308/805/4598 4310/822/4600 4311/236/4601 
f 4311/236/4601 4280/805/4570 4308/805/4598 
f 4308/805/4598 4280/805/4570 4278/805/4568 
f 4278/805/4568 4277/805/4567 4308/805/4598 
f 4311/236/4601 4310/822/4600 3670/235/3990 
f 3670/235/3990 3669/236/3989 4311/236/4601 
f 4311/236/4601 3669/236/3989 4312/237/4602 
f 4312/237/4602 4313/236/4603 4311/236/4601 
f 4311/236/4601 4313/236/4603 4281/806/4571 
f 4281/806/4571 4280/805/4570 4311/236/4601 
f 4313/236/4603 4312/237/4602 3677/237/3996 
f 3677/237/3996 3676/237/162 4313/236/4603 
f 4313/236/4603 3676/237/162 4282/807/4572 
f 4282/807/4572 4281/806/4571 4313/236/4603 
f 4312/237/4602 3669/236/3989 3668/235/3988 
f 3668/235/3988 4314/239/4604 4312/237/4602 
f 4312/237/4602 4314/239/4604 3678/239/3997 
f 3678/239/3997 3677/237/3996 4312/237/4602 
f 4314/239/4604 4315/239/4605 4316/239/4606 
f 4316/239/4606 3678/239/3997 4314/239/4604 
f 4314/239/4604 3668/235/3988 3667/235/3987 
f 3667/235/3987 4315/239/4605 4314/239/4604 
f 4316/239/4606 3663/232/3983 3662/232/3982 
f 3662/232/3982 4317/823/4607 4316/239/4606 
f 4316/239/4606 4317/823/4607 3673/238/3993 
f 3673/238/3993 3678/239/3997 4316/239/4606 
f 4316/239/4606 4315/239/4605 4318/824/4608 
f 4318/824/4608 3663/232/3983 4316/239/4606 
f 4318/824/4608 4319/825/4609 3659/232/3979 
f 3659/232/3979 3663/232/3983 4318/824/4608 
f 4318/824/4608 4315/239/4605 3667/235/3987 
f 3667/235/3987 4320/229/4610 4318/824/4608 
f 4318/824/4608 4320/229/4610 4321/231/4611 
f 4321/231/4611 4319/825/4609 4318/824/4608 
f 4321/231/4611 4322/231/1162 4323/825/4612 
f 4323/825/4612 4319/825/4609 4321/231/4611 
f 4321/231/4611 4320/229/4610 3653/229/3974 
f 3653/229/3974 3652/229/3973 4321/231/4611 
f 4321/231/4611 3652/229/3973 3657/231/3978 
f 3657/231/3978 4322/231/1162 4321/231/4611 
f 4323/825/4612 4296/817/4613 4294/815/4614 
f 4294/815/4614 3660/233/3980 4323/825/4612 
f 4323/825/4612 3660/233/3980 3659/232/3979 
f 3659/232/3979 4319/825/4609 4323/825/4612 
f 4323/825/4612 4322/231/1162 4298/819/4615 
f 4298/819/4615 4296/817/4613 4323/825/4612 
f 4322/231/1162 3657/231/3978 4300/821/4616 
f 4300/821/4616 4298/819/4615 4322/231/1162 
f 4320/229/4610 3667/235/3987 3666/235/3986 
f 3666/235/3986 3653/229/3974 4320/229/4610 
f 4317/823/4607 4324/823/4617 3674/238/3994 
f 3674/238/3994 3673/238/3993 4317/823/4607 
f 4317/823/4607 3662/232/3982 3664/234/3984 
f 3664/234/3984 4324/823/4617 4317/823/4607 
f 4324/823/4617 4288/809/4618 4286/238/4619 
f 4286/238/4619 3674/238/3994 4324/823/4617 
f 4324/823/4617 3664/234/3984 4290/234/4620 
f 4290/234/4620 4288/809/4618 4324/823/4617 
f 4310/822/4600 4309/822/4599 3671/235/3991 
f 3671/235/3991 3670/235/3990 4310/822/4600 
f 4309/822/4599 4306/822/4596 4304/230/4594 
f 4304/230/4594 3655/230/3976 4309/822/4599 
f 4309/822/4599 3655/230/3976 3654/229/3975 
f 3654/229/3975 3671/235/3991 4309/822/4599 
f 4304/230/4594 4302/230/4592 3656/230/3977 
f 3656/230/3977 3655/230/3976 4304/230/4594 
f 4302/230/4592 4300/821/4616 3657/231/3978 
f 3657/231/3978 3656/230/3977 4302/230/4592 
f 4294/815/4614 4292/813/158 3661/232/3981 
f 3661/232/3981 3660/233/3980 4294/815/4614 
f 4292/813/158 4290/234/4620 3664/234/3984 
f 3664/234/3984 3661/232/3981 4292/813/158 
f 4286/238/4619 4284/807/4621 3675/237/3995 
f 3675/237/3995 3674/238/3994 4286/238/4619 
f 4284/807/4621 4282/807/4572 3676/237/162 
f 3676/237/162 3675/237/3995 4284/807/4621 
f 3685/241/4003 3682/223/3962 3638/223/3962 
f 3638/223/3962 3642/223/3965 3685/241/4003 
f 3682/223/3962 3681/224/4000 3639/224/3963 
f 3639/224/3963 3638/223/3962 3682/223/3962 
f 3671/235/3991 3654/229/3975 3653/229/3974 
f 3653/229/3974 3666/235/3986 3671/235/3991 
f 4325/826/4622 4326/826/4623 4327/827/4624 
f 4327/827/4624 4328/828/4625 4325/826/4622 
f 4325/826/4622 4329/829/4626 4330/830/4627 
f 4330/830/4627 4326/826/4623 4325/826/4622 
f 4325/826/4622 4328/828/4625 4331/831/4628 
f 4331/831/4628 4329/829/4626 4325/826/4622 
f 4332/832/4629 4333/833/4630 4334/833/4630 
f 4334/833/4630 4335/832/4631 4332/832/4629 
f 4332/832/4629 4335/832/4631 4336/834/4632 
f 4336/834/4632 4337/835/4633 4332/832/4629 
f 4338/835/4634 4333/833/4635 4332/832/4629 
f 4332/832/4629 4337/835/4633 4338/835/4634 
f 4339/836/4636 4340/837/4637 4341/838/4638 
f 4341/838/4638 4342/839/4639 4339/836/4636 
f 4339/836/4636 4342/839/4639 4343/840/4640 
f 4343/840/4640 4344/841/4641 4339/836/4636 
f 4339/836/4636 4344/841/4641 4345/842/4642 
f 4345/842/4642 4340/837/4637 4339/836/4636 
f 4346/843/4643 4347/844/4644 4348/845/4645 
f 4348/845/4645 4349/846/4646 4346/843/4643 
f 4350/847/4647 4351/848/4648 4347/844/4644 
f 4347/844/4644 4346/843/4643 4350/847/4647 
f 4347/844/4644 4351/848/4648 4352/849/4649 
f 4352/849/4649 4348/845/4645 4347/844/4644 
f 4353/850/4650 4354/851/4651 4355/852/4652 
f 4355/852/4652 4356/853/4653 4353/850/4650 
f 4353/850/4654 4357/854/4655 4358/855/4656 
f 4358/855/4656 4354/851/4654 4353/850/4654 
f 4359/856/4657 4326/826/4623 4330/830/4627 
f 4330/830/4627 4360/857/4658 4359/856/4657 
f 4359/856/4657 4360/857/4658 4361/857/4659 
f 4361/857/4659 4362/858/4660 4359/856/4657 
f 4359/856/4657 4362/858/4660 4327/827/4624 
f 4327/827/4624 4326/826/4623 4359/856/4657 
f 4363/859/4661 4364/860/4662 4365/861/4663 
f 4365/861/4663 4366/832/4664 4363/859/4661 
f 4363/859/4661 4367/859/4665 4368/862/4666 
f 4368/862/4666 4364/860/4662 4363/859/4661 
f 4363/859/4661 4366/832/4664 4369/833/4667 
f 4369/833/4667 4367/859/4665 4363/859/4661 
f 4370/863/4668 4371/863/4669 4372/864/4670 
f 4372/864/4670 4373/865/4671 4370/863/4668 
f 4370/863/4668 4374/866/4672 4375/852/4673 
f 4375/852/4673 4371/863/4669 4370/863/4668 
f 4370/863/4668 4373/865/4671 4376/867/4674 
f 4376/867/4674 4374/866/4672 4370/863/4668 
f 4377/868/4675 4378/869/4676 4379/870/4677 
f 4379/870/4677 4380/871/4678 4377/868/4675 
f 4377/868/4675 4381/872/4679 4352/849/4649 
f 4352/849/4649 4382/873/4680 4377/868/4675 
f 4377/868/4675 4380/871/4678 4383/874/4681 
f 4383/874/4681 4381/872/4679 4377/868/4675 
f 4384/875/4682 4385/876/4683 4386/877/4684 
f 4386/877/4684 4387/878/4685 4384/875/4682 
f 4384/875/4682 4387/878/4685 4388/879/4686 
f 4388/879/4686 4331/831/4628 4384/875/4682 
f 4384/875/4682 4331/831/4628 4328/828/4625 
f 4328/828/4625 4385/876/4683 4384/875/4682 
f 4389/880/4687 4390/881/4688 4391/882/4689 
f 4391/882/4689 4392/883/4690 4389/880/4687 
f 4389/880/4687 4392/883/4690 4393/884/4691 
f 4393/884/4691 4394/885/4692 4389/880/4687 
f 4389/880/4687 4394/885/4692 4395/886/4693 
f 4395/886/4693 4396/887/4694 4389/880/4687 
f 4396/887/4694 4360/857/4658 4330/830/4627 
f 4330/830/4627 4389/880/4687 4396/887/4694 
f 4396/887/4694 4395/886/4693 4397/888/4695 
f 4397/888/4695 4398/889/4696 4396/887/4694 
f 4396/887/4694 4398/889/4696 4361/857/4659 
f 4361/857/4659 4360/857/4658 4396/887/4694 
f 4399/890/4697 4400/890/4698 4401/891/4699 
f 4401/891/4699 4402/892/1848 4399/890/4697 
f 4399/890/4697 4403/893/4700 4404/894/4701 
f 4404/894/4701 4400/890/4698 4399/890/4697 
f 4404/894/4701 4405/894/4702 4386/877/4684 
f 4386/877/4684 4400/890/4698 4404/894/4701 
f 4404/894/4701 4403/893/4700 4406/895/4703 
f 4406/895/4703 4407/896/3365 4404/894/4701 
f 4404/894/4701 4407/896/3365 4408/897/4704 
f 4408/897/4704 4405/894/4702 4404/894/4701 
f 4408/897/4704 4383/874/4681 4409/898/4705 
f 4409/898/4705 4405/894/4702 4408/897/4704 
f 4408/897/4704 4407/896/3365 4410/899/4706 
f 4410/899/4706 4411/900/4707 4408/897/4704 
f 4408/897/4704 4411/900/4707 4381/872/4679 
f 4381/872/4679 4383/874/4681 4408/897/4704 
f 4411/900/4707 4410/899/4706 4349/846/4646 
f 4349/846/4646 4348/845/4645 4411/900/4707 
f 4411/900/4707 4348/845/4645 4352/849/4649 
f 4352/849/4649 4381/872/4679 4411/900/4707 
f 4410/899/4706 4407/896/3365 4406/895/4703 
f 4406/895/4703 4412/901/4708 4410/899/4706 
f 4410/899/4706 4412/901/4708 4413/902/4709 
f 4413/902/4709 4349/846/4646 4410/899/4706 
f 4414/903/4710 4415/904/4711 4416/905/4712 
f 4416/905/4712 4417/906/4713 4414/903/4710 
f 4414/903/4710 4417/906/4713 4350/847/4647 
f 4350/847/4647 4418/847/4714 4414/903/4710 
f 4417/906/4713 4416/905/4712 4419/907/4715 
f 4419/907/4715 4420/908/4716 4417/906/4713 
f 4417/906/4713 4420/908/4716 4351/848/4648 
f 4351/848/4648 4350/847/4647 4417/906/4713 
f 4420/908/4716 4419/907/4715 4421/909/4717 
f 4421/909/4717 4382/873/4680 4420/908/4716 
f 4420/908/4716 4382/873/4680 4352/849/4649 
f 4352/849/4649 4351/848/4648 4420/908/4716 
f 4421/909/4717 4422/910/4718 4423/911/4719 
f 4423/911/4719 4424/912/4720 4421/909/4717 
f 4421/909/4717 4424/912/4720 4377/868/4675 
f 4377/868/4675 4382/873/4680 4421/909/4717 
f 4421/909/4717 4419/907/4715 4425/913/4721 
f 4425/913/4721 4422/910/4718 4421/909/4717 
f 4425/913/4721 4375/852/4673 4374/866/4672 
f 4374/866/4672 4422/910/4718 4425/913/4721 
f 4425/913/4721 4419/907/4715 4416/905/4712 
f 4416/905/4712 4426/914/3726 4425/913/4721 
f 4425/913/4721 4426/914/3726 4355/852/4652 
f 4355/852/4652 4375/852/4673 4425/913/4721 
f 4426/914/3726 4416/905/4712 4415/904/4711 
f 4415/904/4711 4427/914/4722 4426/914/3726 
f 4427/914/4722 4356/853/4653 4355/852/4652 
f 4355/852/4652 4426/914/3726 4427/914/4722 
f 4428/915/4723 4429/916/4724 4430/917/4725 
f 4430/917/4725 4431/918/4726 4428/915/4723 
f 4431/918/4726 4430/917/4725 4358/855/4656 
f 4358/855/4656 4357/854/4655 4431/918/4726 
f 4430/917/4725 4429/916/4724 4432/919/4727 
f 4432/919/4727 4433/917/4728 4430/917/4725 
f 4430/917/4725 4433/917/4728 4372/864/4670 
f 4372/864/4670 4358/855/4656 4430/917/4725 
f 4433/917/4728 4432/919/4727 4434/920/4729 
f 4434/920/4729 4435/921/4730 4433/917/4728 
f 4433/917/4728 4435/921/4730 4373/865/4671 
f 4373/865/4671 4372/864/4670 4433/917/4728 
f 4435/921/4730 4434/920/4729 4436/922/4731 
f 4436/922/4731 4437/923/4732 4435/921/4730 
f 4435/921/4730 4437/923/4732 4376/867/4674 
f 4376/867/4674 4373/865/4671 4435/921/4730 
f 4437/923/4732 4436/922/4731 4438/924/4733 
f 4438/924/4733 4439/925/4734 4437/923/4732 
f 4437/923/4732 4439/925/4734 4423/911/4719 
f 4423/911/4719 4376/867/4674 4437/923/4732 
f 4439/925/4734 4438/924/4733 4440/926/4735 
f 4440/926/4735 4441/927/4736 4439/925/4734 
f 4439/925/4734 4441/927/4736 4424/912/4720 
f 4424/912/4720 4423/911/4719 4439/925/4734 
f 4441/927/4736 4440/926/4735 4442/928/4737 
f 4442/928/4737 4378/869/4676 4441/927/4736 
f 4441/927/4736 4378/869/4676 4377/868/4675 
f 4377/868/4675 4424/912/4720 4441/927/4736 
f 4442/928/4737 4440/926/4735 4443/929/4738 
f 4443/929/4738 4444/930/4739 4442/928/4737 
f 4442/928/4737 4444/930/4739 4445/931/4740 
f 4445/931/4740 4446/932/4741 4442/928/4737 
f 4442/928/4737 4446/932/4741 4379/870/4677 
f 4379/870/4677 4378/869/4676 4442/928/4737 
f 4446/932/4741 4445/931/4740 4393/884/4691 
f 4393/884/4691 4392/883/4690 4446/932/4741 
f 4446/932/4741 4392/883/4690 4391/882/4689 
f 4391/882/4689 4379/870/4677 4446/932/4741 
f 4445/931/4740 4444/930/4739 4447/933/4742 
f 4447/933/4742 4448/934/4743 4445/931/4740 
f 4445/931/4740 4448/934/4743 4449/935/4744 
f 4449/935/4744 4393/884/4691 4445/931/4740 
f 4449/935/4744 4448/934/4743 4342/839/4639 
f 4342/839/4639 4341/838/4638 4449/935/4744 
f 4449/935/4744 4341/838/4638 4450/936/4745 
f 4450/936/4745 4451/937/4746 4449/935/4744 
f 4449/935/4744 4451/937/4746 4394/885/4692 
f 4394/885/4692 4393/884/4691 4449/935/4744 
f 4451/937/4746 4450/936/4745 4452/938/4747 
f 4452/938/4747 4453/939/4748 4451/937/4746 
f 4451/937/4746 4453/939/4748 4395/886/4693 
f 4395/886/4693 4394/885/4692 4451/937/4746 
f 4453/939/4748 4452/938/4747 4454/938/4749 
f 4454/938/4749 4455/940/4750 4453/939/4748 
f 4453/939/4748 4455/940/4750 4397/888/4695 
f 4397/888/4695 4395/886/4693 4453/939/4748 
f 4456/941/4751 4457/942/4752 4458/943/4753 
f 4458/943/4753 4459/941/4751 4456/941/4751 
f 4456/941/4754 4459/941/4754 4429/916/4724 
f 4429/916/4724 4428/915/4723 4456/941/4754 
f 4459/941/4755 4458/943/4753 4460/943/4756 
f 4460/943/4756 4461/944/4757 4459/941/4755 
f 4459/941/4755 4461/944/4757 4432/919/4727 
f 4432/919/4727 4429/916/4724 4459/941/4755 
f 4461/944/4757 4460/943/4756 4462/945/4758 
f 4462/945/4758 4463/946/4759 4461/944/4757 
f 4461/944/4757 4463/946/4759 4434/920/4729 
f 4434/920/4729 4432/919/4727 4461/944/4757 
f 4463/946/4759 4462/945/4758 4464/947/4760 
f 4464/947/4760 4465/948/4761 4463/946/4759 
f 4463/946/4759 4465/948/4761 4436/922/4731 
f 4436/922/4731 4434/920/4729 4463/946/4759 
f 4465/948/4761 4464/947/4760 4466/949/4762 
f 4466/949/4762 4467/950/4763 4465/948/4761 
f 4465/948/4761 4467/950/4763 4438/924/4733 
f 4438/924/4733 4436/922/4731 4465/948/4761 
f 4467/950/4763 4466/949/4762 4468/951/4764 
f 4468/951/4764 4443/929/4738 4467/950/4763 
f 4467/950/4763 4443/929/4738 4440/926/4735 
f 4440/926/4735 4438/924/4733 4467/950/4763 
f 4468/951/4764 4466/949/4762 4469/952/4765 
f 4469/952/4765 4470/953/4766 4468/951/4764 
f 4468/951/4764 4470/953/4766 4343/840/4640 
f 4343/840/4640 4447/933/4742 4468/951/4764 
f 4468/951/4764 4447/933/4742 4444/930/4739 
f 4444/930/4739 4443/929/4738 4468/951/4764 
f 4470/953/4766 4469/952/4765 4364/860/4662 
f 4364/860/4662 4368/862/4666 4470/953/4766 
f 4470/953/4766 4368/862/4666 4344/841/4641 
f 4344/841/4641 4343/840/4640 4470/953/4766 
f 4469/952/4765 4471/954/4767 4365/861/4663 
f 4365/861/4663 4364/860/4662 4469/952/4765 
f 4469/952/4765 4466/949/4762 4464/947/4760 
f 4464/947/4760 4471/954/4767 4469/952/4765 
f 4471/954/4767 4472/955/4768 4336/834/4632 
f 4336/834/4632 4365/861/4663 4471/954/4767 
f 4471/954/4767 4464/947/4760 4462/945/4758 
f 4462/945/4758 4472/955/4768 4471/954/4767 
f 4472/955/4768 4473/955/4769 4337/835/4633 
f 4337/835/4633 4336/834/4632 4472/955/4768 
f 4472/955/4768 4462/945/4758 4460/943/4756 
f 4460/943/4756 4473/955/4769 4472/955/4768 
f 4473/955/4769 4474/956/4770 4338/835/4634 
f 4338/835/4634 4337/835/4633 4473/955/4769 
f 4473/955/4769 4460/943/4756 4458/943/4753 
f 4458/943/4753 4474/956/4770 4473/955/4769 
f 4474/956/4770 4475/957/4771 4476/958/4772 
f 4476/958/4772 4338/835/4634 4474/956/4770 
f 4474/956/4770 4458/943/4753 4457/942/4752 
f 4457/942/4752 4475/957/4771 4474/956/4770 
f 4476/958/4772 4477/959/4773 4333/833/4635 
f 4333/833/4635 4338/835/4634 4476/958/4772 
f 4477/959/4773 4478/960/4774 4479/960/4775 
f 4479/960/4775 4480/961/4776 4477/959/4773 
f 4477/959/4773 4480/961/4776 4334/833/4777 
f 4334/833/4777 4333/833/4635 4477/959/4773 
f 4480/961/4778 4479/960/4775 4481/962/4779 
f 4481/962/4779 4482/842/4780 4480/961/4778 
f 4480/961/4778 4482/842/4780 4369/833/4667 
f 4369/833/4667 4334/833/4781 4480/961/4778 
f 4482/842/4780 4481/962/4779 4340/837/4637 
f 4340/837/4637 4345/842/4642 4482/842/4780 
f 4482/842/4780 4345/842/4642 4367/859/4665 
f 4367/859/4665 4369/833/4667 4482/842/4780 
f 4481/962/4779 4450/936/4745 4341/838/4638 
f 4341/838/4638 4340/837/4637 4481/962/4779 
f 4481/962/4779 4479/960/4775 4452/938/4747 
f 4452/938/4747 4450/936/4745 4481/962/4779 
f 4479/960/4775 4478/960/4774 4454/938/4749 
f 4454/938/4749 4452/938/4747 4479/960/4775 
f 4448/934/4743 4447/933/4742 4343/840/4640 
f 4343/840/4640 4342/839/4639 4448/934/4743 
f 4423/911/4719 4422/910/4718 4374/866/4672 
f 4374/866/4672 4376/867/4674 4423/911/4719 
f 4409/898/4705 4483/963/4782 4388/879/4686 
f 4388/879/4686 4387/878/4685 4409/898/4705 
f 4409/898/4705 4387/878/4685 4386/877/4684 
f 4386/877/4684 4405/894/4702 4409/898/4705 
f 4409/898/4705 4383/874/4681 4380/871/4678 
f 4380/871/4678 4483/963/4782 4409/898/4705 
f 4483/963/4782 4391/882/4689 4390/881/4688 
f 4390/881/4688 4388/879/4686 4483/963/4782 
f 4483/963/4782 4380/871/4678 4379/870/4677 
f 4379/870/4677 4391/882/4689 4483/963/4782 
f 4401/891/4699 4385/876/4683 4328/828/4625 
f 4328/828/4625 4327/827/4624 4401/891/4699 
f 4401/891/4699 4327/827/4624 4362/858/4660 
f 4362/858/4660 4402/892/1848 4401/891/4699 
f 4401/891/4699 4400/890/4698 4386/877/4684 
f 4386/877/4684 4385/876/4683 4401/891/4699 
f 4390/881/4688 4389/880/4687 4330/830/4627 
f 4330/830/4627 4329/829/4626 4390/881/4688 
f 4390/881/4688 4329/829/4626 4331/831/4628 
f 4331/831/4628 4388/879/4686 4390/881/4688 
f 4375/852/4673 4355/852/4652 4354/851/4651 
f 4354/851/4651 4371/863/4669 4375/852/4673 
f 4354/851/4651 4358/855/4656 4372/864/4670 
f 4372/864/4670 4371/863/4669 4354/851/4651 
f 4369/833/4667 4366/832/4664 4335/832/4631 
f 4335/832/4631 4334/833/4781 4369/833/4667 
f 4368/862/4666 4367/859/4665 4345/842/4642 
f 4345/842/4642 4344/841/4641 4368/862/4666 
f 4366/832/4664 4365/861/4663 4336/834/4632 
f 4336/834/4632 4335/832/4631 4366/832/4664 
f 4350/847/4647 4346/843/4643 4484/964/4783 
f 4484/964/4783 4418/847/4714 4350/847/4647 
f 4346/843/4643 4349/846/4646 4413/902/4709 
f 4413/902/4709 4484/964/4783 4346/843/4643 
# 8142 faces

